day,t,score,n,krw,seg
20260527,2026-05-27 10:03:00+09:00,66.16666666666667,0,0.0,train
20260527,2026-05-27 10:06:00+09:00,65.16666666666667,0,0.0,train
20260527,2026-05-27 10:09:00+09:00,42.5,0,0.0,train
20260527,2026-05-27 10:12:00+09:00,38.16666666666666,0,0.0,train
20260527,2026-05-27 10:15:00+09:00,40.833333333333336,0,0.0,train
20260527,2026-05-27 10:18:00+09:00,44.333333333333336,0,0.0,train
20260527,2026-05-27 10:21:00+09:00,44.333333333333336,0,0.0,train
20260527,2026-05-27 10:24:00+09:00,39.5,0,0.0,train
20260527,2026-05-27 10:27:00+09:00,40.0,0,0.0,train
20260527,2026-05-27 10:30:00+09:00,43.833333333333336,0,0.0,train
20260527,2026-05-27 10:33:00+09:00,40.333333333333336,0,0.0,train
20260527,2026-05-27 10:36:00+09:00,42.333333333333336,0,0.0,train
20260527,2026-05-27 10:39:00+09:00,47.5,0,0.0,train
20260527,2026-05-27 10:42:00+09:00,44.0,0,0.0,train
20260527,2026-05-27 10:45:00+09:00,39.16666666666666,0,0.0,train
20260527,2026-05-27 10:48:00+09:00,30.83333333333333,0,0.0,train
20260527,2026-05-27 10:51:00+09:00,30.83333333333333,1,267460.0,train
20260527,2026-05-27 10:54:00+09:00,31.0,1,267460.0,train
20260527,2026-05-27 10:57:00+09:00,29.33333333333333,1,267460.0,train
20260527,2026-05-27 11:00:00+09:00,36.333333333333336,1,267460.0,train
20260527,2026-05-27 11:03:00+09:00,34.333333333333336,1,267460.0,train
20260527,2026-05-27 11:06:00+09:00,32.166666666666664,1,267460.0,train
20260527,2026-05-27 11:09:00+09:00,30.83333333333333,1,267460.0,train
20260527,2026-05-27 11:12:00+09:00,37.0,1,267460.0,train
20260527,2026-05-27 11:15:00+09:00,36.0,1,267460.0,train
20260527,2026-05-27 11:18:00+09:00,47.333333333333336,1,267460.0,train
20260527,2026-05-27 11:21:00+09:00,44.66666666666666,0,0.0,train
20260527,2026-05-27 11:24:00+09:00,48.5,0,0.0,train
20260527,2026-05-27 11:27:00+09:00,48.833333333333336,0,0.0,train
20260527,2026-05-27 11:30:00+09:00,49.833333333333336,0,0.0,train
20260527,2026-05-27 11:33:00+09:00,49.5,0,0.0,train
20260527,2026-05-27 11:36:00+09:00,50.833333333333336,0,0.0,train
20260527,2026-05-27 11:39:00+09:00,52.16666666666666,0,0.0,train
20260527,2026-05-27 11:42:00+09:00,51.833333333333336,0,0.0,train
20260527,2026-05-27 11:45:00+09:00,51.833333333333336,0,0.0,train
20260527,2026-05-27 11:48:00+09:00,57.0,0,0.0,train
20260527,2026-05-27 11:51:00+09:00,51.5,0,0.0,train
20260527,2026-05-27 11:54:00+09:00,45.16666666666666,0,0.0,train
20260527,2026-05-27 11:57:00+09:00,58.66666666666666,0,0.0,train
20260527,2026-05-27 12:00:00+09:00,53.66666666666666,0,0.0,train
20260527,2026-05-27 12:03:00+09:00,54.833333333333336,0,0.0,train
20260527,2026-05-27 12:06:00+09:00,51.333333333333336,0,0.0,train
20260527,2026-05-27 12:09:00+09:00,46.66666666666666,0,0.0,train
20260527,2026-05-27 12:12:00+09:00,46.833333333333336,0,0.0,train
20260527,2026-05-27 12:15:00+09:00,46.0,0,0.0,train
20260527,2026-05-27 12:18:00+09:00,53.833333333333336,0,0.0,train
20260527,2026-05-27 12:21:00+09:00,46.66666666666666,0,0.0,train
20260527,2026-05-27 12:24:00+09:00,46.66666666666666,0,0.0,train
20260527,2026-05-27 12:27:00+09:00,47.0,0,0.0,train
20260527,2026-05-27 12:30:00+09:00,46.16666666666666,0,0.0,train
20260527,2026-05-27 12:33:00+09:00,39.833333333333336,0,0.0,train
20260527,2026-05-27 12:36:00+09:00,44.0,0,0.0,train
20260527,2026-05-27 12:39:00+09:00,42.66666666666666,0,0.0,train
20260527,2026-05-27 12:42:00+09:00,46.833333333333336,0,0.0,train
20260527,2026-05-27 12:45:00+09:00,43.66666666666666,0,0.0,train
20260527,2026-05-27 12:48:00+09:00,38.16666666666666,0,0.0,train
20260527,2026-05-27 12:51:00+09:00,30.666666666666668,0,0.0,train
20260527,2026-05-27 12:54:00+09:00,33.0,0,0.0,train
20260527,2026-05-27 12:57:00+09:00,32.5,0,0.0,train
20260527,2026-05-27 13:00:00+09:00,33.0,0,0.0,train
20260527,2026-05-27 13:03:00+09:00,38.0,0,0.0,train
20260527,2026-05-27 13:06:00+09:00,38.5,0,0.0,train
20260527,2026-05-27 13:09:00+09:00,41.66666666666666,0,0.0,train
20260527,2026-05-27 13:12:00+09:00,38.333333333333336,0,0.0,train
20260527,2026-05-27 13:15:00+09:00,37.0,0,0.0,train
20260527,2026-05-27 13:18:00+09:00,41.0,0,0.0,train
20260527,2026-05-27 13:21:00+09:00,42.333333333333336,0,0.0,train
20260527,2026-05-27 13:24:00+09:00,45.5,0,0.0,train
20260527,2026-05-27 13:27:00+09:00,55.66666666666666,1,-98355.0,train
20260527,2026-05-27 13:30:00+09:00,63.16666666666666,1,-98355.0,train
20260527,2026-05-27 13:33:00+09:00,62.5,1,-98355.0,train
20260527,2026-05-27 13:36:00+09:00,59.5,1,-98355.0,train
20260527,2026-05-27 13:39:00+09:00,63.833333333333336,1,-98355.0,train
20260527,2026-05-27 13:42:00+09:00,63.5,1,-98355.0,train
20260527,2026-05-27 13:45:00+09:00,66.0,1,-98355.0,train
20260527,2026-05-27 13:48:00+09:00,66.16666666666667,1,-98355.0,train
20260527,2026-05-27 13:51:00+09:00,65.5,1,-98355.0,train
20260527,2026-05-27 13:54:00+09:00,63.333333333333336,1,-98355.0,train
20260527,2026-05-27 13:57:00+09:00,55.833333333333336,0,0.0,train
20260527,2026-05-27 14:00:00+09:00,48.5,0,0.0,train
20260527,2026-05-27 14:03:00+09:00,45.16666666666666,0,0.0,train
20260527,2026-05-27 14:06:00+09:00,41.833333333333336,0,0.0,train
20260527,2026-05-27 14:09:00+09:00,55.5,0,0.0,train
20260527,2026-05-27 14:12:00+09:00,54.333333333333336,0,0.0,train
20260527,2026-05-27 14:15:00+09:00,55.0,0,0.0,train
20260527,2026-05-27 14:18:00+09:00,56.66666666666666,0,0.0,train
20260527,2026-05-27 14:21:00+09:00,57.333333333333336,0,0.0,train
20260527,2026-05-27 14:24:00+09:00,67.66666666666667,0,0.0,train
20260527,2026-05-27 14:27:00+09:00,66.0,0,0.0,train
20260527,2026-05-27 14:30:00+09:00,65.33333333333333,0,0.0,train
20260527,2026-05-27 14:33:00+09:00,62.66666666666666,0,0.0,train
20260527,2026-05-27 14:36:00+09:00,69.66666666666667,0,0.0,train
20260527,2026-05-27 14:39:00+09:00,68.16666666666667,0,0.0,train
20260527,2026-05-27 14:42:00+09:00,69.16666666666667,0,0.0,train
20260527,2026-05-27 14:45:00+09:00,62.66666666666666,0,0.0,train
20260527,2026-05-27 14:48:00+09:00,67.16666666666667,0,0.0,train
20260527,2026-05-27 14:51:00+09:00,82.33333333333333,0,0.0,train
20260527,2026-05-27 14:54:00+09:00,80.83333333333333,0,0.0,train
20260527,2026-05-27 14:57:00+09:00,84.0,0,0.0,train
20260528,2026-05-28 10:00:00+09:00,42.833333333333336,0,0.0,train
20260528,2026-05-28 10:03:00+09:00,47.833333333333336,0,0.0,train
20260528,2026-05-28 10:06:00+09:00,50.333333333333336,0,0.0,train
20260528,2026-05-28 10:09:00+09:00,45.833333333333336,0,0.0,train
20260528,2026-05-28 10:12:00+09:00,45.16666666666666,0,0.0,train
20260528,2026-05-28 10:15:00+09:00,48.66666666666666,0,0.0,train
20260528,2026-05-28 10:18:00+09:00,46.833333333333336,0,0.0,train
20260528,2026-05-28 10:21:00+09:00,44.5,0,0.0,train
20260528,2026-05-28 10:24:00+09:00,50.5,0,0.0,train
20260528,2026-05-28 10:27:00+09:00,47.5,0,0.0,train
20260528,2026-05-28 10:30:00+09:00,50.0,0,0.0,train
20260528,2026-05-28 10:33:00+09:00,45.333333333333336,0,0.0,train
20260528,2026-05-28 10:36:00+09:00,45.66666666666666,1,-136848.0,train
20260528,2026-05-28 10:39:00+09:00,45.333333333333336,1,-136848.0,train
20260528,2026-05-28 10:42:00+09:00,56.833333333333336,1,-136848.0,train
20260528,2026-05-28 10:45:00+09:00,54.5,1,-136848.0,train
20260528,2026-05-28 10:48:00+09:00,55.5,1,-136848.0,train
20260528,2026-05-28 10:51:00+09:00,62.66666666666666,1,-136848.0,train
20260528,2026-05-28 10:54:00+09:00,56.5,1,-136848.0,train
20260528,2026-05-28 10:57:00+09:00,50.66666666666666,1,-136848.0,train
20260528,2026-05-28 11:00:00+09:00,54.333333333333336,1,-136848.0,train
20260528,2026-05-28 11:03:00+09:00,58.5,1,-136848.0,train
20260528,2026-05-28 11:06:00+09:00,71.16666666666667,0,0.0,train
20260528,2026-05-28 11:09:00+09:00,72.66666666666667,0,0.0,train
20260528,2026-05-28 11:12:00+09:00,64.16666666666667,0,0.0,train
20260528,2026-05-28 11:15:00+09:00,64.0,0,0.0,train
20260528,2026-05-28 11:18:00+09:00,64.5,0,0.0,train
20260528,2026-05-28 11:21:00+09:00,53.66666666666666,0,0.0,train
20260528,2026-05-28 11:24:00+09:00,50.0,0,0.0,train
20260528,2026-05-28 11:27:00+09:00,50.66666666666666,0,0.0,train
20260528,2026-05-28 11:30:00+09:00,45.833333333333336,0,0.0,train
20260528,2026-05-28 11:33:00+09:00,45.333333333333336,0,0.0,train
20260528,2026-05-28 11:36:00+09:00,46.16666666666666,0,0.0,train
20260528,2026-05-28 11:39:00+09:00,44.333333333333336,0,0.0,train
20260528,2026-05-28 11:42:00+09:00,46.66666666666666,0,0.0,train
20260528,2026-05-28 11:45:00+09:00,45.833333333333336,0,0.0,train
20260528,2026-05-28 11:48:00+09:00,47.16666666666666,0,0.0,train
20260528,2026-05-28 11:51:00+09:00,56.16666666666666,0,0.0,train
20260528,2026-05-28 11:54:00+09:00,60.0,0,0.0,train
20260528,2026-05-28 11:57:00+09:00,56.66666666666666,0,0.0,train
20260528,2026-05-28 12:00:00+09:00,60.0,0,0.0,train
20260528,2026-05-28 12:03:00+09:00,62.5,0,0.0,train
20260528,2026-05-28 12:06:00+09:00,63.0,0,0.0,train
20260528,2026-05-28 12:09:00+09:00,65.0,0,0.0,train
20260528,2026-05-28 12:12:00+09:00,62.5,0,0.0,train
20260528,2026-05-28 12:15:00+09:00,62.833333333333336,0,0.0,train
20260528,2026-05-28 12:18:00+09:00,64.5,0,0.0,train
20260528,2026-05-28 12:21:00+09:00,60.0,0,0.0,train
20260528,2026-05-28 12:24:00+09:00,60.5,0,0.0,train
20260528,2026-05-28 12:27:00+09:00,61.333333333333336,0,0.0,train
20260528,2026-05-28 12:30:00+09:00,62.0,0,0.0,train
20260528,2026-05-28 12:33:00+09:00,66.66666666666667,0,0.0,train
20260528,2026-05-28 12:36:00+09:00,55.5,0,0.0,train
20260528,2026-05-28 12:39:00+09:00,50.5,0,0.0,train
20260528,2026-05-28 12:42:00+09:00,52.5,0,0.0,train
20260528,2026-05-28 12:45:00+09:00,53.833333333333336,0,0.0,train
20260528,2026-05-28 12:48:00+09:00,63.0,0,0.0,train
20260528,2026-05-28 12:51:00+09:00,61.0,0,0.0,train
20260528,2026-05-28 12:54:00+09:00,63.333333333333336,0,0.0,train
20260528,2026-05-28 12:57:00+09:00,64.16666666666667,0,0.0,train
20260528,2026-05-28 13:00:00+09:00,62.333333333333336,0,0.0,train
20260528,2026-05-28 13:03:00+09:00,54.333333333333336,0,0.0,train
20260528,2026-05-28 13:06:00+09:00,60.16666666666666,0,0.0,train
20260528,2026-05-28 13:09:00+09:00,58.5,0,0.0,train
20260528,2026-05-28 13:12:00+09:00,57.66666666666666,0,0.0,train
20260528,2026-05-28 13:15:00+09:00,54.333333333333336,0,0.0,train
20260528,2026-05-28 13:18:00+09:00,54.0,0,0.0,train
20260528,2026-05-28 13:21:00+09:00,51.5,0,0.0,train
20260528,2026-05-28 13:24:00+09:00,55.833333333333336,0,0.0,train
20260528,2026-05-28 13:27:00+09:00,57.833333333333336,0,0.0,train
20260528,2026-05-28 13:30:00+09:00,60.333333333333336,0,0.0,train
20260528,2026-05-28 13:33:00+09:00,59.0,0,0.0,train
20260528,2026-05-28 13:36:00+09:00,55.333333333333336,0,0.0,train
20260528,2026-05-28 13:39:00+09:00,61.0,0,0.0,train
20260528,2026-05-28 13:42:00+09:00,59.66666666666666,0,0.0,train
20260528,2026-05-28 13:45:00+09:00,59.833333333333336,0,0.0,train
20260528,2026-05-28 13:48:00+09:00,62.333333333333336,0,0.0,train
20260528,2026-05-28 13:51:00+09:00,62.66666666666666,0,0.0,train
20260528,2026-05-28 13:54:00+09:00,53.0,0,0.0,train
20260528,2026-05-28 13:57:00+09:00,48.833333333333336,0,0.0,train
20260528,2026-05-28 14:00:00+09:00,45.16666666666666,0,0.0,train
20260528,2026-05-28 14:03:00+09:00,43.333333333333336,0,0.0,train
20260528,2026-05-28 14:06:00+09:00,39.5,0,0.0,train
20260528,2026-05-28 14:09:00+09:00,42.333333333333336,0,0.0,train
20260528,2026-05-28 14:12:00+09:00,36.0,0,0.0,train
20260528,2026-05-28 14:15:00+09:00,39.66666666666666,0,0.0,train
20260528,2026-05-28 14:18:00+09:00,41.333333333333336,0,0.0,train
20260528,2026-05-28 14:21:00+09:00,41.16666666666666,0,0.0,train
20260528,2026-05-28 14:24:00+09:00,53.16666666666666,0,0.0,train
20260528,2026-05-28 14:27:00+09:00,59.333333333333336,0,0.0,train
20260528,2026-05-28 14:30:00+09:00,61.16666666666666,0,0.0,train
20260528,2026-05-28 14:33:00+09:00,58.333333333333336,0,0.0,train
20260528,2026-05-28 14:36:00+09:00,59.0,0,0.0,train
20260528,2026-05-28 14:39:00+09:00,51.5,0,0.0,train
20260528,2026-05-28 14:42:00+09:00,49.5,0,0.0,train
20260528,2026-05-28 14:45:00+09:00,59.0,0,0.0,train
20260528,2026-05-28 14:48:00+09:00,58.0,0,0.0,train
20260528,2026-05-28 14:51:00+09:00,54.5,0,0.0,train
20260528,2026-05-28 14:54:00+09:00,38.66666666666666,0,0.0,train
20260528,2026-05-28 14:57:00+09:00,39.333333333333336,0,0.0,train
20260529,2026-05-29 10:00:00+09:00,43.833333333333336,0,0.0,train
20260529,2026-05-29 10:03:00+09:00,45.16666666666666,0,0.0,train
20260529,2026-05-29 10:06:00+09:00,49.66666666666666,0,0.0,train
20260529,2026-05-29 10:09:00+09:00,55.333333333333336,0,0.0,train
20260529,2026-05-29 10:12:00+09:00,61.66666666666666,0,0.0,train
20260529,2026-05-29 10:15:00+09:00,58.66666666666666,0,0.0,train
20260529,2026-05-29 10:18:00+09:00,54.66666666666666,0,0.0,train
20260529,2026-05-29 10:21:00+09:00,52.5,0,0.0,train
20260529,2026-05-29 10:24:00+09:00,58.333333333333336,0,0.0,train
20260529,2026-05-29 10:27:00+09:00,56.0,0,0.0,train
20260529,2026-05-29 10:30:00+09:00,50.16666666666666,0,0.0,train
20260529,2026-05-29 10:33:00+09:00,45.66666666666666,0,0.0,train
20260529,2026-05-29 10:36:00+09:00,37.5,0,0.0,train
20260529,2026-05-29 10:39:00+09:00,36.333333333333336,0,0.0,train
20260529,2026-05-29 10:42:00+09:00,40.333333333333336,0,0.0,train
20260529,2026-05-29 10:45:00+09:00,40.16666666666666,0,0.0,train
20260529,2026-05-29 10:48:00+09:00,37.0,0,0.0,train
20260529,2026-05-29 10:51:00+09:00,31.666666666666668,0,0.0,train
20260529,2026-05-29 10:54:00+09:00,29.5,0,0.0,train
20260529,2026-05-29 10:57:00+09:00,33.166666666666664,0,0.0,train
20260529,2026-05-29 11:00:00+09:00,32.166666666666664,0,0.0,train
20260529,2026-05-29 11:03:00+09:00,34.5,0,0.0,train
20260529,2026-05-29 11:06:00+09:00,35.833333333333336,0,0.0,train
20260529,2026-05-29 11:09:00+09:00,40.0,0,0.0,train
20260529,2026-05-29 11:12:00+09:00,32.666666666666664,0,0.0,train
20260529,2026-05-29 11:15:00+09:00,31.83333333333333,0,0.0,train
20260529,2026-05-29 11:18:00+09:00,29.166666666666668,0,0.0,train
20260529,2026-05-29 11:21:00+09:00,34.166666666666664,0,0.0,train
20260529,2026-05-29 11:24:00+09:00,42.333333333333336,0,0.0,train
20260529,2026-05-29 11:27:00+09:00,43.333333333333336,0,0.0,train
20260529,2026-05-29 11:30:00+09:00,47.333333333333336,0,0.0,train
20260529,2026-05-29 11:33:00+09:00,46.833333333333336,0,0.0,train
20260529,2026-05-29 11:36:00+09:00,46.5,0,0.0,train
20260529,2026-05-29 11:39:00+09:00,44.833333333333336,0,0.0,train
20260529,2026-05-29 11:42:00+09:00,45.833333333333336,0,0.0,train
20260529,2026-05-29 11:45:00+09:00,44.0,0,0.0,train
20260529,2026-05-29 11:48:00+09:00,41.16666666666666,0,0.0,train
20260529,2026-05-29 11:51:00+09:00,44.333333333333336,0,0.0,train
20260529,2026-05-29 11:54:00+09:00,48.333333333333336,0,0.0,train
20260529,2026-05-29 11:57:00+09:00,49.833333333333336,0,0.0,train
20260529,2026-05-29 12:00:00+09:00,50.333333333333336,0,0.0,train
20260529,2026-05-29 12:03:00+09:00,49.66666666666666,0,0.0,train
20260529,2026-05-29 12:06:00+09:00,47.333333333333336,0,0.0,train
20260529,2026-05-29 12:09:00+09:00,53.0,0,0.0,train
20260529,2026-05-29 12:12:00+09:00,56.0,0,0.0,train
20260529,2026-05-29 12:15:00+09:00,58.0,0,0.0,train
20260529,2026-05-29 12:18:00+09:00,57.833333333333336,0,0.0,train
20260529,2026-05-29 12:21:00+09:00,57.5,0,0.0,train
20260529,2026-05-29 12:24:00+09:00,54.333333333333336,0,0.0,train
20260529,2026-05-29 12:27:00+09:00,48.66666666666666,0,0.0,train
20260529,2026-05-29 12:30:00+09:00,45.0,0,0.0,train
20260529,2026-05-29 12:33:00+09:00,44.66666666666666,0,0.0,train
20260529,2026-05-29 12:36:00+09:00,39.5,0,0.0,train
20260529,2026-05-29 12:39:00+09:00,32.833333333333336,0,0.0,train
20260529,2026-05-29 12:42:00+09:00,33.0,1,-117546.0,train
20260529,2026-05-29 12:45:00+09:00,31.166666666666668,1,-117546.0,train
20260529,2026-05-29 12:48:00+09:00,34.333333333333336,1,-117546.0,train
20260529,2026-05-29 12:51:00+09:00,35.5,1,-117546.0,train
20260529,2026-05-29 12:54:00+09:00,34.5,1,-117546.0,train
20260529,2026-05-29 12:57:00+09:00,35.666666666666664,1,-117546.0,train
20260529,2026-05-29 13:00:00+09:00,34.5,1,-117546.0,train
20260529,2026-05-29 13:03:00+09:00,33.166666666666664,1,-117546.0,train
20260529,2026-05-29 13:06:00+09:00,37.0,1,-117546.0,train
20260529,2026-05-29 13:09:00+09:00,35.666666666666664,1,-117546.0,train
20260529,2026-05-29 13:12:00+09:00,37.16666666666666,0,0.0,train
20260529,2026-05-29 13:15:00+09:00,39.333333333333336,0,0.0,train
20260529,2026-05-29 13:18:00+09:00,37.66666666666666,0,0.0,train
20260529,2026-05-29 13:21:00+09:00,38.833333333333336,0,0.0,train
20260529,2026-05-29 13:24:00+09:00,37.5,0,0.0,train
20260529,2026-05-29 13:27:00+09:00,35.666666666666664,0,0.0,train
20260529,2026-05-29 13:30:00+09:00,38.333333333333336,0,0.0,train
20260529,2026-05-29 13:33:00+09:00,33.666666666666664,0,0.0,train
20260529,2026-05-29 13:36:00+09:00,52.833333333333336,0,0.0,train
20260529,2026-05-29 13:39:00+09:00,56.16666666666666,0,0.0,train
20260529,2026-05-29 13:42:00+09:00,57.5,0,0.0,train
20260529,2026-05-29 13:45:00+09:00,55.333333333333336,0,0.0,train
20260529,2026-05-29 13:48:00+09:00,56.66666666666666,0,0.0,train
20260529,2026-05-29 13:51:00+09:00,59.833333333333336,0,0.0,train
20260529,2026-05-29 13:54:00+09:00,54.66666666666666,0,0.0,train
20260529,2026-05-29 13:57:00+09:00,53.5,0,0.0,train
20260529,2026-05-29 14:00:00+09:00,53.0,0,0.0,train
20260529,2026-05-29 14:03:00+09:00,62.5,0,0.0,train
20260529,2026-05-29 14:06:00+09:00,50.66666666666666,0,0.0,train
20260529,2026-05-29 14:09:00+09:00,46.833333333333336,0,0.0,train
20260529,2026-05-29 14:12:00+09:00,45.833333333333336,0,0.0,train
20260529,2026-05-29 14:15:00+09:00,48.5,0,0.0,train
20260529,2026-05-29 14:18:00+09:00,43.16666666666666,0,0.0,train
20260529,2026-05-29 14:21:00+09:00,45.0,0,0.0,train
20260529,2026-05-29 14:24:00+09:00,44.16666666666666,0,0.0,train
20260529,2026-05-29 14:27:00+09:00,47.0,0,0.0,train
20260529,2026-05-29 14:30:00+09:00,46.66666666666666,0,0.0,train
20260529,2026-05-29 14:33:00+09:00,50.66666666666666,0,0.0,train
20260529,2026-05-29 14:36:00+09:00,32.166666666666664,0,0.0,train
20260529,2026-05-29 14:39:00+09:00,38.333333333333336,0,0.0,train
20260529,2026-05-29 14:42:00+09:00,35.833333333333336,0,0.0,train
20260529,2026-05-29 14:45:00+09:00,33.833333333333336,0,0.0,train
20260529,2026-05-29 14:48:00+09:00,36.0,0,0.0,train
20260529,2026-05-29 14:51:00+09:00,33.666666666666664,0,0.0,train
20260529,2026-05-29 14:54:00+09:00,32.166666666666664,0,0.0,train
20260529,2026-05-29 14:57:00+09:00,26.83333333333333,0,0.0,train
20260601,2026-06-01 10:00:00+09:00,54.0,0,0.0,train
20260601,2026-06-01 10:03:00+09:00,48.5,0,0.0,train
20260601,2026-06-01 10:06:00+09:00,46.0,0,0.0,train
20260601,2026-06-01 10:09:00+09:00,48.5,0,0.0,train
20260601,2026-06-01 10:12:00+09:00,53.333333333333336,0,0.0,train
20260601,2026-06-01 10:15:00+09:00,52.5,0,0.0,train
20260601,2026-06-01 10:18:00+09:00,57.833333333333336,0,0.0,train
20260601,2026-06-01 10:21:00+09:00,59.0,0,0.0,train
20260601,2026-06-01 10:24:00+09:00,63.5,0,0.0,train
20260601,2026-06-01 10:27:00+09:00,60.66666666666666,0,0.0,train
20260601,2026-06-01 10:30:00+09:00,62.16666666666666,0,0.0,train
20260601,2026-06-01 10:33:00+09:00,61.833333333333336,0,0.0,train
20260601,2026-06-01 10:36:00+09:00,61.66666666666666,0,0.0,train
20260601,2026-06-01 10:39:00+09:00,60.833333333333336,0,0.0,train
20260601,2026-06-01 10:42:00+09:00,59.5,0,0.0,train
20260601,2026-06-01 10:45:00+09:00,57.0,0,0.0,train
20260601,2026-06-01 10:48:00+09:00,46.333333333333336,0,0.0,train
20260601,2026-06-01 10:51:00+09:00,37.5,0,0.0,train
20260601,2026-06-01 10:54:00+09:00,36.0,0,0.0,train
20260601,2026-06-01 10:57:00+09:00,36.0,0,0.0,train
20260601,2026-06-01 11:00:00+09:00,46.5,0,0.0,train
20260601,2026-06-01 11:03:00+09:00,41.333333333333336,0,0.0,train
20260601,2026-06-01 11:06:00+09:00,44.66666666666666,0,0.0,train
20260601,2026-06-01 11:09:00+09:00,44.333333333333336,0,0.0,train
20260601,2026-06-01 11:12:00+09:00,42.66666666666666,0,0.0,train
20260601,2026-06-01 11:15:00+09:00,41.66666666666666,0,0.0,train
20260601,2026-06-01 11:18:00+09:00,38.5,0,0.0,train
20260601,2026-06-01 11:21:00+09:00,46.66666666666666,0,0.0,train
20260601,2026-06-01 11:24:00+09:00,47.5,0,0.0,train
20260601,2026-06-01 11:27:00+09:00,34.5,0,0.0,train
20260601,2026-06-01 11:30:00+09:00,33.833333333333336,0,0.0,train
20260601,2026-06-01 11:33:00+09:00,31.666666666666668,0,0.0,train
20260601,2026-06-01 11:36:00+09:00,35.333333333333336,0,0.0,train
20260601,2026-06-01 11:39:00+09:00,34.5,0,0.0,train
20260601,2026-06-01 11:42:00+09:00,33.666666666666664,0,0.0,train
20260601,2026-06-01 11:45:00+09:00,32.666666666666664,0,0.0,train
20260601,2026-06-01 11:48:00+09:00,31.666666666666668,0,0.0,train
20260601,2026-06-01 11:51:00+09:00,30.666666666666668,0,0.0,train
20260601,2026-06-01 11:54:00+09:00,35.0,0,0.0,train
20260601,2026-06-01 11:57:00+09:00,46.5,0,0.0,train
20260601,2026-06-01 12:00:00+09:00,47.833333333333336,0,0.0,train
20260601,2026-06-01 12:03:00+09:00,46.5,0,0.0,train
20260601,2026-06-01 12:06:00+09:00,43.333333333333336,0,0.0,train
20260601,2026-06-01 12:09:00+09:00,38.5,0,0.0,train
20260601,2026-06-01 12:12:00+09:00,37.0,0,0.0,train
20260601,2026-06-01 12:15:00+09:00,31.5,0,0.0,train
20260601,2026-06-01 12:18:00+09:00,40.833333333333336,0,0.0,train
20260601,2026-06-01 12:21:00+09:00,38.333333333333336,0,0.0,train
20260601,2026-06-01 12:24:00+09:00,35.5,0,0.0,train
20260601,2026-06-01 12:27:00+09:00,29.5,0,0.0,train
20260601,2026-06-01 12:30:00+09:00,32.833333333333336,0,0.0,train
20260601,2026-06-01 12:33:00+09:00,35.0,0,0.0,train
20260601,2026-06-01 12:36:00+09:00,32.666666666666664,0,0.0,train
20260601,2026-06-01 12:39:00+09:00,31.83333333333333,0,0.0,train
20260601,2026-06-01 12:42:00+09:00,37.333333333333336,0,0.0,train
20260601,2026-06-01 12:45:00+09:00,32.333333333333336,0,0.0,train
20260601,2026-06-01 12:48:00+09:00,37.16666666666666,0,0.0,train
20260601,2026-06-01 12:51:00+09:00,34.166666666666664,0,0.0,train
20260601,2026-06-01 12:54:00+09:00,39.333333333333336,0,0.0,train
20260601,2026-06-01 12:57:00+09:00,45.5,0,0.0,train
20260601,2026-06-01 13:00:00+09:00,44.333333333333336,0,0.0,train
20260601,2026-06-01 13:03:00+09:00,48.16666666666666,0,0.0,train
20260601,2026-06-01 13:06:00+09:00,45.16666666666666,0,0.0,train
20260601,2026-06-01 13:09:00+09:00,42.66666666666666,0,0.0,train
20260601,2026-06-01 13:12:00+09:00,40.833333333333336,0,0.0,train
20260601,2026-06-01 13:15:00+09:00,42.16666666666666,0,0.0,train
20260601,2026-06-01 13:18:00+09:00,38.0,0,0.0,train
20260601,2026-06-01 13:21:00+09:00,38.0,0,0.0,train
20260601,2026-06-01 13:24:00+09:00,31.0,0,0.0,train
20260601,2026-06-01 13:27:00+09:00,29.5,0,0.0,train
20260601,2026-06-01 13:30:00+09:00,25.5,0,0.0,train
20260601,2026-06-01 13:33:00+09:00,25.166666666666668,0,0.0,train
20260601,2026-06-01 13:36:00+09:00,25.5,0,0.0,train
20260601,2026-06-01 13:39:00+09:00,29.5,0,0.0,train
20260601,2026-06-01 13:42:00+09:00,29.0,0,0.0,train
20260601,2026-06-01 13:45:00+09:00,30.166666666666668,0,0.0,train
20260601,2026-06-01 13:48:00+09:00,31.166666666666668,0,0.0,train
20260601,2026-06-01 13:51:00+09:00,28.666666666666668,0,0.0,train
20260601,2026-06-01 13:54:00+09:00,28.166666666666668,0,0.0,train
20260601,2026-06-01 13:57:00+09:00,27.166666666666668,0,0.0,train
20260601,2026-06-01 14:00:00+09:00,28.666666666666668,0,0.0,train
20260601,2026-06-01 14:03:00+09:00,31.0,0,0.0,train
20260601,2026-06-01 14:06:00+09:00,33.0,0,0.0,train
20260601,2026-06-01 14:09:00+09:00,33.666666666666664,0,0.0,train
20260601,2026-06-01 14:12:00+09:00,37.833333333333336,0,0.0,train
20260601,2026-06-01 14:15:00+09:00,49.66666666666666,0,0.0,train
20260601,2026-06-01 14:18:00+09:00,52.16666666666666,0,0.0,train
20260601,2026-06-01 14:21:00+09:00,37.66666666666666,0,0.0,train
20260601,2026-06-01 14:24:00+09:00,32.833333333333336,0,0.0,train
20260601,2026-06-01 14:27:00+09:00,40.16666666666666,0,0.0,train
20260601,2026-06-01 14:30:00+09:00,50.333333333333336,0,0.0,train
20260601,2026-06-01 14:33:00+09:00,49.5,0,0.0,train
20260601,2026-06-01 14:36:00+09:00,44.833333333333336,0,0.0,train
20260601,2026-06-01 14:39:00+09:00,38.833333333333336,0,0.0,train
20260601,2026-06-01 14:42:00+09:00,44.5,0,0.0,train
20260601,2026-06-01 14:45:00+09:00,49.16666666666666,0,0.0,train
20260601,2026-06-01 14:48:00+09:00,50.5,0,0.0,train
20260601,2026-06-01 14:51:00+09:00,48.833333333333336,0,0.0,train
20260601,2026-06-01 14:54:00+09:00,62.66666666666666,0,0.0,train
20260601,2026-06-01 14:57:00+09:00,55.66666666666666,0,0.0,train
20260602,2026-06-02 10:00:00+09:00,67.5,0,0.0,train
20260602,2026-06-02 10:03:00+09:00,65.83333333333333,0,0.0,train
20260602,2026-06-02 10:06:00+09:00,66.33333333333333,0,0.0,train
20260602,2026-06-02 10:09:00+09:00,68.66666666666667,0,0.0,train
20260602,2026-06-02 10:12:00+09:00,70.16666666666667,0,0.0,train
20260602,2026-06-02 10:15:00+09:00,66.66666666666667,0,0.0,train
20260602,2026-06-02 10:18:00+09:00,64.66666666666667,0,0.0,train
20260602,2026-06-02 10:21:00+09:00,64.83333333333333,1,-21336.0,train
20260602,2026-06-02 10:24:00+09:00,60.0,1,-21336.0,train
20260602,2026-06-02 10:27:00+09:00,62.333333333333336,1,-21336.0,train
20260602,2026-06-02 10:30:00+09:00,59.5,1,-21336.0,train
20260602,2026-06-02 10:33:00+09:00,56.66666666666666,1,-21336.0,train
20260602,2026-06-02 10:36:00+09:00,56.833333333333336,1,-21336.0,train
20260602,2026-06-02 10:39:00+09:00,54.333333333333336,1,-21336.0,train
20260602,2026-06-02 10:42:00+09:00,57.16666666666666,1,-21336.0,train
20260602,2026-06-02 10:45:00+09:00,54.0,1,-21336.0,train
20260602,2026-06-02 10:48:00+09:00,60.66666666666666,1,-21336.0,train
20260602,2026-06-02 10:51:00+09:00,64.66666666666667,0,0.0,train
20260602,2026-06-02 10:54:00+09:00,67.66666666666667,0,0.0,train
20260602,2026-06-02 10:57:00+09:00,68.33333333333333,0,0.0,train
20260602,2026-06-02 11:00:00+09:00,67.33333333333333,0,0.0,train
20260602,2026-06-02 11:03:00+09:00,67.83333333333333,0,0.0,train
20260602,2026-06-02 11:06:00+09:00,67.33333333333333,0,0.0,train
20260602,2026-06-02 11:09:00+09:00,62.66666666666666,0,0.0,train
20260602,2026-06-02 11:12:00+09:00,70.33333333333333,0,0.0,train
20260602,2026-06-02 11:15:00+09:00,70.16666666666667,0,0.0,train
20260602,2026-06-02 11:18:00+09:00,70.33333333333333,0,0.0,train
20260602,2026-06-02 11:21:00+09:00,58.0,0,0.0,train
20260602,2026-06-02 11:24:00+09:00,71.83333333333333,0,0.0,train
20260602,2026-06-02 11:27:00+09:00,71.83333333333333,0,0.0,train
20260602,2026-06-02 11:30:00+09:00,65.5,0,0.0,train
20260602,2026-06-02 11:33:00+09:00,62.0,0,0.0,train
20260602,2026-06-02 11:36:00+09:00,66.0,0,0.0,train
20260602,2026-06-02 11:39:00+09:00,70.0,0,0.0,train
20260602,2026-06-02 11:42:00+09:00,56.833333333333336,0,0.0,train
20260602,2026-06-02 11:45:00+09:00,48.5,0,0.0,train
20260602,2026-06-02 11:48:00+09:00,46.0,0,0.0,train
20260602,2026-06-02 11:51:00+09:00,41.333333333333336,0,0.0,train
20260602,2026-06-02 11:54:00+09:00,41.0,0,0.0,train
20260602,2026-06-02 11:57:00+09:00,42.16666666666666,0,0.0,train
20260602,2026-06-02 12:00:00+09:00,42.333333333333336,0,0.0,train
20260602,2026-06-02 12:03:00+09:00,39.833333333333336,0,0.0,train
20260602,2026-06-02 12:06:00+09:00,33.333333333333336,0,0.0,train
20260602,2026-06-02 12:09:00+09:00,35.333333333333336,0,0.0,train
20260602,2026-06-02 12:12:00+09:00,57.5,0,0.0,train
20260602,2026-06-02 12:15:00+09:00,58.333333333333336,0,0.0,train
20260602,2026-06-02 12:18:00+09:00,62.16666666666666,0,0.0,train
20260602,2026-06-02 12:21:00+09:00,60.5,0,0.0,train
20260602,2026-06-02 12:24:00+09:00,49.5,0,0.0,train
20260602,2026-06-02 12:27:00+09:00,47.16666666666666,0,0.0,train
20260602,2026-06-02 12:30:00+09:00,46.333333333333336,0,0.0,train
20260602,2026-06-02 12:33:00+09:00,38.5,0,0.0,train
20260602,2026-06-02 12:36:00+09:00,35.333333333333336,0,0.0,train
20260602,2026-06-02 12:39:00+09:00,32.666666666666664,0,0.0,train
20260602,2026-06-02 12:42:00+09:00,29.83333333333333,0,0.0,train
20260602,2026-06-02 12:45:00+09:00,30.5,0,0.0,train
20260602,2026-06-02 12:48:00+09:00,35.5,0,0.0,train
20260602,2026-06-02 12:51:00+09:00,49.0,0,0.0,train
20260602,2026-06-02 12:54:00+09:00,53.5,0,0.0,train
20260602,2026-06-02 12:57:00+09:00,51.66666666666666,0,0.0,train
20260602,2026-06-02 13:00:00+09:00,49.5,0,0.0,train
20260602,2026-06-02 13:03:00+09:00,55.5,0,0.0,train
20260602,2026-06-02 13:06:00+09:00,49.333333333333336,0,0.0,train
20260602,2026-06-02 13:09:00+09:00,51.66666666666666,0,0.0,train
20260602,2026-06-02 13:12:00+09:00,48.833333333333336,0,0.0,train
20260602,2026-06-02 13:15:00+09:00,44.5,0,0.0,train
20260602,2026-06-02 13:18:00+09:00,35.666666666666664,0,0.0,train
20260602,2026-06-02 13:21:00+09:00,50.333333333333336,0,0.0,train
20260602,2026-06-02 13:24:00+09:00,51.833333333333336,0,0.0,train
20260602,2026-06-02 13:27:00+09:00,50.5,0,0.0,train
20260602,2026-06-02 13:30:00+09:00,54.833333333333336,0,0.0,train
20260602,2026-06-02 13:33:00+09:00,51.0,0,0.0,train
20260602,2026-06-02 13:36:00+09:00,55.833333333333336,0,0.0,train
20260602,2026-06-02 13:39:00+09:00,44.66666666666666,0,0.0,train
20260602,2026-06-02 13:42:00+09:00,48.66666666666666,0,0.0,train
20260602,2026-06-02 13:45:00+09:00,49.5,0,0.0,train
20260602,2026-06-02 13:48:00+09:00,51.333333333333336,0,0.0,train
20260602,2026-06-02 13:51:00+09:00,49.16666666666666,0,0.0,train
20260602,2026-06-02 13:54:00+09:00,52.66666666666666,0,0.0,train
20260602,2026-06-02 13:57:00+09:00,55.0,0,0.0,train
20260602,2026-06-02 14:00:00+09:00,65.16666666666667,0,0.0,train
20260602,2026-06-02 14:03:00+09:00,61.66666666666666,0,0.0,train
20260602,2026-06-02 14:06:00+09:00,62.0,0,0.0,train
20260602,2026-06-02 14:09:00+09:00,62.833333333333336,0,0.0,train
20260602,2026-06-02 14:12:00+09:00,60.16666666666666,0,0.0,train
20260602,2026-06-02 14:15:00+09:00,61.333333333333336,0,0.0,train
20260602,2026-06-02 14:18:00+09:00,51.0,0,0.0,train
20260602,2026-06-02 14:21:00+09:00,47.5,0,0.0,train
20260602,2026-06-02 14:24:00+09:00,43.16666666666666,0,0.0,train
20260602,2026-06-02 14:27:00+09:00,33.333333333333336,0,0.0,train
20260602,2026-06-02 14:30:00+09:00,31.5,0,0.0,train
20260602,2026-06-02 14:33:00+09:00,39.5,0,0.0,train
20260602,2026-06-02 14:36:00+09:00,37.16666666666666,0,0.0,train
20260602,2026-06-02 14:39:00+09:00,43.833333333333336,0,0.0,train
20260602,2026-06-02 14:42:00+09:00,35.166666666666664,0,0.0,train
20260602,2026-06-02 14:45:00+09:00,42.66666666666666,0,0.0,train
20260602,2026-06-02 14:48:00+09:00,48.333333333333336,0,0.0,train
20260602,2026-06-02 14:51:00+09:00,48.833333333333336,0,0.0,train
20260602,2026-06-02 14:54:00+09:00,56.833333333333336,0,0.0,train
20260602,2026-06-02 14:57:00+09:00,57.5,0,0.0,train
20260604,2026-06-04 10:00:00+09:00,61.0,0,0.0,train
20260604,2026-06-04 10:03:00+09:00,55.0,0,0.0,train
20260604,2026-06-04 10:06:00+09:00,53.16666666666666,0,0.0,train
20260604,2026-06-04 10:09:00+09:00,56.5,0,0.0,train
20260604,2026-06-04 10:12:00+09:00,55.833333333333336,0,0.0,train
20260604,2026-06-04 10:15:00+09:00,52.833333333333336,0,0.0,train
20260604,2026-06-04 10:18:00+09:00,49.66666666666666,0,0.0,train
20260604,2026-06-04 10:21:00+09:00,48.0,0,0.0,train
20260604,2026-06-04 10:24:00+09:00,45.833333333333336,0,0.0,train
20260604,2026-06-04 10:27:00+09:00,49.333333333333336,1,-36315.0,train
20260604,2026-06-04 10:30:00+09:00,44.16666666666666,1,-36315.0,train
20260604,2026-06-04 10:33:00+09:00,46.16666666666666,1,-36315.0,train
20260604,2026-06-04 10:36:00+09:00,51.0,1,-36315.0,train
20260604,2026-06-04 10:39:00+09:00,49.833333333333336,1,-36315.0,train
20260604,2026-06-04 10:42:00+09:00,55.66666666666666,1,-36315.0,train
20260604,2026-06-04 10:45:00+09:00,58.333333333333336,1,-36315.0,train
20260604,2026-06-04 10:48:00+09:00,63.0,1,-36315.0,train
20260604,2026-06-04 10:51:00+09:00,65.0,1,-36315.0,train
20260604,2026-06-04 10:54:00+09:00,62.833333333333336,1,-36315.0,train
20260604,2026-06-04 10:57:00+09:00,64.66666666666667,0,0.0,train
20260604,2026-06-04 11:00:00+09:00,59.66666666666666,0,0.0,train
20260604,2026-06-04 11:03:00+09:00,58.333333333333336,0,0.0,train
20260604,2026-06-04 11:06:00+09:00,58.16666666666666,0,0.0,train
20260604,2026-06-04 11:09:00+09:00,55.5,0,0.0,train
20260604,2026-06-04 11:12:00+09:00,35.5,0,0.0,train
20260604,2026-06-04 11:15:00+09:00,33.5,0,0.0,train
20260604,2026-06-04 11:18:00+09:00,32.5,0,0.0,train
20260604,2026-06-04 11:21:00+09:00,43.5,0,0.0,train
20260604,2026-06-04 11:24:00+09:00,43.5,0,0.0,train
20260604,2026-06-04 11:27:00+09:00,44.333333333333336,0,0.0,train
20260604,2026-06-04 11:30:00+09:00,44.66666666666666,0,0.0,train
20260604,2026-06-04 11:33:00+09:00,43.0,0,0.0,train
20260604,2026-06-04 11:36:00+09:00,43.333333333333336,0,0.0,train
20260604,2026-06-04 11:39:00+09:00,40.333333333333336,0,0.0,train
20260604,2026-06-04 11:42:00+09:00,40.833333333333336,0,0.0,train
20260604,2026-06-04 11:45:00+09:00,51.66666666666666,0,0.0,train
20260604,2026-06-04 11:48:00+09:00,54.833333333333336,0,0.0,train
20260604,2026-06-04 11:51:00+09:00,46.5,0,0.0,train
20260604,2026-06-04 11:54:00+09:00,54.333333333333336,0,0.0,train
20260604,2026-06-04 11:57:00+09:00,38.5,0,0.0,train
20260604,2026-06-04 12:00:00+09:00,40.833333333333336,0,0.0,train
20260604,2026-06-04 12:03:00+09:00,36.66666666666666,0,0.0,train
20260604,2026-06-04 12:06:00+09:00,32.666666666666664,0,0.0,train
20260604,2026-06-04 12:09:00+09:00,26.0,0,0.0,train
20260604,2026-06-04 12:12:00+09:00,32.666666666666664,0,0.0,train
20260604,2026-06-04 12:15:00+09:00,35.666666666666664,0,0.0,train
20260604,2026-06-04 12:18:00+09:00,36.333333333333336,0,0.0,train
20260604,2026-06-04 12:21:00+09:00,33.666666666666664,0,0.0,train
20260604,2026-06-04 12:24:00+09:00,32.5,0,0.0,train
20260604,2026-06-04 12:27:00+09:00,37.833333333333336,0,0.0,train
20260604,2026-06-04 12:30:00+09:00,36.16666666666666,0,0.0,train
20260604,2026-06-04 12:33:00+09:00,29.5,0,0.0,train
20260604,2026-06-04 12:36:00+09:00,33.833333333333336,0,0.0,train
20260604,2026-06-04 12:39:00+09:00,38.66666666666666,0,0.0,train
20260604,2026-06-04 12:42:00+09:00,37.66666666666666,0,0.0,train
20260604,2026-06-04 12:45:00+09:00,41.0,0,0.0,train
20260604,2026-06-04 12:48:00+09:00,39.0,0,0.0,train
20260604,2026-06-04 12:51:00+09:00,39.833333333333336,0,0.0,train
20260604,2026-06-04 12:54:00+09:00,40.16666666666666,0,0.0,train
20260604,2026-06-04 12:57:00+09:00,39.833333333333336,0,0.0,train
20260604,2026-06-04 13:00:00+09:00,41.66666666666666,0,0.0,train
20260604,2026-06-04 13:03:00+09:00,42.5,0,0.0,train
20260604,2026-06-04 13:06:00+09:00,38.833333333333336,0,0.0,train
20260604,2026-06-04 13:09:00+09:00,35.833333333333336,0,0.0,train
20260604,2026-06-04 13:12:00+09:00,27.666666666666668,0,0.0,train
20260604,2026-06-04 13:15:00+09:00,26.83333333333333,0,0.0,train
20260604,2026-06-04 13:18:00+09:00,25.33333333333333,0,0.0,train
20260604,2026-06-04 13:21:00+09:00,27.33333333333333,0,0.0,train
20260604,2026-06-04 13:24:00+09:00,26.0,0,0.0,train
20260604,2026-06-04 13:27:00+09:00,25.5,0,0.0,train
20260604,2026-06-04 13:30:00+09:00,23.83333333333333,0,0.0,train
20260604,2026-06-04 13:33:00+09:00,21.33333333333333,0,0.0,train
20260604,2026-06-04 13:36:00+09:00,29.166666666666668,0,0.0,train
20260604,2026-06-04 13:39:00+09:00,29.0,0,0.0,train
20260604,2026-06-04 13:42:00+09:00,29.0,0,0.0,train
20260604,2026-06-04 13:45:00+09:00,46.0,0,0.0,train
20260604,2026-06-04 13:48:00+09:00,34.0,0,0.0,train
20260604,2026-06-04 13:51:00+09:00,34.166666666666664,0,0.0,train
20260604,2026-06-04 13:54:00+09:00,36.66666666666666,0,0.0,train
20260604,2026-06-04 13:57:00+09:00,34.166666666666664,0,0.0,train
20260604,2026-06-04 14:00:00+09:00,35.666666666666664,0,0.0,train
20260604,2026-06-04 14:03:00+09:00,42.333333333333336,0,0.0,train
20260604,2026-06-04 14:06:00+09:00,39.333333333333336,0,0.0,train
20260604,2026-06-04 14:09:00+09:00,41.5,0,0.0,train
20260604,2026-06-04 14:12:00+09:00,47.333333333333336,0,0.0,train
20260604,2026-06-04 14:15:00+09:00,48.333333333333336,0,0.0,train
20260604,2026-06-04 14:18:00+09:00,47.833333333333336,0,0.0,train
20260604,2026-06-04 14:21:00+09:00,45.66666666666666,0,0.0,train
20260604,2026-06-04 14:24:00+09:00,57.333333333333336,0,0.0,train
20260604,2026-06-04 14:27:00+09:00,52.333333333333336,0,0.0,train
20260604,2026-06-04 14:30:00+09:00,49.833333333333336,0,0.0,train
20260604,2026-06-04 14:33:00+09:00,49.333333333333336,0,0.0,train
20260604,2026-06-04 14:36:00+09:00,57.333333333333336,0,0.0,train
20260604,2026-06-04 14:39:00+09:00,57.5,0,0.0,train
20260604,2026-06-04 14:42:00+09:00,42.333333333333336,0,0.0,train
20260604,2026-06-04 14:45:00+09:00,42.16666666666666,0,0.0,train
20260604,2026-06-04 14:48:00+09:00,45.5,0,0.0,train
20260604,2026-06-04 14:51:00+09:00,47.66666666666666,0,0.0,train
20260604,2026-06-04 14:54:00+09:00,53.16666666666666,0,0.0,train
20260604,2026-06-04 14:57:00+09:00,54.5,0,0.0,train
20260605,2026-06-05 10:00:00+09:00,41.0,0,0.0,train
20260605,2026-06-05 10:03:00+09:00,46.333333333333336,0,0.0,train
20260605,2026-06-05 10:06:00+09:00,50.333333333333336,0,0.0,train
20260605,2026-06-05 10:09:00+09:00,51.0,0,0.0,train
20260605,2026-06-05 10:12:00+09:00,49.16666666666666,0,0.0,train
20260605,2026-06-05 10:15:00+09:00,44.0,0,0.0,train
20260605,2026-06-05 10:18:00+09:00,38.5,0,0.0,train
20260605,2026-06-05 10:21:00+09:00,39.0,0,0.0,train
20260605,2026-06-05 10:24:00+09:00,36.5,0,0.0,train
20260605,2026-06-05 10:27:00+09:00,35.0,0,0.0,train
20260605,2026-06-05 10:30:00+09:00,45.0,0,0.0,train
20260605,2026-06-05 10:33:00+09:00,55.0,0,0.0,train
20260605,2026-06-05 10:36:00+09:00,58.16666666666666,0,0.0,train
20260605,2026-06-05 10:39:00+09:00,59.833333333333336,0,0.0,train
20260605,2026-06-05 10:42:00+09:00,61.833333333333336,0,0.0,train
20260605,2026-06-05 10:45:00+09:00,63.333333333333336,0,0.0,train
20260605,2026-06-05 10:48:00+09:00,64.5,0,0.0,train
20260605,2026-06-05 10:51:00+09:00,66.66666666666667,0,0.0,train
20260605,2026-06-05 10:54:00+09:00,63.833333333333336,0,0.0,train
20260605,2026-06-05 10:57:00+09:00,63.0,0,0.0,train
20260605,2026-06-05 11:00:00+09:00,60.333333333333336,0,0.0,train
20260605,2026-06-05 11:03:00+09:00,48.333333333333336,0,0.0,train
20260605,2026-06-05 11:06:00+09:00,45.66666666666666,0,0.0,train
20260605,2026-06-05 11:09:00+09:00,50.5,0,0.0,train
20260605,2026-06-05 11:12:00+09:00,50.833333333333336,0,0.0,train
20260605,2026-06-05 11:15:00+09:00,52.16666666666666,0,0.0,train
20260605,2026-06-05 11:18:00+09:00,47.0,0,0.0,train
20260605,2026-06-05 11:21:00+09:00,49.833333333333336,0,0.0,train
20260605,2026-06-05 11:24:00+09:00,37.16666666666666,0,0.0,train
20260605,2026-06-05 11:27:00+09:00,42.833333333333336,0,0.0,train
20260605,2026-06-05 11:30:00+09:00,47.5,0,0.0,train
20260605,2026-06-05 11:33:00+09:00,47.66666666666666,0,0.0,train
20260605,2026-06-05 11:36:00+09:00,47.16666666666666,0,0.0,train
20260605,2026-06-05 11:39:00+09:00,48.5,0,0.0,train
20260605,2026-06-05 11:42:00+09:00,49.5,0,0.0,train
20260605,2026-06-05 11:45:00+09:00,49.16666666666666,0,0.0,train
20260605,2026-06-05 11:48:00+09:00,49.0,0,0.0,train
20260605,2026-06-05 11:51:00+09:00,43.833333333333336,0,0.0,train
20260605,2026-06-05 11:54:00+09:00,47.16666666666666,0,0.0,train
20260605,2026-06-05 11:57:00+09:00,52.0,0,0.0,train
20260605,2026-06-05 12:00:00+09:00,51.333333333333336,0,0.0,train
20260605,2026-06-05 12:03:00+09:00,51.16666666666666,0,0.0,train
20260605,2026-06-05 12:06:00+09:00,56.16666666666666,0,0.0,train
20260605,2026-06-05 12:09:00+09:00,42.66666666666666,0,0.0,train
20260605,2026-06-05 12:12:00+09:00,43.833333333333336,0,0.0,train
20260605,2026-06-05 12:15:00+09:00,41.66666666666666,0,0.0,train
20260605,2026-06-05 12:18:00+09:00,39.16666666666666,0,0.0,train
20260605,2026-06-05 12:21:00+09:00,40.5,0,0.0,train
20260605,2026-06-05 12:24:00+09:00,37.333333333333336,0,0.0,train
20260605,2026-06-05 12:27:00+09:00,36.333333333333336,0,0.0,train
20260605,2026-06-05 12:30:00+09:00,38.66666666666666,0,0.0,train
20260605,2026-06-05 12:33:00+09:00,38.833333333333336,0,0.0,train
20260605,2026-06-05 12:36:00+09:00,36.5,0,0.0,train
20260605,2026-06-05 12:39:00+09:00,46.66666666666666,0,0.0,train
20260605,2026-06-05 12:42:00+09:00,46.833333333333336,0,0.0,train
20260605,2026-06-05 12:45:00+09:00,48.833333333333336,0,0.0,train
20260605,2026-06-05 12:48:00+09:00,41.16666666666666,0,0.0,train
20260605,2026-06-05 12:51:00+09:00,41.66666666666666,0,0.0,train
20260605,2026-06-05 12:54:00+09:00,43.333333333333336,0,0.0,train
20260605,2026-06-05 12:57:00+09:00,44.16666666666666,0,0.0,train
20260605,2026-06-05 13:00:00+09:00,52.66666666666666,0,0.0,train
20260605,2026-06-05 13:03:00+09:00,48.833333333333336,0,0.0,train
20260605,2026-06-05 13:06:00+09:00,42.0,0,0.0,train
20260605,2026-06-05 13:09:00+09:00,39.0,0,0.0,train
20260605,2026-06-05 13:12:00+09:00,35.666666666666664,0,0.0,train
20260605,2026-06-05 13:15:00+09:00,36.833333333333336,0,0.0,train
20260605,2026-06-05 13:18:00+09:00,36.833333333333336,0,0.0,train
20260605,2026-06-05 13:21:00+09:00,39.333333333333336,0,0.0,train
20260605,2026-06-05 13:24:00+09:00,39.66666666666666,0,0.0,train
20260605,2026-06-05 13:27:00+09:00,41.66666666666666,0,0.0,train
20260605,2026-06-05 13:30:00+09:00,39.16666666666666,0,0.0,train
20260605,2026-06-05 13:33:00+09:00,39.833333333333336,0,0.0,train
20260605,2026-06-05 13:36:00+09:00,41.5,0,0.0,train
20260605,2026-06-05 13:39:00+09:00,38.333333333333336,0,0.0,train
20260605,2026-06-05 13:42:00+09:00,52.66666666666666,0,0.0,train
20260605,2026-06-05 13:45:00+09:00,57.0,0,0.0,train
20260605,2026-06-05 13:48:00+09:00,55.0,0,0.0,train
20260605,2026-06-05 13:51:00+09:00,55.0,0,0.0,train
20260605,2026-06-05 13:54:00+09:00,53.66666666666666,0,0.0,train
20260605,2026-06-05 13:57:00+09:00,48.66666666666666,0,0.0,train
20260605,2026-06-05 14:00:00+09:00,47.833333333333336,0,0.0,train
20260605,2026-06-05 14:03:00+09:00,48.16666666666666,0,0.0,train
20260605,2026-06-05 14:06:00+09:00,45.66666666666666,0,0.0,train
20260605,2026-06-05 14:09:00+09:00,47.833333333333336,0,0.0,train
20260605,2026-06-05 14:12:00+09:00,41.66666666666666,0,0.0,train
20260605,2026-06-05 14:15:00+09:00,40.66666666666666,0,0.0,train
20260605,2026-06-05 14:18:00+09:00,34.166666666666664,0,0.0,train
20260605,2026-06-05 14:21:00+09:00,34.0,0,0.0,train
20260605,2026-06-05 14:24:00+09:00,32.166666666666664,0,0.0,train
20260605,2026-06-05 14:27:00+09:00,33.333333333333336,0,0.0,train
20260605,2026-06-05 14:30:00+09:00,34.5,0,0.0,train
20260605,2026-06-05 14:33:00+09:00,33.0,0,0.0,train
20260605,2026-06-05 14:36:00+09:00,36.833333333333336,0,0.0,train
20260605,2026-06-05 14:39:00+09:00,35.166666666666664,0,0.0,train
20260605,2026-06-05 14:42:00+09:00,36.333333333333336,0,0.0,train
20260605,2026-06-05 14:45:00+09:00,40.833333333333336,0,0.0,train
20260605,2026-06-05 14:48:00+09:00,43.66666666666666,0,0.0,train
20260605,2026-06-05 14:51:00+09:00,48.16666666666666,0,0.0,train
20260605,2026-06-05 14:54:00+09:00,54.66666666666666,0,0.0,train
20260605,2026-06-05 14:57:00+09:00,55.5,0,0.0,train
20260608,2026-06-08 09:39:00+09:00,64.0,0,0.0,train
20260608,2026-06-08 09:42:00+09:00,63.0,0,0.0,train
20260608,2026-06-08 09:45:00+09:00,63.66666666666666,0,0.0,train
20260608,2026-06-08 09:48:00+09:00,63.333333333333336,0,0.0,train
20260608,2026-06-08 09:51:00+09:00,63.0,0,0.0,train
20260608,2026-06-08 09:54:00+09:00,63.5,0,0.0,train
20260608,2026-06-08 09:57:00+09:00,63.5,0,0.0,train
20260608,2026-06-08 10:00:00+09:00,56.5,0,0.0,train
20260608,2026-06-08 10:03:00+09:00,56.0,0,0.0,train
20260608,2026-06-08 10:06:00+09:00,47.16666666666666,0,0.0,train
20260608,2026-06-08 10:09:00+09:00,46.5,0,0.0,train
20260608,2026-06-08 10:12:00+09:00,53.333333333333336,0,0.0,train
20260608,2026-06-08 10:15:00+09:00,54.0,0,0.0,train
20260608,2026-06-08 10:18:00+09:00,56.16666666666666,1,326002.0,train
20260608,2026-06-08 10:21:00+09:00,54.833333333333336,1,326002.0,train
20260608,2026-06-08 10:24:00+09:00,59.333333333333336,1,326002.0,train
20260608,2026-06-08 10:27:00+09:00,56.16666666666666,1,326002.0,train
20260608,2026-06-08 10:30:00+09:00,55.833333333333336,1,326002.0,train
20260608,2026-06-08 10:33:00+09:00,61.16666666666666,1,326002.0,train
20260608,2026-06-08 10:36:00+09:00,64.66666666666667,1,326002.0,train
20260608,2026-06-08 10:39:00+09:00,63.66666666666666,1,326002.0,train
20260608,2026-06-08 10:42:00+09:00,65.5,1,326002.0,train
20260608,2026-06-08 10:45:00+09:00,61.5,1,326002.0,train
20260608,2026-06-08 10:48:00+09:00,83.0,0,0.0,train
20260608,2026-06-08 10:51:00+09:00,82.66666666666667,0,0.0,train
20260608,2026-06-08 10:54:00+09:00,77.16666666666667,0,0.0,train
20260608,2026-06-08 10:57:00+09:00,76.5,0,0.0,train
20260608,2026-06-08 11:00:00+09:00,73.5,0,0.0,train
20260608,2026-06-08 11:03:00+09:00,64.0,0,0.0,train
20260608,2026-06-08 11:06:00+09:00,75.33333333333333,0,0.0,train
20260608,2026-06-08 11:09:00+09:00,72.66666666666667,0,0.0,train
20260608,2026-06-08 11:12:00+09:00,73.33333333333333,0,0.0,train
20260608,2026-06-08 11:15:00+09:00,68.33333333333333,0,0.0,train
20260608,2026-06-08 11:18:00+09:00,66.66666666666667,0,0.0,train
20260608,2026-06-08 11:21:00+09:00,67.66666666666667,0,0.0,train
20260608,2026-06-08 11:24:00+09:00,62.16666666666666,0,0.0,train
20260608,2026-06-08 11:27:00+09:00,61.833333333333336,0,0.0,train
20260608,2026-06-08 11:30:00+09:00,64.66666666666667,0,0.0,train
20260608,2026-06-08 11:33:00+09:00,54.333333333333336,0,0.0,train
20260608,2026-06-08 11:36:00+09:00,49.333333333333336,0,0.0,train
20260608,2026-06-08 11:39:00+09:00,55.16666666666666,0,0.0,train
20260608,2026-06-08 11:42:00+09:00,59.0,0,0.0,train
20260608,2026-06-08 11:45:00+09:00,60.5,0,0.0,train
20260608,2026-06-08 11:48:00+09:00,58.16666666666666,0,0.0,train
20260608,2026-06-08 11:51:00+09:00,61.5,0,0.0,train
20260608,2026-06-08 11:54:00+09:00,61.66666666666666,0,0.0,train
20260608,2026-06-08 11:57:00+09:00,51.5,0,0.0,train
20260608,2026-06-08 12:00:00+09:00,56.333333333333336,0,0.0,train
20260608,2026-06-08 12:03:00+09:00,58.333333333333336,0,0.0,train
20260608,2026-06-08 12:06:00+09:00,63.5,0,0.0,train
20260608,2026-06-08 12:09:00+09:00,53.0,0,0.0,train
20260608,2026-06-08 12:12:00+09:00,52.5,0,0.0,train
20260608,2026-06-08 12:15:00+09:00,49.833333333333336,0,0.0,train
20260608,2026-06-08 12:18:00+09:00,46.333333333333336,0,0.0,train
20260608,2026-06-08 12:21:00+09:00,48.16666666666666,0,0.0,train
20260608,2026-06-08 12:24:00+09:00,51.333333333333336,0,0.0,train
20260608,2026-06-08 12:27:00+09:00,51.16666666666666,0,0.0,train
20260608,2026-06-08 12:30:00+09:00,35.5,0,0.0,train
20260608,2026-06-08 12:33:00+09:00,37.66666666666666,0,0.0,train
20260608,2026-06-08 12:36:00+09:00,36.0,0,0.0,train
20260608,2026-06-08 12:39:00+09:00,38.16666666666666,0,0.0,train
20260608,2026-06-08 12:42:00+09:00,34.833333333333336,0,0.0,train
20260608,2026-06-08 12:45:00+09:00,41.16666666666666,0,0.0,train
20260608,2026-06-08 12:48:00+09:00,38.0,0,0.0,train
20260608,2026-06-08 12:51:00+09:00,36.0,0,0.0,train
20260608,2026-06-08 12:54:00+09:00,35.666666666666664,0,0.0,train
20260608,2026-06-08 12:57:00+09:00,32.833333333333336,0,0.0,train
20260608,2026-06-08 13:00:00+09:00,42.16666666666666,0,0.0,train
20260608,2026-06-08 13:03:00+09:00,45.833333333333336,0,0.0,train
20260608,2026-06-08 13:06:00+09:00,44.66666666666666,0,0.0,train
20260608,2026-06-08 13:09:00+09:00,43.833333333333336,0,0.0,train
20260608,2026-06-08 13:12:00+09:00,41.66666666666666,0,0.0,train
20260608,2026-06-08 13:15:00+09:00,35.666666666666664,0,0.0,train
20260608,2026-06-08 13:18:00+09:00,36.16666666666666,0,0.0,train
20260608,2026-06-08 13:21:00+09:00,49.0,0,0.0,train
20260608,2026-06-08 13:24:00+09:00,48.16666666666666,0,0.0,train
20260608,2026-06-08 13:27:00+09:00,58.0,0,0.0,train
20260608,2026-06-08 13:30:00+09:00,55.833333333333336,0,0.0,train
20260608,2026-06-08 13:33:00+09:00,58.16666666666666,0,0.0,train
20260608,2026-06-08 13:36:00+09:00,46.833333333333336,0,0.0,train
20260608,2026-06-08 13:39:00+09:00,48.5,0,0.0,train
20260608,2026-06-08 13:42:00+09:00,43.333333333333336,0,0.0,train
20260608,2026-06-08 13:45:00+09:00,46.66666666666666,0,0.0,train
20260608,2026-06-08 13:48:00+09:00,39.833333333333336,0,0.0,train
20260608,2026-06-08 13:51:00+09:00,39.0,0,0.0,train
20260608,2026-06-08 13:54:00+09:00,40.833333333333336,0,0.0,train
20260608,2026-06-08 13:57:00+09:00,42.0,0,0.0,train
20260608,2026-06-08 14:00:00+09:00,44.16666666666666,0,0.0,train
20260608,2026-06-08 14:03:00+09:00,50.66666666666666,0,0.0,train
20260608,2026-06-08 14:06:00+09:00,55.5,0,0.0,train
20260608,2026-06-08 14:09:00+09:00,50.833333333333336,0,0.0,train
20260608,2026-06-08 14:12:00+09:00,51.0,1,144872.0,train
20260608,2026-06-08 14:15:00+09:00,57.833333333333336,1,144872.0,train
20260608,2026-06-08 14:18:00+09:00,58.5,1,144872.0,train
20260608,2026-06-08 14:21:00+09:00,59.333333333333336,1,144872.0,train
20260608,2026-06-08 14:24:00+09:00,64.5,1,144872.0,train
20260608,2026-06-08 14:27:00+09:00,64.66666666666667,1,144872.0,train
20260608,2026-06-08 14:30:00+09:00,61.0,1,144872.0,train
20260608,2026-06-08 14:33:00+09:00,57.66666666666666,1,144872.0,train
20260608,2026-06-08 14:36:00+09:00,47.5,1,144872.0,train
20260608,2026-06-08 14:39:00+09:00,46.16666666666666,1,144872.0,train
20260608,2026-06-08 14:42:00+09:00,71.83333333333333,0,0.0,train
20260608,2026-06-08 14:45:00+09:00,74.0,0,0.0,train
20260608,2026-06-08 14:48:00+09:00,76.66666666666667,0,0.0,train
20260608,2026-06-08 14:51:00+09:00,79.5,0,0.0,train
20260608,2026-06-08 14:54:00+09:00,76.66666666666667,0,0.0,train
20260608,2026-06-08 14:57:00+09:00,73.0,0,0.0,train
20260609,2026-06-09 10:00:00+09:00,54.66666666666666,0,0.0,train
20260609,2026-06-09 10:03:00+09:00,53.16666666666666,0,0.0,train
20260609,2026-06-09 10:06:00+09:00,51.333333333333336,0,0.0,train
20260609,2026-06-09 10:09:00+09:00,36.833333333333336,1,75799.0,train
20260609,2026-06-09 10:12:00+09:00,40.5,1,75799.0,train
20260609,2026-06-09 10:15:00+09:00,48.66666666666666,1,75799.0,train
20260609,2026-06-09 10:18:00+09:00,48.333333333333336,1,75799.0,train
20260609,2026-06-09 10:21:00+09:00,57.5,1,75799.0,train
20260609,2026-06-09 10:24:00+09:00,59.833333333333336,1,75799.0,train
20260609,2026-06-09 10:27:00+09:00,59.333333333333336,1,75799.0,train
20260609,2026-06-09 10:30:00+09:00,62.833333333333336,1,75799.0,train
20260609,2026-06-09 10:33:00+09:00,66.5,1,75799.0,train
20260609,2026-06-09 10:36:00+09:00,68.16666666666667,1,75799.0,train
20260609,2026-06-09 10:39:00+09:00,65.83333333333333,0,0.0,train
20260609,2026-06-09 10:42:00+09:00,64.16666666666667,0,0.0,train
20260609,2026-06-09 10:45:00+09:00,65.16666666666667,0,0.0,train
20260609,2026-06-09 10:48:00+09:00,62.833333333333336,0,0.0,train
20260609,2026-06-09 10:51:00+09:00,58.333333333333336,0,0.0,train
20260609,2026-06-09 10:54:00+09:00,59.66666666666666,0,0.0,train
20260609,2026-06-09 10:57:00+09:00,60.5,0,0.0,train
20260609,2026-06-09 11:00:00+09:00,59.5,0,0.0,train
20260609,2026-06-09 11:03:00+09:00,44.833333333333336,0,0.0,train
20260609,2026-06-09 11:06:00+09:00,44.333333333333336,0,0.0,train
20260609,2026-06-09 11:09:00+09:00,46.333333333333336,0,0.0,train
20260609,2026-06-09 11:12:00+09:00,45.833333333333336,0,0.0,train
20260609,2026-06-09 11:15:00+09:00,54.16666666666666,0,0.0,train
20260609,2026-06-09 11:18:00+09:00,54.0,0,0.0,train
20260609,2026-06-09 11:21:00+09:00,51.66666666666666,0,0.0,train
20260609,2026-06-09 11:24:00+09:00,49.5,0,0.0,train
20260609,2026-06-09 11:27:00+09:00,55.0,0,0.0,train
20260609,2026-06-09 11:30:00+09:00,57.16666666666666,0,0.0,train
20260609,2026-06-09 11:33:00+09:00,63.0,0,0.0,train
20260609,2026-06-09 11:36:00+09:00,60.66666666666666,0,0.0,train
20260609,2026-06-09 11:39:00+09:00,45.0,0,0.0,train
20260609,2026-06-09 11:42:00+09:00,42.833333333333336,1,428391.0,train
20260609,2026-06-09 11:45:00+09:00,51.0,1,428391.0,train
20260609,2026-06-09 11:48:00+09:00,49.0,1,428391.0,train
20260609,2026-06-09 11:51:00+09:00,43.0,1,428391.0,train
20260609,2026-06-09 11:54:00+09:00,49.0,1,428391.0,train
20260609,2026-06-09 11:57:00+09:00,40.5,1,428391.0,train
20260609,2026-06-09 12:00:00+09:00,38.333333333333336,1,428391.0,train
20260609,2026-06-09 12:03:00+09:00,38.0,1,428391.0,train
20260609,2026-06-09 12:06:00+09:00,34.5,1,428391.0,train
20260609,2026-06-09 12:09:00+09:00,34.833333333333336,1,428391.0,train
20260609,2026-06-09 12:12:00+09:00,51.333333333333336,0,0.0,train
20260609,2026-06-09 12:15:00+09:00,40.16666666666666,0,0.0,train
20260609,2026-06-09 12:18:00+09:00,49.0,0,0.0,train
20260609,2026-06-09 12:21:00+09:00,50.5,0,0.0,train
20260609,2026-06-09 12:24:00+09:00,48.0,0,0.0,train
20260609,2026-06-09 12:27:00+09:00,40.16666666666666,0,0.0,train
20260609,2026-06-09 12:30:00+09:00,39.5,0,0.0,train
20260609,2026-06-09 12:33:00+09:00,45.16666666666666,0,0.0,train
20260609,2026-06-09 12:36:00+09:00,47.5,0,0.0,train
20260609,2026-06-09 12:39:00+09:00,48.66666666666666,0,0.0,train
20260609,2026-06-09 12:42:00+09:00,48.66666666666666,0,0.0,train
20260609,2026-06-09 12:45:00+09:00,50.0,0,0.0,train
20260609,2026-06-09 12:48:00+09:00,46.66666666666666,0,0.0,train
20260609,2026-06-09 12:51:00+09:00,53.66666666666666,0,0.0,train
20260609,2026-06-09 12:54:00+09:00,52.833333333333336,0,0.0,train
20260609,2026-06-09 12:57:00+09:00,50.833333333333336,0,0.0,train
20260609,2026-06-09 13:00:00+09:00,53.333333333333336,0,0.0,train
20260609,2026-06-09 13:03:00+09:00,41.5,0,0.0,train
20260609,2026-06-09 13:06:00+09:00,36.833333333333336,0,0.0,train
20260609,2026-06-09 13:09:00+09:00,38.833333333333336,0,0.0,train
20260609,2026-06-09 13:12:00+09:00,35.166666666666664,0,0.0,train
20260609,2026-06-09 13:15:00+09:00,37.833333333333336,0,0.0,train
20260609,2026-06-09 13:18:00+09:00,40.16666666666666,0,0.0,train
20260609,2026-06-09 13:21:00+09:00,34.5,0,0.0,train
20260609,2026-06-09 13:24:00+09:00,32.5,0,0.0,train
20260609,2026-06-09 13:27:00+09:00,31.33333333333333,0,0.0,train
20260609,2026-06-09 13:30:00+09:00,32.666666666666664,0,0.0,train
20260609,2026-06-09 13:33:00+09:00,44.16666666666666,0,0.0,train
20260609,2026-06-09 13:36:00+09:00,48.5,0,0.0,train
20260609,2026-06-09 13:39:00+09:00,47.66666666666666,0,0.0,train
20260609,2026-06-09 13:42:00+09:00,49.333333333333336,0,0.0,train
20260609,2026-06-09 13:45:00+09:00,50.66666666666666,0,0.0,train
20260609,2026-06-09 13:48:00+09:00,58.16666666666666,0,0.0,train
20260609,2026-06-09 13:51:00+09:00,59.0,0,0.0,train
20260609,2026-06-09 13:54:00+09:00,60.833333333333336,0,0.0,train
20260609,2026-06-09 13:57:00+09:00,48.66666666666666,0,0.0,train
20260609,2026-06-09 14:00:00+09:00,45.5,0,0.0,train
20260609,2026-06-09 14:03:00+09:00,46.333333333333336,0,0.0,train
20260609,2026-06-09 14:06:00+09:00,44.16666666666666,0,0.0,train
20260609,2026-06-09 14:09:00+09:00,43.333333333333336,1,16749.0,train
20260609,2026-06-09 14:12:00+09:00,44.833333333333336,1,16749.0,train
20260609,2026-06-09 14:15:00+09:00,43.66666666666666,1,16749.0,train
20260609,2026-06-09 14:18:00+09:00,44.0,1,16749.0,train
20260609,2026-06-09 14:21:00+09:00,41.0,1,16749.0,train
20260609,2026-06-09 14:24:00+09:00,42.5,1,16749.0,train
20260609,2026-06-09 14:27:00+09:00,41.333333333333336,1,16749.0,train
20260609,2026-06-09 14:30:00+09:00,43.0,1,16749.0,train
20260609,2026-06-09 14:33:00+09:00,61.16666666666666,1,16749.0,train
20260609,2026-06-09 14:36:00+09:00,63.333333333333336,1,16749.0,train
20260609,2026-06-09 14:39:00+09:00,75.0,0,0.0,train
20260609,2026-06-09 14:42:00+09:00,72.16666666666667,0,0.0,train
20260609,2026-06-09 14:45:00+09:00,72.16666666666667,0,0.0,train
20260609,2026-06-09 14:48:00+09:00,72.16666666666667,0,0.0,train
20260609,2026-06-09 14:51:00+09:00,75.66666666666667,0,0.0,train
20260609,2026-06-09 14:54:00+09:00,57.0,0,0.0,train
20260609,2026-06-09 14:57:00+09:00,63.0,0,0.0,train
20260610,2026-06-10 10:00:00+09:00,51.833333333333336,1,-156243.0,train
20260610,2026-06-10 10:03:00+09:00,43.16666666666666,1,-156243.0,train
20260610,2026-06-10 10:06:00+09:00,45.833333333333336,1,-156243.0,train
20260610,2026-06-10 10:09:00+09:00,40.66666666666666,1,-156243.0,train
20260610,2026-06-10 10:12:00+09:00,38.16666666666666,1,-156243.0,train
20260610,2026-06-10 10:15:00+09:00,35.333333333333336,0,0.0,train
20260610,2026-06-10 10:18:00+09:00,43.833333333333336,0,0.0,train
20260610,2026-06-10 10:21:00+09:00,46.5,0,0.0,train
20260610,2026-06-10 10:24:00+09:00,49.333333333333336,0,0.0,train
20260610,2026-06-10 10:27:00+09:00,48.16666666666666,1,211001.0,train
20260610,2026-06-10 10:30:00+09:00,49.66666666666666,1,211001.0,train
20260610,2026-06-10 10:33:00+09:00,59.16666666666666,1,211001.0,train
20260610,2026-06-10 10:36:00+09:00,59.833333333333336,1,211001.0,train
20260610,2026-06-10 10:39:00+09:00,60.66666666666666,1,211001.0,train
20260610,2026-06-10 10:42:00+09:00,60.5,1,211001.0,train
20260610,2026-06-10 10:45:00+09:00,61.0,1,211001.0,train
20260610,2026-06-10 10:48:00+09:00,55.5,1,211001.0,train
20260610,2026-06-10 10:51:00+09:00,46.833333333333336,1,211001.0,train
20260610,2026-06-10 10:54:00+09:00,49.833333333333336,1,211001.0,train
20260610,2026-06-10 10:57:00+09:00,61.16666666666666,0,0.0,train
20260610,2026-06-10 11:00:00+09:00,61.333333333333336,0,0.0,train
20260610,2026-06-10 11:03:00+09:00,61.5,0,0.0,train
20260610,2026-06-10 11:06:00+09:00,64.0,0,0.0,train
20260610,2026-06-10 11:09:00+09:00,63.833333333333336,0,0.0,train
20260610,2026-06-10 11:12:00+09:00,60.16666666666666,0,0.0,train
20260610,2026-06-10 11:15:00+09:00,41.16666666666666,0,0.0,train
20260610,2026-06-10 11:18:00+09:00,45.833333333333336,0,0.0,train
20260610,2026-06-10 11:21:00+09:00,47.833333333333336,0,0.0,train
20260610,2026-06-10 11:24:00+09:00,40.833333333333336,0,0.0,train
20260610,2026-06-10 11:27:00+09:00,42.833333333333336,0,0.0,train
20260610,2026-06-10 11:30:00+09:00,50.66666666666666,0,0.0,train
20260610,2026-06-10 11:33:00+09:00,45.333333333333336,0,0.0,train
20260610,2026-06-10 11:36:00+09:00,38.16666666666666,0,0.0,train
20260610,2026-06-10 11:39:00+09:00,38.16666666666666,0,0.0,train
20260610,2026-06-10 11:42:00+09:00,36.16666666666666,0,0.0,train
20260610,2026-06-10 11:45:00+09:00,38.16666666666666,0,0.0,train
20260610,2026-06-10 11:48:00+09:00,58.833333333333336,0,0.0,train
20260610,2026-06-10 11:51:00+09:00,59.0,0,0.0,train
20260610,2026-06-10 11:54:00+09:00,67.5,0,0.0,train
20260610,2026-06-10 11:57:00+09:00,52.833333333333336,0,0.0,train
20260610,2026-06-10 12:00:00+09:00,53.833333333333336,0,0.0,train
20260610,2026-06-10 12:03:00+09:00,54.0,0,0.0,train
20260610,2026-06-10 12:06:00+09:00,53.16666666666666,0,0.0,train
20260610,2026-06-10 12:09:00+09:00,52.833333333333336,1,282691.0,train
20260610,2026-06-10 12:12:00+09:00,46.16666666666666,1,282691.0,train
20260610,2026-06-10 12:15:00+09:00,44.0,1,282691.0,train
20260610,2026-06-10 12:18:00+09:00,43.0,1,282691.0,train
20260610,2026-06-10 12:21:00+09:00,46.16666666666666,1,282691.0,train
20260610,2026-06-10 12:24:00+09:00,40.833333333333336,1,282691.0,train
20260610,2026-06-10 12:27:00+09:00,36.833333333333336,1,282691.0,train
20260610,2026-06-10 12:30:00+09:00,37.833333333333336,1,282691.0,train
20260610,2026-06-10 12:33:00+09:00,33.666666666666664,1,282691.0,train
20260610,2026-06-10 12:36:00+09:00,31.0,1,282691.0,train
20260610,2026-06-10 12:39:00+09:00,48.5,0,0.0,train
20260610,2026-06-10 12:42:00+09:00,57.5,0,0.0,train
20260610,2026-06-10 12:45:00+09:00,59.5,0,0.0,train
20260610,2026-06-10 12:48:00+09:00,43.5,0,0.0,train
20260610,2026-06-10 12:51:00+09:00,31.83333333333333,0,0.0,train
20260610,2026-06-10 12:54:00+09:00,35.833333333333336,0,0.0,train
20260610,2026-06-10 12:57:00+09:00,35.0,0,0.0,train
20260610,2026-06-10 13:00:00+09:00,27.83333333333333,0,0.0,train
20260610,2026-06-10 13:03:00+09:00,23.33333333333333,0,0.0,train
20260610,2026-06-10 13:06:00+09:00,31.5,0,0.0,train
20260610,2026-06-10 13:09:00+09:00,36.333333333333336,0,0.0,train
20260610,2026-06-10 13:12:00+09:00,31.33333333333333,0,0.0,train
20260610,2026-06-10 13:15:00+09:00,30.5,0,0.0,train
20260610,2026-06-10 13:18:00+09:00,28.5,0,0.0,train
20260610,2026-06-10 13:21:00+09:00,36.66666666666666,0,0.0,train
20260610,2026-06-10 13:24:00+09:00,43.333333333333336,0,0.0,train
20260610,2026-06-10 13:27:00+09:00,46.333333333333336,0,0.0,train
20260610,2026-06-10 13:30:00+09:00,51.0,0,0.0,train
20260610,2026-06-10 13:33:00+09:00,48.833333333333336,0,0.0,train
20260610,2026-06-10 13:36:00+09:00,49.333333333333336,0,0.0,train
20260610,2026-06-10 13:39:00+09:00,50.0,0,0.0,train
20260610,2026-06-10 13:42:00+09:00,51.333333333333336,0,0.0,train
20260610,2026-06-10 13:45:00+09:00,52.0,0,0.0,train
20260610,2026-06-10 13:48:00+09:00,53.0,0,0.0,train
20260610,2026-06-10 13:51:00+09:00,64.0,0,0.0,train
20260610,2026-06-10 13:54:00+09:00,50.66666666666666,0,0.0,train
20260610,2026-06-10 13:57:00+09:00,48.333333333333336,0,0.0,train
20260610,2026-06-10 14:00:00+09:00,47.0,0,0.0,train
20260610,2026-06-10 14:03:00+09:00,49.66666666666666,0,0.0,train
20260610,2026-06-10 14:06:00+09:00,51.16666666666666,0,0.0,train
20260610,2026-06-10 14:09:00+09:00,52.66666666666666,0,0.0,train
20260610,2026-06-10 14:12:00+09:00,51.0,0,0.0,train
20260610,2026-06-10 14:15:00+09:00,50.0,0,0.0,train
20260610,2026-06-10 14:18:00+09:00,51.66666666666666,0,0.0,train
20260610,2026-06-10 14:21:00+09:00,49.16666666666666,0,0.0,train
20260610,2026-06-10 14:24:00+09:00,55.66666666666666,0,0.0,train
20260610,2026-06-10 14:27:00+09:00,46.5,0,0.0,train
20260610,2026-06-10 14:30:00+09:00,48.16666666666666,0,0.0,train
20260610,2026-06-10 14:33:00+09:00,50.66666666666666,0,0.0,train
20260610,2026-06-10 14:36:00+09:00,44.66666666666666,0,0.0,train
20260610,2026-06-10 14:39:00+09:00,43.333333333333336,0,0.0,train
20260610,2026-06-10 14:42:00+09:00,45.5,0,0.0,train
20260610,2026-06-10 14:45:00+09:00,45.0,0,0.0,train
20260610,2026-06-10 14:48:00+09:00,48.833333333333336,0,0.0,train
20260610,2026-06-10 14:51:00+09:00,49.0,0,0.0,train
20260610,2026-06-10 14:54:00+09:00,53.0,0,0.0,train
20260610,2026-06-10 14:57:00+09:00,61.66666666666666,0,0.0,train
20260611,2026-06-11 10:00:00+09:00,76.5,0,0.0,train
20260611,2026-06-11 10:03:00+09:00,78.66666666666667,0,0.0,train
20260611,2026-06-11 10:06:00+09:00,84.83333333333333,0,0.0,train
20260611,2026-06-11 10:09:00+09:00,82.33333333333333,0,0.0,train
20260611,2026-06-11 10:12:00+09:00,83.66666666666667,0,0.0,train
20260611,2026-06-11 10:15:00+09:00,81.33333333333333,0,0.0,train
20260611,2026-06-11 10:18:00+09:00,78.5,0,0.0,train
20260611,2026-06-11 10:21:00+09:00,79.83333333333333,0,0.0,train
20260611,2026-06-11 10:24:00+09:00,84.0,0,0.0,train
20260611,2026-06-11 10:27:00+09:00,83.0,0,0.0,train
20260611,2026-06-11 10:30:00+09:00,80.33333333333333,0,0.0,train
20260611,2026-06-11 10:33:00+09:00,80.33333333333333,0,0.0,train
20260611,2026-06-11 10:36:00+09:00,76.16666666666667,0,0.0,train
20260611,2026-06-11 10:39:00+09:00,76.5,0,0.0,train
20260611,2026-06-11 10:42:00+09:00,77.33333333333333,0,0.0,train
20260611,2026-06-11 10:45:00+09:00,73.83333333333333,0,0.0,train
20260611,2026-06-11 10:48:00+09:00,66.5,0,0.0,train
20260611,2026-06-11 10:51:00+09:00,65.5,0,0.0,train
20260611,2026-06-11 10:54:00+09:00,52.5,0,0.0,train
20260611,2026-06-11 10:57:00+09:00,47.833333333333336,0,0.0,train
20260611,2026-06-11 11:00:00+09:00,47.833333333333336,0,0.0,train
20260611,2026-06-11 11:03:00+09:00,50.333333333333336,0,0.0,train
20260611,2026-06-11 11:06:00+09:00,49.0,0,0.0,train
20260611,2026-06-11 11:09:00+09:00,44.66666666666666,0,0.0,train
20260611,2026-06-11 11:12:00+09:00,54.66666666666666,0,0.0,train
20260611,2026-06-11 11:15:00+09:00,56.66666666666666,0,0.0,train
20260611,2026-06-11 11:18:00+09:00,59.333333333333336,0,0.0,train
20260611,2026-06-11 11:21:00+09:00,52.833333333333336,0,0.0,train
20260611,2026-06-11 11:24:00+09:00,54.333333333333336,0,0.0,train
20260611,2026-06-11 11:27:00+09:00,55.5,0,0.0,train
20260611,2026-06-11 11:30:00+09:00,55.66666666666666,0,0.0,train
20260611,2026-06-11 11:33:00+09:00,64.5,0,0.0,train
20260611,2026-06-11 11:36:00+09:00,64.0,0,0.0,train
20260611,2026-06-11 11:39:00+09:00,66.16666666666667,0,0.0,train
20260611,2026-06-11 11:42:00+09:00,55.333333333333336,0,0.0,train
20260611,2026-06-11 11:45:00+09:00,54.5,0,0.0,train
20260611,2026-06-11 11:48:00+09:00,55.66666666666666,1,-87135.0,train
20260611,2026-06-11 11:51:00+09:00,54.5,1,-87135.0,train
20260611,2026-06-11 11:54:00+09:00,52.66666666666666,1,-87135.0,train
20260611,2026-06-11 11:57:00+09:00,45.833333333333336,1,-87135.0,train
20260611,2026-06-11 12:00:00+09:00,48.0,1,-87135.0,train
20260611,2026-06-11 12:03:00+09:00,44.833333333333336,1,-87135.0,train
20260611,2026-06-11 12:06:00+09:00,38.66666666666666,1,-87135.0,train
20260611,2026-06-11 12:09:00+09:00,37.66666666666666,1,-87135.0,train
20260611,2026-06-11 12:12:00+09:00,39.833333333333336,1,-87135.0,train
20260611,2026-06-11 12:15:00+09:00,46.16666666666666,1,-87135.0,train
20260611,2026-06-11 12:18:00+09:00,55.833333333333336,0,0.0,train
20260611,2026-06-11 12:21:00+09:00,55.0,0,0.0,train
20260611,2026-06-11 12:24:00+09:00,59.66666666666666,0,0.0,train
20260611,2026-06-11 12:27:00+09:00,59.0,0,0.0,train
20260611,2026-06-11 12:30:00+09:00,60.5,0,0.0,train
20260611,2026-06-11 12:33:00+09:00,64.5,0,0.0,train
20260611,2026-06-11 12:36:00+09:00,69.66666666666667,0,0.0,train
20260611,2026-06-11 12:39:00+09:00,70.5,0,0.0,train
20260611,2026-06-11 12:42:00+09:00,70.33333333333333,0,0.0,train
20260611,2026-06-11 12:45:00+09:00,69.0,0,0.0,train
20260611,2026-06-11 12:48:00+09:00,68.16666666666667,0,0.0,train
20260611,2026-06-11 12:51:00+09:00,68.0,0,0.0,train
20260611,2026-06-11 12:54:00+09:00,56.5,0,0.0,train
20260611,2026-06-11 12:57:00+09:00,58.66666666666666,0,0.0,train
20260611,2026-06-11 13:00:00+09:00,57.0,0,0.0,train
20260611,2026-06-11 13:03:00+09:00,55.333333333333336,0,0.0,train
20260611,2026-06-11 13:06:00+09:00,55.833333333333336,0,0.0,train
20260611,2026-06-11 13:09:00+09:00,60.5,0,0.0,train
20260611,2026-06-11 13:12:00+09:00,60.0,0,0.0,train
20260611,2026-06-11 13:15:00+09:00,59.66666666666666,0,0.0,train
20260611,2026-06-11 13:18:00+09:00,51.66666666666666,0,0.0,train
20260611,2026-06-11 13:21:00+09:00,69.83333333333333,0,0.0,train
20260611,2026-06-11 13:24:00+09:00,71.83333333333333,0,0.0,train
20260611,2026-06-11 13:27:00+09:00,68.83333333333333,0,0.0,train
20260611,2026-06-11 13:30:00+09:00,55.0,0,0.0,train
20260611,2026-06-11 13:33:00+09:00,49.833333333333336,0,0.0,train
20260611,2026-06-11 13:36:00+09:00,47.5,0,0.0,train
20260611,2026-06-11 13:39:00+09:00,46.5,0,0.0,train
20260611,2026-06-11 13:42:00+09:00,44.5,0,0.0,train
20260611,2026-06-11 13:45:00+09:00,58.5,0,0.0,train
20260611,2026-06-11 13:48:00+09:00,67.83333333333333,0,0.0,train
20260611,2026-06-11 13:51:00+09:00,59.66666666666666,0,0.0,train
20260611,2026-06-11 13:54:00+09:00,58.833333333333336,0,0.0,train
20260611,2026-06-11 13:57:00+09:00,60.333333333333336,0,0.0,train
20260611,2026-06-11 14:00:00+09:00,57.16666666666666,0,0.0,train
20260611,2026-06-11 14:03:00+09:00,65.83333333333333,0,0.0,train
20260611,2026-06-11 14:06:00+09:00,71.5,0,0.0,train
20260611,2026-06-11 14:09:00+09:00,78.5,0,0.0,train
20260611,2026-06-11 14:12:00+09:00,75.5,0,0.0,train
20260611,2026-06-11 14:15:00+09:00,64.66666666666667,0,0.0,train
20260611,2026-06-11 14:18:00+09:00,65.33333333333333,0,0.0,train
20260611,2026-06-11 14:21:00+09:00,61.5,0,0.0,train
20260611,2026-06-11 14:24:00+09:00,63.5,0,0.0,train
20260611,2026-06-11 14:27:00+09:00,64.0,0,0.0,train
20260611,2026-06-11 14:30:00+09:00,70.16666666666667,0,0.0,train
20260611,2026-06-11 14:33:00+09:00,52.16666666666666,0,0.0,train
20260611,2026-06-11 14:36:00+09:00,53.333333333333336,0,0.0,train
20260611,2026-06-11 14:39:00+09:00,58.333333333333336,0,0.0,train
20260611,2026-06-11 14:42:00+09:00,57.5,0,0.0,train
20260611,2026-06-11 14:45:00+09:00,55.833333333333336,0,0.0,train
20260611,2026-06-11 14:48:00+09:00,56.0,0,0.0,train
20260611,2026-06-11 14:51:00+09:00,58.66666666666666,0,0.0,train
20260611,2026-06-11 14:54:00+09:00,61.5,0,0.0,train
20260611,2026-06-11 14:57:00+09:00,56.66666666666666,0,0.0,train
20260612,2026-06-12 10:00:00+09:00,35.0,0,0.0,train
20260612,2026-06-12 10:03:00+09:00,32.166666666666664,0,0.0,train
20260612,2026-06-12 10:06:00+09:00,36.66666666666666,0,0.0,train
20260612,2026-06-12 10:09:00+09:00,36.66666666666666,0,0.0,train
20260612,2026-06-12 10:12:00+09:00,35.166666666666664,0,0.0,train
20260612,2026-06-12 10:15:00+09:00,30.33333333333333,0,0.0,train
20260612,2026-06-12 10:18:00+09:00,31.5,0,0.0,train
20260612,2026-06-12 10:21:00+09:00,42.0,0,0.0,train
20260612,2026-06-12 10:24:00+09:00,46.333333333333336,0,0.0,train
20260612,2026-06-12 10:27:00+09:00,45.5,0,0.0,train
20260612,2026-06-12 10:30:00+09:00,55.333333333333336,0,0.0,train
20260612,2026-06-12 10:33:00+09:00,59.66666666666666,0,0.0,train
20260612,2026-06-12 10:36:00+09:00,60.0,0,0.0,train
20260612,2026-06-12 10:39:00+09:00,57.5,0,0.0,train
20260612,2026-06-12 10:42:00+09:00,59.5,0,0.0,train
20260612,2026-06-12 10:45:00+09:00,60.333333333333336,0,0.0,train
20260612,2026-06-12 10:48:00+09:00,65.16666666666667,0,0.0,train
20260612,2026-06-12 10:51:00+09:00,60.833333333333336,0,0.0,train
20260612,2026-06-12 10:54:00+09:00,53.0,0,0.0,train
20260612,2026-06-12 10:57:00+09:00,54.5,0,0.0,train
20260612,2026-06-12 11:00:00+09:00,50.833333333333336,0,0.0,train
20260612,2026-06-12 11:03:00+09:00,48.833333333333336,0,0.0,train
20260612,2026-06-12 11:06:00+09:00,48.5,0,0.0,train
20260612,2026-06-12 11:09:00+09:00,47.833333333333336,0,0.0,train
20260612,2026-06-12 11:12:00+09:00,45.66666666666666,0,0.0,train
20260612,2026-06-12 11:15:00+09:00,39.5,0,0.0,train
20260612,2026-06-12 11:18:00+09:00,33.333333333333336,0,0.0,train
20260612,2026-06-12 11:21:00+09:00,33.833333333333336,0,0.0,train
20260612,2026-06-12 11:24:00+09:00,34.5,0,0.0,train
20260612,2026-06-12 11:27:00+09:00,35.166666666666664,0,0.0,train
20260612,2026-06-12 11:30:00+09:00,32.333333333333336,0,0.0,train
20260612,2026-06-12 11:33:00+09:00,34.0,0,0.0,train
20260612,2026-06-12 11:36:00+09:00,36.16666666666666,0,0.0,train
20260612,2026-06-12 11:39:00+09:00,39.0,0,0.0,train
20260612,2026-06-12 11:42:00+09:00,37.16666666666666,0,0.0,train
20260612,2026-06-12 11:45:00+09:00,38.833333333333336,0,0.0,train
20260612,2026-06-12 11:48:00+09:00,48.833333333333336,0,0.0,train
20260612,2026-06-12 11:51:00+09:00,45.66666666666666,0,0.0,train
20260612,2026-06-12 11:54:00+09:00,47.0,0,0.0,train
20260612,2026-06-12 11:57:00+09:00,40.66666666666666,0,0.0,train
20260612,2026-06-12 12:00:00+09:00,41.833333333333336,0,0.0,train
20260612,2026-06-12 12:03:00+09:00,41.5,0,0.0,train
20260612,2026-06-12 12:06:00+09:00,39.333333333333336,0,0.0,train
20260612,2026-06-12 12:09:00+09:00,16.0,0,0.0,train
20260612,2026-06-12 12:12:00+09:00,14.833333333333334,0,0.0,train
20260612,2026-06-12 12:15:00+09:00,23.83333333333333,0,0.0,train
20260612,2026-06-12 12:18:00+09:00,28.166666666666668,0,0.0,train
20260612,2026-06-12 12:21:00+09:00,29.33333333333333,0,0.0,train
20260612,2026-06-12 12:24:00+09:00,42.16666666666666,0,0.0,train
20260612,2026-06-12 12:27:00+09:00,46.0,0,0.0,train
20260612,2026-06-12 12:30:00+09:00,43.333333333333336,0,0.0,train
20260612,2026-06-12 12:33:00+09:00,42.66666666666666,0,0.0,train
20260612,2026-06-12 12:36:00+09:00,44.0,0,0.0,train
20260612,2026-06-12 12:39:00+09:00,50.833333333333336,0,0.0,train
20260612,2026-06-12 12:42:00+09:00,50.333333333333336,0,0.0,train
20260612,2026-06-12 12:45:00+09:00,55.16666666666666,0,0.0,train
20260612,2026-06-12 12:48:00+09:00,56.333333333333336,0,0.0,train
20260612,2026-06-12 12:51:00+09:00,52.0,0,0.0,train
20260612,2026-06-12 12:54:00+09:00,46.66666666666666,0,0.0,train
20260612,2026-06-12 12:57:00+09:00,43.5,0,0.0,train
20260612,2026-06-12 13:00:00+09:00,46.5,0,0.0,train
20260612,2026-06-12 13:03:00+09:00,52.16666666666666,0,0.0,train
20260612,2026-06-12 13:06:00+09:00,50.0,0,0.0,train
20260612,2026-06-12 13:09:00+09:00,50.333333333333336,0,0.0,train
20260612,2026-06-12 13:12:00+09:00,48.66666666666666,0,0.0,train
20260612,2026-06-12 13:15:00+09:00,52.0,0,0.0,train
20260612,2026-06-12 13:18:00+09:00,50.333333333333336,0,0.0,train
20260612,2026-06-12 13:21:00+09:00,51.333333333333336,0,0.0,train
20260612,2026-06-12 13:24:00+09:00,51.833333333333336,0,0.0,train
20260612,2026-06-12 13:27:00+09:00,57.833333333333336,0,0.0,train
20260612,2026-06-12 13:30:00+09:00,54.333333333333336,0,0.0,train
20260612,2026-06-12 13:33:00+09:00,55.5,0,0.0,train
20260612,2026-06-12 13:36:00+09:00,52.16666666666666,0,0.0,train
20260612,2026-06-12 13:39:00+09:00,52.0,0,0.0,train
20260612,2026-06-12 13:42:00+09:00,51.333333333333336,0,0.0,train
20260612,2026-06-12 13:45:00+09:00,42.0,0,0.0,train
20260612,2026-06-12 13:48:00+09:00,39.333333333333336,0,0.0,train
20260612,2026-06-12 13:51:00+09:00,39.5,0,0.0,train
20260612,2026-06-12 13:54:00+09:00,49.333333333333336,0,0.0,train
20260612,2026-06-12 13:57:00+09:00,45.5,0,0.0,train
20260612,2026-06-12 14:00:00+09:00,43.0,0,0.0,train
20260612,2026-06-12 14:03:00+09:00,47.833333333333336,0,0.0,train
20260612,2026-06-12 14:06:00+09:00,57.66666666666666,0,0.0,train
20260612,2026-06-12 14:09:00+09:00,59.16666666666666,0,0.0,train
20260612,2026-06-12 14:12:00+09:00,60.5,0,0.0,train
20260612,2026-06-12 14:15:00+09:00,63.0,0,0.0,train
20260612,2026-06-12 14:18:00+09:00,62.16666666666666,0,0.0,train
20260612,2026-06-12 14:21:00+09:00,51.0,0,0.0,train
20260612,2026-06-12 14:24:00+09:00,49.16666666666666,0,0.0,train
20260612,2026-06-12 14:27:00+09:00,46.66666666666666,0,0.0,train
20260612,2026-06-12 14:30:00+09:00,45.333333333333336,0,0.0,train
20260612,2026-06-12 14:33:00+09:00,44.0,0,0.0,train
20260612,2026-06-12 14:36:00+09:00,49.833333333333336,0,0.0,train
20260612,2026-06-12 14:39:00+09:00,65.5,0,0.0,train
20260612,2026-06-12 14:42:00+09:00,68.83333333333333,0,0.0,train
20260612,2026-06-12 14:45:00+09:00,65.83333333333333,0,0.0,train
20260612,2026-06-12 14:48:00+09:00,61.833333333333336,0,0.0,train
20260612,2026-06-12 14:51:00+09:00,56.16666666666666,0,0.0,train
20260612,2026-06-12 14:54:00+09:00,58.16666666666666,0,0.0,train
20260612,2026-06-12 14:57:00+09:00,66.83333333333333,0,0.0,train
20260615,2026-06-15 10:00:00+09:00,55.16666666666666,0,0.0,train
20260615,2026-06-15 10:03:00+09:00,54.333333333333336,0,0.0,train
20260615,2026-06-15 10:06:00+09:00,38.66666666666666,0,0.0,train
20260615,2026-06-15 10:09:00+09:00,39.5,0,0.0,train
20260615,2026-06-15 10:12:00+09:00,40.5,0,0.0,train
20260615,2026-06-15 10:15:00+09:00,39.16666666666666,0,0.0,train
20260615,2026-06-15 10:18:00+09:00,40.833333333333336,0,0.0,train
20260615,2026-06-15 10:21:00+09:00,38.833333333333336,0,0.0,train
20260615,2026-06-15 10:24:00+09:00,39.833333333333336,0,0.0,train
20260615,2026-06-15 10:27:00+09:00,40.0,0,0.0,train
20260615,2026-06-15 10:30:00+09:00,41.5,0,0.0,train
20260615,2026-06-15 10:33:00+09:00,39.16666666666666,0,0.0,train
20260615,2026-06-15 10:36:00+09:00,48.5,0,0.0,train
20260615,2026-06-15 10:39:00+09:00,51.66666666666666,0,0.0,train
20260615,2026-06-15 10:42:00+09:00,50.333333333333336,0,0.0,train
20260615,2026-06-15 10:45:00+09:00,50.833333333333336,0,0.0,train
20260615,2026-06-15 10:48:00+09:00,50.66666666666666,0,0.0,train
20260615,2026-06-15 10:51:00+09:00,51.333333333333336,0,0.0,train
20260615,2026-06-15 10:54:00+09:00,51.833333333333336,0,0.0,train
20260615,2026-06-15 10:57:00+09:00,49.66666666666666,0,0.0,train
20260615,2026-06-15 11:00:00+09:00,51.66666666666666,0,0.0,train
20260615,2026-06-15 11:03:00+09:00,41.66666666666666,0,0.0,train
20260615,2026-06-15 11:06:00+09:00,34.333333333333336,0,0.0,train
20260615,2026-06-15 11:09:00+09:00,32.166666666666664,0,0.0,train
20260615,2026-06-15 11:12:00+09:00,37.16666666666666,0,0.0,train
20260615,2026-06-15 11:15:00+09:00,37.16666666666666,0,0.0,train
20260615,2026-06-15 11:18:00+09:00,34.166666666666664,0,0.0,train
20260615,2026-06-15 11:21:00+09:00,38.66666666666666,0,0.0,train
20260615,2026-06-15 11:24:00+09:00,35.833333333333336,0,0.0,train
20260615,2026-06-15 11:27:00+09:00,27.0,0,0.0,train
20260615,2026-06-15 11:30:00+09:00,28.666666666666668,0,0.0,train
20260615,2026-06-15 11:33:00+09:00,30.83333333333333,0,0.0,train
20260615,2026-06-15 11:36:00+09:00,36.0,0,0.0,train
20260615,2026-06-15 11:39:00+09:00,37.0,0,0.0,train
20260615,2026-06-15 11:42:00+09:00,35.333333333333336,0,0.0,train
20260615,2026-06-15 11:45:00+09:00,32.5,0,0.0,train
20260615,2026-06-15 11:48:00+09:00,30.33333333333333,0,0.0,train
20260615,2026-06-15 11:51:00+09:00,27.5,0,0.0,train
20260615,2026-06-15 11:54:00+09:00,25.166666666666668,0,0.0,train
20260615,2026-06-15 11:57:00+09:00,30.0,0,0.0,train
20260615,2026-06-15 12:00:00+09:00,28.5,0,0.0,train
20260615,2026-06-15 12:03:00+09:00,26.0,0,0.0,train
20260615,2026-06-15 12:06:00+09:00,27.0,0,0.0,train
20260615,2026-06-15 12:09:00+09:00,26.33333333333333,0,0.0,train
20260615,2026-06-15 12:12:00+09:00,25.33333333333333,0,0.0,train
20260615,2026-06-15 12:15:00+09:00,25.83333333333333,0,0.0,train
20260615,2026-06-15 12:18:00+09:00,23.666666666666668,0,0.0,train
20260615,2026-06-15 12:21:00+09:00,26.666666666666668,0,0.0,train
20260615,2026-06-15 12:24:00+09:00,25.5,0,0.0,train
20260615,2026-06-15 12:27:00+09:00,30.33333333333333,0,0.0,train
20260615,2026-06-15 12:30:00+09:00,20.166666666666668,0,0.0,train
20260615,2026-06-15 12:33:00+09:00,30.666666666666668,0,0.0,train
20260615,2026-06-15 12:36:00+09:00,28.33333333333333,0,0.0,train
20260615,2026-06-15 12:39:00+09:00,27.666666666666668,0,0.0,train
20260615,2026-06-15 12:42:00+09:00,37.833333333333336,0,0.0,train
20260615,2026-06-15 12:45:00+09:00,41.66666666666666,1,-148518.0,train
20260615,2026-06-15 12:48:00+09:00,41.0,1,-148518.0,train
20260615,2026-06-15 12:51:00+09:00,41.66666666666666,1,-148518.0,train
20260615,2026-06-15 12:54:00+09:00,35.833333333333336,1,-148518.0,train
20260615,2026-06-15 12:57:00+09:00,37.333333333333336,1,-148518.0,train
20260615,2026-06-15 13:00:00+09:00,45.833333333333336,1,-148518.0,train
20260615,2026-06-15 13:03:00+09:00,48.333333333333336,1,-148518.0,train
20260615,2026-06-15 13:06:00+09:00,48.0,1,-148518.0,train
20260615,2026-06-15 13:09:00+09:00,41.0,1,-148518.0,train
20260615,2026-06-15 13:12:00+09:00,34.666666666666664,1,-148518.0,train
20260615,2026-06-15 13:15:00+09:00,47.833333333333336,0,0.0,train
20260615,2026-06-15 13:18:00+09:00,55.66666666666666,0,0.0,train
20260615,2026-06-15 13:21:00+09:00,54.66666666666666,0,0.0,train
20260615,2026-06-15 13:24:00+09:00,51.833333333333336,0,0.0,train
20260615,2026-06-15 13:27:00+09:00,48.66666666666666,0,0.0,train
20260615,2026-06-15 13:30:00+09:00,49.0,0,0.0,train
20260615,2026-06-15 13:33:00+09:00,46.16666666666666,0,0.0,train
20260615,2026-06-15 13:36:00+09:00,36.16666666666666,0,0.0,train
20260615,2026-06-15 13:39:00+09:00,40.0,0,0.0,train
20260615,2026-06-15 13:42:00+09:00,42.5,0,0.0,train
20260615,2026-06-15 13:45:00+09:00,44.0,0,0.0,train
20260615,2026-06-15 13:48:00+09:00,45.333333333333336,0,0.0,train
20260615,2026-06-15 13:51:00+09:00,44.5,0,0.0,train
20260615,2026-06-15 13:54:00+09:00,44.333333333333336,0,0.0,train
20260615,2026-06-15 13:57:00+09:00,43.66666666666666,0,0.0,train
20260615,2026-06-15 14:00:00+09:00,47.66666666666666,0,0.0,train
20260615,2026-06-15 14:03:00+09:00,44.5,0,0.0,train
20260615,2026-06-15 14:06:00+09:00,50.0,0,0.0,train
20260615,2026-06-15 14:09:00+09:00,56.16666666666666,0,0.0,train
20260615,2026-06-15 14:12:00+09:00,59.66666666666666,0,0.0,train
20260615,2026-06-15 14:15:00+09:00,43.66666666666666,0,0.0,train
20260615,2026-06-15 14:18:00+09:00,42.16666666666666,0,0.0,train
20260615,2026-06-15 14:21:00+09:00,41.16666666666666,0,0.0,train
20260615,2026-06-15 14:24:00+09:00,37.5,0,0.0,train
20260615,2026-06-15 14:27:00+09:00,43.0,0,0.0,train
20260615,2026-06-15 14:30:00+09:00,39.66666666666666,0,0.0,train
20260615,2026-06-15 14:33:00+09:00,39.66666666666666,0,0.0,train
20260615,2026-06-15 14:36:00+09:00,43.5,0,0.0,train
20260615,2026-06-15 14:39:00+09:00,44.16666666666666,0,0.0,train
20260615,2026-06-15 14:42:00+09:00,43.16666666666666,0,0.0,train
20260615,2026-06-15 14:45:00+09:00,45.5,0,0.0,train
20260615,2026-06-15 14:48:00+09:00,43.833333333333336,0,0.0,train
20260615,2026-06-15 14:51:00+09:00,44.66666666666666,0,0.0,train
20260615,2026-06-15 14:54:00+09:00,44.66666666666666,0,0.0,train
20260615,2026-06-15 14:57:00+09:00,32.5,0,0.0,train
20260616,2026-06-16 10:00:00+09:00,51.66666666666666,0,0.0,train
20260616,2026-06-16 10:03:00+09:00,59.0,0,0.0,train
20260616,2026-06-16 10:06:00+09:00,57.333333333333336,1,396942.0,train
20260616,2026-06-16 10:09:00+09:00,61.333333333333336,1,396942.0,train
20260616,2026-06-16 10:12:00+09:00,53.5,1,396942.0,train
20260616,2026-06-16 10:15:00+09:00,62.333333333333336,1,396942.0,train
20260616,2026-06-16 10:18:00+09:00,65.16666666666667,1,396942.0,train
20260616,2026-06-16 10:21:00+09:00,60.66666666666666,1,396942.0,train
20260616,2026-06-16 10:24:00+09:00,59.66666666666666,1,396942.0,train
20260616,2026-06-16 10:27:00+09:00,59.5,1,396942.0,train
20260616,2026-06-16 10:30:00+09:00,55.66666666666666,1,396942.0,train
20260616,2026-06-16 10:33:00+09:00,50.0,1,396942.0,train
20260616,2026-06-16 10:36:00+09:00,60.66666666666666,0,0.0,train
20260616,2026-06-16 10:39:00+09:00,58.0,0,0.0,train
20260616,2026-06-16 10:42:00+09:00,54.833333333333336,0,0.0,train
20260616,2026-06-16 10:45:00+09:00,29.33333333333333,0,0.0,train
20260616,2026-06-16 10:48:00+09:00,29.33333333333333,0,0.0,train
20260616,2026-06-16 10:51:00+09:00,28.33333333333333,0,0.0,train
20260616,2026-06-16 10:54:00+09:00,38.16666666666666,0,0.0,train
20260616,2026-06-16 10:57:00+09:00,37.333333333333336,0,0.0,train
20260616,2026-06-16 11:00:00+09:00,39.66666666666666,0,0.0,train
20260616,2026-06-16 11:03:00+09:00,36.16666666666666,0,0.0,train
20260616,2026-06-16 11:06:00+09:00,32.833333333333336,0,0.0,train
20260616,2026-06-16 11:09:00+09:00,33.666666666666664,0,0.0,train
20260616,2026-06-16 11:12:00+09:00,35.166666666666664,0,0.0,train
20260616,2026-06-16 11:15:00+09:00,34.333333333333336,0,0.0,train
20260616,2026-06-16 11:18:00+09:00,34.666666666666664,0,0.0,train
20260616,2026-06-16 11:21:00+09:00,33.0,0,0.0,train
20260616,2026-06-16 11:24:00+09:00,28.33333333333333,0,0.0,train
20260616,2026-06-16 11:27:00+09:00,32.5,0,0.0,train
20260616,2026-06-16 11:30:00+09:00,27.166666666666668,0,0.0,train
20260616,2026-06-16 11:33:00+09:00,26.666666666666668,0,0.0,train
20260616,2026-06-16 11:36:00+09:00,16.5,0,0.0,train
20260616,2026-06-16 11:39:00+09:00,24.33333333333333,0,0.0,train
20260616,2026-06-16 11:42:00+09:00,28.83333333333333,0,0.0,train
20260616,2026-06-16 11:45:00+09:00,31.666666666666668,0,0.0,train
20260616,2026-06-16 11:48:00+09:00,28.5,0,0.0,train
20260616,2026-06-16 11:51:00+09:00,33.5,0,0.0,train
20260616,2026-06-16 11:54:00+09:00,31.666666666666668,0,0.0,train
20260616,2026-06-16 11:57:00+09:00,32.0,0,0.0,train
20260616,2026-06-16 12:00:00+09:00,32.333333333333336,0,0.0,train
20260616,2026-06-16 12:03:00+09:00,30.666666666666668,0,0.0,train
20260616,2026-06-16 12:06:00+09:00,36.333333333333336,0,0.0,train
20260616,2026-06-16 12:09:00+09:00,37.5,0,0.0,train
20260616,2026-06-16 12:12:00+09:00,34.666666666666664,0,0.0,train
20260616,2026-06-16 12:15:00+09:00,41.833333333333336,0,0.0,train
20260616,2026-06-16 12:18:00+09:00,45.833333333333336,0,0.0,train
20260616,2026-06-16 12:21:00+09:00,43.833333333333336,0,0.0,train
20260616,2026-06-16 12:24:00+09:00,42.16666666666666,0,0.0,train
20260616,2026-06-16 12:27:00+09:00,44.333333333333336,0,0.0,train
20260616,2026-06-16 12:30:00+09:00,62.66666666666666,0,0.0,train
20260616,2026-06-16 12:33:00+09:00,63.16666666666666,0,0.0,train
20260616,2026-06-16 12:36:00+09:00,63.333333333333336,0,0.0,train
20260616,2026-06-16 12:39:00+09:00,61.333333333333336,0,0.0,train
20260616,2026-06-16 12:42:00+09:00,58.333333333333336,0,0.0,train
20260616,2026-06-16 12:45:00+09:00,47.16666666666666,0,0.0,train
20260616,2026-06-16 12:48:00+09:00,46.66666666666666,0,0.0,train
20260616,2026-06-16 12:51:00+09:00,37.833333333333336,0,0.0,train
20260616,2026-06-16 12:54:00+09:00,40.833333333333336,0,0.0,train
20260616,2026-06-16 12:57:00+09:00,40.0,0,0.0,train
20260616,2026-06-16 13:00:00+09:00,33.166666666666664,0,0.0,train
20260616,2026-06-16 13:03:00+09:00,31.0,0,0.0,train
20260616,2026-06-16 13:06:00+09:00,33.5,0,0.0,train
20260616,2026-06-16 13:09:00+09:00,46.833333333333336,0,0.0,train
20260616,2026-06-16 13:12:00+09:00,47.833333333333336,0,0.0,train
20260616,2026-06-16 13:15:00+09:00,42.66666666666666,0,0.0,train
20260616,2026-06-16 13:18:00+09:00,47.5,0,0.0,train
20260616,2026-06-16 13:21:00+09:00,47.16666666666666,0,0.0,train
20260616,2026-06-16 13:24:00+09:00,42.5,0,0.0,train
20260616,2026-06-16 13:27:00+09:00,49.16666666666666,0,0.0,train
20260616,2026-06-16 13:30:00+09:00,36.5,0,0.0,train
20260616,2026-06-16 13:33:00+09:00,36.833333333333336,0,0.0,train
20260616,2026-06-16 13:36:00+09:00,36.66666666666666,0,0.0,train
20260616,2026-06-16 13:39:00+09:00,37.833333333333336,0,0.0,train
20260616,2026-06-16 13:42:00+09:00,38.333333333333336,1,-103156.0,train
20260616,2026-06-16 13:45:00+09:00,37.0,1,-103156.0,train
20260616,2026-06-16 13:48:00+09:00,42.333333333333336,1,-103156.0,train
20260616,2026-06-16 13:51:00+09:00,40.833333333333336,1,-103156.0,train
20260616,2026-06-16 13:54:00+09:00,41.0,1,-103156.0,train
20260616,2026-06-16 13:57:00+09:00,36.5,1,-103156.0,train
20260616,2026-06-16 14:00:00+09:00,34.833333333333336,1,-103156.0,train
20260616,2026-06-16 14:03:00+09:00,32.5,1,-103156.0,train
20260616,2026-06-16 14:06:00+09:00,35.333333333333336,1,-103156.0,train
20260616,2026-06-16 14:09:00+09:00,34.833333333333336,1,-103156.0,train
20260616,2026-06-16 14:12:00+09:00,33.5,0,0.0,train
20260616,2026-06-16 14:15:00+09:00,29.666666666666668,0,0.0,train
20260616,2026-06-16 14:18:00+09:00,29.83333333333333,0,0.0,train
20260616,2026-06-16 14:21:00+09:00,32.0,0,0.0,train
20260616,2026-06-16 14:24:00+09:00,35.833333333333336,0,0.0,train
20260616,2026-06-16 14:27:00+09:00,35.666666666666664,0,0.0,train
20260616,2026-06-16 14:30:00+09:00,38.16666666666666,0,0.0,train
20260616,2026-06-16 14:33:00+09:00,35.166666666666664,0,0.0,train
20260616,2026-06-16 14:36:00+09:00,58.833333333333336,0,0.0,train
20260616,2026-06-16 14:39:00+09:00,64.83333333333333,0,0.0,train
20260616,2026-06-16 14:42:00+09:00,59.5,0,0.0,train
20260616,2026-06-16 14:45:00+09:00,58.833333333333336,0,0.0,train
20260616,2026-06-16 14:48:00+09:00,58.333333333333336,0,0.0,train
20260616,2026-06-16 14:51:00+09:00,57.5,0,0.0,train
20260616,2026-06-16 14:54:00+09:00,53.0,0,0.0,train
20260616,2026-06-16 14:57:00+09:00,53.66666666666666,0,0.0,train
20260617,2026-06-17 10:00:00+09:00,42.333333333333336,1,85234.0,train
20260617,2026-06-17 10:03:00+09:00,39.833333333333336,1,85234.0,train
20260617,2026-06-17 10:06:00+09:00,35.833333333333336,1,85234.0,train
20260617,2026-06-17 10:09:00+09:00,36.66666666666666,1,85234.0,train
20260617,2026-06-17 10:12:00+09:00,36.16666666666666,1,85234.0,train
20260617,2026-06-17 10:15:00+09:00,32.166666666666664,1,85234.0,train
20260617,2026-06-17 10:18:00+09:00,46.16666666666666,0,0.0,train
20260617,2026-06-17 10:21:00+09:00,44.66666666666666,0,0.0,train
20260617,2026-06-17 10:24:00+09:00,59.16666666666666,0,0.0,train
20260617,2026-06-17 10:27:00+09:00,55.333333333333336,0,0.0,train
20260617,2026-06-17 10:30:00+09:00,53.833333333333336,0,0.0,train
20260617,2026-06-17 10:33:00+09:00,51.833333333333336,0,0.0,train
20260617,2026-06-17 10:36:00+09:00,52.333333333333336,0,0.0,train
20260617,2026-06-17 10:39:00+09:00,59.0,0,0.0,train
20260617,2026-06-17 10:42:00+09:00,42.16666666666666,0,0.0,train
20260617,2026-06-17 10:45:00+09:00,38.333333333333336,0,0.0,train
20260617,2026-06-17 10:48:00+09:00,52.333333333333336,0,0.0,train
20260617,2026-06-17 10:51:00+09:00,54.5,0,0.0,train
20260617,2026-06-17 10:54:00+09:00,49.66666666666666,0,0.0,train
20260617,2026-06-17 10:57:00+09:00,44.0,0,0.0,train
20260617,2026-06-17 11:00:00+09:00,45.16666666666666,0,0.0,train
20260617,2026-06-17 11:03:00+09:00,44.5,0,0.0,train
20260617,2026-06-17 11:06:00+09:00,50.0,0,0.0,train
20260617,2026-06-17 11:09:00+09:00,50.0,0,0.0,train
20260617,2026-06-17 11:12:00+09:00,51.833333333333336,0,0.0,train
20260617,2026-06-17 11:15:00+09:00,50.833333333333336,0,0.0,train
20260617,2026-06-17 11:18:00+09:00,35.0,0,0.0,train
20260617,2026-06-17 11:21:00+09:00,29.5,0,0.0,train
20260617,2026-06-17 11:24:00+09:00,28.0,0,0.0,train
20260617,2026-06-17 11:27:00+09:00,28.166666666666668,0,0.0,train
20260617,2026-06-17 11:30:00+09:00,44.16666666666666,0,0.0,train
20260617,2026-06-17 11:33:00+09:00,45.833333333333336,0,0.0,train
20260617,2026-06-17 11:36:00+09:00,46.66666666666666,0,0.0,train
20260617,2026-06-17 11:39:00+09:00,42.16666666666666,0,0.0,train
20260617,2026-06-17 11:42:00+09:00,44.0,0,0.0,train
20260617,2026-06-17 11:45:00+09:00,45.333333333333336,0,0.0,train
20260617,2026-06-17 11:48:00+09:00,41.833333333333336,0,0.0,train
20260617,2026-06-17 11:51:00+09:00,41.16666666666666,0,0.0,train
20260617,2026-06-17 11:54:00+09:00,45.333333333333336,0,0.0,train
20260617,2026-06-17 11:57:00+09:00,42.5,0,0.0,train
20260617,2026-06-17 12:00:00+09:00,44.0,0,0.0,train
20260617,2026-06-17 12:03:00+09:00,43.0,0,0.0,train
20260617,2026-06-17 12:06:00+09:00,48.0,0,0.0,train
20260617,2026-06-17 12:09:00+09:00,48.833333333333336,0,0.0,train
20260617,2026-06-17 12:12:00+09:00,42.833333333333336,0,0.0,train
20260617,2026-06-17 12:15:00+09:00,53.66666666666666,0,0.0,train
20260617,2026-06-17 12:18:00+09:00,53.833333333333336,0,0.0,train
20260617,2026-06-17 12:21:00+09:00,58.833333333333336,1,427771.0,train
20260617,2026-06-17 12:24:00+09:00,59.66666666666666,1,427771.0,train
20260617,2026-06-17 12:27:00+09:00,57.16666666666666,1,427771.0,train
20260617,2026-06-17 12:30:00+09:00,40.16666666666666,1,427771.0,train
20260617,2026-06-17 12:33:00+09:00,41.333333333333336,1,427771.0,train
20260617,2026-06-17 12:36:00+09:00,39.66666666666666,1,427771.0,train
20260617,2026-06-17 12:39:00+09:00,41.66666666666666,1,427771.0,train
20260617,2026-06-17 12:42:00+09:00,39.66666666666666,1,427771.0,train
20260617,2026-06-17 12:45:00+09:00,38.333333333333336,1,427771.0,train
20260617,2026-06-17 12:48:00+09:00,36.833333333333336,1,427771.0,train
20260617,2026-06-17 12:51:00+09:00,34.333333333333336,0,0.0,train
20260617,2026-06-17 12:54:00+09:00,33.0,0,0.0,train
20260617,2026-06-17 12:57:00+09:00,28.5,0,0.0,train
20260617,2026-06-17 13:00:00+09:00,25.5,0,0.0,train
20260617,2026-06-17 13:03:00+09:00,24.83333333333333,0,0.0,train
20260617,2026-06-17 13:06:00+09:00,31.166666666666668,0,0.0,train
20260617,2026-06-17 13:09:00+09:00,30.166666666666668,0,0.0,train
20260617,2026-06-17 13:12:00+09:00,29.33333333333333,0,0.0,train
20260617,2026-06-17 13:15:00+09:00,28.166666666666668,0,0.0,train
20260617,2026-06-17 13:18:00+09:00,32.833333333333336,0,0.0,train
20260617,2026-06-17 13:21:00+09:00,35.333333333333336,0,0.0,train
20260617,2026-06-17 13:24:00+09:00,39.66666666666666,0,0.0,train
20260617,2026-06-17 13:27:00+09:00,44.333333333333336,0,0.0,train
20260617,2026-06-17 13:30:00+09:00,46.0,0,0.0,train
20260617,2026-06-17 13:33:00+09:00,46.333333333333336,0,0.0,train
20260617,2026-06-17 13:36:00+09:00,45.66666666666666,0,0.0,train
20260617,2026-06-17 13:39:00+09:00,44.5,0,0.0,train
20260617,2026-06-17 13:42:00+09:00,50.66666666666666,0,0.0,train
20260617,2026-06-17 13:45:00+09:00,51.66666666666666,0,0.0,train
20260617,2026-06-17 13:48:00+09:00,44.16666666666666,0,0.0,train
20260617,2026-06-17 13:51:00+09:00,46.333333333333336,0,0.0,train
20260617,2026-06-17 13:54:00+09:00,44.0,0,0.0,train
20260617,2026-06-17 13:57:00+09:00,42.0,0,0.0,train
20260617,2026-06-17 14:00:00+09:00,40.5,0,0.0,train
20260617,2026-06-17 14:03:00+09:00,42.5,0,0.0,train
20260617,2026-06-17 14:06:00+09:00,45.333333333333336,0,0.0,train
20260617,2026-06-17 14:09:00+09:00,48.5,0,0.0,train
20260617,2026-06-17 14:12:00+09:00,48.333333333333336,0,0.0,train
20260617,2026-06-17 14:15:00+09:00,44.833333333333336,0,0.0,train
20260617,2026-06-17 14:18:00+09:00,41.833333333333336,0,0.0,train
20260617,2026-06-17 14:21:00+09:00,33.166666666666664,0,0.0,train
20260617,2026-06-17 14:24:00+09:00,33.666666666666664,0,0.0,train
20260617,2026-06-17 14:27:00+09:00,49.66666666666666,0,0.0,train
20260617,2026-06-17 14:30:00+09:00,44.66666666666666,0,0.0,train
20260617,2026-06-17 14:33:00+09:00,47.0,0,0.0,train
20260617,2026-06-17 14:36:00+09:00,45.0,0,0.0,train
20260617,2026-06-17 14:39:00+09:00,50.66666666666666,0,0.0,train
20260617,2026-06-17 14:42:00+09:00,51.833333333333336,0,0.0,train
20260617,2026-06-17 14:45:00+09:00,45.333333333333336,0,0.0,train
20260617,2026-06-17 14:48:00+09:00,40.5,0,0.0,train
20260617,2026-06-17 14:51:00+09:00,42.66666666666666,0,0.0,train
20260617,2026-06-17 14:54:00+09:00,50.0,0,0.0,train
20260617,2026-06-17 14:57:00+09:00,50.66666666666666,0,0.0,train
20260618,2026-06-18 10:00:00+09:00,57.333333333333336,0,0.0,train
20260618,2026-06-18 10:03:00+09:00,70.0,0,0.0,train
20260618,2026-06-18 10:06:00+09:00,57.333333333333336,0,0.0,train
20260618,2026-06-18 10:09:00+09:00,53.833333333333336,0,0.0,train
20260618,2026-06-18 10:12:00+09:00,57.5,0,0.0,train
20260618,2026-06-18 10:15:00+09:00,57.16666666666666,0,0.0,train
20260618,2026-06-18 10:18:00+09:00,57.333333333333336,0,0.0,train
20260618,2026-06-18 10:21:00+09:00,56.16666666666666,0,0.0,train
20260618,2026-06-18 10:24:00+09:00,45.66666666666666,0,0.0,train
20260618,2026-06-18 10:27:00+09:00,46.16666666666666,0,0.0,train
20260618,2026-06-18 10:30:00+09:00,44.66666666666666,0,0.0,train
20260618,2026-06-18 10:33:00+09:00,32.5,0,0.0,train
20260618,2026-06-18 10:36:00+09:00,32.0,0,0.0,train
20260618,2026-06-18 10:39:00+09:00,35.333333333333336,0,0.0,train
20260618,2026-06-18 10:42:00+09:00,37.833333333333336,1,302939.0,train
20260618,2026-06-18 10:45:00+09:00,37.5,1,302939.0,train
20260618,2026-06-18 10:48:00+09:00,37.333333333333336,1,302939.0,train
20260618,2026-06-18 10:51:00+09:00,36.333333333333336,1,302939.0,train
20260618,2026-06-18 10:54:00+09:00,36.333333333333336,1,302939.0,train
20260618,2026-06-18 10:57:00+09:00,38.333333333333336,1,302939.0,train
20260618,2026-06-18 11:00:00+09:00,35.833333333333336,1,302939.0,train
20260618,2026-06-18 11:03:00+09:00,46.5,1,302939.0,train
20260618,2026-06-18 11:06:00+09:00,44.66666666666666,1,302939.0,train
20260618,2026-06-18 11:09:00+09:00,43.16666666666666,1,302939.0,train
20260618,2026-06-18 11:12:00+09:00,39.66666666666666,0,0.0,train
20260618,2026-06-18 11:15:00+09:00,38.16666666666666,0,0.0,train
20260618,2026-06-18 11:18:00+09:00,39.16666666666666,0,0.0,train
20260618,2026-06-18 11:21:00+09:00,33.333333333333336,0,0.0,train
20260618,2026-06-18 11:24:00+09:00,19.83333333333333,0,0.0,train
20260618,2026-06-18 11:27:00+09:00,28.0,0,0.0,train
20260618,2026-06-18 11:30:00+09:00,26.666666666666668,0,0.0,train
20260618,2026-06-18 11:33:00+09:00,39.66666666666666,0,0.0,train
20260618,2026-06-18 11:36:00+09:00,40.16666666666666,0,0.0,train
20260618,2026-06-18 11:39:00+09:00,41.333333333333336,0,0.0,train
20260618,2026-06-18 11:42:00+09:00,39.16666666666666,0,0.0,train
20260618,2026-06-18 11:45:00+09:00,44.16666666666666,0,0.0,train
20260618,2026-06-18 11:48:00+09:00,45.833333333333336,0,0.0,train
20260618,2026-06-18 11:51:00+09:00,47.333333333333336,0,0.0,train
20260618,2026-06-18 11:54:00+09:00,51.16666666666666,0,0.0,train
20260618,2026-06-18 11:57:00+09:00,51.5,0,0.0,train
20260618,2026-06-18 12:00:00+09:00,52.66666666666666,0,0.0,train
20260618,2026-06-18 12:03:00+09:00,56.333333333333336,0,0.0,train
20260618,2026-06-18 12:06:00+09:00,55.16666666666666,0,0.0,train
20260618,2026-06-18 12:09:00+09:00,50.333333333333336,0,0.0,train
20260618,2026-06-18 12:12:00+09:00,55.5,0,0.0,train
20260618,2026-06-18 12:15:00+09:00,55.833333333333336,0,0.0,train
20260618,2026-06-18 12:18:00+09:00,53.833333333333336,0,0.0,train
20260618,2026-06-18 12:21:00+09:00,53.16666666666666,0,0.0,train
20260618,2026-06-18 12:24:00+09:00,53.833333333333336,0,0.0,train
20260618,2026-06-18 12:27:00+09:00,48.833333333333336,0,0.0,train
20260618,2026-06-18 12:30:00+09:00,53.0,0,0.0,train
20260618,2026-06-18 12:33:00+09:00,63.0,0,0.0,train
20260618,2026-06-18 12:36:00+09:00,64.5,0,0.0,train
20260618,2026-06-18 12:39:00+09:00,62.66666666666666,0,0.0,train
20260618,2026-06-18 12:42:00+09:00,63.333333333333336,0,0.0,train
20260618,2026-06-18 12:45:00+09:00,61.5,0,0.0,train
20260618,2026-06-18 12:48:00+09:00,60.66666666666666,0,0.0,train
20260618,2026-06-18 12:51:00+09:00,50.66666666666666,0,0.0,train
20260618,2026-06-18 12:54:00+09:00,46.16666666666666,0,0.0,train
20260618,2026-06-18 12:57:00+09:00,42.833333333333336,0,0.0,train
20260618,2026-06-18 13:00:00+09:00,45.0,0,0.0,train
20260618,2026-06-18 13:03:00+09:00,41.5,0,0.0,train
20260618,2026-06-18 13:06:00+09:00,40.66666666666666,0,0.0,train
20260618,2026-06-18 13:09:00+09:00,43.333333333333336,0,0.0,train
20260618,2026-06-18 13:12:00+09:00,41.833333333333336,0,0.0,train
20260618,2026-06-18 13:15:00+09:00,47.333333333333336,0,0.0,train
20260618,2026-06-18 13:18:00+09:00,48.66666666666666,0,0.0,train
20260618,2026-06-18 13:21:00+09:00,38.333333333333336,0,0.0,train
20260618,2026-06-18 13:24:00+09:00,43.5,0,0.0,train
20260618,2026-06-18 13:27:00+09:00,47.333333333333336,0,0.0,train
20260618,2026-06-18 13:30:00+09:00,46.16666666666666,0,0.0,train
20260618,2026-06-18 13:33:00+09:00,43.333333333333336,0,0.0,train
20260618,2026-06-18 13:36:00+09:00,45.0,0,0.0,train
20260618,2026-06-18 13:39:00+09:00,35.333333333333336,0,0.0,train
20260618,2026-06-18 13:42:00+09:00,37.66666666666666,0,0.0,train
20260618,2026-06-18 13:45:00+09:00,31.5,0,0.0,train
20260618,2026-06-18 13:48:00+09:00,47.5,0,0.0,train
20260618,2026-06-18 13:51:00+09:00,49.833333333333336,0,0.0,train
20260618,2026-06-18 13:54:00+09:00,53.333333333333336,0,0.0,train
20260618,2026-06-18 13:57:00+09:00,50.5,0,0.0,train
20260618,2026-06-18 14:00:00+09:00,47.833333333333336,0,0.0,train
20260618,2026-06-18 14:03:00+09:00,50.5,0,0.0,train
20260618,2026-06-18 14:06:00+09:00,50.5,0,0.0,train
20260618,2026-06-18 14:09:00+09:00,56.833333333333336,0,0.0,train
20260618,2026-06-18 14:12:00+09:00,54.0,0,0.0,train
20260618,2026-06-18 14:15:00+09:00,50.0,0,0.0,train
20260618,2026-06-18 14:18:00+09:00,37.5,0,0.0,train
20260618,2026-06-18 14:21:00+09:00,47.66666666666666,0,0.0,train
20260618,2026-06-18 14:24:00+09:00,47.66666666666666,0,0.0,train
20260618,2026-06-18 14:27:00+09:00,62.16666666666666,0,0.0,train
20260618,2026-06-18 14:30:00+09:00,56.833333333333336,0,0.0,train
20260618,2026-06-18 14:33:00+09:00,51.833333333333336,0,0.0,train
20260618,2026-06-18 14:36:00+09:00,50.16666666666666,0,0.0,train
20260618,2026-06-18 14:39:00+09:00,39.66666666666666,0,0.0,train
20260618,2026-06-18 14:42:00+09:00,42.833333333333336,0,0.0,train
20260618,2026-06-18 14:45:00+09:00,31.666666666666668,0,0.0,train
20260618,2026-06-18 14:48:00+09:00,26.166666666666668,0,0.0,train
20260618,2026-06-18 14:51:00+09:00,32.833333333333336,0,0.0,train
20260618,2026-06-18 14:54:00+09:00,42.833333333333336,0,0.0,train
20260618,2026-06-18 14:57:00+09:00,43.0,0,0.0,train
20260619,2026-06-19 10:00:00+09:00,42.5,1,-56768.0,train
20260619,2026-06-19 10:03:00+09:00,38.16666666666666,1,-56768.0,train
20260619,2026-06-19 10:06:00+09:00,32.666666666666664,1,-56768.0,train
20260619,2026-06-19 10:09:00+09:00,21.0,1,-56768.0,train
20260619,2026-06-19 10:12:00+09:00,21.0,1,-56768.0,train
20260619,2026-06-19 10:15:00+09:00,19.666666666666668,1,-56768.0,train
20260619,2026-06-19 10:18:00+09:00,31.33333333333333,1,-56768.0,train
20260619,2026-06-19 10:21:00+09:00,41.66666666666666,1,-56768.0,train
20260619,2026-06-19 10:24:00+09:00,56.333333333333336,0,0.0,train
20260619,2026-06-19 10:27:00+09:00,55.333333333333336,0,0.0,train
20260619,2026-06-19 10:30:00+09:00,56.333333333333336,0,0.0,train
20260619,2026-06-19 10:33:00+09:00,59.333333333333336,0,0.0,train
20260619,2026-06-19 10:36:00+09:00,59.0,0,0.0,train
20260619,2026-06-19 10:39:00+09:00,65.16666666666667,0,0.0,train
20260619,2026-06-19 10:42:00+09:00,65.33333333333333,0,0.0,train
20260619,2026-06-19 10:45:00+09:00,61.66666666666666,0,0.0,train
20260619,2026-06-19 10:48:00+09:00,54.0,0,0.0,train
20260619,2026-06-19 10:51:00+09:00,54.5,0,0.0,train
20260619,2026-06-19 10:54:00+09:00,50.16666666666666,0,0.0,train
20260619,2026-06-19 10:57:00+09:00,57.333333333333336,0,0.0,train
20260619,2026-06-19 11:00:00+09:00,60.0,0,0.0,train
20260619,2026-06-19 11:03:00+09:00,64.66666666666667,0,0.0,train
20260619,2026-06-19 11:06:00+09:00,66.66666666666667,0,0.0,train
20260619,2026-06-19 11:09:00+09:00,65.83333333333333,0,0.0,train
20260619,2026-06-19 11:12:00+09:00,69.33333333333333,0,0.0,train
20260619,2026-06-19 11:15:00+09:00,69.16666666666667,0,0.0,train
20260619,2026-06-19 11:18:00+09:00,70.66666666666667,1,-79550.0,train
20260619,2026-06-19 11:21:00+09:00,72.66666666666667,1,-79550.0,train
20260619,2026-06-19 11:24:00+09:00,57.5,1,-79550.0,train
20260619,2026-06-19 11:27:00+09:00,51.16666666666666,1,-79550.0,train
20260619,2026-06-19 11:30:00+09:00,48.333333333333336,1,-79550.0,train
20260619,2026-06-19 11:33:00+09:00,51.0,1,-79550.0,train
20260619,2026-06-19 11:36:00+09:00,50.333333333333336,1,-79550.0,train
20260619,2026-06-19 11:39:00+09:00,49.333333333333336,1,-79550.0,train
20260619,2026-06-19 11:42:00+09:00,50.0,1,-79550.0,train
20260619,2026-06-19 11:45:00+09:00,50.5,1,-79550.0,train
20260619,2026-06-19 11:48:00+09:00,42.66666666666666,0,0.0,train
20260619,2026-06-19 11:51:00+09:00,41.0,0,0.0,train
20260619,2026-06-19 11:54:00+09:00,32.5,0,0.0,train
20260619,2026-06-19 11:57:00+09:00,33.166666666666664,0,0.0,train
20260619,2026-06-19 12:00:00+09:00,38.16666666666666,0,0.0,train
20260619,2026-06-19 12:03:00+09:00,36.833333333333336,0,0.0,train
20260619,2026-06-19 12:06:00+09:00,48.16666666666666,0,0.0,train
20260619,2026-06-19 12:09:00+09:00,45.16666666666666,0,0.0,train
20260619,2026-06-19 12:12:00+09:00,44.5,0,0.0,train
20260619,2026-06-19 12:15:00+09:00,52.66666666666666,0,0.0,train
20260619,2026-06-19 12:18:00+09:00,68.66666666666667,0,0.0,train
20260619,2026-06-19 12:21:00+09:00,69.83333333333333,0,0.0,train
20260619,2026-06-19 12:24:00+09:00,71.33333333333333,0,0.0,train
20260619,2026-06-19 12:27:00+09:00,75.16666666666667,0,0.0,train
20260619,2026-06-19 12:30:00+09:00,73.0,0,0.0,train
20260619,2026-06-19 12:33:00+09:00,66.5,0,0.0,train
20260619,2026-06-19 12:36:00+09:00,69.5,0,0.0,train
20260619,2026-06-19 12:39:00+09:00,79.66666666666667,0,0.0,train
20260619,2026-06-19 12:42:00+09:00,81.66666666666667,0,0.0,train
20260619,2026-06-19 12:45:00+09:00,80.66666666666667,0,0.0,train
20260619,2026-06-19 12:48:00+09:00,64.16666666666667,0,0.0,train
20260619,2026-06-19 12:51:00+09:00,66.0,0,0.0,train
20260619,2026-06-19 12:54:00+09:00,64.33333333333333,0,0.0,train
20260619,2026-06-19 12:57:00+09:00,62.5,0,0.0,train
20260619,2026-06-19 13:00:00+09:00,65.0,0,0.0,train
20260619,2026-06-19 13:03:00+09:00,67.33333333333333,0,0.0,train
20260619,2026-06-19 13:06:00+09:00,55.5,0,0.0,train
20260619,2026-06-19 13:09:00+09:00,60.833333333333336,0,0.0,train
20260619,2026-06-19 13:12:00+09:00,58.66666666666666,0,0.0,train
20260619,2026-06-19 13:15:00+09:00,59.0,0,0.0,train
20260619,2026-06-19 13:18:00+09:00,59.66666666666666,0,0.0,train
20260619,2026-06-19 13:21:00+09:00,62.66666666666666,0,0.0,train
20260619,2026-06-19 13:24:00+09:00,65.33333333333333,0,0.0,train
20260619,2026-06-19 13:27:00+09:00,58.833333333333336,0,0.0,train
20260619,2026-06-19 13:30:00+09:00,57.333333333333336,0,0.0,train
20260619,2026-06-19 13:33:00+09:00,59.0,0,0.0,train
20260619,2026-06-19 13:36:00+09:00,60.333333333333336,0,0.0,train
20260619,2026-06-19 13:39:00+09:00,45.16666666666666,0,0.0,train
20260619,2026-06-19 13:42:00+09:00,48.0,0,0.0,train
20260619,2026-06-19 13:45:00+09:00,51.16666666666666,0,0.0,train
20260619,2026-06-19 13:48:00+09:00,65.5,0,0.0,train
20260619,2026-06-19 13:51:00+09:00,65.5,0,0.0,train
20260619,2026-06-19 13:54:00+09:00,63.66666666666666,0,0.0,train
20260619,2026-06-19 13:57:00+09:00,64.5,0,0.0,train
20260619,2026-06-19 14:00:00+09:00,67.5,0,0.0,train
20260619,2026-06-19 14:03:00+09:00,60.833333333333336,0,0.0,train
20260619,2026-06-19 14:06:00+09:00,58.333333333333336,0,0.0,train
20260619,2026-06-19 14:09:00+09:00,58.0,0,0.0,train
20260619,2026-06-19 14:12:00+09:00,59.66666666666666,0,0.0,train
20260619,2026-06-19 14:15:00+09:00,56.333333333333336,0,0.0,train
20260619,2026-06-19 14:18:00+09:00,55.333333333333336,0,0.0,train
20260619,2026-06-19 14:21:00+09:00,63.5,0,0.0,train
20260619,2026-06-19 14:24:00+09:00,60.333333333333336,0,0.0,train
20260619,2026-06-19 14:27:00+09:00,58.66666666666666,0,0.0,train
20260619,2026-06-19 14:30:00+09:00,57.16666666666666,0,0.0,train
20260619,2026-06-19 14:33:00+09:00,58.66666666666666,0,0.0,train
20260619,2026-06-19 14:36:00+09:00,61.16666666666666,0,0.0,train
20260619,2026-06-19 14:39:00+09:00,73.33333333333333,0,0.0,train
20260619,2026-06-19 14:42:00+09:00,80.83333333333333,0,0.0,train
20260619,2026-06-19 14:45:00+09:00,80.66666666666667,0,0.0,train
20260619,2026-06-19 14:48:00+09:00,80.66666666666667,0,0.0,train
20260619,2026-06-19 14:51:00+09:00,76.0,0,0.0,train
20260619,2026-06-19 14:54:00+09:00,78.0,0,0.0,train
20260619,2026-06-19 14:57:00+09:00,80.33333333333333,0,0.0,train
20260622,2026-06-22 10:00:00+09:00,58.333333333333336,0,0.0,train
20260622,2026-06-22 10:03:00+09:00,49.16666666666666,0,0.0,train
20260622,2026-06-22 10:06:00+09:00,47.5,0,0.0,train
20260622,2026-06-22 10:09:00+09:00,48.66666666666666,0,0.0,train
20260622,2026-06-22 10:12:00+09:00,43.16666666666666,0,0.0,train
20260622,2026-06-22 10:15:00+09:00,29.166666666666668,0,0.0,train
20260622,2026-06-22 10:18:00+09:00,30.666666666666668,0,0.0,train
20260622,2026-06-22 10:21:00+09:00,31.83333333333333,0,0.0,train
20260622,2026-06-22 10:24:00+09:00,34.5,0,0.0,train
20260622,2026-06-22 10:27:00+09:00,36.333333333333336,0,0.0,train
20260622,2026-06-22 10:30:00+09:00,41.66666666666666,0,0.0,train
20260622,2026-06-22 10:33:00+09:00,57.833333333333336,0,0.0,train
20260622,2026-06-22 10:36:00+09:00,57.66666666666666,0,0.0,train
20260622,2026-06-22 10:39:00+09:00,53.16666666666666,0,0.0,train
20260622,2026-06-22 10:42:00+09:00,60.0,0,0.0,train
20260622,2026-06-22 10:45:00+09:00,63.833333333333336,0,0.0,train
20260622,2026-06-22 10:48:00+09:00,64.5,0,0.0,train
20260622,2026-06-22 10:51:00+09:00,60.16666666666666,0,0.0,train
20260622,2026-06-22 10:54:00+09:00,57.0,0,0.0,train
20260622,2026-06-22 10:57:00+09:00,54.5,0,0.0,train
20260622,2026-06-22 11:00:00+09:00,52.833333333333336,0,0.0,train
20260622,2026-06-22 11:03:00+09:00,50.833333333333336,0,0.0,train
20260622,2026-06-22 11:06:00+09:00,54.16666666666666,0,0.0,train
20260622,2026-06-22 11:09:00+09:00,52.0,0,0.0,train
20260622,2026-06-22 11:12:00+09:00,47.833333333333336,0,0.0,train
20260622,2026-06-22 11:15:00+09:00,44.0,0,0.0,train
20260622,2026-06-22 11:18:00+09:00,42.833333333333336,0,0.0,train
20260622,2026-06-22 11:21:00+09:00,38.66666666666666,0,0.0,train
20260622,2026-06-22 11:24:00+09:00,39.333333333333336,0,0.0,train
20260622,2026-06-22 11:27:00+09:00,37.833333333333336,0,0.0,train
20260622,2026-06-22 11:30:00+09:00,39.0,0,0.0,train
20260622,2026-06-22 11:33:00+09:00,36.833333333333336,0,0.0,train
20260622,2026-06-22 11:36:00+09:00,38.5,0,0.0,train
20260622,2026-06-22 11:39:00+09:00,38.5,0,0.0,train
20260622,2026-06-22 11:42:00+09:00,36.5,0,0.0,train
20260622,2026-06-22 11:45:00+09:00,36.0,0,0.0,train
20260622,2026-06-22 11:48:00+09:00,36.833333333333336,0,0.0,train
20260622,2026-06-22 11:51:00+09:00,37.5,1,-198311.0,train
20260622,2026-06-22 11:54:00+09:00,34.0,1,-198311.0,train
20260622,2026-06-22 11:57:00+09:00,34.5,1,-198311.0,train
20260622,2026-06-22 12:00:00+09:00,32.0,1,-198311.0,train
20260622,2026-06-22 12:03:00+09:00,36.0,1,-198311.0,train
20260622,2026-06-22 12:06:00+09:00,36.16666666666666,1,-198311.0,train
20260622,2026-06-22 12:09:00+09:00,35.0,1,-198311.0,train
20260622,2026-06-22 12:12:00+09:00,37.333333333333336,1,-198311.0,train
20260622,2026-06-22 12:15:00+09:00,34.666666666666664,1,-198311.0,train
20260622,2026-06-22 12:18:00+09:00,43.5,1,-198311.0,train
20260622,2026-06-22 12:21:00+09:00,42.0,0,0.0,train
20260622,2026-06-22 12:24:00+09:00,44.5,0,0.0,train
20260622,2026-06-22 12:27:00+09:00,48.0,0,0.0,train
20260622,2026-06-22 12:30:00+09:00,47.0,0,0.0,train
20260622,2026-06-22 12:33:00+09:00,38.66666666666666,0,0.0,train
20260622,2026-06-22 12:36:00+09:00,38.333333333333336,0,0.0,train
20260622,2026-06-22 12:39:00+09:00,28.83333333333333,0,0.0,train
20260622,2026-06-22 12:42:00+09:00,29.0,0,0.0,train
20260622,2026-06-22 12:45:00+09:00,30.666666666666668,0,0.0,train
20260622,2026-06-22 12:48:00+09:00,32.0,0,0.0,train
20260622,2026-06-22 12:51:00+09:00,35.666666666666664,0,0.0,train
20260622,2026-06-22 12:54:00+09:00,35.166666666666664,0,0.0,train
20260622,2026-06-22 12:57:00+09:00,46.833333333333336,0,0.0,train
20260622,2026-06-22 13:00:00+09:00,45.66666666666666,0,0.0,train
20260622,2026-06-22 13:03:00+09:00,45.16666666666666,0,0.0,train
20260622,2026-06-22 13:06:00+09:00,51.66666666666666,0,0.0,train
20260622,2026-06-22 13:09:00+09:00,53.66666666666666,0,0.0,train
20260622,2026-06-22 13:12:00+09:00,51.333333333333336,0,0.0,train
20260622,2026-06-22 13:15:00+09:00,71.83333333333333,0,0.0,train
20260622,2026-06-22 13:18:00+09:00,72.66666666666667,0,0.0,train
20260622,2026-06-22 13:21:00+09:00,55.333333333333336,0,0.0,train
20260622,2026-06-22 13:24:00+09:00,59.833333333333336,0,0.0,train
20260622,2026-06-22 13:27:00+09:00,58.833333333333336,0,0.0,train
20260622,2026-06-22 13:30:00+09:00,56.0,0,0.0,train
20260622,2026-06-22 13:33:00+09:00,57.833333333333336,0,0.0,train
20260622,2026-06-22 13:36:00+09:00,54.0,0,0.0,train
20260622,2026-06-22 13:39:00+09:00,57.333333333333336,0,0.0,train
20260622,2026-06-22 13:42:00+09:00,53.833333333333336,0,0.0,train
20260622,2026-06-22 13:45:00+09:00,47.833333333333336,0,0.0,train
20260622,2026-06-22 13:48:00+09:00,52.16666666666666,0,0.0,train
20260622,2026-06-22 13:51:00+09:00,51.833333333333336,0,0.0,train
20260622,2026-06-22 13:54:00+09:00,45.16666666666666,0,0.0,train
20260622,2026-06-22 13:57:00+09:00,40.66666666666666,0,0.0,train
20260622,2026-06-22 14:00:00+09:00,44.16666666666666,0,0.0,train
20260622,2026-06-22 14:03:00+09:00,45.0,0,0.0,train
20260622,2026-06-22 14:06:00+09:00,47.833333333333336,0,0.0,train
20260622,2026-06-22 14:09:00+09:00,42.0,0,0.0,train
20260622,2026-06-22 14:12:00+09:00,46.333333333333336,0,0.0,train
20260622,2026-06-22 14:15:00+09:00,41.5,0,0.0,train
20260622,2026-06-22 14:18:00+09:00,36.5,0,0.0,train
20260622,2026-06-22 14:21:00+09:00,38.833333333333336,0,0.0,train
20260622,2026-06-22 14:24:00+09:00,38.333333333333336,0,0.0,train
20260622,2026-06-22 14:27:00+09:00,42.5,0,0.0,train
20260622,2026-06-22 14:30:00+09:00,45.0,0,0.0,train
20260622,2026-06-22 14:33:00+09:00,42.833333333333336,0,0.0,train
20260622,2026-06-22 14:36:00+09:00,33.333333333333336,0,0.0,train
20260622,2026-06-22 14:39:00+09:00,37.5,0,0.0,train
20260622,2026-06-22 14:42:00+09:00,29.5,0,0.0,train
20260622,2026-06-22 14:45:00+09:00,31.83333333333333,0,0.0,train
20260622,2026-06-22 14:48:00+09:00,34.5,0,0.0,train
20260622,2026-06-22 14:51:00+09:00,32.5,0,0.0,train
20260622,2026-06-22 14:54:00+09:00,31.83333333333333,0,0.0,train
20260622,2026-06-22 14:57:00+09:00,29.666666666666668,0,0.0,train
20260623,2026-06-23 09:12:00+09:00,68.33333333333333,0,0.0,train
20260623,2026-06-23 09:15:00+09:00,67.33333333333333,0,0.0,train
20260623,2026-06-23 09:18:00+09:00,65.16666666666667,0,0.0,train
20260623,2026-06-23 09:21:00+09:00,62.66666666666666,0,0.0,train
20260623,2026-06-23 09:24:00+09:00,64.83333333333333,0,0.0,train
20260623,2026-06-23 09:27:00+09:00,67.0,0,0.0,train
20260623,2026-06-23 09:30:00+09:00,68.0,0,0.0,train
20260623,2026-06-23 09:33:00+09:00,66.16666666666667,0,0.0,train
20260623,2026-06-23 09:36:00+09:00,65.16666666666667,0,0.0,train
20260623,2026-06-23 09:39:00+09:00,64.83333333333333,0,0.0,train
20260623,2026-06-23 09:42:00+09:00,62.5,0,0.0,train
20260623,2026-06-23 09:45:00+09:00,57.16666666666666,0,0.0,train
20260623,2026-06-23 09:48:00+09:00,55.16666666666666,0,0.0,train
20260623,2026-06-23 09:51:00+09:00,52.333333333333336,0,0.0,train
20260623,2026-06-23 09:54:00+09:00,50.333333333333336,0,0.0,train
20260623,2026-06-23 09:57:00+09:00,49.333333333333336,0,0.0,train
20260623,2026-06-23 10:00:00+09:00,60.833333333333336,0,0.0,train
20260623,2026-06-23 10:03:00+09:00,60.833333333333336,1,458740.0,train
20260623,2026-06-23 10:06:00+09:00,61.833333333333336,1,458740.0,train
20260623,2026-06-23 10:09:00+09:00,55.333333333333336,1,458740.0,train
20260623,2026-06-23 10:12:00+09:00,58.333333333333336,1,458740.0,train
20260623,2026-06-23 10:15:00+09:00,55.833333333333336,1,458740.0,train
20260623,2026-06-23 10:18:00+09:00,54.833333333333336,1,458740.0,train
20260623,2026-06-23 10:21:00+09:00,49.833333333333336,1,458740.0,train
20260623,2026-06-23 10:24:00+09:00,46.16666666666666,1,458740.0,train
20260623,2026-06-23 10:27:00+09:00,49.0,1,458740.0,train
20260623,2026-06-23 10:30:00+09:00,52.333333333333336,1,458740.0,train
20260623,2026-06-23 10:33:00+09:00,64.0,0,0.0,train
20260623,2026-06-23 10:36:00+09:00,74.5,0,0.0,train
20260623,2026-06-23 10:39:00+09:00,75.33333333333333,0,0.0,train
20260623,2026-06-23 10:42:00+09:00,74.16666666666667,0,0.0,train
20260623,2026-06-23 10:45:00+09:00,64.16666666666667,0,0.0,train
20260623,2026-06-23 10:48:00+09:00,65.0,0,0.0,train
20260623,2026-06-23 10:51:00+09:00,69.33333333333333,0,0.0,train
20260623,2026-06-23 10:54:00+09:00,69.5,0,0.0,train
20260623,2026-06-23 10:57:00+09:00,69.66666666666667,0,0.0,train
20260623,2026-06-23 11:00:00+09:00,66.66666666666667,0,0.0,train
20260623,2026-06-23 11:03:00+09:00,49.833333333333336,0,0.0,train
20260623,2026-06-23 11:06:00+09:00,55.5,0,0.0,train
20260623,2026-06-23 11:09:00+09:00,52.66666666666666,0,0.0,train
20260623,2026-06-23 11:12:00+09:00,54.5,0,0.0,train
20260623,2026-06-23 11:15:00+09:00,48.5,0,0.0,train
20260623,2026-06-23 11:18:00+09:00,54.66666666666666,0,0.0,train
20260623,2026-06-23 11:21:00+09:00,54.0,0,0.0,train
20260623,2026-06-23 11:24:00+09:00,53.0,0,0.0,train
20260623,2026-06-23 11:27:00+09:00,51.16666666666666,0,0.0,train
20260623,2026-06-23 11:30:00+09:00,54.66666666666666,0,0.0,train
20260623,2026-06-23 11:33:00+09:00,39.333333333333336,0,0.0,train
20260623,2026-06-23 11:36:00+09:00,36.833333333333336,0,0.0,train
20260623,2026-06-23 11:39:00+09:00,40.0,0,0.0,train
20260623,2026-06-23 11:42:00+09:00,42.66666666666666,0,0.0,train
20260623,2026-06-23 11:45:00+09:00,48.5,0,0.0,train
20260623,2026-06-23 11:48:00+09:00,53.333333333333336,0,0.0,train
20260623,2026-06-23 11:51:00+09:00,57.833333333333336,0,0.0,train
20260623,2026-06-23 11:54:00+09:00,61.333333333333336,0,0.0,train
20260623,2026-06-23 11:57:00+09:00,62.333333333333336,0,0.0,train
20260623,2026-06-23 12:00:00+09:00,62.66666666666666,1,5805.0,train
20260623,2026-06-23 12:03:00+09:00,64.33333333333333,1,5805.0,train
20260623,2026-06-23 12:06:00+09:00,63.5,1,5805.0,train
20260623,2026-06-23 12:09:00+09:00,61.833333333333336,1,5805.0,train
20260623,2026-06-23 12:12:00+09:00,59.833333333333336,1,5805.0,train
20260623,2026-06-23 12:15:00+09:00,54.5,1,5805.0,train
20260623,2026-06-23 12:18:00+09:00,56.833333333333336,1,5805.0,train
20260623,2026-06-23 12:21:00+09:00,47.833333333333336,1,5805.0,train
20260623,2026-06-23 12:24:00+09:00,47.66666666666666,1,5805.0,train
20260623,2026-06-23 12:27:00+09:00,45.16666666666666,1,5805.0,train
20260623,2026-06-23 12:30:00+09:00,38.5,0,0.0,train
20260623,2026-06-23 12:33:00+09:00,44.0,0,0.0,train
20260623,2026-06-23 12:36:00+09:00,47.833333333333336,0,0.0,train
20260623,2026-06-23 12:39:00+09:00,49.66666666666666,0,0.0,train
20260623,2026-06-23 12:42:00+09:00,50.333333333333336,0,0.0,train
20260623,2026-06-23 12:45:00+09:00,57.333333333333336,0,0.0,train
20260623,2026-06-23 12:48:00+09:00,57.0,0,0.0,train
20260623,2026-06-23 12:51:00+09:00,60.833333333333336,0,0.0,train
20260623,2026-06-23 12:54:00+09:00,76.83333333333333,0,0.0,train
20260623,2026-06-23 12:57:00+09:00,75.5,1,368276.0,train
20260623,2026-06-23 13:00:00+09:00,73.16666666666667,1,368276.0,train
20260623,2026-06-23 13:03:00+09:00,72.83333333333333,1,368276.0,train
20260623,2026-06-23 13:06:00+09:00,72.16666666666667,1,368276.0,train
20260623,2026-06-23 13:09:00+09:00,72.83333333333333,1,368276.0,train
20260623,2026-06-23 13:12:00+09:00,71.16666666666667,1,368276.0,train
20260623,2026-06-23 13:15:00+09:00,69.5,1,368276.0,train
20260623,2026-06-23 13:18:00+09:00,71.0,1,368276.0,train
20260623,2026-06-23 13:21:00+09:00,67.16666666666667,1,368276.0,train
20260623,2026-06-23 13:24:00+09:00,65.83333333333333,1,368276.0,train
20260623,2026-06-23 13:27:00+09:00,68.0,0,0.0,train
20260623,2026-06-23 13:30:00+09:00,60.833333333333336,0,0.0,train
20260623,2026-06-23 13:33:00+09:00,58.5,0,0.0,train
20260623,2026-06-23 13:36:00+09:00,52.333333333333336,0,0.0,train
20260623,2026-06-23 13:39:00+09:00,47.66666666666666,0,0.0,train
20260623,2026-06-23 13:42:00+09:00,53.16666666666666,0,0.0,train
20260623,2026-06-23 13:45:00+09:00,45.66666666666666,0,0.0,train
20260623,2026-06-23 13:48:00+09:00,44.0,0,0.0,train
20260623,2026-06-23 13:51:00+09:00,48.66666666666666,0,0.0,train
20260623,2026-06-23 13:54:00+09:00,38.833333333333336,0,0.0,train
20260623,2026-06-23 13:57:00+09:00,42.16666666666666,0,0.0,train
20260623,2026-06-23 14:00:00+09:00,47.333333333333336,0,0.0,train
20260623,2026-06-23 14:03:00+09:00,49.66666666666666,0,0.0,train
20260623,2026-06-23 14:06:00+09:00,60.0,0,0.0,train
20260623,2026-06-23 14:09:00+09:00,57.66666666666666,0,0.0,train
20260623,2026-06-23 14:12:00+09:00,55.333333333333336,0,0.0,train
20260623,2026-06-23 14:15:00+09:00,49.333333333333336,0,0.0,train
20260623,2026-06-23 14:18:00+09:00,50.66666666666666,0,0.0,train
20260623,2026-06-23 14:21:00+09:00,49.333333333333336,0,0.0,train
20260623,2026-06-23 14:24:00+09:00,46.333333333333336,0,0.0,train
20260623,2026-06-23 14:27:00+09:00,47.0,0,0.0,train
20260623,2026-06-23 14:30:00+09:00,46.66666666666666,0,0.0,train
20260623,2026-06-23 14:33:00+09:00,54.833333333333336,0,0.0,train
20260623,2026-06-23 14:36:00+09:00,55.66666666666666,0,0.0,train
20260623,2026-06-23 14:39:00+09:00,55.66666666666666,0,0.0,train
20260623,2026-06-23 14:42:00+09:00,55.66666666666666,0,0.0,train
20260623,2026-06-23 14:45:00+09:00,55.66666666666666,0,0.0,train
20260623,2026-06-23 14:48:00+09:00,55.66666666666666,0,0.0,train
20260623,2026-06-23 14:51:00+09:00,55.66666666666666,0,0.0,train
20260623,2026-06-23 14:54:00+09:00,55.66666666666666,0,0.0,train
20260623,2026-06-23 14:57:00+09:00,55.66666666666666,0,0.0,train
20260624,2026-06-24 09:12:00+09:00,60.5,0,0.0,train
20260624,2026-06-24 09:15:00+09:00,62.5,0,0.0,train
20260624,2026-06-24 09:18:00+09:00,65.0,0,0.0,train
20260624,2026-06-24 09:21:00+09:00,70.83333333333333,0,0.0,train
20260624,2026-06-24 09:24:00+09:00,73.33333333333333,0,0.0,train
20260624,2026-06-24 09:27:00+09:00,74.0,0,0.0,train
20260624,2026-06-24 09:30:00+09:00,75.66666666666667,1,419175.0,train
20260624,2026-06-24 09:33:00+09:00,66.33333333333333,1,419175.0,train
20260624,2026-06-24 09:36:00+09:00,61.5,1,419175.0,train
20260624,2026-06-24 09:39:00+09:00,57.0,1,419175.0,train
20260624,2026-06-24 09:42:00+09:00,57.16666666666666,1,419175.0,train
20260624,2026-06-24 09:45:00+09:00,57.833333333333336,1,419175.0,train
20260624,2026-06-24 09:48:00+09:00,59.16666666666666,1,419175.0,train
20260624,2026-06-24 09:51:00+09:00,57.0,1,419175.0,train
20260624,2026-06-24 09:54:00+09:00,54.5,1,419175.0,train
20260624,2026-06-24 09:57:00+09:00,56.16666666666666,1,419175.0,train
20260624,2026-06-24 10:00:00+09:00,48.333333333333336,0,0.0,train
20260624,2026-06-24 10:03:00+09:00,54.833333333333336,0,0.0,train
20260624,2026-06-24 10:06:00+09:00,56.5,0,0.0,train
20260624,2026-06-24 10:09:00+09:00,65.5,1,-179831.0,train
20260624,2026-06-24 10:12:00+09:00,67.16666666666667,1,-179831.0,train
20260624,2026-06-24 10:15:00+09:00,68.0,1,-179831.0,train
20260624,2026-06-24 10:18:00+09:00,65.0,1,-179831.0,train
20260624,2026-06-24 10:21:00+09:00,60.833333333333336,1,-179831.0,train
20260624,2026-06-24 10:24:00+09:00,59.16666666666666,1,-179831.0,train
20260624,2026-06-24 10:27:00+09:00,62.833333333333336,1,-179831.0,train
20260624,2026-06-24 10:30:00+09:00,69.0,1,-179831.0,train
20260624,2026-06-24 10:33:00+09:00,58.333333333333336,1,-179831.0,train
20260624,2026-06-24 10:36:00+09:00,53.5,1,-179831.0,train
20260624,2026-06-24 10:39:00+09:00,66.0,0,0.0,train
20260624,2026-06-24 10:42:00+09:00,63.833333333333336,0,0.0,train
20260624,2026-06-24 10:45:00+09:00,65.66666666666667,0,0.0,train
20260624,2026-06-24 10:48:00+09:00,67.66666666666667,0,0.0,train
20260624,2026-06-24 10:51:00+09:00,64.5,0,0.0,train
20260624,2026-06-24 10:54:00+09:00,63.0,0,0.0,train
20260624,2026-06-24 10:57:00+09:00,64.5,0,0.0,train
20260624,2026-06-24 11:00:00+09:00,46.16666666666666,0,0.0,train
20260624,2026-06-24 11:03:00+09:00,45.0,0,0.0,train
20260624,2026-06-24 11:06:00+09:00,56.16666666666666,0,0.0,train
20260624,2026-06-24 11:09:00+09:00,55.5,0,0.0,train
20260624,2026-06-24 11:12:00+09:00,56.833333333333336,0,0.0,train
20260624,2026-06-24 11:15:00+09:00,53.833333333333336,0,0.0,train
20260624,2026-06-24 11:18:00+09:00,56.833333333333336,0,0.0,train
20260624,2026-06-24 11:21:00+09:00,60.16666666666666,0,0.0,train
20260624,2026-06-24 11:24:00+09:00,60.333333333333336,0,0.0,train
20260624,2026-06-24 11:27:00+09:00,62.833333333333336,0,0.0,train
20260624,2026-06-24 11:30:00+09:00,56.333333333333336,0,0.0,train
20260624,2026-06-24 11:33:00+09:00,55.66666666666666,0,0.0,train
20260624,2026-06-24 11:36:00+09:00,49.66666666666666,0,0.0,train
20260624,2026-06-24 11:39:00+09:00,43.5,0,0.0,train
20260624,2026-06-24 11:42:00+09:00,49.66666666666666,0,0.0,train
20260624,2026-06-24 11:45:00+09:00,52.5,0,0.0,train
20260624,2026-06-24 11:48:00+09:00,55.0,0,0.0,train
20260624,2026-06-24 11:51:00+09:00,54.333333333333336,0,0.0,train
20260624,2026-06-24 11:54:00+09:00,54.833333333333336,0,0.0,train
20260624,2026-06-24 11:57:00+09:00,54.333333333333336,0,0.0,train
20260624,2026-06-24 12:00:00+09:00,55.5,0,0.0,train
20260624,2026-06-24 12:03:00+09:00,55.66666666666666,0,0.0,train
20260624,2026-06-24 12:06:00+09:00,56.5,0,0.0,train
20260624,2026-06-24 12:09:00+09:00,56.333333333333336,0,0.0,train
20260624,2026-06-24 12:12:00+09:00,64.5,0,0.0,train
20260624,2026-06-24 12:15:00+09:00,62.16666666666666,0,0.0,train
20260624,2026-06-24 12:18:00+09:00,50.833333333333336,0,0.0,train
20260624,2026-06-24 12:21:00+09:00,51.5,0,0.0,train
20260624,2026-06-24 12:24:00+09:00,51.66666666666666,0,0.0,train
20260624,2026-06-24 12:27:00+09:00,56.66666666666666,0,0.0,train
20260624,2026-06-24 12:30:00+09:00,52.333333333333336,0,0.0,train
20260624,2026-06-24 12:33:00+09:00,53.833333333333336,0,0.0,train
20260624,2026-06-24 12:36:00+09:00,53.833333333333336,0,0.0,train
20260624,2026-06-24 12:39:00+09:00,56.833333333333336,0,0.0,train
20260624,2026-06-24 12:42:00+09:00,58.5,0,0.0,train
20260624,2026-06-24 12:45:00+09:00,58.16666666666666,0,0.0,train
20260624,2026-06-24 12:48:00+09:00,61.66666666666666,1,-185704.0,train
20260624,2026-06-24 12:51:00+09:00,65.5,1,-185704.0,train
20260624,2026-06-24 12:54:00+09:00,63.66666666666666,1,-185704.0,train
20260624,2026-06-24 12:57:00+09:00,52.833333333333336,1,-185704.0,train
20260624,2026-06-24 13:00:00+09:00,44.5,1,-185704.0,train
20260624,2026-06-24 13:03:00+09:00,43.16666666666666,1,-185704.0,train
20260624,2026-06-24 13:06:00+09:00,50.5,1,-185704.0,train
20260624,2026-06-24 13:09:00+09:00,50.66666666666666,1,-185704.0,train
20260624,2026-06-24 13:12:00+09:00,48.16666666666666,1,-185704.0,train
20260624,2026-06-24 13:15:00+09:00,46.5,1,-185704.0,train
20260624,2026-06-24 13:18:00+09:00,58.0,0,0.0,train
20260624,2026-06-24 13:21:00+09:00,60.66666666666666,0,0.0,train
20260624,2026-06-24 13:24:00+09:00,61.0,0,0.0,train
20260624,2026-06-24 13:27:00+09:00,66.66666666666667,0,0.0,train
20260624,2026-06-24 13:30:00+09:00,48.0,0,0.0,train
20260624,2026-06-24 13:33:00+09:00,44.833333333333336,0,0.0,train
20260624,2026-06-24 13:36:00+09:00,40.16666666666666,0,0.0,train
20260624,2026-06-24 13:39:00+09:00,55.5,0,0.0,train
20260624,2026-06-24 13:42:00+09:00,63.333333333333336,0,0.0,train
20260624,2026-06-24 13:45:00+09:00,70.33333333333333,0,0.0,train
20260624,2026-06-24 13:48:00+09:00,66.33333333333333,0,0.0,train
20260624,2026-06-24 13:51:00+09:00,65.33333333333333,0,0.0,train
20260624,2026-06-24 13:54:00+09:00,64.16666666666667,0,0.0,train
20260624,2026-06-24 13:57:00+09:00,65.16666666666667,0,0.0,train
20260624,2026-06-24 14:00:00+09:00,63.333333333333336,0,0.0,train
20260624,2026-06-24 14:03:00+09:00,67.5,0,0.0,train
20260624,2026-06-24 14:06:00+09:00,69.0,0,0.0,train
20260624,2026-06-24 14:09:00+09:00,68.16666666666667,0,0.0,train
20260624,2026-06-24 14:12:00+09:00,67.83333333333333,0,0.0,train
20260624,2026-06-24 14:15:00+09:00,68.16666666666667,0,0.0,train
20260624,2026-06-24 14:18:00+09:00,54.66666666666666,0,0.0,train
20260624,2026-06-24 14:21:00+09:00,54.833333333333336,0,0.0,train
20260624,2026-06-24 14:24:00+09:00,55.5,0,0.0,train
20260624,2026-06-24 14:27:00+09:00,62.66666666666666,0,0.0,train
20260624,2026-06-24 14:30:00+09:00,66.0,0,0.0,train
20260624,2026-06-24 14:33:00+09:00,59.66666666666666,0,0.0,train
20260624,2026-06-24 14:36:00+09:00,58.833333333333336,0,0.0,train
20260624,2026-06-24 14:39:00+09:00,53.16666666666666,0,0.0,train
20260624,2026-06-24 14:42:00+09:00,50.0,0,0.0,train
20260624,2026-06-24 14:45:00+09:00,49.5,0,0.0,train
20260624,2026-06-24 14:48:00+09:00,51.16666666666666,0,0.0,train
20260624,2026-06-24 14:51:00+09:00,50.16666666666666,0,0.0,train
20260624,2026-06-24 14:54:00+09:00,55.5,0,0.0,train
20260624,2026-06-24 14:57:00+09:00,57.66666666666666,0,0.0,train
20260625,2026-06-25 10:00:00+09:00,28.33333333333333,0,0.0,train
20260625,2026-06-25 10:03:00+09:00,27.83333333333333,0,0.0,train
20260625,2026-06-25 10:06:00+09:00,24.5,0,0.0,train
20260625,2026-06-25 10:09:00+09:00,21.83333333333333,0,0.0,train
20260625,2026-06-25 10:12:00+09:00,18.166666666666668,0,0.0,train
20260625,2026-06-25 10:15:00+09:00,20.0,0,0.0,train
20260625,2026-06-25 10:18:00+09:00,15.333333333333334,0,0.0,train
20260625,2026-06-25 10:21:00+09:00,16.0,0,0.0,train
20260625,2026-06-25 10:24:00+09:00,21.33333333333333,0,0.0,train
20260625,2026-06-25 10:27:00+09:00,25.166666666666668,0,0.0,train
20260625,2026-06-25 10:30:00+09:00,23.0,0,0.0,train
20260625,2026-06-25 10:33:00+09:00,20.0,0,0.0,train
20260625,2026-06-25 10:36:00+09:00,17.166666666666668,0,0.0,train
20260625,2026-06-25 10:39:00+09:00,20.83333333333333,0,0.0,train
20260625,2026-06-25 10:42:00+09:00,16.166666666666668,0,0.0,train
20260625,2026-06-25 10:45:00+09:00,16.5,0,0.0,train
20260625,2026-06-25 10:48:00+09:00,17.5,0,0.0,train
20260625,2026-06-25 10:51:00+09:00,18.166666666666668,0,0.0,train
20260625,2026-06-25 10:54:00+09:00,15.666666666666666,0,0.0,train
20260625,2026-06-25 10:57:00+09:00,14.666666666666666,0,0.0,train
20260625,2026-06-25 11:00:00+09:00,16.166666666666668,0,0.0,train
20260625,2026-06-25 11:03:00+09:00,22.0,0,0.0,train
20260625,2026-06-25 11:06:00+09:00,17.666666666666668,0,0.0,train
20260625,2026-06-25 11:09:00+09:00,23.0,0,0.0,train
20260625,2026-06-25 11:12:00+09:00,20.166666666666668,0,0.0,train
20260625,2026-06-25 11:15:00+09:00,19.83333333333333,0,0.0,train
20260625,2026-06-25 11:18:00+09:00,17.166666666666668,0,0.0,train
20260625,2026-06-25 11:21:00+09:00,14.5,0,0.0,train
20260625,2026-06-25 11:24:00+09:00,19.666666666666668,0,0.0,train
20260625,2026-06-25 11:27:00+09:00,17.5,0,0.0,train
20260625,2026-06-25 11:30:00+09:00,16.166666666666668,0,0.0,train
20260625,2026-06-25 11:33:00+09:00,18.5,0,0.0,train
20260625,2026-06-25 11:36:00+09:00,13.833333333333334,0,0.0,train
20260625,2026-06-25 11:39:00+09:00,14.5,0,0.0,train
20260625,2026-06-25 11:42:00+09:00,21.5,0,0.0,train
20260625,2026-06-25 11:45:00+09:00,17.5,0,0.0,train
20260625,2026-06-25 11:48:00+09:00,17.0,0,0.0,train
20260625,2026-06-25 11:51:00+09:00,19.166666666666668,0,0.0,train
20260625,2026-06-25 11:54:00+09:00,18.83333333333333,0,0.0,train
20260625,2026-06-25 11:57:00+09:00,28.83333333333333,0,0.0,train
20260625,2026-06-25 12:00:00+09:00,32.833333333333336,0,0.0,train
20260625,2026-06-25 12:03:00+09:00,38.333333333333336,0,0.0,train
20260625,2026-06-25 12:06:00+09:00,39.66666666666666,0,0.0,train
20260625,2026-06-25 12:09:00+09:00,45.5,0,0.0,train
20260625,2026-06-25 12:12:00+09:00,48.66666666666666,0,0.0,train
20260625,2026-06-25 12:15:00+09:00,50.333333333333336,0,0.0,train
20260625,2026-06-25 12:18:00+09:00,53.5,0,0.0,train
20260625,2026-06-25 12:21:00+09:00,54.833333333333336,0,0.0,train
20260625,2026-06-25 12:24:00+09:00,48.16666666666666,0,0.0,train
20260625,2026-06-25 12:27:00+09:00,49.833333333333336,0,0.0,train
20260625,2026-06-25 12:30:00+09:00,48.0,0,0.0,train
20260625,2026-06-25 12:33:00+09:00,48.0,0,0.0,train
20260625,2026-06-25 12:36:00+09:00,49.0,0,0.0,train
20260625,2026-06-25 12:39:00+09:00,48.0,0,0.0,train
20260625,2026-06-25 12:42:00+09:00,47.0,0,0.0,train
20260625,2026-06-25 12:45:00+09:00,46.333333333333336,0,0.0,train
20260625,2026-06-25 12:48:00+09:00,43.66666666666666,0,0.0,train
20260625,2026-06-25 12:51:00+09:00,44.833333333333336,0,0.0,train
20260625,2026-06-25 12:54:00+09:00,43.833333333333336,0,0.0,train
20260625,2026-06-25 12:57:00+09:00,39.833333333333336,0,0.0,train
20260625,2026-06-25 13:00:00+09:00,40.16666666666666,0,0.0,train
20260625,2026-06-25 13:03:00+09:00,44.16666666666666,0,0.0,train
20260625,2026-06-25 13:06:00+09:00,39.333333333333336,0,0.0,train
20260625,2026-06-25 13:09:00+09:00,41.0,0,0.0,train
20260625,2026-06-25 13:12:00+09:00,41.5,0,0.0,train
20260625,2026-06-25 13:15:00+09:00,40.66666666666666,0,0.0,train
20260625,2026-06-25 13:18:00+09:00,43.0,0,0.0,train
20260625,2026-06-25 13:21:00+09:00,39.5,0,0.0,train
20260625,2026-06-25 13:24:00+09:00,39.66666666666666,0,0.0,train
20260625,2026-06-25 13:27:00+09:00,40.16666666666666,0,0.0,train
20260625,2026-06-25 13:30:00+09:00,37.833333333333336,0,0.0,train
20260625,2026-06-25 13:33:00+09:00,34.5,0,0.0,train
20260625,2026-06-25 13:36:00+09:00,30.666666666666668,0,0.0,train
20260625,2026-06-25 13:39:00+09:00,33.666666666666664,0,0.0,train
20260625,2026-06-25 13:42:00+09:00,32.333333333333336,0,0.0,train
20260625,2026-06-25 13:45:00+09:00,32.5,0,0.0,train
20260625,2026-06-25 13:48:00+09:00,26.166666666666668,0,0.0,train
20260625,2026-06-25 13:51:00+09:00,29.166666666666668,0,0.0,train
20260625,2026-06-25 13:54:00+09:00,30.5,0,0.0,train
20260625,2026-06-25 13:57:00+09:00,30.666666666666668,0,0.0,train
20260625,2026-06-25 14:00:00+09:00,31.83333333333333,0,0.0,train
20260625,2026-06-25 14:03:00+09:00,32.0,0,0.0,train
20260625,2026-06-25 14:06:00+09:00,27.33333333333333,0,0.0,train
20260625,2026-06-25 14:09:00+09:00,36.66666666666666,0,0.0,train
20260625,2026-06-25 14:12:00+09:00,39.0,0,0.0,train
20260625,2026-06-25 14:15:00+09:00,35.0,0,0.0,train
20260625,2026-06-25 14:18:00+09:00,36.0,0,0.0,train
20260625,2026-06-25 14:21:00+09:00,35.0,0,0.0,train
20260625,2026-06-25 14:24:00+09:00,31.33333333333333,0,0.0,train
20260625,2026-06-25 14:27:00+09:00,33.166666666666664,0,0.0,train
20260625,2026-06-25 14:30:00+09:00,35.333333333333336,0,0.0,train
20260625,2026-06-25 14:33:00+09:00,29.666666666666668,0,0.0,train
20260625,2026-06-25 14:36:00+09:00,32.166666666666664,0,0.0,train
20260625,2026-06-25 14:39:00+09:00,27.0,0,0.0,train
20260625,2026-06-25 14:42:00+09:00,29.83333333333333,0,0.0,train
20260625,2026-06-25 14:45:00+09:00,34.166666666666664,0,0.0,train
20260625,2026-06-25 14:48:00+09:00,30.0,0,0.0,train
20260625,2026-06-25 14:51:00+09:00,29.666666666666668,0,0.0,train
20260625,2026-06-25 14:54:00+09:00,33.833333333333336,0,0.0,train
20260625,2026-06-25 14:57:00+09:00,32.5,0,0.0,train
20260626,2026-06-26 10:00:00+09:00,26.666666666666668,0,0.0,train
20260626,2026-06-26 10:03:00+09:00,31.0,0,0.0,train
20260626,2026-06-26 10:06:00+09:00,31.666666666666668,0,0.0,train
20260626,2026-06-26 10:09:00+09:00,35.833333333333336,0,0.0,train
20260626,2026-06-26 10:12:00+09:00,33.833333333333336,0,0.0,train
20260626,2026-06-26 10:15:00+09:00,34.166666666666664,0,0.0,train
20260626,2026-06-26 10:18:00+09:00,33.666666666666664,0,0.0,train
20260626,2026-06-26 10:21:00+09:00,36.833333333333336,0,0.0,train
20260626,2026-06-26 10:24:00+09:00,28.83333333333333,0,0.0,train
20260626,2026-06-26 10:27:00+09:00,27.33333333333333,0,0.0,train
20260626,2026-06-26 10:30:00+09:00,33.333333333333336,0,0.0,train
20260626,2026-06-26 10:33:00+09:00,28.33333333333333,0,0.0,train
20260626,2026-06-26 10:36:00+09:00,32.0,0,0.0,train
20260626,2026-06-26 10:39:00+09:00,29.5,0,0.0,train
20260626,2026-06-26 10:42:00+09:00,31.5,0,0.0,train
20260626,2026-06-26 10:45:00+09:00,36.0,0,0.0,train
20260626,2026-06-26 10:48:00+09:00,34.833333333333336,0,0.0,train
20260626,2026-06-26 10:51:00+09:00,28.0,0,0.0,train
20260626,2026-06-26 10:54:00+09:00,35.666666666666664,0,0.0,train
20260626,2026-06-26 10:57:00+09:00,36.5,0,0.0,train
20260626,2026-06-26 11:00:00+09:00,31.33333333333333,0,0.0,train
20260626,2026-06-26 11:03:00+09:00,33.666666666666664,0,0.0,train
20260626,2026-06-26 11:06:00+09:00,35.666666666666664,0,0.0,train
20260626,2026-06-26 11:09:00+09:00,34.833333333333336,0,0.0,train
20260626,2026-06-26 11:12:00+09:00,32.0,0,0.0,train
20260626,2026-06-26 11:15:00+09:00,35.5,0,0.0,train
20260626,2026-06-26 11:18:00+09:00,31.0,0,0.0,train
20260626,2026-06-26 11:21:00+09:00,34.666666666666664,0,0.0,train
20260626,2026-06-26 11:24:00+09:00,33.333333333333336,0,0.0,train
20260626,2026-06-26 11:27:00+09:00,32.5,0,0.0,train
20260626,2026-06-26 11:30:00+09:00,39.0,0,0.0,train
20260626,2026-06-26 11:33:00+09:00,31.666666666666668,0,0.0,train
20260626,2026-06-26 11:36:00+09:00,33.166666666666664,0,0.0,train
20260626,2026-06-26 11:39:00+09:00,31.0,0,0.0,train
20260626,2026-06-26 11:42:00+09:00,34.5,0,0.0,train
20260626,2026-06-26 11:45:00+09:00,31.5,0,0.0,train
20260626,2026-06-26 11:48:00+09:00,29.166666666666668,0,0.0,train
20260626,2026-06-26 11:51:00+09:00,30.33333333333333,0,0.0,train
20260626,2026-06-26 11:54:00+09:00,27.666666666666668,0,0.0,train
20260626,2026-06-26 11:57:00+09:00,33.166666666666664,0,0.0,train
20260626,2026-06-26 12:00:00+09:00,33.0,0,0.0,train
20260626,2026-06-26 12:03:00+09:00,35.0,0,0.0,train
20260626,2026-06-26 12:06:00+09:00,41.16666666666666,0,0.0,train
20260626,2026-06-26 12:09:00+09:00,47.333333333333336,0,0.0,train
20260626,2026-06-26 12:12:00+09:00,51.0,0,0.0,train
20260626,2026-06-26 12:15:00+09:00,53.833333333333336,0,0.0,train
20260626,2026-06-26 12:18:00+09:00,56.333333333333336,0,0.0,train
20260626,2026-06-26 12:21:00+09:00,57.0,0,0.0,train
20260626,2026-06-26 12:24:00+09:00,57.16666666666666,0,0.0,train
20260626,2026-06-26 12:27:00+09:00,51.16666666666666,0,0.0,train
20260626,2026-06-26 12:30:00+09:00,52.333333333333336,0,0.0,train
20260626,2026-06-26 12:33:00+09:00,51.0,0,0.0,train
20260626,2026-06-26 12:36:00+09:00,50.66666666666666,0,0.0,train
20260626,2026-06-26 12:39:00+09:00,49.833333333333336,0,0.0,train
20260626,2026-06-26 12:42:00+09:00,49.16666666666666,0,0.0,train
20260626,2026-06-26 12:45:00+09:00,48.333333333333336,0,0.0,train
20260626,2026-06-26 12:48:00+09:00,46.66666666666666,0,0.0,train
20260626,2026-06-26 12:51:00+09:00,44.66666666666666,0,0.0,train
20260626,2026-06-26 12:54:00+09:00,45.0,0,0.0,train
20260626,2026-06-26 12:57:00+09:00,42.0,0,0.0,train
20260626,2026-06-26 13:00:00+09:00,40.5,0,0.0,train
20260626,2026-06-26 13:03:00+09:00,44.5,0,0.0,train
20260626,2026-06-26 13:06:00+09:00,45.66666666666666,0,0.0,train
20260626,2026-06-26 13:09:00+09:00,42.66666666666666,0,0.0,train
20260626,2026-06-26 13:12:00+09:00,45.0,0,0.0,train
20260626,2026-06-26 13:15:00+09:00,44.333333333333336,0,0.0,train
20260626,2026-06-26 13:18:00+09:00,45.66666666666666,0,0.0,train
20260626,2026-06-26 13:21:00+09:00,44.833333333333336,0,0.0,train
20260626,2026-06-26 13:24:00+09:00,42.66666666666666,0,0.0,train
20260626,2026-06-26 13:27:00+09:00,44.0,0,0.0,train
20260626,2026-06-26 13:30:00+09:00,38.833333333333336,0,0.0,train
20260626,2026-06-26 13:33:00+09:00,37.16666666666666,0,0.0,train
20260626,2026-06-26 13:36:00+09:00,32.833333333333336,0,0.0,train
20260626,2026-06-26 13:39:00+09:00,36.16666666666666,0,0.0,train
20260626,2026-06-26 13:42:00+09:00,34.166666666666664,0,0.0,train
20260626,2026-06-26 13:45:00+09:00,31.666666666666668,0,0.0,train
20260626,2026-06-26 13:48:00+09:00,29.83333333333333,0,0.0,train
20260626,2026-06-26 13:51:00+09:00,30.666666666666668,0,0.0,train
20260626,2026-06-26 13:54:00+09:00,34.333333333333336,0,0.0,train
20260626,2026-06-26 13:57:00+09:00,36.16666666666666,0,0.0,train
20260626,2026-06-26 14:00:00+09:00,35.833333333333336,0,0.0,train
20260626,2026-06-26 14:03:00+09:00,37.0,0,0.0,train
20260626,2026-06-26 14:06:00+09:00,33.666666666666664,0,0.0,train
20260626,2026-06-26 14:09:00+09:00,39.0,0,0.0,train
20260626,2026-06-26 14:12:00+09:00,40.66666666666666,0,0.0,train
20260626,2026-06-26 14:15:00+09:00,42.16666666666666,0,0.0,train
20260626,2026-06-26 14:18:00+09:00,42.0,0,0.0,train
20260626,2026-06-26 14:21:00+09:00,39.833333333333336,0,0.0,train
20260626,2026-06-26 14:24:00+09:00,40.16666666666666,0,0.0,train
20260626,2026-06-26 14:27:00+09:00,35.333333333333336,0,0.0,train
20260626,2026-06-26 14:30:00+09:00,38.333333333333336,0,0.0,train
20260626,2026-06-26 14:33:00+09:00,39.5,0,0.0,train
20260626,2026-06-26 14:36:00+09:00,38.833333333333336,0,0.0,train
20260626,2026-06-26 14:39:00+09:00,34.333333333333336,0,0.0,train
20260626,2026-06-26 14:42:00+09:00,34.333333333333336,0,0.0,train
20260626,2026-06-26 14:45:00+09:00,34.5,0,0.0,train
20260626,2026-06-26 14:48:00+09:00,33.0,0,0.0,train
20260626,2026-06-26 14:51:00+09:00,37.66666666666666,0,0.0,train
20260626,2026-06-26 14:54:00+09:00,36.5,0,0.0,train
20260626,2026-06-26 14:57:00+09:00,38.66666666666666,0,0.0,train
20260629,2026-06-29 10:00:00+09:00,19.33333333333333,0,0.0,train
20260629,2026-06-29 10:03:00+09:00,23.166666666666668,0,0.0,train
20260629,2026-06-29 10:06:00+09:00,25.166666666666668,0,0.0,train
20260629,2026-06-29 10:09:00+09:00,23.666666666666668,0,0.0,train
20260629,2026-06-29 10:12:00+09:00,15.166666666666666,0,0.0,train
20260629,2026-06-29 10:15:00+09:00,14.0,0,0.0,train
20260629,2026-06-29 10:18:00+09:00,18.33333333333333,0,0.0,train
20260629,2026-06-29 10:21:00+09:00,17.833333333333332,0,0.0,train
20260629,2026-06-29 10:24:00+09:00,14.666666666666666,0,0.0,train
20260629,2026-06-29 10:27:00+09:00,21.0,0,0.0,train
20260629,2026-06-29 10:30:00+09:00,18.83333333333333,0,0.0,train
20260629,2026-06-29 10:33:00+09:00,15.666666666666666,0,0.0,train
20260629,2026-06-29 10:36:00+09:00,14.833333333333334,0,0.0,train
20260629,2026-06-29 10:39:00+09:00,20.83333333333333,0,0.0,train
20260629,2026-06-29 10:42:00+09:00,21.166666666666668,0,0.0,train
20260629,2026-06-29 10:45:00+09:00,22.166666666666668,0,0.0,train
20260629,2026-06-29 10:48:00+09:00,18.5,0,0.0,train
20260629,2026-06-29 10:51:00+09:00,16.5,0,0.0,train
20260629,2026-06-29 10:54:00+09:00,23.666666666666668,0,0.0,train
20260629,2026-06-29 10:57:00+09:00,19.0,0,0.0,train
20260629,2026-06-29 11:00:00+09:00,13.833333333333334,0,0.0,train
20260629,2026-06-29 11:03:00+09:00,15.0,0,0.0,train
20260629,2026-06-29 11:06:00+09:00,24.0,0,0.0,train
20260629,2026-06-29 11:09:00+09:00,16.666666666666668,0,0.0,train
20260629,2026-06-29 11:12:00+09:00,19.166666666666668,0,0.0,train
20260629,2026-06-29 11:15:00+09:00,19.166666666666668,0,0.0,train
20260629,2026-06-29 11:18:00+09:00,23.0,0,0.0,train
20260629,2026-06-29 11:21:00+09:00,21.33333333333333,0,0.0,train
20260629,2026-06-29 11:24:00+09:00,18.166666666666668,0,0.0,train
20260629,2026-06-29 11:27:00+09:00,22.166666666666668,0,0.0,train
20260629,2026-06-29 11:30:00+09:00,21.666666666666668,0,0.0,train
20260629,2026-06-29 11:33:00+09:00,21.666666666666668,0,0.0,train
20260629,2026-06-29 11:36:00+09:00,17.333333333333332,0,0.0,train
20260629,2026-06-29 11:39:00+09:00,17.5,0,0.0,train
20260629,2026-06-29 11:42:00+09:00,22.166666666666668,0,0.0,train
20260629,2026-06-29 11:45:00+09:00,19.166666666666668,0,0.0,train
20260629,2026-06-29 11:48:00+09:00,25.5,0,0.0,train
20260629,2026-06-29 11:51:00+09:00,24.666666666666668,0,0.0,train
20260629,2026-06-29 11:54:00+09:00,20.33333333333333,0,0.0,train
20260629,2026-06-29 11:57:00+09:00,26.666666666666668,0,0.0,train
20260629,2026-06-29 12:00:00+09:00,31.166666666666668,0,0.0,train
20260629,2026-06-29 12:03:00+09:00,28.5,0,0.0,train
20260629,2026-06-29 12:06:00+09:00,34.666666666666664,0,0.0,train
20260629,2026-06-29 12:09:00+09:00,41.5,0,0.0,train
20260629,2026-06-29 12:12:00+09:00,42.833333333333336,0,0.0,train
20260629,2026-06-29 12:15:00+09:00,47.66666666666666,0,0.0,train
20260629,2026-06-29 12:18:00+09:00,48.66666666666666,0,0.0,train
20260629,2026-06-29 12:21:00+09:00,52.333333333333336,0,0.0,train
20260629,2026-06-29 12:24:00+09:00,45.16666666666666,0,0.0,train
20260629,2026-06-29 12:27:00+09:00,46.333333333333336,0,0.0,train
20260629,2026-06-29 12:30:00+09:00,46.16666666666666,0,0.0,train
20260629,2026-06-29 12:33:00+09:00,45.333333333333336,0,0.0,train
20260629,2026-06-29 12:36:00+09:00,45.66666666666666,0,0.0,train
20260629,2026-06-29 12:39:00+09:00,44.16666666666666,0,0.0,train
20260629,2026-06-29 12:42:00+09:00,43.66666666666666,0,0.0,train
20260629,2026-06-29 12:45:00+09:00,42.0,0,0.0,train
20260629,2026-06-29 12:48:00+09:00,41.333333333333336,0,0.0,train
20260629,2026-06-29 12:51:00+09:00,39.333333333333336,0,0.0,train
20260629,2026-06-29 12:54:00+09:00,38.5,0,0.0,train
20260629,2026-06-29 12:57:00+09:00,33.833333333333336,0,0.0,train
20260629,2026-06-29 13:00:00+09:00,37.66666666666666,0,0.0,train
20260629,2026-06-29 13:03:00+09:00,39.66666666666666,0,0.0,train
20260629,2026-06-29 13:06:00+09:00,36.66666666666666,0,0.0,train
20260629,2026-06-29 13:09:00+09:00,39.0,0,0.0,train
20260629,2026-06-29 13:12:00+09:00,36.66666666666666,0,0.0,train
20260629,2026-06-29 13:15:00+09:00,38.5,0,0.0,train
20260629,2026-06-29 13:18:00+09:00,36.5,0,0.0,train
20260629,2026-06-29 13:21:00+09:00,34.5,0,0.0,train
20260629,2026-06-29 13:24:00+09:00,36.0,0,0.0,train
20260629,2026-06-29 13:27:00+09:00,40.833333333333336,0,0.0,train
20260629,2026-06-29 13:30:00+09:00,31.666666666666668,0,0.0,train
20260629,2026-06-29 13:33:00+09:00,28.33333333333333,0,0.0,train
20260629,2026-06-29 13:36:00+09:00,25.166666666666668,0,0.0,train
20260629,2026-06-29 13:39:00+09:00,20.666666666666668,0,0.0,train
20260629,2026-06-29 13:42:00+09:00,18.33333333333333,0,0.0,train
20260629,2026-06-29 13:45:00+09:00,19.83333333333333,0,0.0,train
20260629,2026-06-29 13:48:00+09:00,23.83333333333333,0,0.0,train
20260629,2026-06-29 13:51:00+09:00,19.166666666666668,0,0.0,train
20260629,2026-06-29 13:54:00+09:00,15.833333333333334,0,0.0,train
20260629,2026-06-29 13:57:00+09:00,14.5,0,0.0,train
20260629,2026-06-29 14:00:00+09:00,14.166666666666666,0,0.0,train
20260629,2026-06-29 14:03:00+09:00,14.666666666666666,0,0.0,train
20260629,2026-06-29 14:06:00+09:00,16.333333333333332,0,0.0,train
20260629,2026-06-29 14:09:00+09:00,15.666666666666666,0,0.0,train
20260629,2026-06-29 14:12:00+09:00,9.5,0,0.0,train
20260629,2026-06-29 14:15:00+09:00,14.5,0,0.0,train
20260629,2026-06-29 14:18:00+09:00,20.0,0,0.0,train
20260629,2026-06-29 14:21:00+09:00,16.166666666666668,0,0.0,train
20260629,2026-06-29 14:24:00+09:00,19.166666666666668,0,0.0,train
20260629,2026-06-29 14:27:00+09:00,23.666666666666668,0,0.0,train
20260629,2026-06-29 14:30:00+09:00,20.5,0,0.0,train
20260629,2026-06-29 14:33:00+09:00,19.166666666666668,0,0.0,train
20260629,2026-06-29 14:36:00+09:00,17.333333333333332,0,0.0,train
20260629,2026-06-29 14:39:00+09:00,21.33333333333333,0,0.0,train
20260629,2026-06-29 14:42:00+09:00,21.33333333333333,0,0.0,train
20260629,2026-06-29 14:45:00+09:00,21.666666666666668,0,0.0,train
20260629,2026-06-29 14:48:00+09:00,21.666666666666668,0,0.0,train
20260629,2026-06-29 14:51:00+09:00,15.333333333333334,0,0.0,train
20260629,2026-06-29 14:54:00+09:00,15.666666666666666,0,0.0,train
20260629,2026-06-29 14:57:00+09:00,14.666666666666666,0,0.0,train
20260630,2026-06-30 10:00:00+09:00,18.166666666666668,0,0.0,train
20260630,2026-06-30 10:03:00+09:00,19.166666666666668,0,0.0,train
20260630,2026-06-30 10:06:00+09:00,19.5,0,0.0,train
20260630,2026-06-30 10:09:00+09:00,26.666666666666668,0,0.0,train
20260630,2026-06-30 10:12:00+09:00,25.0,0,0.0,train
20260630,2026-06-30 10:15:00+09:00,22.83333333333333,0,0.0,train
20260630,2026-06-30 10:18:00+09:00,19.5,0,0.0,train
20260630,2026-06-30 10:21:00+09:00,18.166666666666668,0,0.0,train
20260630,2026-06-30 10:24:00+09:00,20.33333333333333,0,0.0,train
20260630,2026-06-30 10:27:00+09:00,19.0,0,0.0,train
20260630,2026-06-30 10:30:00+09:00,24.83333333333333,0,0.0,train
20260630,2026-06-30 10:33:00+09:00,26.666666666666668,0,0.0,train
20260630,2026-06-30 10:36:00+09:00,20.33333333333333,0,0.0,train
20260630,2026-06-30 10:39:00+09:00,13.5,0,0.0,train
20260630,2026-06-30 10:42:00+09:00,18.166666666666668,0,0.0,train
20260630,2026-06-30 10:45:00+09:00,23.666666666666668,0,0.0,train
20260630,2026-06-30 10:48:00+09:00,20.83333333333333,0,0.0,train
20260630,2026-06-30 10:51:00+09:00,28.666666666666668,0,0.0,train
20260630,2026-06-30 10:54:00+09:00,28.33333333333333,0,0.0,train
20260630,2026-06-30 10:57:00+09:00,25.5,0,0.0,train
20260630,2026-06-30 11:00:00+09:00,21.83333333333333,0,0.0,train
20260630,2026-06-30 11:03:00+09:00,21.166666666666668,0,0.0,train
20260630,2026-06-30 11:06:00+09:00,20.83333333333333,0,0.0,train
20260630,2026-06-30 11:09:00+09:00,26.33333333333333,0,0.0,train
20260630,2026-06-30 11:12:00+09:00,28.5,0,0.0,train
20260630,2026-06-30 11:15:00+09:00,20.0,0,0.0,train
20260630,2026-06-30 11:18:00+09:00,18.666666666666668,0,0.0,train
20260630,2026-06-30 11:21:00+09:00,18.666666666666668,0,0.0,train
20260630,2026-06-30 11:24:00+09:00,20.33333333333333,0,0.0,train
20260630,2026-06-30 11:27:00+09:00,17.0,0,0.0,train
20260630,2026-06-30 11:30:00+09:00,18.5,0,0.0,train
20260630,2026-06-30 11:33:00+09:00,18.83333333333333,0,0.0,train
20260630,2026-06-30 11:36:00+09:00,18.83333333333333,0,0.0,train
20260630,2026-06-30 11:39:00+09:00,17.333333333333332,0,0.0,train
20260630,2026-06-30 11:42:00+09:00,15.666666666666666,0,0.0,train
20260630,2026-06-30 11:45:00+09:00,16.5,0,0.0,train
20260630,2026-06-30 11:48:00+09:00,24.83333333333333,0,0.0,train
20260630,2026-06-30 11:51:00+09:00,17.333333333333332,0,0.0,train
20260630,2026-06-30 11:54:00+09:00,19.0,0,0.0,train
20260630,2026-06-30 11:57:00+09:00,25.666666666666668,0,0.0,train
20260630,2026-06-30 12:00:00+09:00,30.0,0,0.0,train
20260630,2026-06-30 12:03:00+09:00,32.833333333333336,0,0.0,train
20260630,2026-06-30 12:06:00+09:00,39.66666666666666,0,0.0,train
20260630,2026-06-30 12:09:00+09:00,43.66666666666666,0,0.0,train
20260630,2026-06-30 12:12:00+09:00,47.333333333333336,0,0.0,train
20260630,2026-06-30 12:15:00+09:00,49.66666666666666,0,0.0,train
20260630,2026-06-30 12:18:00+09:00,51.5,0,0.0,train
20260630,2026-06-30 12:21:00+09:00,54.0,0,0.0,train
20260630,2026-06-30 12:24:00+09:00,52.833333333333336,0,0.0,train
20260630,2026-06-30 12:27:00+09:00,46.5,0,0.0,train
20260630,2026-06-30 12:30:00+09:00,46.5,0,0.0,train
20260630,2026-06-30 12:33:00+09:00,47.5,0,0.0,train
20260630,2026-06-30 12:36:00+09:00,45.833333333333336,0,0.0,train
20260630,2026-06-30 12:39:00+09:00,44.5,0,0.0,train
20260630,2026-06-30 12:42:00+09:00,45.5,0,0.0,train
20260630,2026-06-30 12:45:00+09:00,43.5,0,0.0,train
20260630,2026-06-30 12:48:00+09:00,43.0,0,0.0,train
20260630,2026-06-30 12:51:00+09:00,39.333333333333336,0,0.0,train
20260630,2026-06-30 12:54:00+09:00,40.5,0,0.0,train
20260630,2026-06-30 12:57:00+09:00,40.66666666666666,0,0.0,train
20260630,2026-06-30 13:00:00+09:00,41.16666666666666,0,0.0,train
20260630,2026-06-30 13:03:00+09:00,36.833333333333336,0,0.0,train
20260630,2026-06-30 13:06:00+09:00,41.0,0,0.0,train
20260630,2026-06-30 13:09:00+09:00,43.66666666666666,0,0.0,train
20260630,2026-06-30 13:12:00+09:00,37.66666666666666,0,0.0,train
20260630,2026-06-30 13:15:00+09:00,39.16666666666666,0,0.0,train
20260630,2026-06-30 13:18:00+09:00,41.333333333333336,0,0.0,train
20260630,2026-06-30 13:21:00+09:00,37.833333333333336,0,0.0,train
20260630,2026-06-30 13:24:00+09:00,39.333333333333336,0,0.0,train
20260630,2026-06-30 13:27:00+09:00,38.5,0,0.0,train
20260630,2026-06-30 13:30:00+09:00,35.666666666666664,0,0.0,train
20260630,2026-06-30 13:33:00+09:00,31.666666666666668,0,0.0,train
20260630,2026-06-30 13:36:00+09:00,28.83333333333333,0,0.0,train
20260630,2026-06-30 13:39:00+09:00,30.83333333333333,0,0.0,train
20260630,2026-06-30 13:42:00+09:00,28.83333333333333,0,0.0,train
20260630,2026-06-30 13:45:00+09:00,27.83333333333333,0,0.0,train
20260630,2026-06-30 13:48:00+09:00,24.0,0,0.0,train
20260630,2026-06-30 13:51:00+09:00,23.33333333333333,0,0.0,train
20260630,2026-06-30 13:54:00+09:00,22.83333333333333,0,0.0,train
20260630,2026-06-30 13:57:00+09:00,22.166666666666668,0,0.0,train
20260630,2026-06-30 14:00:00+09:00,26.33333333333333,0,0.0,train
20260630,2026-06-30 14:03:00+09:00,23.666666666666668,0,0.0,train
20260630,2026-06-30 14:06:00+09:00,28.166666666666668,0,0.0,train
20260630,2026-06-30 14:09:00+09:00,19.83333333333333,0,0.0,train
20260630,2026-06-30 14:12:00+09:00,20.0,0,0.0,train
20260630,2026-06-30 14:15:00+09:00,29.0,0,0.0,train
20260630,2026-06-30 14:18:00+09:00,32.0,0,0.0,train
20260630,2026-06-30 14:21:00+09:00,31.666666666666668,0,0.0,train
20260630,2026-06-30 14:24:00+09:00,27.0,0,0.0,train
20260630,2026-06-30 14:27:00+09:00,29.33333333333333,0,0.0,train
20260630,2026-06-30 14:30:00+09:00,21.166666666666668,0,0.0,train
20260630,2026-06-30 14:33:00+09:00,29.33333333333333,0,0.0,train
20260630,2026-06-30 14:36:00+09:00,20.0,0,0.0,train
20260630,2026-06-30 14:39:00+09:00,25.83333333333333,0,0.0,train
20260630,2026-06-30 14:42:00+09:00,29.166666666666668,0,0.0,train
20260630,2026-06-30 14:45:00+09:00,22.666666666666668,0,0.0,train
20260630,2026-06-30 14:48:00+09:00,21.166666666666668,0,0.0,train
20260630,2026-06-30 14:51:00+09:00,21.5,0,0.0,train
20260630,2026-06-30 14:54:00+09:00,24.0,0,0.0,train
20260630,2026-06-30 14:57:00+09:00,25.33333333333333,0,0.0,train
20260701,2026-07-01 10:00:00+09:00,29.666666666666668,0,0.0,train
20260701,2026-07-01 10:03:00+09:00,23.0,0,0.0,train
20260701,2026-07-01 10:06:00+09:00,22.33333333333333,0,0.0,train
20260701,2026-07-01 10:09:00+09:00,23.166666666666668,0,0.0,train
20260701,2026-07-01 10:12:00+09:00,23.83333333333333,0,0.0,train
20260701,2026-07-01 10:15:00+09:00,24.0,0,0.0,train
20260701,2026-07-01 10:18:00+09:00,21.83333333333333,0,0.0,train
20260701,2026-07-01 10:21:00+09:00,21.83333333333333,0,0.0,train
20260701,2026-07-01 10:24:00+09:00,22.83333333333333,0,0.0,train
20260701,2026-07-01 10:27:00+09:00,26.166666666666668,0,0.0,train
20260701,2026-07-01 10:30:00+09:00,20.666666666666668,0,0.0,train
20260701,2026-07-01 10:33:00+09:00,27.5,0,0.0,train
20260701,2026-07-01 10:36:00+09:00,25.83333333333333,0,0.0,train
20260701,2026-07-01 10:39:00+09:00,25.83333333333333,0,0.0,train
20260701,2026-07-01 10:42:00+09:00,18.5,0,0.0,train
20260701,2026-07-01 10:45:00+09:00,26.83333333333333,0,0.0,train
20260701,2026-07-01 10:48:00+09:00,26.83333333333333,0,0.0,train
20260701,2026-07-01 10:51:00+09:00,29.0,0,0.0,train
20260701,2026-07-01 10:54:00+09:00,20.5,0,0.0,train
20260701,2026-07-01 10:57:00+09:00,30.166666666666668,0,0.0,train
20260701,2026-07-01 11:00:00+09:00,26.166666666666668,0,0.0,train
20260701,2026-07-01 11:03:00+09:00,24.166666666666668,0,0.0,train
20260701,2026-07-01 11:06:00+09:00,23.166666666666668,0,0.0,train
20260701,2026-07-01 11:09:00+09:00,24.5,0,0.0,train
20260701,2026-07-01 11:12:00+09:00,26.0,0,0.0,train
20260701,2026-07-01 11:15:00+09:00,19.83333333333333,0,0.0,train
20260701,2026-07-01 11:18:00+09:00,28.0,0,0.0,train
20260701,2026-07-01 11:21:00+09:00,23.166666666666668,0,0.0,train
20260701,2026-07-01 11:24:00+09:00,30.0,0,0.0,train
20260701,2026-07-01 11:27:00+09:00,22.5,0,0.0,train
20260701,2026-07-01 11:30:00+09:00,24.83333333333333,0,0.0,train
20260701,2026-07-01 11:33:00+09:00,23.166666666666668,0,0.0,train
20260701,2026-07-01 11:36:00+09:00,26.5,0,0.0,train
20260701,2026-07-01 11:39:00+09:00,28.83333333333333,0,0.0,train
20260701,2026-07-01 11:42:00+09:00,28.83333333333333,0,0.0,train
20260701,2026-07-01 11:45:00+09:00,28.166666666666668,0,0.0,train
20260701,2026-07-01 11:48:00+09:00,23.33333333333333,0,0.0,train
20260701,2026-07-01 11:51:00+09:00,24.83333333333333,0,0.0,train
20260701,2026-07-01 11:54:00+09:00,17.5,0,0.0,train
20260701,2026-07-01 11:57:00+09:00,24.83333333333333,0,0.0,train
20260701,2026-07-01 12:00:00+09:00,32.333333333333336,0,0.0,train
20260701,2026-07-01 12:03:00+09:00,29.83333333333333,0,0.0,train
20260701,2026-07-01 12:06:00+09:00,40.16666666666666,0,0.0,train
20260701,2026-07-01 12:09:00+09:00,44.833333333333336,0,0.0,train
20260701,2026-07-01 12:12:00+09:00,49.16666666666666,0,0.0,train
20260701,2026-07-01 12:15:00+09:00,51.5,0,0.0,train
20260701,2026-07-01 12:18:00+09:00,53.16666666666666,0,0.0,train
20260701,2026-07-01 12:21:00+09:00,55.0,0,0.0,train
20260701,2026-07-01 12:24:00+09:00,56.16666666666666,0,0.0,train
20260701,2026-07-01 12:27:00+09:00,49.5,0,0.0,train
20260701,2026-07-01 12:30:00+09:00,50.333333333333336,0,0.0,train
20260701,2026-07-01 12:33:00+09:00,49.333333333333336,0,0.0,train
20260701,2026-07-01 12:36:00+09:00,48.66666666666666,0,0.0,train
20260701,2026-07-01 12:39:00+09:00,48.833333333333336,0,0.0,train
20260701,2026-07-01 12:42:00+09:00,48.16666666666666,0,0.0,train
20260701,2026-07-01 12:45:00+09:00,46.0,0,0.0,train
20260701,2026-07-01 12:48:00+09:00,44.833333333333336,0,0.0,train
20260701,2026-07-01 12:51:00+09:00,43.333333333333336,0,0.0,train
20260701,2026-07-01 12:54:00+09:00,42.66666666666666,0,0.0,train
20260701,2026-07-01 12:57:00+09:00,42.5,0,0.0,train
20260701,2026-07-01 13:00:00+09:00,41.333333333333336,0,0.0,train
20260701,2026-07-01 13:03:00+09:00,39.833333333333336,0,0.0,train
20260701,2026-07-01 13:06:00+09:00,43.833333333333336,0,0.0,train
20260701,2026-07-01 13:09:00+09:00,40.833333333333336,0,0.0,train
20260701,2026-07-01 13:12:00+09:00,39.5,0,0.0,train
20260701,2026-07-01 13:15:00+09:00,42.16666666666666,0,0.0,train
20260701,2026-07-01 13:18:00+09:00,40.5,0,0.0,train
20260701,2026-07-01 13:21:00+09:00,42.16666666666666,0,0.0,train
20260701,2026-07-01 13:24:00+09:00,42.333333333333336,0,0.0,train
20260701,2026-07-01 13:27:00+09:00,42.833333333333336,0,0.0,train
20260701,2026-07-01 13:30:00+09:00,37.0,0,0.0,train
20260701,2026-07-01 13:33:00+09:00,34.666666666666664,0,0.0,train
20260701,2026-07-01 13:36:00+09:00,30.666666666666668,0,0.0,train
20260701,2026-07-01 13:39:00+09:00,33.333333333333336,0,0.0,train
20260701,2026-07-01 13:42:00+09:00,33.5,0,0.0,train
20260701,2026-07-01 13:45:00+09:00,32.5,0,0.0,train
20260701,2026-07-01 13:48:00+09:00,28.83333333333333,0,0.0,train
20260701,2026-07-01 13:51:00+09:00,29.666666666666668,0,0.0,train
20260701,2026-07-01 13:54:00+09:00,32.166666666666664,0,0.0,train
20260701,2026-07-01 13:57:00+09:00,30.0,0,0.0,train
20260701,2026-07-01 14:00:00+09:00,31.83333333333333,0,0.0,train
20260701,2026-07-01 14:03:00+09:00,36.16666666666666,0,0.0,train
20260701,2026-07-01 14:06:00+09:00,29.666666666666668,0,0.0,train
20260701,2026-07-01 14:09:00+09:00,29.0,0,0.0,train
20260701,2026-07-01 14:12:00+09:00,36.66666666666666,0,0.0,train
20260701,2026-07-01 14:15:00+09:00,36.66666666666666,0,0.0,train
20260701,2026-07-01 14:18:00+09:00,37.16666666666666,0,0.0,train
20260701,2026-07-01 14:21:00+09:00,33.833333333333336,0,0.0,train
20260701,2026-07-01 14:24:00+09:00,30.33333333333333,0,0.0,train
20260701,2026-07-01 14:27:00+09:00,34.5,0,0.0,train
20260701,2026-07-01 14:30:00+09:00,35.166666666666664,0,0.0,train
20260701,2026-07-01 14:33:00+09:00,30.166666666666668,0,0.0,train
20260701,2026-07-01 14:36:00+09:00,30.33333333333333,0,0.0,train
20260701,2026-07-01 14:39:00+09:00,35.166666666666664,0,0.0,train
20260701,2026-07-01 14:42:00+09:00,31.666666666666668,0,0.0,train
20260701,2026-07-01 14:45:00+09:00,29.166666666666668,0,0.0,train
20260701,2026-07-01 14:48:00+09:00,31.666666666666668,0,0.0,train
20260701,2026-07-01 14:51:00+09:00,36.16666666666666,0,0.0,train
20260701,2026-07-01 14:54:00+09:00,34.333333333333336,0,0.0,train
20260701,2026-07-01 14:57:00+09:00,30.0,0,0.0,train
20260702,2026-07-02 10:00:00+09:00,33.166666666666664,0,0.0,train
20260702,2026-07-02 10:03:00+09:00,26.5,0,0.0,train
20260702,2026-07-02 10:06:00+09:00,25.666666666666668,0,0.0,train
20260702,2026-07-02 10:09:00+09:00,31.0,0,0.0,train
20260702,2026-07-02 10:12:00+09:00,31.5,0,0.0,train
20260702,2026-07-02 10:15:00+09:00,26.33333333333333,0,0.0,train
20260702,2026-07-02 10:18:00+09:00,24.666666666666668,0,0.0,train
20260702,2026-07-02 10:21:00+09:00,27.166666666666668,0,0.0,train
20260702,2026-07-02 10:24:00+09:00,23.83333333333333,0,0.0,train
20260702,2026-07-02 10:27:00+09:00,27.166666666666668,0,0.0,train
20260702,2026-07-02 10:30:00+09:00,22.5,0,0.0,train
20260702,2026-07-02 10:33:00+09:00,22.666666666666668,0,0.0,train
20260702,2026-07-02 10:36:00+09:00,26.5,0,0.0,train
20260702,2026-07-02 10:39:00+09:00,27.5,0,0.0,train
20260702,2026-07-02 10:42:00+09:00,23.83333333333333,0,0.0,train
20260702,2026-07-02 10:45:00+09:00,29.166666666666668,0,0.0,train
20260702,2026-07-02 10:48:00+09:00,24.5,0,0.0,train
20260702,2026-07-02 10:51:00+09:00,24.5,0,0.0,train
20260702,2026-07-02 10:54:00+09:00,26.666666666666668,0,0.0,train
20260702,2026-07-02 10:57:00+09:00,26.166666666666668,0,0.0,train
20260702,2026-07-02 11:00:00+09:00,30.33333333333333,0,0.0,train
20260702,2026-07-02 11:03:00+09:00,28.0,0,0.0,train
20260702,2026-07-02 11:06:00+09:00,31.0,0,0.0,train
20260702,2026-07-02 11:09:00+09:00,25.33333333333333,0,0.0,train
20260702,2026-07-02 11:12:00+09:00,28.666666666666668,0,0.0,train
20260702,2026-07-02 11:15:00+09:00,27.666666666666668,0,0.0,train
20260702,2026-07-02 11:18:00+09:00,28.83333333333333,0,0.0,train
20260702,2026-07-02 11:21:00+09:00,28.83333333333333,0,0.0,train
20260702,2026-07-02 11:24:00+09:00,29.5,0,0.0,train
20260702,2026-07-02 11:27:00+09:00,27.0,0,0.0,train
20260702,2026-07-02 11:30:00+09:00,26.5,0,0.0,train
20260702,2026-07-02 11:33:00+09:00,25.0,0,0.0,train
20260702,2026-07-02 11:36:00+09:00,25.666666666666668,0,0.0,train
20260702,2026-07-02 11:39:00+09:00,34.333333333333336,0,0.0,train
20260702,2026-07-02 11:42:00+09:00,27.33333333333333,0,0.0,train
20260702,2026-07-02 11:45:00+09:00,26.666666666666668,0,0.0,train
20260702,2026-07-02 11:48:00+09:00,27.33333333333333,0,0.0,train
20260702,2026-07-02 11:51:00+09:00,27.33333333333333,0,0.0,train
20260702,2026-07-02 11:54:00+09:00,26.166666666666668,0,0.0,train
20260702,2026-07-02 11:57:00+09:00,31.666666666666668,0,0.0,train
20260702,2026-07-02 12:00:00+09:00,37.16666666666666,0,0.0,train
20260702,2026-07-02 12:03:00+09:00,42.66666666666666,0,0.0,train
20260702,2026-07-02 12:06:00+09:00,47.66666666666666,0,0.0,train
20260702,2026-07-02 12:09:00+09:00,50.833333333333336,0,0.0,train
20260702,2026-07-02 12:12:00+09:00,55.66666666666666,0,0.0,train
20260702,2026-07-02 12:15:00+09:00,56.833333333333336,0,0.0,train
20260702,2026-07-02 12:18:00+09:00,58.0,0,0.0,train
20260702,2026-07-02 12:21:00+09:00,58.66666666666666,0,0.0,train
20260702,2026-07-02 12:24:00+09:00,52.5,0,0.0,train
20260702,2026-07-02 12:27:00+09:00,52.333333333333336,0,0.0,train
20260702,2026-07-02 12:30:00+09:00,52.66666666666666,0,0.0,train
20260702,2026-07-02 12:33:00+09:00,52.333333333333336,0,0.0,train
20260702,2026-07-02 12:36:00+09:00,51.833333333333336,0,0.0,train
20260702,2026-07-02 12:39:00+09:00,50.66666666666666,0,0.0,train
20260702,2026-07-02 12:42:00+09:00,49.66666666666666,0,0.0,train
20260702,2026-07-02 12:45:00+09:00,48.833333333333336,0,0.0,train
20260702,2026-07-02 12:48:00+09:00,47.66666666666666,0,0.0,train
20260702,2026-07-02 12:51:00+09:00,46.66666666666666,0,0.0,train
20260702,2026-07-02 12:54:00+09:00,45.66666666666666,0,0.0,train
20260702,2026-07-02 12:57:00+09:00,45.66666666666666,0,0.0,train
20260702,2026-07-02 13:00:00+09:00,44.0,0,0.0,train
20260702,2026-07-02 13:03:00+09:00,43.0,0,0.0,train
20260702,2026-07-02 13:06:00+09:00,43.0,0,0.0,train
20260702,2026-07-02 13:09:00+09:00,45.0,0,0.0,train
20260702,2026-07-02 13:12:00+09:00,45.333333333333336,0,0.0,train
20260702,2026-07-02 13:15:00+09:00,45.0,0,0.0,train
20260702,2026-07-02 13:18:00+09:00,43.0,0,0.0,train
20260702,2026-07-02 13:21:00+09:00,43.16666666666666,0,0.0,train
20260702,2026-07-02 13:24:00+09:00,42.5,0,0.0,train
20260702,2026-07-02 13:27:00+09:00,45.0,0,0.0,train
20260702,2026-07-02 13:30:00+09:00,42.16666666666666,0,0.0,train
20260702,2026-07-02 13:33:00+09:00,39.833333333333336,0,0.0,train
20260702,2026-07-02 13:36:00+09:00,43.833333333333336,0,0.0,train
20260702,2026-07-02 13:39:00+09:00,43.833333333333336,0,0.0,train
20260702,2026-07-02 13:42:00+09:00,44.833333333333336,0,0.0,train
20260702,2026-07-02 13:45:00+09:00,40.5,0,0.0,train
20260702,2026-07-02 13:48:00+09:00,41.66666666666666,0,0.0,train
20260702,2026-07-02 13:51:00+09:00,42.66666666666666,0,0.0,train
20260702,2026-07-02 13:54:00+09:00,44.0,0,0.0,train
20260702,2026-07-02 13:57:00+09:00,44.833333333333336,0,0.0,train
20260702,2026-07-02 14:00:00+09:00,46.5,0,0.0,train
20260702,2026-07-02 14:03:00+09:00,50.0,0,0.0,train
20260702,2026-07-02 14:06:00+09:00,44.833333333333336,0,0.0,train
20260702,2026-07-02 14:09:00+09:00,47.16666666666666,0,0.0,train
20260702,2026-07-02 14:12:00+09:00,47.833333333333336,0,0.0,train
20260702,2026-07-02 14:15:00+09:00,48.16666666666666,0,0.0,train
20260702,2026-07-02 14:18:00+09:00,46.833333333333336,0,0.0,train
20260702,2026-07-02 14:21:00+09:00,46.66666666666666,0,0.0,train
20260702,2026-07-02 14:24:00+09:00,44.333333333333336,0,0.0,train
20260702,2026-07-02 14:27:00+09:00,44.0,0,0.0,train
20260702,2026-07-02 14:30:00+09:00,44.833333333333336,0,0.0,train
20260702,2026-07-02 14:33:00+09:00,42.16666666666666,0,0.0,train
20260702,2026-07-02 14:36:00+09:00,45.0,0,0.0,train
20260702,2026-07-02 14:39:00+09:00,42.16666666666666,0,0.0,train
20260702,2026-07-02 14:42:00+09:00,43.5,0,0.0,train
20260702,2026-07-02 14:45:00+09:00,45.833333333333336,0,0.0,train
20260702,2026-07-02 14:48:00+09:00,42.333333333333336,0,0.0,train
20260702,2026-07-02 14:51:00+09:00,40.833333333333336,0,0.0,train
20260702,2026-07-02 14:54:00+09:00,43.66666666666666,0,0.0,train
20260702,2026-07-02 14:57:00+09:00,42.5,0,0.0,train
20260703,2026-07-03 10:00:00+09:00,35.666666666666664,0,0.0,train
20260703,2026-07-03 10:03:00+09:00,33.833333333333336,0,0.0,train
20260703,2026-07-03 10:06:00+09:00,35.666666666666664,0,0.0,train
20260703,2026-07-03 10:09:00+09:00,37.333333333333336,0,0.0,train
20260703,2026-07-03 10:12:00+09:00,37.66666666666666,0,0.0,train
20260703,2026-07-03 10:15:00+09:00,35.5,0,0.0,train
20260703,2026-07-03 10:18:00+09:00,35.5,0,0.0,train
20260703,2026-07-03 10:21:00+09:00,38.0,0,0.0,train
20260703,2026-07-03 10:24:00+09:00,38.16666666666666,0,0.0,train
20260703,2026-07-03 10:27:00+09:00,40.333333333333336,0,0.0,train
20260703,2026-07-03 10:30:00+09:00,39.5,0,0.0,train
20260703,2026-07-03 10:33:00+09:00,40.833333333333336,0,0.0,train
20260703,2026-07-03 10:36:00+09:00,39.5,0,0.0,train
20260703,2026-07-03 10:39:00+09:00,34.333333333333336,0,0.0,train
20260703,2026-07-03 10:42:00+09:00,35.666666666666664,0,0.0,train
20260703,2026-07-03 10:45:00+09:00,34.333333333333336,0,0.0,train
20260703,2026-07-03 10:48:00+09:00,35.166666666666664,0,0.0,train
20260703,2026-07-03 10:51:00+09:00,34.0,0,0.0,train
20260703,2026-07-03 10:54:00+09:00,33.5,0,0.0,train
20260703,2026-07-03 10:57:00+09:00,33.666666666666664,0,0.0,train
20260703,2026-07-03 11:00:00+09:00,31.666666666666668,0,0.0,train
20260703,2026-07-03 11:03:00+09:00,34.833333333333336,0,0.0,train
20260703,2026-07-03 11:06:00+09:00,36.333333333333336,0,0.0,train
20260703,2026-07-03 11:09:00+09:00,40.16666666666666,0,0.0,train
20260703,2026-07-03 11:12:00+09:00,38.333333333333336,0,0.0,train
20260703,2026-07-03 11:15:00+09:00,37.333333333333336,0,0.0,train
20260703,2026-07-03 11:18:00+09:00,34.0,0,0.0,train
20260703,2026-07-03 11:21:00+09:00,37.66666666666666,0,0.0,train
20260703,2026-07-03 11:24:00+09:00,37.16666666666666,0,0.0,train
20260703,2026-07-03 11:27:00+09:00,35.0,0,0.0,train
20260703,2026-07-03 11:30:00+09:00,38.66666666666666,0,0.0,train
20260703,2026-07-03 11:33:00+09:00,34.666666666666664,0,0.0,train
20260703,2026-07-03 11:36:00+09:00,32.0,0,0.0,train
20260703,2026-07-03 11:39:00+09:00,31.666666666666668,0,0.0,train
20260703,2026-07-03 11:42:00+09:00,31.166666666666668,0,0.0,train
20260703,2026-07-03 11:45:00+09:00,36.66666666666666,0,0.0,train
20260703,2026-07-03 11:48:00+09:00,35.833333333333336,0,0.0,train
20260703,2026-07-03 11:51:00+09:00,33.333333333333336,0,0.0,train
20260703,2026-07-03 11:54:00+09:00,31.166666666666668,0,0.0,train
20260703,2026-07-03 11:57:00+09:00,38.5,0,0.0,train
20260703,2026-07-03 12:00:00+09:00,41.0,0,0.0,train
20260703,2026-07-03 12:03:00+09:00,51.16666666666666,0,0.0,train
20260703,2026-07-03 12:06:00+09:00,54.16666666666666,0,0.0,train
20260703,2026-07-03 12:09:00+09:00,57.16666666666666,0,0.0,train
20260703,2026-07-03 12:12:00+09:00,58.833333333333336,0,0.0,train
20260703,2026-07-03 12:15:00+09:00,60.0,0,0.0,train
20260703,2026-07-03 12:18:00+09:00,60.5,0,0.0,train
20260703,2026-07-03 12:21:00+09:00,61.0,0,0.0,train
20260703,2026-07-03 12:24:00+09:00,54.5,0,0.0,train
20260703,2026-07-03 12:27:00+09:00,54.5,0,0.0,train
20260703,2026-07-03 12:30:00+09:00,54.5,0,0.0,train
20260703,2026-07-03 12:33:00+09:00,54.0,0,0.0,train
20260703,2026-07-03 12:36:00+09:00,53.66666666666666,0,0.0,train
20260703,2026-07-03 12:39:00+09:00,53.0,0,0.0,train
20260703,2026-07-03 12:42:00+09:00,52.333333333333336,0,0.0,train
20260703,2026-07-03 12:45:00+09:00,51.16666666666666,0,0.0,train
20260703,2026-07-03 12:48:00+09:00,50.16666666666666,0,0.0,train
20260703,2026-07-03 12:51:00+09:00,48.0,0,0.0,train
20260703,2026-07-03 12:54:00+09:00,47.66666666666666,0,0.0,train
20260703,2026-07-03 12:57:00+09:00,45.66666666666666,0,0.0,train
20260703,2026-07-03 13:00:00+09:00,45.833333333333336,0,0.0,train
20260703,2026-07-03 13:03:00+09:00,48.16666666666666,0,0.0,train
20260703,2026-07-03 13:06:00+09:00,46.333333333333336,0,0.0,train
20260703,2026-07-03 13:09:00+09:00,46.5,0,0.0,train
20260703,2026-07-03 13:12:00+09:00,45.833333333333336,0,0.0,train
20260703,2026-07-03 13:15:00+09:00,47.833333333333336,0,0.0,train
20260703,2026-07-03 13:18:00+09:00,46.16666666666666,0,0.0,train
20260703,2026-07-03 13:21:00+09:00,46.5,0,0.0,train
20260703,2026-07-03 13:24:00+09:00,46.5,0,0.0,train
20260703,2026-07-03 13:27:00+09:00,48.16666666666666,0,0.0,train
20260703,2026-07-03 13:30:00+09:00,44.333333333333336,0,0.0,train
20260703,2026-07-03 13:33:00+09:00,43.0,0,0.0,train
20260703,2026-07-03 13:36:00+09:00,49.0,0,0.0,train
20260703,2026-07-03 13:39:00+09:00,48.5,0,0.0,train
20260703,2026-07-03 13:42:00+09:00,52.833333333333336,0,0.0,train
20260703,2026-07-03 13:45:00+09:00,49.0,0,0.0,train
20260703,2026-07-03 13:48:00+09:00,46.5,0,0.0,train
20260703,2026-07-03 13:51:00+09:00,47.333333333333336,0,0.0,train
20260703,2026-07-03 13:54:00+09:00,48.16666666666666,0,0.0,train
20260703,2026-07-03 13:57:00+09:00,48.5,0,0.0,train
20260703,2026-07-03 14:00:00+09:00,49.5,0,0.0,train
20260703,2026-07-03 14:03:00+09:00,52.0,0,0.0,train
20260703,2026-07-03 14:06:00+09:00,49.333333333333336,0,0.0,train
20260703,2026-07-03 14:09:00+09:00,51.16666666666666,0,0.0,train
20260703,2026-07-03 14:12:00+09:00,52.0,0,0.0,train
20260703,2026-07-03 14:15:00+09:00,51.833333333333336,0,0.0,train
20260703,2026-07-03 14:18:00+09:00,51.5,0,0.0,train
20260703,2026-07-03 14:21:00+09:00,50.0,0,0.0,train
20260703,2026-07-03 14:24:00+09:00,49.16666666666666,0,0.0,train
20260703,2026-07-03 14:27:00+09:00,45.66666666666666,0,0.0,train
20260703,2026-07-03 14:30:00+09:00,45.66666666666666,0,0.0,train
20260703,2026-07-03 14:33:00+09:00,48.0,0,0.0,train
20260703,2026-07-03 14:36:00+09:00,45.5,0,0.0,train
20260703,2026-07-03 14:39:00+09:00,45.66666666666666,0,0.0,train
20260703,2026-07-03 14:42:00+09:00,45.5,0,0.0,train
20260703,2026-07-03 14:45:00+09:00,47.0,0,0.0,train
20260703,2026-07-03 14:48:00+09:00,44.833333333333336,0,0.0,train
20260703,2026-07-03 14:51:00+09:00,45.333333333333336,0,0.0,train
20260703,2026-07-03 14:54:00+09:00,44.0,0,0.0,train
20260703,2026-07-03 14:57:00+09:00,44.833333333333336,0,0.0,train
20260706,2026-07-06 10:00:00+09:00,27.83333333333333,0,0.0,train
20260706,2026-07-06 10:03:00+09:00,21.666666666666668,0,0.0,train
20260706,2026-07-06 10:06:00+09:00,28.0,0,0.0,train
20260706,2026-07-06 10:09:00+09:00,23.0,0,0.0,train
20260706,2026-07-06 10:12:00+09:00,28.166666666666668,0,0.0,train
20260706,2026-07-06 10:15:00+09:00,23.666666666666668,0,0.0,train
20260706,2026-07-06 10:18:00+09:00,26.166666666666668,0,0.0,train
20260706,2026-07-06 10:21:00+09:00,23.83333333333333,0,0.0,train
20260706,2026-07-06 10:24:00+09:00,24.5,0,0.0,train
20260706,2026-07-06 10:27:00+09:00,25.5,0,0.0,train
20260706,2026-07-06 10:30:00+09:00,21.33333333333333,0,0.0,train
20260706,2026-07-06 10:33:00+09:00,28.83333333333333,0,0.0,train
20260706,2026-07-06 10:36:00+09:00,24.0,0,0.0,train
20260706,2026-07-06 10:39:00+09:00,26.666666666666668,0,0.0,train
20260706,2026-07-06 10:42:00+09:00,25.666666666666668,0,0.0,train
20260706,2026-07-06 10:45:00+09:00,29.666666666666668,0,0.0,train
20260706,2026-07-06 10:48:00+09:00,23.33333333333333,0,0.0,train
20260706,2026-07-06 10:51:00+09:00,27.5,0,0.0,train
20260706,2026-07-06 10:54:00+09:00,29.0,0,0.0,train
20260706,2026-07-06 10:57:00+09:00,25.83333333333333,0,0.0,train
20260706,2026-07-06 11:00:00+09:00,26.83333333333333,0,0.0,train
20260706,2026-07-06 11:03:00+09:00,23.5,0,0.0,train
20260706,2026-07-06 11:06:00+09:00,23.33333333333333,0,0.0,train
20260706,2026-07-06 11:09:00+09:00,21.83333333333333,0,0.0,train
20260706,2026-07-06 11:12:00+09:00,30.33333333333333,0,0.0,train
20260706,2026-07-06 11:15:00+09:00,22.166666666666668,0,0.0,train
20260706,2026-07-06 11:18:00+09:00,33.166666666666664,0,0.0,train
20260706,2026-07-06 11:21:00+09:00,24.83333333333333,0,0.0,train
20260706,2026-07-06 11:24:00+09:00,24.0,0,0.0,train
20260706,2026-07-06 11:27:00+09:00,25.666666666666668,0,0.0,train
20260706,2026-07-06 11:30:00+09:00,25.5,0,0.0,train
20260706,2026-07-06 11:33:00+09:00,25.666666666666668,0,0.0,train
20260706,2026-07-06 11:36:00+09:00,27.166666666666668,0,0.0,train
20260706,2026-07-06 11:39:00+09:00,30.666666666666668,0,0.0,train
20260706,2026-07-06 11:42:00+09:00,23.166666666666668,0,0.0,train
20260706,2026-07-06 11:45:00+09:00,29.0,0,0.0,train
20260706,2026-07-06 11:48:00+09:00,22.33333333333333,0,0.0,train
20260706,2026-07-06 11:51:00+09:00,24.0,0,0.0,train
20260706,2026-07-06 11:54:00+09:00,20.166666666666668,0,0.0,train
20260706,2026-07-06 11:57:00+09:00,29.0,0,0.0,train
20260706,2026-07-06 12:00:00+09:00,30.5,0,0.0,train
20260706,2026-07-06 12:03:00+09:00,31.666666666666668,0,0.0,train
20260706,2026-07-06 12:06:00+09:00,39.66666666666666,0,0.0,train
20260706,2026-07-06 12:09:00+09:00,42.833333333333336,0,0.0,train
20260706,2026-07-06 12:12:00+09:00,48.66666666666666,0,0.0,train
20260706,2026-07-06 12:15:00+09:00,52.5,0,0.0,train
20260706,2026-07-06 12:18:00+09:00,53.16666666666666,0,0.0,train
20260706,2026-07-06 12:21:00+09:00,55.66666666666666,0,0.0,train
20260706,2026-07-06 12:24:00+09:00,57.0,0,0.0,train
20260706,2026-07-06 12:27:00+09:00,50.0,0,0.0,train
20260706,2026-07-06 12:30:00+09:00,50.0,0,0.0,train
20260706,2026-07-06 12:33:00+09:00,49.333333333333336,0,0.0,train
20260706,2026-07-06 12:36:00+09:00,49.16666666666666,0,0.0,train
20260706,2026-07-06 12:39:00+09:00,48.66666666666666,0,0.0,train
20260706,2026-07-06 12:42:00+09:00,47.0,0,0.0,train
20260706,2026-07-06 12:45:00+09:00,47.0,0,0.0,train
20260706,2026-07-06 12:48:00+09:00,46.0,0,0.0,train
20260706,2026-07-06 12:51:00+09:00,43.833333333333336,0,0.0,train
20260706,2026-07-06 12:54:00+09:00,39.333333333333336,0,0.0,train
20260706,2026-07-06 12:57:00+09:00,41.333333333333336,0,0.0,train
20260706,2026-07-06 13:00:00+09:00,41.0,0,0.0,train
20260706,2026-07-06 13:03:00+09:00,44.333333333333336,0,0.0,train
20260706,2026-07-06 13:06:00+09:00,43.5,0,0.0,train
20260706,2026-07-06 13:09:00+09:00,39.0,0,0.0,train
20260706,2026-07-06 13:12:00+09:00,40.66666666666666,0,0.0,train
20260706,2026-07-06 13:15:00+09:00,37.833333333333336,0,0.0,train
20260706,2026-07-06 13:18:00+09:00,40.333333333333336,0,0.0,train
20260706,2026-07-06 13:21:00+09:00,41.0,0,0.0,train
20260706,2026-07-06 13:24:00+09:00,42.833333333333336,0,0.0,train
20260706,2026-07-06 13:27:00+09:00,40.66666666666666,0,0.0,train
20260706,2026-07-06 13:30:00+09:00,37.0,0,0.0,train
20260706,2026-07-06 13:33:00+09:00,34.333333333333336,0,0.0,train
20260706,2026-07-06 13:36:00+09:00,30.83333333333333,0,0.0,train
20260706,2026-07-06 13:39:00+09:00,36.0,0,0.0,train
20260706,2026-07-06 13:42:00+09:00,33.0,0,0.0,train
20260706,2026-07-06 13:45:00+09:00,32.166666666666664,0,0.0,train
20260706,2026-07-06 13:48:00+09:00,30.166666666666668,0,0.0,train
20260706,2026-07-06 13:51:00+09:00,30.0,0,0.0,train
20260706,2026-07-06 13:54:00+09:00,33.333333333333336,0,0.0,train
20260706,2026-07-06 13:57:00+09:00,32.833333333333336,0,0.0,train
20260706,2026-07-06 14:00:00+09:00,33.166666666666664,0,0.0,train
20260706,2026-07-06 14:03:00+09:00,34.666666666666664,0,0.0,train
20260706,2026-07-06 14:06:00+09:00,26.5,0,0.0,train
20260706,2026-07-06 14:09:00+09:00,31.0,0,0.0,train
20260706,2026-07-06 14:12:00+09:00,35.333333333333336,0,0.0,train
20260706,2026-07-06 14:15:00+09:00,39.66666666666666,0,0.0,train
20260706,2026-07-06 14:18:00+09:00,37.66666666666666,0,0.0,train
20260706,2026-07-06 14:21:00+09:00,37.0,0,0.0,train
20260706,2026-07-06 14:24:00+09:00,31.33333333333333,0,0.0,train
20260706,2026-07-06 14:27:00+09:00,29.83333333333333,0,0.0,train
20260706,2026-07-06 14:30:00+09:00,34.0,0,0.0,train
20260706,2026-07-06 14:33:00+09:00,30.0,0,0.0,train
20260706,2026-07-06 14:36:00+09:00,36.333333333333336,0,0.0,train
20260706,2026-07-06 14:39:00+09:00,38.0,0,0.0,train
20260706,2026-07-06 14:42:00+09:00,33.666666666666664,0,0.0,train
20260706,2026-07-06 14:45:00+09:00,30.33333333333333,0,0.0,train
20260706,2026-07-06 14:48:00+09:00,28.5,0,0.0,train
20260706,2026-07-06 14:51:00+09:00,35.333333333333336,0,0.0,train
20260706,2026-07-06 14:54:00+09:00,35.666666666666664,0,0.0,train
20260706,2026-07-06 14:57:00+09:00,31.33333333333333,0,0.0,train
20260707,2026-07-07 10:00:00+09:00,35.166666666666664,0,0.0,train
20260707,2026-07-07 10:03:00+09:00,30.33333333333333,0,0.0,train
20260707,2026-07-07 10:06:00+09:00,36.333333333333336,0,0.0,train
20260707,2026-07-07 10:09:00+09:00,32.166666666666664,0,0.0,train
20260707,2026-07-07 10:12:00+09:00,34.666666666666664,0,0.0,train
20260707,2026-07-07 10:15:00+09:00,36.0,0,0.0,train
20260707,2026-07-07 10:18:00+09:00,31.666666666666668,0,0.0,train
20260707,2026-07-07 10:21:00+09:00,30.5,0,0.0,train
20260707,2026-07-07 10:24:00+09:00,27.666666666666668,0,0.0,train
20260707,2026-07-07 10:27:00+09:00,32.666666666666664,0,0.0,train
20260707,2026-07-07 10:30:00+09:00,35.333333333333336,0,0.0,train
20260707,2026-07-07 10:33:00+09:00,32.5,0,0.0,train
20260707,2026-07-07 10:36:00+09:00,28.0,0,0.0,train
20260707,2026-07-07 10:39:00+09:00,36.16666666666666,0,0.0,train
20260707,2026-07-07 10:42:00+09:00,33.333333333333336,0,0.0,train
20260707,2026-07-07 10:45:00+09:00,32.333333333333336,0,0.0,train
20260707,2026-07-07 10:48:00+09:00,32.0,0,0.0,train
20260707,2026-07-07 10:51:00+09:00,35.166666666666664,0,0.0,train
20260707,2026-07-07 10:54:00+09:00,33.833333333333336,0,0.0,train
20260707,2026-07-07 10:57:00+09:00,33.333333333333336,0,0.0,train
20260707,2026-07-07 11:00:00+09:00,30.5,0,0.0,train
20260707,2026-07-07 11:03:00+09:00,32.0,0,0.0,train
20260707,2026-07-07 11:06:00+09:00,38.0,0,0.0,train
20260707,2026-07-07 11:09:00+09:00,31.83333333333333,0,0.0,train
20260707,2026-07-07 11:12:00+09:00,32.833333333333336,0,0.0,train
20260707,2026-07-07 11:15:00+09:00,32.0,0,0.0,train
20260707,2026-07-07 11:18:00+09:00,32.666666666666664,0,0.0,train
20260707,2026-07-07 11:21:00+09:00,37.0,0,0.0,train
20260707,2026-07-07 11:24:00+09:00,36.333333333333336,0,0.0,train
20260707,2026-07-07 11:27:00+09:00,33.833333333333336,0,0.0,train
20260707,2026-07-07 11:30:00+09:00,35.166666666666664,0,0.0,train
20260707,2026-07-07 11:33:00+09:00,37.333333333333336,0,0.0,train
20260707,2026-07-07 11:36:00+09:00,32.0,0,0.0,train
20260707,2026-07-07 11:39:00+09:00,32.166666666666664,0,0.0,train
20260707,2026-07-07 11:42:00+09:00,35.666666666666664,0,0.0,train
20260707,2026-07-07 11:45:00+09:00,31.83333333333333,0,0.0,train
20260707,2026-07-07 11:48:00+09:00,33.0,0,0.0,train
20260707,2026-07-07 11:51:00+09:00,33.666666666666664,0,0.0,train
20260707,2026-07-07 11:54:00+09:00,29.166666666666668,0,0.0,train
20260707,2026-07-07 11:57:00+09:00,35.166666666666664,0,0.0,train
20260707,2026-07-07 12:00:00+09:00,39.16666666666666,0,0.0,train
20260707,2026-07-07 12:03:00+09:00,37.66666666666666,0,0.0,train
20260707,2026-07-07 12:06:00+09:00,46.16666666666666,0,0.0,train
20260707,2026-07-07 12:09:00+09:00,51.0,0,0.0,train
20260707,2026-07-07 12:12:00+09:00,54.5,0,0.0,train
20260707,2026-07-07 12:15:00+09:00,56.66666666666666,0,0.0,train
20260707,2026-07-07 12:18:00+09:00,57.66666666666666,0,0.0,train
20260707,2026-07-07 12:21:00+09:00,59.0,0,0.0,train
20260707,2026-07-07 12:24:00+09:00,59.5,0,0.0,train
20260707,2026-07-07 12:27:00+09:00,53.0,0,0.0,train
20260707,2026-07-07 12:30:00+09:00,52.833333333333336,0,0.0,train
20260707,2026-07-07 12:33:00+09:00,52.66666666666666,0,0.0,train
20260707,2026-07-07 12:36:00+09:00,52.0,0,0.0,train
20260707,2026-07-07 12:39:00+09:00,52.0,0,0.0,train
20260707,2026-07-07 12:42:00+09:00,50.16666666666666,0,0.0,train
20260707,2026-07-07 12:45:00+09:00,49.333333333333336,0,0.0,train
20260707,2026-07-07 12:48:00+09:00,48.833333333333336,0,0.0,train
20260707,2026-07-07 12:51:00+09:00,44.333333333333336,0,0.0,train
20260707,2026-07-07 12:54:00+09:00,46.0,0,0.0,train
20260707,2026-07-07 12:57:00+09:00,44.66666666666666,0,0.0,train
20260707,2026-07-07 13:00:00+09:00,44.333333333333336,0,0.0,train
20260707,2026-07-07 13:03:00+09:00,47.0,0,0.0,train
20260707,2026-07-07 13:06:00+09:00,46.5,0,0.0,train
20260707,2026-07-07 13:09:00+09:00,44.0,0,0.0,train
20260707,2026-07-07 13:12:00+09:00,44.0,0,0.0,train
20260707,2026-07-07 13:15:00+09:00,44.0,0,0.0,train
20260707,2026-07-07 13:18:00+09:00,42.833333333333336,0,0.0,train
20260707,2026-07-07 13:21:00+09:00,46.0,0,0.0,train
20260707,2026-07-07 13:24:00+09:00,45.833333333333336,0,0.0,train
20260707,2026-07-07 13:27:00+09:00,44.0,0,0.0,train
20260707,2026-07-07 13:30:00+09:00,41.0,0,0.0,train
20260707,2026-07-07 13:33:00+09:00,38.16666666666666,0,0.0,train
20260707,2026-07-07 13:36:00+09:00,36.16666666666666,0,0.0,train
20260707,2026-07-07 13:39:00+09:00,39.16666666666666,0,0.0,train
20260707,2026-07-07 13:42:00+09:00,34.5,0,0.0,train
20260707,2026-07-07 13:45:00+09:00,36.333333333333336,0,0.0,train
20260707,2026-07-07 13:48:00+09:00,30.666666666666668,0,0.0,train
20260707,2026-07-07 13:51:00+09:00,26.33333333333333,0,0.0,train
20260707,2026-07-07 13:54:00+09:00,28.166666666666668,0,0.0,train
20260707,2026-07-07 13:57:00+09:00,32.5,0,0.0,train
20260707,2026-07-07 14:00:00+09:00,30.666666666666668,0,0.0,train
20260707,2026-07-07 14:03:00+09:00,31.5,0,0.0,train
20260707,2026-07-07 14:06:00+09:00,33.166666666666664,0,0.0,train
20260707,2026-07-07 14:09:00+09:00,29.666666666666668,0,0.0,train
20260707,2026-07-07 14:12:00+09:00,31.666666666666668,0,0.0,train
20260707,2026-07-07 14:15:00+09:00,33.166666666666664,0,0.0,train
20260707,2026-07-07 14:18:00+09:00,38.16666666666666,0,0.0,train
20260707,2026-07-07 14:21:00+09:00,36.16666666666666,0,0.0,train
20260707,2026-07-07 14:24:00+09:00,34.833333333333336,0,0.0,train
20260707,2026-07-07 14:27:00+09:00,28.33333333333333,0,0.0,train
20260707,2026-07-07 14:30:00+09:00,30.5,0,0.0,train
20260707,2026-07-07 14:33:00+09:00,36.5,0,0.0,train
20260707,2026-07-07 14:36:00+09:00,31.33333333333333,0,0.0,train
20260707,2026-07-07 14:39:00+09:00,33.5,0,0.0,train
20260707,2026-07-07 14:42:00+09:00,31.5,0,0.0,train
20260707,2026-07-07 14:45:00+09:00,30.0,0,0.0,train
20260707,2026-07-07 14:48:00+09:00,32.166666666666664,0,0.0,train
20260707,2026-07-07 14:51:00+09:00,31.83333333333333,0,0.0,train
20260707,2026-07-07 14:54:00+09:00,34.166666666666664,0,0.0,train
20260707,2026-07-07 14:57:00+09:00,35.166666666666664,0,0.0,train
20260708,2026-07-08 10:00:00+09:00,11.333333333333334,0,0.0,train
20260708,2026-07-08 10:03:00+09:00,13.0,0,0.0,train
20260708,2026-07-08 10:06:00+09:00,20.166666666666668,0,0.0,train
20260708,2026-07-08 10:09:00+09:00,13.833333333333334,0,0.0,train
20260708,2026-07-08 10:12:00+09:00,14.0,0,0.0,train
20260708,2026-07-08 10:15:00+09:00,12.833333333333334,0,0.0,train
20260708,2026-07-08 10:18:00+09:00,19.5,0,0.0,train
20260708,2026-07-08 10:21:00+09:00,15.333333333333334,0,0.0,train
20260708,2026-07-08 10:24:00+09:00,15.333333333333334,0,0.0,train
20260708,2026-07-08 10:27:00+09:00,21.5,0,0.0,train
20260708,2026-07-08 10:30:00+09:00,21.5,0,0.0,train
20260708,2026-07-08 10:33:00+09:00,19.83333333333333,0,0.0,train
20260708,2026-07-08 10:36:00+09:00,18.5,0,0.0,train
20260708,2026-07-08 10:39:00+09:00,18.33333333333333,0,0.0,train
20260708,2026-07-08 10:42:00+09:00,12.833333333333334,0,0.0,train
20260708,2026-07-08 10:45:00+09:00,12.833333333333334,0,0.0,train
20260708,2026-07-08 10:48:00+09:00,11.666666666666666,0,0.0,train
20260708,2026-07-08 10:51:00+09:00,18.5,0,0.0,train
20260708,2026-07-08 10:54:00+09:00,15.333333333333334,0,0.0,train
20260708,2026-07-08 10:57:00+09:00,11.333333333333334,0,0.0,train
20260708,2026-07-08 11:00:00+09:00,11.666666666666666,0,0.0,train
20260708,2026-07-08 11:03:00+09:00,13.166666666666666,0,0.0,train
20260708,2026-07-08 11:06:00+09:00,15.666666666666666,0,0.0,train
20260708,2026-07-08 11:09:00+09:00,20.5,0,0.0,train
20260708,2026-07-08 11:12:00+09:00,20.5,0,0.0,train
20260708,2026-07-08 11:15:00+09:00,20.5,0,0.0,train
20260708,2026-07-08 11:18:00+09:00,18.83333333333333,0,0.0,train
20260708,2026-07-08 11:21:00+09:00,16.666666666666668,0,0.0,train
20260708,2026-07-08 11:24:00+09:00,15.666666666666666,0,0.0,train
20260708,2026-07-08 11:27:00+09:00,12.833333333333334,0,0.0,train
20260708,2026-07-08 11:30:00+09:00,13.0,0,0.0,train
20260708,2026-07-08 11:33:00+09:00,19.33333333333333,0,0.0,train
20260708,2026-07-08 11:36:00+09:00,21.166666666666668,0,0.0,train
20260708,2026-07-08 11:39:00+09:00,16.666666666666668,0,0.0,train
20260708,2026-07-08 11:42:00+09:00,20.0,0,0.0,train
20260708,2026-07-08 11:45:00+09:00,19.83333333333333,0,0.0,train
20260708,2026-07-08 11:48:00+09:00,19.166666666666668,0,0.0,train
20260708,2026-07-08 11:51:00+09:00,11.166666666666666,0,0.0,train
20260708,2026-07-08 11:54:00+09:00,27.33333333333333,0,0.0,train
20260708,2026-07-08 11:57:00+09:00,33.166666666666664,0,0.0,train
20260708,2026-07-08 12:00:00+09:00,38.66666666666666,0,0.0,train
20260708,2026-07-08 12:03:00+09:00,43.5,0,0.0,train
20260708,2026-07-08 12:06:00+09:00,49.66666666666666,0,0.0,train
20260708,2026-07-08 12:09:00+09:00,53.66666666666666,0,0.0,train
20260708,2026-07-08 12:12:00+09:00,55.5,0,0.0,train
20260708,2026-07-08 12:15:00+09:00,57.16666666666666,0,0.0,train
20260708,2026-07-08 12:18:00+09:00,58.333333333333336,0,0.0,train
20260708,2026-07-08 12:21:00+09:00,59.5,0,0.0,train
20260708,2026-07-08 12:24:00+09:00,53.5,0,0.0,train
20260708,2026-07-08 12:27:00+09:00,52.833333333333336,0,0.0,train
20260708,2026-07-08 12:30:00+09:00,52.66666666666666,0,0.0,train
20260708,2026-07-08 12:33:00+09:00,52.66666666666666,0,0.0,train
20260708,2026-07-08 12:36:00+09:00,52.333333333333336,0,0.0,train
20260708,2026-07-08 12:39:00+09:00,50.5,0,0.0,train
20260708,2026-07-08 12:42:00+09:00,50.0,0,0.0,train
20260708,2026-07-08 12:45:00+09:00,49.16666666666666,0,0.0,train
20260708,2026-07-08 12:48:00+09:00,48.333333333333336,0,0.0,train
20260708,2026-07-08 12:51:00+09:00,45.66666666666666,0,0.0,train
20260708,2026-07-08 12:54:00+09:00,44.0,0,0.0,train
20260708,2026-07-08 12:57:00+09:00,46.0,0,0.0,train
20260708,2026-07-08 13:00:00+09:00,43.833333333333336,0,0.0,train
20260708,2026-07-08 13:03:00+09:00,43.5,0,0.0,train
20260708,2026-07-08 13:06:00+09:00,42.5,0,0.0,train
20260708,2026-07-08 13:09:00+09:00,45.66666666666666,0,0.0,train
20260708,2026-07-08 13:12:00+09:00,46.833333333333336,0,0.0,train
20260708,2026-07-08 13:15:00+09:00,47.0,0,0.0,train
20260708,2026-07-08 13:18:00+09:00,43.833333333333336,0,0.0,train
20260708,2026-07-08 13:21:00+09:00,46.0,0,0.0,train
20260708,2026-07-08 13:24:00+09:00,45.333333333333336,0,0.0,train
20260708,2026-07-08 13:27:00+09:00,41.66666666666666,0,0.0,train
20260708,2026-07-08 13:30:00+09:00,40.333333333333336,0,0.0,train
20260708,2026-07-08 13:33:00+09:00,37.66666666666666,0,0.0,train
20260708,2026-07-08 13:36:00+09:00,42.5,0,0.0,train
20260708,2026-07-08 13:39:00+09:00,41.333333333333336,0,0.0,train
20260708,2026-07-08 13:42:00+09:00,41.833333333333336,0,0.0,train
20260708,2026-07-08 13:45:00+09:00,38.66666666666666,0,0.0,train
20260708,2026-07-08 13:48:00+09:00,37.66666666666666,0,0.0,train
20260708,2026-07-08 13:51:00+09:00,40.0,0,0.0,train
20260708,2026-07-08 13:54:00+09:00,42.333333333333336,0,0.0,train
20260708,2026-07-08 13:57:00+09:00,45.833333333333336,0,0.0,train
20260708,2026-07-08 14:00:00+09:00,47.66666666666666,0,0.0,train
20260708,2026-07-08 14:03:00+09:00,51.5,0,0.0,train
20260708,2026-07-08 14:06:00+09:00,47.16666666666666,0,0.0,train
20260708,2026-07-08 14:09:00+09:00,48.0,0,0.0,train
20260708,2026-07-08 14:12:00+09:00,48.66666666666666,0,0.0,train
20260708,2026-07-08 14:15:00+09:00,48.66666666666666,0,0.0,train
20260708,2026-07-08 14:18:00+09:00,48.66666666666666,0,0.0,train
20260708,2026-07-08 14:21:00+09:00,47.16666666666666,0,0.0,train
20260708,2026-07-08 14:24:00+09:00,46.333333333333336,0,0.0,train
20260708,2026-07-08 14:27:00+09:00,42.0,0,0.0,train
20260708,2026-07-08 14:30:00+09:00,42.16666666666666,0,0.0,train
20260708,2026-07-08 14:33:00+09:00,43.66666666666666,0,0.0,train
20260708,2026-07-08 14:36:00+09:00,41.833333333333336,0,0.0,train
20260708,2026-07-08 14:39:00+09:00,41.0,0,0.0,train
20260708,2026-07-08 14:42:00+09:00,44.333333333333336,0,0.0,train
20260708,2026-07-08 14:45:00+09:00,42.5,0,0.0,train
20260708,2026-07-08 14:48:00+09:00,41.333333333333336,0,0.0,train
20260708,2026-07-08 14:51:00+09:00,42.333333333333336,0,0.0,train
20260708,2026-07-08 14:54:00+09:00,42.66666666666666,0,0.0,train
20260708,2026-07-08 14:57:00+09:00,42.16666666666666,0,0.0,train
20260709,2026-07-09 10:00:00+09:00,44.0,0,0.0,train
20260709,2026-07-09 10:03:00+09:00,34.833333333333336,0,0.0,train
20260709,2026-07-09 10:06:00+09:00,25.166666666666668,0,0.0,train
20260709,2026-07-09 10:09:00+09:00,28.83333333333333,0,0.0,train
20260709,2026-07-09 10:12:00+09:00,21.666666666666668,0,0.0,train
20260709,2026-07-09 10:15:00+09:00,22.0,0,0.0,train
20260709,2026-07-09 10:18:00+09:00,23.5,0,0.0,train
20260709,2026-07-09 10:21:00+09:00,22.666666666666668,0,0.0,train
20260709,2026-07-09 10:24:00+09:00,28.33333333333333,0,0.0,train
20260709,2026-07-09 10:27:00+09:00,27.33333333333333,0,0.0,train
20260709,2026-07-09 10:30:00+09:00,18.166666666666668,0,0.0,train
20260709,2026-07-09 10:33:00+09:00,28.33333333333333,0,0.0,train
20260709,2026-07-09 10:36:00+09:00,20.166666666666668,0,0.0,train
20260709,2026-07-09 10:39:00+09:00,22.0,0,0.0,train
20260709,2026-07-09 10:42:00+09:00,25.83333333333333,0,0.0,train
20260709,2026-07-09 10:45:00+09:00,20.83333333333333,0,0.0,train
20260709,2026-07-09 10:48:00+09:00,24.666666666666668,0,0.0,train
20260709,2026-07-09 10:51:00+09:00,22.83333333333333,0,0.0,train
20260709,2026-07-09 10:54:00+09:00,23.83333333333333,0,0.0,train
20260709,2026-07-09 10:57:00+09:00,20.33333333333333,0,0.0,train
20260709,2026-07-09 11:00:00+09:00,28.33333333333333,0,0.0,train
20260709,2026-07-09 11:03:00+09:00,28.5,0,0.0,train
20260709,2026-07-09 11:06:00+09:00,29.33333333333333,0,0.0,train
20260709,2026-07-09 11:09:00+09:00,26.83333333333333,0,0.0,train
20260709,2026-07-09 11:12:00+09:00,24.0,0,0.0,train
20260709,2026-07-09 11:15:00+09:00,27.83333333333333,0,0.0,train
20260709,2026-07-09 11:18:00+09:00,23.166666666666668,0,0.0,train
20260709,2026-07-09 11:21:00+09:00,30.166666666666668,0,0.0,train
20260709,2026-07-09 11:24:00+09:00,25.0,0,0.0,train
20260709,2026-07-09 11:27:00+09:00,28.0,0,0.0,train
20260709,2026-07-09 11:30:00+09:00,23.166666666666668,0,0.0,train
20260709,2026-07-09 11:33:00+09:00,25.33333333333333,0,0.0,train
20260709,2026-07-09 11:36:00+09:00,24.33333333333333,0,0.0,train
20260709,2026-07-09 11:39:00+09:00,21.5,0,0.0,train
20260709,2026-07-09 11:42:00+09:00,24.166666666666668,0,0.0,train
20260709,2026-07-09 11:45:00+09:00,28.0,0,0.0,train
20260709,2026-07-09 11:48:00+09:00,22.5,0,0.0,train
20260709,2026-07-09 11:51:00+09:00,22.0,0,0.0,train
20260709,2026-07-09 11:54:00+09:00,19.666666666666668,0,0.0,train
20260709,2026-07-09 11:57:00+09:00,25.5,0,0.0,train
20260709,2026-07-09 12:00:00+09:00,30.666666666666668,0,0.0,train
20260709,2026-07-09 12:03:00+09:00,30.666666666666668,0,0.0,train
20260709,2026-07-09 12:06:00+09:00,36.833333333333336,0,0.0,train
20260709,2026-07-09 12:09:00+09:00,42.833333333333336,0,0.0,train
20260709,2026-07-09 12:12:00+09:00,47.833333333333336,0,0.0,train
20260709,2026-07-09 12:15:00+09:00,50.333333333333336,0,0.0,train
20260709,2026-07-09 12:18:00+09:00,53.5,0,0.0,train
20260709,2026-07-09 12:21:00+09:00,54.16666666666666,0,0.0,train
20260709,2026-07-09 12:24:00+09:00,55.5,0,0.0,train
20260709,2026-07-09 12:27:00+09:00,49.16666666666666,0,0.0,train
20260709,2026-07-09 12:30:00+09:00,49.16666666666666,0,0.0,train
20260709,2026-07-09 12:33:00+09:00,49.0,0,0.0,train
20260709,2026-07-09 12:36:00+09:00,47.66666666666666,0,0.0,train
20260709,2026-07-09 12:39:00+09:00,47.833333333333336,0,0.0,train
20260709,2026-07-09 12:42:00+09:00,47.5,0,0.0,train
20260709,2026-07-09 12:45:00+09:00,47.333333333333336,0,0.0,train
20260709,2026-07-09 12:48:00+09:00,45.0,0,0.0,train
20260709,2026-07-09 12:51:00+09:00,42.0,0,0.0,train
20260709,2026-07-09 12:54:00+09:00,44.333333333333336,0,0.0,train
20260709,2026-07-09 12:57:00+09:00,40.16666666666666,0,0.0,train
20260709,2026-07-09 13:00:00+09:00,39.833333333333336,0,0.0,train
20260709,2026-07-09 13:03:00+09:00,40.16666666666666,0,0.0,train
20260709,2026-07-09 13:06:00+09:00,43.333333333333336,0,0.0,train
20260709,2026-07-09 13:09:00+09:00,40.0,0,0.0,train
20260709,2026-07-09 13:12:00+09:00,40.66666666666666,0,0.0,train
20260709,2026-07-09 13:15:00+09:00,39.16666666666666,0,0.0,train
20260709,2026-07-09 13:18:00+09:00,40.5,0,0.0,train
20260709,2026-07-09 13:21:00+09:00,39.66666666666666,0,0.0,train
20260709,2026-07-09 13:24:00+09:00,41.0,0,0.0,train
20260709,2026-07-09 13:27:00+09:00,41.66666666666666,0,0.0,train
20260709,2026-07-09 13:30:00+09:00,37.16666666666666,0,0.0,train
20260709,2026-07-09 13:33:00+09:00,34.0,0,0.0,train
20260709,2026-07-09 13:36:00+09:00,28.33333333333333,0,0.0,train
20260709,2026-07-09 13:39:00+09:00,32.333333333333336,0,0.0,train
20260709,2026-07-09 13:42:00+09:00,29.0,0,0.0,train
20260709,2026-07-09 13:45:00+09:00,27.666666666666668,0,0.0,train
20260709,2026-07-09 13:48:00+09:00,26.0,0,0.0,train
20260709,2026-07-09 13:51:00+09:00,20.666666666666668,0,0.0,train
20260709,2026-07-09 13:54:00+09:00,20.666666666666668,0,0.0,train
20260709,2026-07-09 13:57:00+09:00,21.0,0,0.0,train
20260709,2026-07-09 14:00:00+09:00,20.166666666666668,0,0.0,train
20260709,2026-07-09 14:03:00+09:00,20.5,0,0.0,train
20260709,2026-07-09 14:06:00+09:00,21.666666666666668,0,0.0,train
20260709,2026-07-09 14:09:00+09:00,17.166666666666668,0,0.0,train
20260709,2026-07-09 14:12:00+09:00,18.33333333333333,0,0.0,train
20260709,2026-07-09 14:15:00+09:00,25.5,0,0.0,train
20260709,2026-07-09 14:18:00+09:00,27.166666666666668,0,0.0,train
20260709,2026-07-09 14:21:00+09:00,22.83333333333333,0,0.0,train
20260709,2026-07-09 14:24:00+09:00,19.5,0,0.0,train
20260709,2026-07-09 14:27:00+09:00,24.83333333333333,0,0.0,train
20260709,2026-07-09 14:30:00+09:00,21.166666666666668,0,0.0,train
20260709,2026-07-09 14:33:00+09:00,25.83333333333333,0,0.0,train
20260709,2026-07-09 14:36:00+09:00,28.5,0,0.0,train
20260709,2026-07-09 14:39:00+09:00,18.666666666666668,0,0.0,train
20260709,2026-07-09 14:42:00+09:00,18.666666666666668,0,0.0,train
20260709,2026-07-09 14:45:00+09:00,20.33333333333333,0,0.0,train
20260709,2026-07-09 14:48:00+09:00,22.166666666666668,0,0.0,train
20260709,2026-07-09 14:51:00+09:00,28.0,0,0.0,train
20260709,2026-07-09 14:54:00+09:00,23.5,0,0.0,train
20260709,2026-07-09 14:57:00+09:00,21.33333333333333,0,0.0,train
20260710,2026-07-10 10:00:00+09:00,36.333333333333336,0,0.0,train
20260710,2026-07-10 10:03:00+09:00,36.5,0,0.0,train
20260710,2026-07-10 10:06:00+09:00,24.166666666666668,0,0.0,train
20260710,2026-07-10 10:09:00+09:00,21.166666666666668,0,0.0,train
20260710,2026-07-10 10:12:00+09:00,23.5,0,0.0,train
20260710,2026-07-10 10:15:00+09:00,28.0,0,0.0,train
20260710,2026-07-10 10:18:00+09:00,21.83333333333333,0,0.0,train
20260710,2026-07-10 10:21:00+09:00,19.5,0,0.0,train
20260710,2026-07-10 10:24:00+09:00,18.5,0,0.0,train
20260710,2026-07-10 10:27:00+09:00,22.0,0,0.0,train
20260710,2026-07-10 10:30:00+09:00,21.33333333333333,0,0.0,train
20260710,2026-07-10 10:33:00+09:00,18.666666666666668,0,0.0,train
20260710,2026-07-10 10:36:00+09:00,20.33333333333333,0,0.0,train
20260710,2026-07-10 10:39:00+09:00,22.166666666666668,0,0.0,train
20260710,2026-07-10 10:42:00+09:00,26.5,0,0.0,train
20260710,2026-07-10 10:45:00+09:00,18.33333333333333,0,0.0,train
20260710,2026-07-10 10:48:00+09:00,19.5,0,0.0,train
20260710,2026-07-10 10:51:00+09:00,25.0,0,0.0,train
20260710,2026-07-10 10:54:00+09:00,25.33333333333333,0,0.0,train
20260710,2026-07-10 10:57:00+09:00,22.166666666666668,0,0.0,train
20260710,2026-07-10 11:00:00+09:00,25.166666666666668,0,0.0,train
20260710,2026-07-10 11:03:00+09:00,28.83333333333333,0,0.0,train
20260710,2026-07-10 11:06:00+09:00,28.83333333333333,0,0.0,train
20260710,2026-07-10 11:09:00+09:00,22.33333333333333,0,0.0,train
20260710,2026-07-10 11:12:00+09:00,18.666666666666668,0,0.0,train
20260710,2026-07-10 11:15:00+09:00,29.0,0,0.0,train
20260710,2026-07-10 11:18:00+09:00,24.5,0,0.0,train
20260710,2026-07-10 11:21:00+09:00,26.0,0,0.0,train
20260710,2026-07-10 11:24:00+09:00,25.33333333333333,0,0.0,train
20260710,2026-07-10 11:27:00+09:00,20.666666666666668,0,0.0,train
20260710,2026-07-10 11:30:00+09:00,21.5,0,0.0,train
20260710,2026-07-10 11:33:00+09:00,21.666666666666668,0,0.0,train
20260710,2026-07-10 11:36:00+09:00,20.0,0,0.0,train
20260710,2026-07-10 11:39:00+09:00,25.5,0,0.0,train
20260710,2026-07-10 11:42:00+09:00,21.83333333333333,0,0.0,train
20260710,2026-07-10 11:45:00+09:00,18.83333333333333,0,0.0,train
20260710,2026-07-10 11:48:00+09:00,27.33333333333333,0,0.0,train
20260710,2026-07-10 11:51:00+09:00,19.33333333333333,0,0.0,train
20260710,2026-07-10 11:54:00+09:00,22.666666666666668,0,0.0,train
20260710,2026-07-10 11:57:00+09:00,27.166666666666668,0,0.0,train
20260710,2026-07-10 12:00:00+09:00,29.0,0,0.0,train
20260710,2026-07-10 12:03:00+09:00,28.83333333333333,0,0.0,train
20260710,2026-07-10 12:06:00+09:00,28.5,0,0.0,train
20260710,2026-07-10 12:09:00+09:00,38.0,0,0.0,train
20260710,2026-07-10 12:12:00+09:00,42.333333333333336,0,0.0,train
20260710,2026-07-10 12:15:00+09:00,45.833333333333336,0,0.0,train
20260710,2026-07-10 12:18:00+09:00,47.833333333333336,0,0.0,train
20260710,2026-07-10 12:21:00+09:00,51.333333333333336,0,0.0,train
20260710,2026-07-10 12:24:00+09:00,48.66666666666666,0,0.0,train
20260710,2026-07-10 12:27:00+09:00,44.66666666666666,0,0.0,train
20260710,2026-07-10 12:30:00+09:00,44.5,0,0.0,train
20260710,2026-07-10 12:33:00+09:00,43.833333333333336,0,0.0,train
20260710,2026-07-10 12:36:00+09:00,43.833333333333336,0,0.0,train
20260710,2026-07-10 12:39:00+09:00,44.333333333333336,0,0.0,train
20260710,2026-07-10 12:42:00+09:00,40.833333333333336,0,0.0,train
20260710,2026-07-10 12:45:00+09:00,39.66666666666666,0,0.0,train
20260710,2026-07-10 12:48:00+09:00,40.0,0,0.0,train
20260710,2026-07-10 12:51:00+09:00,36.0,0,0.0,train
20260710,2026-07-10 12:54:00+09:00,36.833333333333336,0,0.0,train
20260710,2026-07-10 12:57:00+09:00,36.0,0,0.0,train
20260710,2026-07-10 13:00:00+09:00,36.16666666666666,0,0.0,train
20260710,2026-07-10 13:03:00+09:00,33.5,0,0.0,train
20260710,2026-07-10 13:06:00+09:00,35.166666666666664,0,0.0,train
20260710,2026-07-10 13:09:00+09:00,33.333333333333336,0,0.0,train
20260710,2026-07-10 13:12:00+09:00,38.16666666666666,0,0.0,train
20260710,2026-07-10 13:15:00+09:00,36.833333333333336,0,0.0,train
20260710,2026-07-10 13:18:00+09:00,40.833333333333336,0,0.0,train
20260710,2026-07-10 13:21:00+09:00,34.833333333333336,0,0.0,train
20260710,2026-07-10 13:24:00+09:00,36.66666666666666,0,0.0,train
20260710,2026-07-10 13:27:00+09:00,33.666666666666664,0,0.0,train
20260710,2026-07-10 13:30:00+09:00,31.5,0,0.0,train
20260710,2026-07-10 13:33:00+09:00,27.0,0,0.0,train
20260710,2026-07-10 13:36:00+09:00,30.83333333333333,0,0.0,train
20260710,2026-07-10 13:39:00+09:00,26.33333333333333,0,0.0,train
20260710,2026-07-10 13:42:00+09:00,29.5,0,0.0,train
20260710,2026-07-10 13:45:00+09:00,27.166666666666668,0,0.0,train
20260710,2026-07-10 13:48:00+09:00,24.5,0,0.0,train
20260710,2026-07-10 13:51:00+09:00,27.166666666666668,0,0.0,train
20260710,2026-07-10 13:54:00+09:00,30.33333333333333,0,0.0,train
20260710,2026-07-10 13:57:00+09:00,32.5,0,0.0,train
20260710,2026-07-10 14:00:00+09:00,34.0,0,0.0,train
20260710,2026-07-10 14:03:00+09:00,39.833333333333336,0,0.0,train
20260710,2026-07-10 14:06:00+09:00,32.333333333333336,0,0.0,train
20260710,2026-07-10 14:09:00+09:00,34.5,0,0.0,train
20260710,2026-07-10 14:12:00+09:00,33.5,0,0.0,train
20260710,2026-07-10 14:15:00+09:00,36.833333333333336,0,0.0,train
20260710,2026-07-10 14:18:00+09:00,36.0,0,0.0,train
20260710,2026-07-10 14:21:00+09:00,34.333333333333336,0,0.0,train
20260710,2026-07-10 14:24:00+09:00,30.5,0,0.0,train
20260710,2026-07-10 14:27:00+09:00,35.833333333333336,0,0.0,train
20260710,2026-07-10 14:30:00+09:00,30.666666666666668,0,0.0,train
20260710,2026-07-10 14:33:00+09:00,25.5,0,0.0,train
20260710,2026-07-10 14:36:00+09:00,33.333333333333336,0,0.0,train
20260710,2026-07-10 14:39:00+09:00,28.5,0,0.0,train
20260710,2026-07-10 14:42:00+09:00,28.33333333333333,0,0.0,train
20260710,2026-07-10 14:45:00+09:00,29.5,0,0.0,train
20260710,2026-07-10 14:48:00+09:00,33.0,0,0.0,train
20260710,2026-07-10 14:51:00+09:00,33.833333333333336,0,0.0,train
20260710,2026-07-10 14:54:00+09:00,32.666666666666664,0,0.0,train
20260710,2026-07-10 14:57:00+09:00,25.83333333333333,0,0.0,train
20260713,2026-07-13 10:00:00+09:00,37.5,0,0.0,train
20260713,2026-07-13 10:03:00+09:00,40.333333333333336,0,0.0,train
20260713,2026-07-13 10:06:00+09:00,39.0,0,0.0,train
20260713,2026-07-13 10:09:00+09:00,39.333333333333336,0,0.0,train
20260713,2026-07-13 10:12:00+09:00,38.833333333333336,0,0.0,train
20260713,2026-07-13 10:15:00+09:00,40.5,0,0.0,train
20260713,2026-07-13 10:18:00+09:00,37.66666666666666,0,0.0,train
20260713,2026-07-13 10:21:00+09:00,37.66666666666666,0,0.0,train
20260713,2026-07-13 10:24:00+09:00,38.66666666666666,0,0.0,train
20260713,2026-07-13 10:27:00+09:00,40.833333333333336,0,0.0,train
20260713,2026-07-13 10:30:00+09:00,39.0,0,0.0,train
20260713,2026-07-13 10:33:00+09:00,38.833333333333336,0,0.0,train
20260713,2026-07-13 10:36:00+09:00,41.333333333333336,0,0.0,train
20260713,2026-07-13 10:39:00+09:00,39.333333333333336,0,0.0,train
20260713,2026-07-13 10:42:00+09:00,39.0,0,0.0,train
20260713,2026-07-13 10:45:00+09:00,37.66666666666666,0,0.0,train
20260713,2026-07-13 10:48:00+09:00,41.0,0,0.0,train
20260713,2026-07-13 10:51:00+09:00,43.0,0,0.0,train
20260713,2026-07-13 10:54:00+09:00,39.333333333333336,0,0.0,train
20260713,2026-07-13 10:57:00+09:00,38.0,0,0.0,train
20260713,2026-07-13 11:00:00+09:00,41.333333333333336,0,0.0,train
20260713,2026-07-13 11:03:00+09:00,41.333333333333336,0,0.0,train
20260713,2026-07-13 11:06:00+09:00,37.66666666666666,0,0.0,train
20260713,2026-07-13 11:09:00+09:00,38.16666666666666,0,0.0,train
20260713,2026-07-13 11:12:00+09:00,39.66666666666666,0,0.0,train
20260713,2026-07-13 11:15:00+09:00,42.16666666666666,0,0.0,train
20260713,2026-07-13 11:18:00+09:00,41.833333333333336,0,0.0,train
20260713,2026-07-13 11:21:00+09:00,39.16666666666666,0,0.0,train
20260713,2026-07-13 11:24:00+09:00,42.66666666666666,0,0.0,train
20260713,2026-07-13 11:27:00+09:00,44.833333333333336,0,0.0,train
20260713,2026-07-13 11:30:00+09:00,38.5,0,0.0,train
20260713,2026-07-13 11:33:00+09:00,40.16666666666666,0,0.0,train
20260713,2026-07-13 11:36:00+09:00,43.333333333333336,0,0.0,train
20260713,2026-07-13 11:39:00+09:00,43.5,0,0.0,train
20260713,2026-07-13 11:42:00+09:00,41.833333333333336,0,0.0,train
20260713,2026-07-13 11:45:00+09:00,40.5,0,0.0,train
20260713,2026-07-13 11:48:00+09:00,40.833333333333336,0,0.0,train
20260713,2026-07-13 11:51:00+09:00,40.5,0,0.0,train
20260713,2026-07-13 11:54:00+09:00,37.66666666666666,0,0.0,train
20260713,2026-07-13 11:57:00+09:00,41.5,0,0.0,train
20260713,2026-07-13 12:00:00+09:00,45.0,0,0.0,train
20260713,2026-07-13 12:03:00+09:00,46.833333333333336,0,0.0,train
20260713,2026-07-13 12:06:00+09:00,47.16666666666666,0,0.0,train
20260713,2026-07-13 12:09:00+09:00,53.5,0,0.0,train
20260713,2026-07-13 12:12:00+09:00,56.833333333333336,0,0.0,train
20260713,2026-07-13 12:15:00+09:00,58.66666666666666,0,0.0,train
20260713,2026-07-13 12:18:00+09:00,59.333333333333336,0,0.0,train
20260713,2026-07-13 12:21:00+09:00,60.0,0,0.0,train
20260713,2026-07-13 12:24:00+09:00,60.5,0,0.0,train
20260713,2026-07-13 12:27:00+09:00,54.0,0,0.0,train
20260713,2026-07-13 12:30:00+09:00,54.333333333333336,0,0.0,train
20260713,2026-07-13 12:33:00+09:00,54.0,0,0.0,train
20260713,2026-07-13 12:36:00+09:00,53.5,0,0.0,train
20260713,2026-07-13 12:39:00+09:00,52.833333333333336,0,0.0,train
20260713,2026-07-13 12:42:00+09:00,52.16666666666666,0,0.0,train
20260713,2026-07-13 12:45:00+09:00,51.0,0,0.0,train
20260713,2026-07-13 12:48:00+09:00,50.333333333333336,0,0.0,train
20260713,2026-07-13 12:51:00+09:00,48.66666666666666,0,0.0,train
20260713,2026-07-13 12:54:00+09:00,45.66666666666666,0,0.0,train
20260713,2026-07-13 12:57:00+09:00,45.833333333333336,0,0.0,train
20260713,2026-07-13 13:00:00+09:00,47.833333333333336,0,0.0,train
20260713,2026-07-13 13:03:00+09:00,47.16666666666666,0,0.0,train
20260713,2026-07-13 13:06:00+09:00,45.833333333333336,0,0.0,train
20260713,2026-07-13 13:09:00+09:00,45.5,0,0.0,train
20260713,2026-07-13 13:12:00+09:00,45.833333333333336,0,0.0,train
20260713,2026-07-13 13:15:00+09:00,45.66666666666666,0,0.0,train
20260713,2026-07-13 13:18:00+09:00,45.333333333333336,0,0.0,train
20260713,2026-07-13 13:21:00+09:00,44.66666666666666,0,0.0,train
20260713,2026-07-13 13:24:00+09:00,45.66666666666666,0,0.0,train
20260713,2026-07-13 13:27:00+09:00,45.5,0,0.0,train
20260713,2026-07-13 13:30:00+09:00,42.5,0,0.0,train
20260713,2026-07-13 13:33:00+09:00,41.0,0,0.0,train
20260713,2026-07-13 13:36:00+09:00,46.66666666666666,0,0.0,train
20260713,2026-07-13 13:39:00+09:00,46.833333333333336,0,0.0,train
20260713,2026-07-13 13:42:00+09:00,47.66666666666666,0,0.0,train
20260713,2026-07-13 13:45:00+09:00,44.333333333333336,0,0.0,train
20260713,2026-07-13 13:48:00+09:00,43.5,0,0.0,train
20260713,2026-07-13 13:51:00+09:00,44.66666666666666,0,0.0,train
20260713,2026-07-13 13:54:00+09:00,45.833333333333336,0,0.0,train
20260713,2026-07-13 13:57:00+09:00,47.66666666666666,0,0.0,train
20260713,2026-07-13 14:00:00+09:00,49.16666666666666,0,0.0,train
20260713,2026-07-13 14:03:00+09:00,53.16666666666666,0,0.0,train
20260713,2026-07-13 14:06:00+09:00,48.833333333333336,0,0.0,train
20260713,2026-07-13 14:09:00+09:00,49.5,0,0.0,train
20260713,2026-07-13 14:12:00+09:00,51.0,0,0.0,train
20260713,2026-07-13 14:15:00+09:00,50.833333333333336,0,0.0,train
20260713,2026-07-13 14:18:00+09:00,49.66666666666666,0,0.0,train
20260713,2026-07-13 14:21:00+09:00,50.16666666666666,0,0.0,train
20260713,2026-07-13 14:24:00+09:00,48.16666666666666,0,0.0,train
20260713,2026-07-13 14:27:00+09:00,43.5,0,0.0,train
20260713,2026-07-13 14:30:00+09:00,44.66666666666666,0,0.0,train
20260713,2026-07-13 14:33:00+09:00,46.16666666666666,0,0.0,train
20260713,2026-07-13 14:36:00+09:00,44.66666666666666,0,0.0,train
20260713,2026-07-13 14:39:00+09:00,44.66666666666666,0,0.0,train
20260713,2026-07-13 14:42:00+09:00,44.66666666666666,0,0.0,train
20260713,2026-07-13 14:45:00+09:00,45.0,0,0.0,train
20260713,2026-07-13 14:48:00+09:00,46.0,0,0.0,train
20260713,2026-07-13 14:51:00+09:00,44.66666666666666,0,0.0,train
20260713,2026-07-13 14:54:00+09:00,45.0,0,0.0,train
20260713,2026-07-13 14:57:00+09:00,47.16666666666666,0,0.0,train
20260714,2026-07-14 10:00:00+09:00,23.83333333333333,0,0.0,train
20260714,2026-07-14 10:03:00+09:00,27.33333333333333,0,0.0,train
20260714,2026-07-14 10:06:00+09:00,28.666666666666668,0,0.0,train
20260714,2026-07-14 10:09:00+09:00,21.666666666666668,0,0.0,train
20260714,2026-07-14 10:12:00+09:00,23.83333333333333,0,0.0,train
20260714,2026-07-14 10:15:00+09:00,22.83333333333333,0,0.0,train
20260714,2026-07-14 10:18:00+09:00,19.166666666666668,0,0.0,train
20260714,2026-07-14 10:21:00+09:00,23.33333333333333,0,0.0,train
20260714,2026-07-14 10:24:00+09:00,28.166666666666668,0,0.0,train
20260714,2026-07-14 10:27:00+09:00,22.33333333333333,0,0.0,train
20260714,2026-07-14 10:30:00+09:00,21.166666666666668,0,0.0,train
20260714,2026-07-14 10:33:00+09:00,20.5,0,0.0,train
20260714,2026-07-14 10:36:00+09:00,24.83333333333333,0,0.0,train
20260714,2026-07-14 10:39:00+09:00,27.83333333333333,0,0.0,train
20260714,2026-07-14 10:42:00+09:00,26.666666666666668,0,0.0,train
20260714,2026-07-14 10:45:00+09:00,23.0,0,0.0,train
20260714,2026-07-14 10:48:00+09:00,27.166666666666668,0,0.0,train
20260714,2026-07-14 10:51:00+09:00,21.83333333333333,0,0.0,train
20260714,2026-07-14 10:54:00+09:00,24.83333333333333,0,0.0,train
20260714,2026-07-14 10:57:00+09:00,18.83333333333333,0,0.0,train
20260714,2026-07-14 11:00:00+09:00,29.33333333333333,0,0.0,train
20260714,2026-07-14 11:03:00+09:00,27.666666666666668,0,0.0,train
20260714,2026-07-14 11:06:00+09:00,24.83333333333333,0,0.0,train
20260714,2026-07-14 11:09:00+09:00,24.83333333333333,0,0.0,train
20260714,2026-07-14 11:12:00+09:00,24.5,0,0.0,train
20260714,2026-07-14 11:15:00+09:00,22.5,0,0.0,train
20260714,2026-07-14 11:18:00+09:00,21.33333333333333,0,0.0,train
20260714,2026-07-14 11:21:00+09:00,25.5,0,0.0,train
20260714,2026-07-14 11:24:00+09:00,22.0,0,0.0,train
20260714,2026-07-14 11:27:00+09:00,25.83333333333333,0,0.0,train
20260714,2026-07-14 11:30:00+09:00,19.83333333333333,0,0.0,train
20260714,2026-07-14 11:33:00+09:00,18.5,0,0.0,train
20260714,2026-07-14 11:36:00+09:00,23.666666666666668,0,0.0,train
20260714,2026-07-14 11:39:00+09:00,18.0,0,0.0,train
20260714,2026-07-14 11:42:00+09:00,21.666666666666668,0,0.0,train
20260714,2026-07-14 11:45:00+09:00,25.0,0,0.0,train
20260714,2026-07-14 11:48:00+09:00,19.666666666666668,0,0.0,train
20260714,2026-07-14 11:51:00+09:00,18.666666666666668,0,0.0,train
20260714,2026-07-14 11:54:00+09:00,27.33333333333333,0,0.0,train
20260714,2026-07-14 11:57:00+09:00,33.5,0,0.0,train
20260714,2026-07-14 12:00:00+09:00,41.333333333333336,0,0.0,train
20260714,2026-07-14 12:03:00+09:00,47.0,0,0.0,train
20260714,2026-07-14 12:06:00+09:00,50.0,0,0.0,train
20260714,2026-07-14 12:09:00+09:00,54.833333333333336,0,0.0,train
20260714,2026-07-14 12:12:00+09:00,57.333333333333336,0,0.0,train
20260714,2026-07-14 12:15:00+09:00,58.333333333333336,0,0.0,train
20260714,2026-07-14 12:18:00+09:00,59.66666666666666,0,0.0,train
20260714,2026-07-14 12:21:00+09:00,60.5,0,0.0,train
20260714,2026-07-14 12:24:00+09:00,54.16666666666666,0,0.0,train
20260714,2026-07-14 12:27:00+09:00,53.833333333333336,0,0.0,train
20260714,2026-07-14 12:30:00+09:00,53.833333333333336,0,0.0,train
20260714,2026-07-14 12:33:00+09:00,53.66666666666666,0,0.0,train
20260714,2026-07-14 12:36:00+09:00,53.16666666666666,0,0.0,train
20260714,2026-07-14 12:39:00+09:00,52.66666666666666,0,0.0,train
20260714,2026-07-14 12:42:00+09:00,52.0,0,0.0,train
20260714,2026-07-14 12:45:00+09:00,50.5,0,0.0,train
20260714,2026-07-14 12:48:00+09:00,49.66666666666666,0,0.0,train
20260714,2026-07-14 12:51:00+09:00,48.5,0,0.0,train
20260714,2026-07-14 12:54:00+09:00,44.333333333333336,0,0.0,train
20260714,2026-07-14 12:57:00+09:00,47.0,0,0.0,train
20260714,2026-07-14 13:00:00+09:00,47.833333333333336,0,0.0,train
20260714,2026-07-14 13:03:00+09:00,44.833333333333336,0,0.0,train
20260714,2026-07-14 13:06:00+09:00,45.66666666666666,0,0.0,train
20260714,2026-07-14 13:09:00+09:00,45.333333333333336,0,0.0,train
20260714,2026-07-14 13:12:00+09:00,45.5,0,0.0,train
20260714,2026-07-14 13:15:00+09:00,47.16666666666666,0,0.0,train
20260714,2026-07-14 13:18:00+09:00,47.333333333333336,0,0.0,train
20260714,2026-07-14 13:21:00+09:00,45.333333333333336,0,0.0,train
20260714,2026-07-14 13:24:00+09:00,47.5,0,0.0,train
20260714,2026-07-14 13:27:00+09:00,46.0,0,0.0,train
20260714,2026-07-14 13:30:00+09:00,43.333333333333336,0,0.0,train
20260714,2026-07-14 13:33:00+09:00,41.66666666666666,0,0.0,train
20260714,2026-07-14 13:36:00+09:00,46.5,0,0.0,train
20260714,2026-07-14 13:39:00+09:00,46.66666666666666,0,0.0,train
20260714,2026-07-14 13:42:00+09:00,47.66666666666666,0,0.0,train
20260714,2026-07-14 13:45:00+09:00,44.16666666666666,0,0.0,train
20260714,2026-07-14 13:48:00+09:00,43.333333333333336,0,0.0,train
20260714,2026-07-14 13:51:00+09:00,44.333333333333336,0,0.0,train
20260714,2026-07-14 13:54:00+09:00,46.333333333333336,0,0.0,train
20260714,2026-07-14 13:57:00+09:00,46.66666666666666,0,0.0,train
20260714,2026-07-14 14:00:00+09:00,46.66666666666666,0,0.0,train
20260714,2026-07-14 14:03:00+09:00,51.0,0,0.0,train
20260714,2026-07-14 14:06:00+09:00,47.0,0,0.0,train
20260714,2026-07-14 14:09:00+09:00,49.0,0,0.0,train
20260714,2026-07-14 14:12:00+09:00,50.0,0,0.0,train
20260714,2026-07-14 14:15:00+09:00,49.5,0,0.0,train
20260714,2026-07-14 14:18:00+09:00,50.16666666666666,0,0.0,train
20260714,2026-07-14 14:21:00+09:00,48.16666666666666,0,0.0,train
20260714,2026-07-14 14:24:00+09:00,46.66666666666666,0,0.0,train
20260714,2026-07-14 14:27:00+09:00,43.66666666666666,0,0.0,train
20260714,2026-07-14 14:30:00+09:00,46.66666666666666,0,0.0,train
20260714,2026-07-14 14:33:00+09:00,43.833333333333336,0,0.0,train
20260714,2026-07-14 14:36:00+09:00,42.66666666666666,0,0.0,train
20260714,2026-07-14 14:39:00+09:00,43.5,0,0.0,train
20260714,2026-07-14 14:42:00+09:00,45.5,0,0.0,train
20260714,2026-07-14 14:45:00+09:00,46.0,0,0.0,train
20260714,2026-07-14 14:48:00+09:00,41.16666666666666,0,0.0,train
20260714,2026-07-14 14:51:00+09:00,43.333333333333336,0,0.0,train
20260714,2026-07-14 14:54:00+09:00,43.5,0,0.0,train
20260714,2026-07-14 14:57:00+09:00,44.66666666666666,0,0.0,train
20260715,2026-07-15 10:03:00+09:00,41.833333333333336,0,0.0,train
20260715,2026-07-15 10:06:00+09:00,41.66666666666666,0,0.0,train
20260715,2026-07-15 10:09:00+09:00,44.0,0,0.0,train
20260715,2026-07-15 10:12:00+09:00,50.333333333333336,0,0.0,train
20260715,2026-07-15 10:15:00+09:00,53.5,0,0.0,train
20260715,2026-07-15 10:18:00+09:00,58.0,0,0.0,train
20260715,2026-07-15 10:21:00+09:00,59.66666666666666,0,0.0,train
20260715,2026-07-15 10:24:00+09:00,63.16666666666666,0,0.0,train
20260715,2026-07-15 10:27:00+09:00,64.66666666666667,0,0.0,train
20260715,2026-07-15 10:30:00+09:00,54.16666666666666,0,0.0,train
20260715,2026-07-15 10:33:00+09:00,58.66666666666666,0,0.0,train
20260715,2026-07-15 10:36:00+09:00,57.333333333333336,0,0.0,train
20260715,2026-07-15 10:39:00+09:00,54.66666666666666,0,0.0,train
20260715,2026-07-15 10:42:00+09:00,49.0,0,0.0,train
20260715,2026-07-15 10:45:00+09:00,59.16666666666666,0,0.0,train
20260715,2026-07-15 10:48:00+09:00,61.333333333333336,1,-188820.0,train
20260715,2026-07-15 10:51:00+09:00,60.16666666666666,1,-188820.0,train
20260715,2026-07-15 10:54:00+09:00,59.833333333333336,1,-188820.0,train
20260715,2026-07-15 10:57:00+09:00,58.833333333333336,1,-188820.0,train
20260715,2026-07-15 11:00:00+09:00,62.66666666666666,1,-188820.0,train
20260715,2026-07-15 11:03:00+09:00,57.66666666666666,1,-188820.0,train
20260715,2026-07-15 11:06:00+09:00,59.833333333333336,1,-188820.0,train
20260715,2026-07-15 11:09:00+09:00,59.66666666666666,1,-188820.0,train
20260715,2026-07-15 11:12:00+09:00,57.16666666666666,1,-188820.0,train
20260715,2026-07-15 11:15:00+09:00,53.833333333333336,1,-188820.0,train
20260715,2026-07-15 11:18:00+09:00,53.0,0,0.0,train
20260715,2026-07-15 11:21:00+09:00,48.5,0,0.0,train
20260715,2026-07-15 11:24:00+09:00,39.333333333333336,0,0.0,train
20260715,2026-07-15 11:27:00+09:00,39.66666666666666,0,0.0,train
20260715,2026-07-15 11:30:00+09:00,45.833333333333336,0,0.0,train
20260715,2026-07-15 11:33:00+09:00,51.333333333333336,0,0.0,train
20260715,2026-07-15 11:36:00+09:00,48.16666666666666,0,0.0,train
20260715,2026-07-15 11:39:00+09:00,48.0,0,0.0,train
20260715,2026-07-15 11:42:00+09:00,48.833333333333336,0,0.0,train
20260715,2026-07-15 11:45:00+09:00,48.833333333333336,0,0.0,train
20260715,2026-07-15 11:48:00+09:00,51.0,0,0.0,train
20260715,2026-07-15 11:51:00+09:00,50.833333333333336,0,0.0,train
20260715,2026-07-15 11:54:00+09:00,52.0,0,0.0,train
20260715,2026-07-15 11:57:00+09:00,51.833333333333336,0,0.0,train
20260715,2026-07-15 12:00:00+09:00,61.333333333333336,0,0.0,train
20260715,2026-07-15 12:03:00+09:00,64.83333333333333,1,74254.0,train
20260715,2026-07-15 12:06:00+09:00,65.66666666666667,1,74254.0,train
20260715,2026-07-15 12:09:00+09:00,66.5,1,74254.0,train
20260715,2026-07-15 12:12:00+09:00,65.33333333333333,1,74254.0,train
20260715,2026-07-15 12:15:00+09:00,68.5,1,74254.0,train
20260715,2026-07-15 12:18:00+09:00,52.16666666666666,1,74254.0,train
20260715,2026-07-15 12:21:00+09:00,38.66666666666666,1,74254.0,train
20260715,2026-07-15 12:24:00+09:00,39.833333333333336,1,74254.0,train
20260715,2026-07-15 12:27:00+09:00,43.333333333333336,1,74254.0,train
20260715,2026-07-15 12:30:00+09:00,47.333333333333336,1,74254.0,train
20260715,2026-07-15 12:33:00+09:00,27.33333333333333,0,0.0,train
20260715,2026-07-15 12:36:00+09:00,29.5,0,0.0,train
20260715,2026-07-15 12:39:00+09:00,32.0,0,0.0,train
20260715,2026-07-15 12:42:00+09:00,29.166666666666668,0,0.0,train
20260715,2026-07-15 12:45:00+09:00,31.33333333333333,0,0.0,train
20260715,2026-07-15 12:48:00+09:00,31.166666666666668,0,0.0,train
20260715,2026-07-15 12:51:00+09:00,47.333333333333336,0,0.0,train
20260715,2026-07-15 12:54:00+09:00,47.5,0,0.0,train
20260715,2026-07-15 12:57:00+09:00,44.5,0,0.0,train
20260715,2026-07-15 13:00:00+09:00,42.66666666666666,0,0.0,train
20260715,2026-07-15 13:03:00+09:00,42.833333333333336,0,0.0,train
20260715,2026-07-15 13:06:00+09:00,41.16666666666666,0,0.0,train
20260715,2026-07-15 13:09:00+09:00,45.833333333333336,0,0.0,train
20260715,2026-07-15 13:12:00+09:00,42.833333333333336,0,0.0,train
20260715,2026-07-15 13:15:00+09:00,41.16666666666666,0,0.0,train
20260715,2026-07-15 13:18:00+09:00,47.0,0,0.0,train
20260715,2026-07-15 13:21:00+09:00,47.0,0,0.0,train
20260715,2026-07-15 13:24:00+09:00,46.5,0,0.0,train
20260715,2026-07-15 13:27:00+09:00,45.0,0,0.0,train
20260715,2026-07-15 13:30:00+09:00,45.0,0,0.0,train
20260715,2026-07-15 13:33:00+09:00,36.66666666666666,0,0.0,train
20260715,2026-07-15 13:36:00+09:00,38.16666666666666,0,0.0,train
20260715,2026-07-15 13:39:00+09:00,40.333333333333336,0,0.0,train
20260715,2026-07-15 13:42:00+09:00,37.5,0,0.0,train
20260715,2026-07-15 13:45:00+09:00,37.0,0,0.0,train
20260715,2026-07-15 13:48:00+09:00,43.333333333333336,0,0.0,train
20260715,2026-07-15 13:51:00+09:00,39.333333333333336,0,0.0,train
20260715,2026-07-15 13:54:00+09:00,36.66666666666666,0,0.0,train
20260715,2026-07-15 13:57:00+09:00,42.66666666666666,0,0.0,train
20260715,2026-07-15 14:00:00+09:00,41.833333333333336,0,0.0,train
20260715,2026-07-15 14:03:00+09:00,48.0,0,0.0,train
20260715,2026-07-15 14:06:00+09:00,54.833333333333336,0,0.0,train
20260715,2026-07-15 14:09:00+09:00,58.16666666666666,0,0.0,train
20260715,2026-07-15 14:12:00+09:00,58.5,0,0.0,train
20260715,2026-07-15 14:15:00+09:00,58.5,0,0.0,train
20260715,2026-07-15 14:18:00+09:00,61.0,0,0.0,train
20260715,2026-07-15 14:21:00+09:00,61.5,0,0.0,train
20260715,2026-07-15 14:24:00+09:00,61.833333333333336,0,0.0,train
20260715,2026-07-15 14:27:00+09:00,65.0,0,0.0,train
20260715,2026-07-15 14:30:00+09:00,59.333333333333336,0,0.0,train
20260715,2026-07-15 14:33:00+09:00,49.833333333333336,0,0.0,train
20260715,2026-07-15 14:36:00+09:00,59.66666666666666,0,0.0,train
20260715,2026-07-15 14:39:00+09:00,54.833333333333336,0,0.0,train
20260715,2026-07-15 14:42:00+09:00,41.66666666666666,0,0.0,train
20260715,2026-07-15 14:45:00+09:00,41.16666666666666,0,0.0,train
20260715,2026-07-15 14:48:00+09:00,42.66666666666666,0,0.0,train
20260715,2026-07-15 14:51:00+09:00,40.16666666666666,0,0.0,train
20260715,2026-07-15 14:54:00+09:00,40.833333333333336,0,0.0,train
20260715,2026-07-15 14:57:00+09:00,38.0,0,0.0,train
20260716,2026-07-16 10:00:00+09:00,70.0,0,0.0,train
20260716,2026-07-16 10:03:00+09:00,63.833333333333336,0,0.0,train
20260716,2026-07-16 10:06:00+09:00,44.0,0,0.0,train
20260716,2026-07-16 10:09:00+09:00,45.16666666666666,0,0.0,train
20260716,2026-07-16 10:12:00+09:00,43.5,0,0.0,train
20260716,2026-07-16 10:15:00+09:00,50.833333333333336,0,0.0,train
20260716,2026-07-16 10:18:00+09:00,50.66666666666666,0,0.0,train
20260716,2026-07-16 10:21:00+09:00,54.833333333333336,0,0.0,train
20260716,2026-07-16 10:24:00+09:00,51.333333333333336,0,0.0,train
20260716,2026-07-16 10:27:00+09:00,60.833333333333336,0,0.0,train
20260716,2026-07-16 10:30:00+09:00,60.833333333333336,0,0.0,train
20260716,2026-07-16 10:33:00+09:00,63.66666666666666,0,0.0,train
20260716,2026-07-16 10:36:00+09:00,64.83333333333333,0,0.0,train
20260716,2026-07-16 10:39:00+09:00,63.333333333333336,0,0.0,train
20260716,2026-07-16 10:42:00+09:00,63.5,0,0.0,train
20260716,2026-07-16 10:45:00+09:00,61.0,0,0.0,train
20260716,2026-07-16 10:48:00+09:00,61.66666666666666,0,0.0,train
20260716,2026-07-16 10:51:00+09:00,64.66666666666667,0,0.0,train
20260716,2026-07-16 10:54:00+09:00,63.5,0,0.0,train
20260716,2026-07-16 10:57:00+09:00,61.5,0,0.0,train
20260716,2026-07-16 11:00:00+09:00,62.16666666666666,0,0.0,train
20260716,2026-07-16 11:03:00+09:00,59.0,0,0.0,train
20260716,2026-07-16 11:06:00+09:00,47.66666666666666,0,0.0,train
20260716,2026-07-16 11:09:00+09:00,53.333333333333336,0,0.0,train
20260716,2026-07-16 11:12:00+09:00,57.0,0,0.0,train
20260716,2026-07-16 11:15:00+09:00,61.66666666666666,0,0.0,train
20260716,2026-07-16 11:18:00+09:00,56.333333333333336,0,0.0,train
20260716,2026-07-16 11:21:00+09:00,52.333333333333336,0,0.0,train
20260716,2026-07-16 11:24:00+09:00,55.66666666666666,0,0.0,train
20260716,2026-07-16 11:27:00+09:00,43.333333333333336,0,0.0,train
20260716,2026-07-16 11:30:00+09:00,41.16666666666666,0,0.0,train
20260716,2026-07-16 11:33:00+09:00,39.5,0,0.0,train
20260716,2026-07-16 11:36:00+09:00,47.833333333333336,0,0.0,train
20260716,2026-07-16 11:39:00+09:00,48.333333333333336,0,0.0,train
20260716,2026-07-16 11:42:00+09:00,46.833333333333336,0,0.0,train
20260716,2026-07-16 11:45:00+09:00,45.333333333333336,0,0.0,train
20260716,2026-07-16 11:48:00+09:00,30.666666666666668,0,0.0,train
20260716,2026-07-16 11:51:00+09:00,34.833333333333336,0,0.0,train
20260716,2026-07-16 11:54:00+09:00,30.5,0,0.0,train
20260716,2026-07-16 11:57:00+09:00,31.666666666666668,0,0.0,train
20260716,2026-07-16 12:00:00+09:00,34.5,0,0.0,train
20260716,2026-07-16 12:03:00+09:00,35.833333333333336,0,0.0,train
20260716,2026-07-16 12:06:00+09:00,33.333333333333336,0,0.0,train
20260716,2026-07-16 12:09:00+09:00,34.666666666666664,0,0.0,train
20260716,2026-07-16 12:12:00+09:00,32.333333333333336,0,0.0,train
20260716,2026-07-16 12:15:00+09:00,35.0,0,0.0,train
20260716,2026-07-16 12:18:00+09:00,34.833333333333336,0,0.0,train
20260716,2026-07-16 12:21:00+09:00,33.833333333333336,0,0.0,train
20260716,2026-07-16 12:24:00+09:00,36.0,0,0.0,train
20260716,2026-07-16 12:27:00+09:00,44.0,0,0.0,train
20260716,2026-07-16 12:30:00+09:00,47.833333333333336,0,0.0,train
20260716,2026-07-16 12:33:00+09:00,51.833333333333336,0,0.0,train
20260716,2026-07-16 12:36:00+09:00,49.333333333333336,0,0.0,train
20260716,2026-07-16 12:39:00+09:00,46.333333333333336,0,0.0,train
20260716,2026-07-16 12:42:00+09:00,44.66666666666666,0,0.0,train
20260716,2026-07-16 12:45:00+09:00,32.333333333333336,0,0.0,train
20260716,2026-07-16 12:48:00+09:00,31.5,0,0.0,train
20260716,2026-07-16 12:51:00+09:00,34.333333333333336,0,0.0,train
20260716,2026-07-16 12:54:00+09:00,30.5,0,0.0,train
20260716,2026-07-16 12:57:00+09:00,34.666666666666664,0,0.0,train
20260716,2026-07-16 13:00:00+09:00,33.833333333333336,0,0.0,train
20260716,2026-07-16 13:03:00+09:00,32.666666666666664,0,0.0,train
20260716,2026-07-16 13:06:00+09:00,44.333333333333336,0,0.0,train
20260716,2026-07-16 13:09:00+09:00,45.16666666666666,0,0.0,train
20260716,2026-07-16 13:12:00+09:00,47.16666666666666,0,0.0,train
20260716,2026-07-16 13:15:00+09:00,46.0,0,0.0,train
20260716,2026-07-16 13:18:00+09:00,53.5,0,0.0,train
20260716,2026-07-16 13:21:00+09:00,53.66666666666666,0,0.0,train
20260716,2026-07-16 13:24:00+09:00,62.333333333333336,0,0.0,train
20260716,2026-07-16 13:27:00+09:00,61.0,0,0.0,train
20260716,2026-07-16 13:30:00+09:00,59.333333333333336,0,0.0,train
20260716,2026-07-16 13:33:00+09:00,61.333333333333336,0,0.0,train
20260716,2026-07-16 13:36:00+09:00,61.333333333333336,0,0.0,train
20260716,2026-07-16 13:39:00+09:00,65.5,0,0.0,train
20260716,2026-07-16 13:42:00+09:00,66.66666666666667,0,0.0,train
20260716,2026-07-16 13:45:00+09:00,62.0,0,0.0,train
20260716,2026-07-16 13:48:00+09:00,47.66666666666666,0,0.0,train
20260716,2026-07-16 13:51:00+09:00,49.333333333333336,0,0.0,train
20260716,2026-07-16 13:54:00+09:00,50.5,0,0.0,train
20260716,2026-07-16 13:57:00+09:00,51.333333333333336,0,0.0,train
20260716,2026-07-16 14:00:00+09:00,48.833333333333336,0,0.0,train
20260716,2026-07-16 14:03:00+09:00,52.333333333333336,0,0.0,train
20260716,2026-07-16 14:06:00+09:00,60.5,0,0.0,train
20260716,2026-07-16 14:09:00+09:00,59.333333333333336,0,0.0,train
20260716,2026-07-16 14:12:00+09:00,62.0,0,0.0,train
20260716,2026-07-16 14:15:00+09:00,73.83333333333333,0,0.0,train
20260716,2026-07-16 14:18:00+09:00,74.0,0,0.0,train
20260716,2026-07-16 14:21:00+09:00,76.0,0,0.0,train
20260716,2026-07-16 14:24:00+09:00,60.333333333333336,0,0.0,train
20260716,2026-07-16 14:27:00+09:00,60.16666666666666,0,0.0,train
20260716,2026-07-16 14:30:00+09:00,61.0,0,0.0,train
20260716,2026-07-16 14:33:00+09:00,64.16666666666667,0,0.0,train
20260716,2026-07-16 14:36:00+09:00,69.83333333333333,0,0.0,train
20260716,2026-07-16 14:39:00+09:00,65.16666666666667,0,0.0,train
20260716,2026-07-16 14:42:00+09:00,60.333333333333336,0,0.0,train
20260716,2026-07-16 14:45:00+09:00,57.0,0,0.0,train
20260716,2026-07-16 14:48:00+09:00,74.5,0,0.0,train
20260716,2026-07-16 14:51:00+09:00,67.5,0,0.0,train
20260716,2026-07-16 14:54:00+09:00,69.5,0,0.0,train
20260716,2026-07-16 14:57:00+09:00,58.0,0,0.0,train
20260720,2026-07-20 10:00:00+09:00,64.33333333333333,0,0.0,train
20260720,2026-07-20 10:03:00+09:00,67.5,0,0.0,train
20260720,2026-07-20 10:06:00+09:00,68.83333333333333,0,0.0,train
20260720,2026-07-20 10:09:00+09:00,77.0,0,0.0,train
20260720,2026-07-20 10:12:00+09:00,75.66666666666667,0,0.0,train
20260720,2026-07-20 10:15:00+09:00,63.0,0,0.0,train
20260720,2026-07-20 10:18:00+09:00,49.833333333333336,0,0.0,train
20260720,2026-07-20 10:21:00+09:00,46.333333333333336,0,0.0,train
20260720,2026-07-20 10:24:00+09:00,48.833333333333336,0,0.0,train
20260720,2026-07-20 10:27:00+09:00,46.0,0,0.0,train
20260720,2026-07-20 10:30:00+09:00,63.16666666666666,0,0.0,train
20260720,2026-07-20 10:33:00+09:00,77.33333333333333,0,0.0,train
20260720,2026-07-20 10:36:00+09:00,79.0,0,0.0,train
20260720,2026-07-20 10:39:00+09:00,80.16666666666667,0,0.0,train
20260720,2026-07-20 10:42:00+09:00,80.16666666666667,0,0.0,train
20260720,2026-07-20 10:45:00+09:00,84.5,0,0.0,train
20260720,2026-07-20 10:48:00+09:00,83.66666666666667,0,0.0,train
20260720,2026-07-20 10:51:00+09:00,81.66666666666667,0,0.0,train
20260720,2026-07-20 10:54:00+09:00,76.66666666666667,0,0.0,train
20260720,2026-07-20 10:57:00+09:00,76.16666666666667,0,0.0,train
20260720,2026-07-20 11:00:00+09:00,68.33333333333333,0,0.0,train
20260720,2026-07-20 11:03:00+09:00,69.5,0,0.0,train
20260720,2026-07-20 11:06:00+09:00,66.66666666666667,0,0.0,train
20260720,2026-07-20 11:09:00+09:00,67.5,0,0.0,train
20260720,2026-07-20 11:12:00+09:00,68.16666666666667,0,0.0,train
20260720,2026-07-20 11:15:00+09:00,66.66666666666667,0,0.0,train
20260720,2026-07-20 11:18:00+09:00,67.5,0,0.0,train
20260720,2026-07-20 11:21:00+09:00,67.83333333333333,0,0.0,train
20260720,2026-07-20 11:24:00+09:00,66.33333333333333,0,0.0,train
20260720,2026-07-20 11:27:00+09:00,67.5,0,0.0,train
20260720,2026-07-20 11:30:00+09:00,64.0,0,0.0,train
20260720,2026-07-20 11:33:00+09:00,75.0,0,0.0,train
20260720,2026-07-20 11:36:00+09:00,74.33333333333333,0,0.0,train
20260720,2026-07-20 11:39:00+09:00,68.83333333333333,0,0.0,train
20260720,2026-07-20 11:42:00+09:00,65.33333333333333,0,0.0,train
20260720,2026-07-20 11:45:00+09:00,70.0,0,0.0,train
20260720,2026-07-20 11:48:00+09:00,72.16666666666667,0,0.0,train
20260720,2026-07-20 11:51:00+09:00,72.16666666666667,0,0.0,train
20260720,2026-07-20 11:54:00+09:00,72.16666666666667,0,0.0,train
20260720,2026-07-20 11:57:00+09:00,72.16666666666667,0,0.0,train
20260720,2026-07-20 12:00:00+09:00,62.5,0,0.0,train
20260720,2026-07-20 12:03:00+09:00,61.0,0,0.0,train
20260720,2026-07-20 12:06:00+09:00,65.83333333333333,0,0.0,train
20260720,2026-07-20 12:09:00+09:00,71.5,0,0.0,train
20260720,2026-07-20 12:12:00+09:00,74.0,0,0.0,train
20260720,2026-07-20 12:15:00+09:00,69.0,0,0.0,train
20260720,2026-07-20 12:18:00+09:00,67.33333333333333,0,0.0,train
20260720,2026-07-20 12:21:00+09:00,63.5,0,0.0,train
20260720,2026-07-20 12:24:00+09:00,59.5,0,0.0,train
20260720,2026-07-20 12:27:00+09:00,57.16666666666666,0,0.0,train
20260720,2026-07-20 12:30:00+09:00,42.66666666666666,0,0.0,train
20260720,2026-07-20 12:33:00+09:00,41.333333333333336,0,0.0,train
20260720,2026-07-20 12:36:00+09:00,40.16666666666666,0,0.0,train
20260720,2026-07-20 12:39:00+09:00,36.5,0,0.0,train
20260720,2026-07-20 12:42:00+09:00,37.16666666666666,0,0.0,train
20260720,2026-07-20 12:45:00+09:00,35.5,0,0.0,train
20260720,2026-07-20 12:48:00+09:00,33.166666666666664,1,-111096.0,train
20260720,2026-07-20 12:51:00+09:00,39.833333333333336,1,-111096.0,train
20260720,2026-07-20 12:54:00+09:00,55.5,1,-111096.0,train
20260720,2026-07-20 12:57:00+09:00,63.333333333333336,1,-111096.0,train
20260720,2026-07-20 13:00:00+09:00,66.0,1,-111096.0,train
20260720,2026-07-20 13:03:00+09:00,63.333333333333336,1,-111096.0,train
20260720,2026-07-20 13:06:00+09:00,65.83333333333333,1,-111096.0,train
20260720,2026-07-20 13:09:00+09:00,67.83333333333333,1,-111096.0,train
20260720,2026-07-20 13:12:00+09:00,60.16666666666666,1,-111096.0,train
20260720,2026-07-20 13:15:00+09:00,64.16666666666667,1,-111096.0,train
20260720,2026-07-20 13:18:00+09:00,64.16666666666667,0,0.0,train
20260720,2026-07-20 13:21:00+09:00,63.0,0,0.0,train
20260720,2026-07-20 13:24:00+09:00,61.333333333333336,0,0.0,train
20260720,2026-07-20 13:27:00+09:00,46.5,0,0.0,train
20260720,2026-07-20 13:30:00+09:00,44.5,0,0.0,train
20260720,2026-07-20 13:33:00+09:00,54.5,0,0.0,train
20260720,2026-07-20 13:36:00+09:00,66.66666666666667,0,0.0,train
20260720,2026-07-20 13:39:00+09:00,67.33333333333333,0,0.0,train
20260720,2026-07-20 13:42:00+09:00,74.5,0,0.0,train
20260720,2026-07-20 13:45:00+09:00,68.5,0,0.0,train
20260720,2026-07-20 13:48:00+09:00,61.833333333333336,0,0.0,train
20260720,2026-07-20 13:51:00+09:00,69.0,0,0.0,train
20260720,2026-07-20 13:54:00+09:00,54.16666666666666,0,0.0,train
20260720,2026-07-20 13:57:00+09:00,71.5,0,0.0,train
20260720,2026-07-20 14:00:00+09:00,73.0,0,0.0,train
20260720,2026-07-20 14:03:00+09:00,59.16666666666666,0,0.0,train
20260720,2026-07-20 14:06:00+09:00,60.5,0,0.0,train
20260720,2026-07-20 14:09:00+09:00,59.833333333333336,0,0.0,train
20260720,2026-07-20 14:12:00+09:00,65.33333333333333,0,0.0,train
20260720,2026-07-20 14:15:00+09:00,70.5,0,0.0,train
20260720,2026-07-20 14:18:00+09:00,67.0,0,0.0,train
20260720,2026-07-20 14:21:00+09:00,60.66666666666666,0,0.0,train
20260720,2026-07-20 14:24:00+09:00,58.333333333333336,0,0.0,train
20260720,2026-07-20 14:27:00+09:00,57.0,0,0.0,train
20260720,2026-07-20 14:30:00+09:00,49.833333333333336,0,0.0,train
20260720,2026-07-20 14:33:00+09:00,51.5,0,0.0,train
20260720,2026-07-20 14:36:00+09:00,31.666666666666668,0,0.0,train
20260720,2026-07-20 14:39:00+09:00,30.83333333333333,0,0.0,train
20260720,2026-07-20 14:42:00+09:00,32.333333333333336,0,0.0,train
20260720,2026-07-20 14:45:00+09:00,35.0,0,0.0,train
20260720,2026-07-20 14:48:00+09:00,35.0,0,0.0,train
20260720,2026-07-20 14:51:00+09:00,39.0,0,0.0,train
20260720,2026-07-20 14:54:00+09:00,38.833333333333336,0,0.0,train
20260720,2026-07-20 14:57:00+09:00,40.66666666666666,0,0.0,train
20260721,2026-07-21 10:00:00+09:00,50.16666666666666,0,0.0,train
20260721,2026-07-21 10:03:00+09:00,46.66666666666666,0,0.0,train
20260721,2026-07-21 10:06:00+09:00,37.833333333333336,0,0.0,train
20260721,2026-07-21 10:09:00+09:00,42.0,0,0.0,train
20260721,2026-07-21 10:12:00+09:00,50.833333333333336,0,0.0,train
20260721,2026-07-21 10:15:00+09:00,55.66666666666666,0,0.0,train
20260721,2026-07-21 10:18:00+09:00,64.33333333333333,0,0.0,train
20260721,2026-07-21 10:21:00+09:00,60.66666666666666,0,0.0,train
20260721,2026-07-21 10:24:00+09:00,61.833333333333336,0,0.0,train
20260721,2026-07-21 10:27:00+09:00,64.33333333333333,0,0.0,train
20260721,2026-07-21 10:30:00+09:00,63.0,0,0.0,train
20260721,2026-07-21 10:33:00+09:00,64.16666666666667,0,0.0,train
20260721,2026-07-21 10:36:00+09:00,49.833333333333336,0,0.0,train
20260721,2026-07-21 10:39:00+09:00,58.0,0,0.0,train
20260721,2026-07-21 10:42:00+09:00,53.833333333333336,0,0.0,train
20260721,2026-07-21 10:45:00+09:00,52.833333333333336,0,0.0,train
20260721,2026-07-21 10:48:00+09:00,49.5,0,0.0,train
20260721,2026-07-21 10:51:00+09:00,48.5,0,0.0,train
20260721,2026-07-21 10:54:00+09:00,50.0,0,0.0,train
20260721,2026-07-21 10:57:00+09:00,43.833333333333336,0,0.0,train
20260721,2026-07-21 11:00:00+09:00,46.5,0,0.0,train
20260721,2026-07-21 11:03:00+09:00,47.16666666666666,0,0.0,train
20260721,2026-07-21 11:06:00+09:00,55.5,0,0.0,train
20260721,2026-07-21 11:09:00+09:00,46.5,0,0.0,train
20260721,2026-07-21 11:12:00+09:00,45.66666666666666,0,0.0,train
20260721,2026-07-21 11:15:00+09:00,46.333333333333336,0,0.0,train
20260721,2026-07-21 11:18:00+09:00,41.833333333333336,1,430515.0,train
20260721,2026-07-21 11:21:00+09:00,39.5,1,430515.0,train
20260721,2026-07-21 11:24:00+09:00,39.66666666666666,1,430515.0,train
20260721,2026-07-21 11:27:00+09:00,49.833333333333336,1,430515.0,train
20260721,2026-07-21 11:30:00+09:00,44.5,1,430515.0,train
20260721,2026-07-21 11:33:00+09:00,47.66666666666666,1,430515.0,train
20260721,2026-07-21 11:36:00+09:00,44.66666666666666,1,430515.0,train
20260721,2026-07-21 11:39:00+09:00,39.5,1,430515.0,train
20260721,2026-07-21 11:42:00+09:00,41.833333333333336,1,430515.0,train
20260721,2026-07-21 11:45:00+09:00,49.833333333333336,1,430515.0,train
20260721,2026-07-21 11:48:00+09:00,62.0,0,0.0,train
20260721,2026-07-21 11:51:00+09:00,53.16666666666666,0,0.0,train
20260721,2026-07-21 11:54:00+09:00,56.66666666666666,0,0.0,train
20260721,2026-07-21 11:57:00+09:00,39.5,0,0.0,train
20260721,2026-07-21 12:00:00+09:00,25.83333333333333,0,0.0,train
20260721,2026-07-21 12:03:00+09:00,27.5,0,0.0,train
20260721,2026-07-21 12:06:00+09:00,26.666666666666668,0,0.0,train
20260721,2026-07-21 12:09:00+09:00,26.5,0,0.0,train
20260721,2026-07-21 12:12:00+09:00,29.0,0,0.0,train
20260721,2026-07-21 12:15:00+09:00,32.833333333333336,0,0.0,train
20260721,2026-07-21 12:18:00+09:00,37.833333333333336,0,0.0,train
20260721,2026-07-21 12:21:00+09:00,49.5,0,0.0,train
20260721,2026-07-21 12:24:00+09:00,44.16666666666666,0,0.0,train
20260721,2026-07-21 12:27:00+09:00,43.333333333333336,0,0.0,train
20260721,2026-07-21 12:30:00+09:00,42.0,0,0.0,train
20260721,2026-07-21 12:33:00+09:00,41.333333333333336,0,0.0,train
20260721,2026-07-21 12:36:00+09:00,48.16666666666666,0,0.0,train
20260721,2026-07-21 12:39:00+09:00,52.66666666666666,0,0.0,train
20260721,2026-07-21 12:42:00+09:00,52.0,0,0.0,train
20260721,2026-07-21 12:45:00+09:00,49.5,0,0.0,train
20260721,2026-07-21 12:48:00+09:00,53.0,0,0.0,train
20260721,2026-07-21 12:51:00+09:00,50.333333333333336,0,0.0,train
20260721,2026-07-21 12:54:00+09:00,56.16666666666666,0,0.0,train
20260721,2026-07-21 12:57:00+09:00,54.5,0,0.0,train
20260721,2026-07-21 13:00:00+09:00,55.16666666666666,0,0.0,train
20260721,2026-07-21 13:03:00+09:00,54.333333333333336,0,0.0,train
20260721,2026-07-21 13:06:00+09:00,44.833333333333336,0,0.0,train
20260721,2026-07-21 13:09:00+09:00,36.0,0,0.0,train
20260721,2026-07-21 13:12:00+09:00,39.0,0,0.0,train
20260721,2026-07-21 13:15:00+09:00,39.66666666666666,0,0.0,train
20260721,2026-07-21 13:18:00+09:00,35.166666666666664,0,0.0,train
20260721,2026-07-21 13:21:00+09:00,36.0,0,0.0,train
20260721,2026-07-21 13:24:00+09:00,34.0,0,0.0,train
20260721,2026-07-21 13:27:00+09:00,36.16666666666666,0,0.0,train
20260721,2026-07-21 13:30:00+09:00,36.16666666666666,0,0.0,train
20260721,2026-07-21 13:33:00+09:00,37.0,0,0.0,train
20260721,2026-07-21 13:36:00+09:00,44.333333333333336,0,0.0,train
20260721,2026-07-21 13:39:00+09:00,44.333333333333336,0,0.0,train
20260721,2026-07-21 13:42:00+09:00,46.16666666666666,0,0.0,train
20260721,2026-07-21 13:45:00+09:00,45.333333333333336,0,0.0,train
20260721,2026-07-21 13:48:00+09:00,45.5,0,0.0,train
20260721,2026-07-21 13:51:00+09:00,36.16666666666666,0,0.0,train
20260721,2026-07-21 13:54:00+09:00,36.66666666666666,0,0.0,train
20260721,2026-07-21 13:57:00+09:00,45.16666666666666,0,0.0,train
20260721,2026-07-21 14:00:00+09:00,47.833333333333336,0,0.0,train
20260721,2026-07-21 14:03:00+09:00,47.833333333333336,0,0.0,train
20260721,2026-07-21 14:06:00+09:00,42.833333333333336,0,0.0,train
20260721,2026-07-21 14:09:00+09:00,46.5,0,0.0,train
20260721,2026-07-21 14:12:00+09:00,45.16666666666666,0,0.0,train
20260721,2026-07-21 14:15:00+09:00,52.5,0,0.0,train
20260721,2026-07-21 14:18:00+09:00,56.66666666666666,0,0.0,train
20260721,2026-07-21 14:21:00+09:00,51.0,0,0.0,train
20260721,2026-07-21 14:24:00+09:00,52.66666666666666,0,0.0,train
20260721,2026-07-21 14:27:00+09:00,58.5,0,0.0,train
20260721,2026-07-21 14:30:00+09:00,58.16666666666666,0,0.0,train
20260721,2026-07-21 14:33:00+09:00,58.5,0,0.0,train
20260721,2026-07-21 14:36:00+09:00,61.16666666666666,0,0.0,train
20260721,2026-07-21 14:39:00+09:00,57.333333333333336,0,0.0,train
20260721,2026-07-21 14:42:00+09:00,41.833333333333336,0,0.0,train
20260721,2026-07-21 14:45:00+09:00,39.333333333333336,0,0.0,train
20260721,2026-07-21 14:48:00+09:00,38.0,0,0.0,train
20260721,2026-07-21 14:51:00+09:00,34.833333333333336,0,0.0,train
20260721,2026-07-21 14:54:00+09:00,37.5,0,0.0,train
20260721,2026-07-21 14:57:00+09:00,36.833333333333336,0,0.0,train
20260722,2026-07-22 10:00:00+09:00,37.5,0,0.0,train
20260722,2026-07-22 10:03:00+09:00,41.333333333333336,0,0.0,train
20260722,2026-07-22 10:06:00+09:00,44.5,0,0.0,train
20260722,2026-07-22 10:09:00+09:00,44.66666666666666,0,0.0,train
20260722,2026-07-22 10:12:00+09:00,42.66666666666666,0,0.0,train
20260722,2026-07-22 10:15:00+09:00,47.833333333333336,0,0.0,train
20260722,2026-07-22 10:18:00+09:00,49.333333333333336,0,0.0,train
20260722,2026-07-22 10:21:00+09:00,53.66666666666666,0,0.0,train
20260722,2026-07-22 10:24:00+09:00,48.66666666666666,0,0.0,train
20260722,2026-07-22 10:27:00+09:00,46.16666666666666,0,0.0,train
20260722,2026-07-22 10:30:00+09:00,46.333333333333336,0,0.0,train
20260722,2026-07-22 10:33:00+09:00,44.0,0,0.0,train
20260722,2026-07-22 10:36:00+09:00,30.0,0,0.0,train
20260722,2026-07-22 10:39:00+09:00,28.83333333333333,0,0.0,train
20260722,2026-07-22 10:42:00+09:00,38.66666666666666,0,0.0,train
20260722,2026-07-22 10:45:00+09:00,42.833333333333336,0,0.0,train
20260722,2026-07-22 10:48:00+09:00,39.0,0,0.0,train
20260722,2026-07-22 10:51:00+09:00,40.333333333333336,0,0.0,train
20260722,2026-07-22 10:54:00+09:00,43.16666666666666,0,0.0,train
20260722,2026-07-22 10:57:00+09:00,41.833333333333336,0,0.0,train
20260722,2026-07-22 11:00:00+09:00,31.83333333333333,0,0.0,train
20260722,2026-07-22 11:03:00+09:00,33.5,0,0.0,train
20260722,2026-07-22 11:06:00+09:00,40.5,0,0.0,train
20260722,2026-07-22 11:09:00+09:00,42.0,0,0.0,train
20260722,2026-07-22 11:12:00+09:00,35.666666666666664,0,0.0,train
20260722,2026-07-22 11:15:00+09:00,28.83333333333333,0,0.0,train
20260722,2026-07-22 11:18:00+09:00,23.83333333333333,0,0.0,train
20260722,2026-07-22 11:21:00+09:00,24.83333333333333,0,0.0,train
20260722,2026-07-22 11:24:00+09:00,25.83333333333333,0,0.0,train
20260722,2026-07-22 11:27:00+09:00,26.0,0,0.0,train
20260722,2026-07-22 11:30:00+09:00,29.5,0,0.0,train
20260722,2026-07-22 11:33:00+09:00,30.33333333333333,0,0.0,train
20260722,2026-07-22 11:36:00+09:00,33.333333333333336,0,0.0,train
20260722,2026-07-22 11:39:00+09:00,33.666666666666664,0,0.0,train
20260722,2026-07-22 11:42:00+09:00,33.0,0,0.0,train
20260722,2026-07-22 11:45:00+09:00,45.16666666666666,0,0.0,train
20260722,2026-07-22 11:48:00+09:00,57.0,0,0.0,train
20260722,2026-07-22 11:51:00+09:00,54.0,0,0.0,train
20260722,2026-07-22 11:54:00+09:00,50.66666666666666,0,0.0,train
20260722,2026-07-22 11:57:00+09:00,45.5,0,0.0,train
20260722,2026-07-22 12:00:00+09:00,38.66666666666666,0,0.0,train
20260722,2026-07-22 12:03:00+09:00,37.0,0,0.0,train
20260722,2026-07-22 12:06:00+09:00,38.833333333333336,0,0.0,train
20260722,2026-07-22 12:09:00+09:00,34.5,0,0.0,train
20260722,2026-07-22 12:12:00+09:00,44.5,0,0.0,train
20260722,2026-07-22 12:15:00+09:00,47.66666666666666,0,0.0,train
20260722,2026-07-22 12:18:00+09:00,45.66666666666666,0,0.0,train
20260722,2026-07-22 12:21:00+09:00,43.66666666666666,0,0.0,train
20260722,2026-07-22 12:24:00+09:00,51.5,0,0.0,train
20260722,2026-07-22 12:27:00+09:00,49.833333333333336,0,0.0,train
20260722,2026-07-22 12:30:00+09:00,50.66666666666666,0,0.0,train
20260722,2026-07-22 12:33:00+09:00,51.833333333333336,0,0.0,train
20260722,2026-07-22 12:36:00+09:00,48.0,0,0.0,train
20260722,2026-07-22 12:39:00+09:00,55.5,0,0.0,train
20260722,2026-07-22 12:42:00+09:00,44.833333333333336,0,0.0,train
20260722,2026-07-22 12:45:00+09:00,40.5,0,0.0,train
20260722,2026-07-22 12:48:00+09:00,41.833333333333336,0,0.0,train
20260722,2026-07-22 12:51:00+09:00,40.0,0,0.0,train
20260722,2026-07-22 12:54:00+09:00,38.333333333333336,0,0.0,train
20260722,2026-07-22 12:57:00+09:00,39.16666666666666,0,0.0,train
20260722,2026-07-22 13:00:00+09:00,42.333333333333336,0,0.0,train
20260722,2026-07-22 13:03:00+09:00,40.16666666666666,0,0.0,train
20260722,2026-07-22 13:06:00+09:00,32.166666666666664,0,0.0,train
20260722,2026-07-22 13:09:00+09:00,30.33333333333333,1,140445.0,train
20260722,2026-07-22 13:12:00+09:00,32.666666666666664,1,140445.0,train
20260722,2026-07-22 13:15:00+09:00,34.166666666666664,1,140445.0,train
20260722,2026-07-22 13:18:00+09:00,32.833333333333336,1,140445.0,train
20260722,2026-07-22 13:21:00+09:00,30.666666666666668,1,140445.0,train
20260722,2026-07-22 13:24:00+09:00,35.5,1,140445.0,train
20260722,2026-07-22 13:27:00+09:00,38.16666666666666,1,140445.0,train
20260722,2026-07-22 13:30:00+09:00,37.333333333333336,1,140445.0,train
20260722,2026-07-22 13:33:00+09:00,38.0,1,140445.0,train
20260722,2026-07-22 13:36:00+09:00,43.66666666666666,1,140445.0,train
20260722,2026-07-22 13:39:00+09:00,45.5,0,0.0,train
20260722,2026-07-22 13:42:00+09:00,54.16666666666666,0,0.0,train
20260722,2026-07-22 13:45:00+09:00,50.333333333333336,0,0.0,train
20260722,2026-07-22 13:48:00+09:00,50.5,0,0.0,train
20260722,2026-07-22 13:51:00+09:00,51.66666666666666,0,0.0,train
20260722,2026-07-22 13:54:00+09:00,48.833333333333336,0,0.0,train
20260722,2026-07-22 13:57:00+09:00,51.833333333333336,0,0.0,train
20260722,2026-07-22 14:00:00+09:00,41.333333333333336,0,0.0,train
20260722,2026-07-22 14:03:00+09:00,42.16666666666666,0,0.0,train
20260722,2026-07-22 14:06:00+09:00,42.833333333333336,0,0.0,train
20260722,2026-07-22 14:09:00+09:00,44.833333333333336,0,0.0,train
20260722,2026-07-22 14:12:00+09:00,46.833333333333336,0,0.0,train
20260722,2026-07-22 14:15:00+09:00,48.5,0,0.0,train
20260722,2026-07-22 14:18:00+09:00,50.66666666666666,0,0.0,train
20260722,2026-07-22 14:21:00+09:00,50.66666666666666,0,0.0,train
20260722,2026-07-22 14:24:00+09:00,52.16666666666666,0,0.0,train
20260722,2026-07-22 14:27:00+09:00,51.833333333333336,0,0.0,train
20260722,2026-07-22 14:30:00+09:00,52.5,0,0.0,train
20260722,2026-07-22 14:33:00+09:00,48.66666666666666,0,0.0,train
20260722,2026-07-22 14:36:00+09:00,56.5,0,0.0,train
20260722,2026-07-22 14:39:00+09:00,55.833333333333336,0,0.0,train
20260722,2026-07-22 14:42:00+09:00,39.833333333333336,0,0.0,train
20260722,2026-07-22 14:45:00+09:00,44.0,0,0.0,train
20260722,2026-07-22 14:48:00+09:00,40.66666666666666,0,0.0,train
20260722,2026-07-22 14:51:00+09:00,42.5,0,0.0,train
20260722,2026-07-22 14:54:00+09:00,42.333333333333336,0,0.0,train
20260722,2026-07-22 14:57:00+09:00,43.0,0,0.0,train
20260723,2026-07-23 10:00:00+09:00,37.833333333333336,1,474933.0,train
20260723,2026-07-23 10:03:00+09:00,38.66666666666666,1,474933.0,train
20260723,2026-07-23 10:06:00+09:00,46.333333333333336,1,474933.0,train
20260723,2026-07-23 10:09:00+09:00,47.833333333333336,1,474933.0,train
20260723,2026-07-23 10:12:00+09:00,53.333333333333336,1,474933.0,train
20260723,2026-07-23 10:15:00+09:00,49.333333333333336,1,474933.0,train
20260723,2026-07-23 10:18:00+09:00,54.0,1,474933.0,train
20260723,2026-07-23 10:21:00+09:00,58.5,1,474933.0,train
20260723,2026-07-23 10:24:00+09:00,52.66666666666666,1,474933.0,train
20260723,2026-07-23 10:27:00+09:00,56.0,0,0.0,train
20260723,2026-07-23 10:30:00+09:00,53.66666666666666,0,0.0,train
20260723,2026-07-23 10:33:00+09:00,59.333333333333336,0,0.0,train
20260723,2026-07-23 10:36:00+09:00,61.333333333333336,0,0.0,train
20260723,2026-07-23 10:39:00+09:00,58.66666666666666,0,0.0,train
20260723,2026-07-23 10:42:00+09:00,57.0,0,0.0,train
20260723,2026-07-23 10:45:00+09:00,55.333333333333336,0,0.0,train
20260723,2026-07-23 10:48:00+09:00,45.16666666666666,0,0.0,train
20260723,2026-07-23 10:51:00+09:00,42.833333333333336,0,0.0,train
20260723,2026-07-23 10:54:00+09:00,42.0,0,0.0,train
20260723,2026-07-23 10:57:00+09:00,32.333333333333336,0,0.0,train
20260723,2026-07-23 11:00:00+09:00,45.333333333333336,0,0.0,train
20260723,2026-07-23 11:03:00+09:00,37.5,0,0.0,train
20260723,2026-07-23 11:06:00+09:00,46.66666666666666,0,0.0,train
20260723,2026-07-23 11:09:00+09:00,43.833333333333336,0,0.0,train
20260723,2026-07-23 11:12:00+09:00,41.0,0,0.0,train
20260723,2026-07-23 11:15:00+09:00,36.5,0,0.0,train
20260723,2026-07-23 11:18:00+09:00,41.5,0,0.0,train
20260723,2026-07-23 11:21:00+09:00,39.66666666666666,0,0.0,train
20260723,2026-07-23 11:24:00+09:00,48.833333333333336,0,0.0,train
20260723,2026-07-23 11:27:00+09:00,57.0,0,0.0,train
20260723,2026-07-23 11:30:00+09:00,56.333333333333336,0,0.0,train
20260723,2026-07-23 11:33:00+09:00,58.5,0,0.0,train
20260723,2026-07-23 11:36:00+09:00,54.5,0,0.0,train
20260723,2026-07-23 11:39:00+09:00,49.0,0,0.0,train
20260723,2026-07-23 11:42:00+09:00,53.0,0,0.0,train
20260723,2026-07-23 11:45:00+09:00,59.333333333333336,0,0.0,train
20260723,2026-07-23 11:48:00+09:00,57.16666666666666,0,0.0,train
20260723,2026-07-23 11:51:00+09:00,59.0,0,0.0,train
20260723,2026-07-23 11:54:00+09:00,55.833333333333336,0,0.0,train
20260723,2026-07-23 11:57:00+09:00,50.333333333333336,0,0.0,train
20260723,2026-07-23 12:00:00+09:00,48.16666666666666,0,0.0,train
20260723,2026-07-23 12:03:00+09:00,49.66666666666666,0,0.0,train
20260723,2026-07-23 12:06:00+09:00,47.66666666666666,0,0.0,train
20260723,2026-07-23 12:09:00+09:00,53.66666666666666,0,0.0,train
20260723,2026-07-23 12:12:00+09:00,44.333333333333336,0,0.0,train
20260723,2026-07-23 12:15:00+09:00,39.5,0,0.0,train
20260723,2026-07-23 12:18:00+09:00,39.0,0,0.0,train
20260723,2026-07-23 12:21:00+09:00,42.5,0,0.0,train
20260723,2026-07-23 12:24:00+09:00,40.5,0,0.0,train
20260723,2026-07-23 12:27:00+09:00,43.5,0,0.0,train
20260723,2026-07-23 12:30:00+09:00,49.0,0,0.0,train
20260723,2026-07-23 12:33:00+09:00,51.333333333333336,0,0.0,train
20260723,2026-07-23 12:36:00+09:00,50.833333333333336,0,0.0,train
20260723,2026-07-23 12:39:00+09:00,49.66666666666666,0,0.0,train
20260723,2026-07-23 12:42:00+09:00,52.333333333333336,0,0.0,train
20260723,2026-07-23 12:45:00+09:00,48.5,0,0.0,train
20260723,2026-07-23 12:48:00+09:00,36.333333333333336,0,0.0,train
20260723,2026-07-23 12:51:00+09:00,35.333333333333336,0,0.0,train
20260723,2026-07-23 12:54:00+09:00,36.5,1,-94135.0,train
20260723,2026-07-23 12:57:00+09:00,29.666666666666668,1,-94135.0,train
20260723,2026-07-23 13:00:00+09:00,37.16666666666666,1,-94135.0,train
20260723,2026-07-23 13:03:00+09:00,36.16666666666666,1,-94135.0,train
20260723,2026-07-23 13:06:00+09:00,32.333333333333336,1,-94135.0,train
20260723,2026-07-23 13:09:00+09:00,40.833333333333336,1,-94135.0,train
20260723,2026-07-23 13:12:00+09:00,44.5,1,-94135.0,train
20260723,2026-07-23 13:15:00+09:00,43.16666666666666,1,-94135.0,train
20260723,2026-07-23 13:18:00+09:00,49.833333333333336,1,-94135.0,train
20260723,2026-07-23 13:21:00+09:00,51.833333333333336,1,-94135.0,train
20260723,2026-07-23 13:24:00+09:00,68.5,0,0.0,train
20260723,2026-07-23 13:27:00+09:00,68.5,0,0.0,train
20260723,2026-07-23 13:30:00+09:00,65.83333333333333,0,0.0,train
20260723,2026-07-23 13:33:00+09:00,68.66666666666667,0,0.0,train
20260723,2026-07-23 13:36:00+09:00,67.16666666666667,0,0.0,train
20260723,2026-07-23 13:39:00+09:00,59.66666666666666,0,0.0,train
20260723,2026-07-23 13:42:00+09:00,47.5,0,0.0,train
20260723,2026-07-23 13:45:00+09:00,48.5,0,0.0,train
20260723,2026-07-23 13:48:00+09:00,45.333333333333336,0,0.0,train
20260723,2026-07-23 13:51:00+09:00,45.16666666666666,0,0.0,train
20260723,2026-07-23 13:54:00+09:00,45.333333333333336,0,0.0,train
20260723,2026-07-23 13:57:00+09:00,46.66666666666666,0,0.0,train
20260723,2026-07-23 14:00:00+09:00,49.16666666666666,0,0.0,train
20260723,2026-07-23 14:03:00+09:00,47.66666666666666,1,-137927.0,train
20260723,2026-07-23 14:06:00+09:00,47.833333333333336,1,-137927.0,train
20260723,2026-07-23 14:09:00+09:00,46.5,1,-137927.0,train
20260723,2026-07-23 14:12:00+09:00,60.833333333333336,1,-137927.0,train
20260723,2026-07-23 14:15:00+09:00,62.66666666666666,1,-137927.0,train
20260723,2026-07-23 14:18:00+09:00,62.5,1,-137927.0,train
20260723,2026-07-23 14:21:00+09:00,67.16666666666667,1,-137927.0,train
20260723,2026-07-23 14:24:00+09:00,52.5,1,-137927.0,train
20260723,2026-07-23 14:27:00+09:00,55.16666666666666,1,-137927.0,train
20260723,2026-07-23 14:30:00+09:00,54.333333333333336,1,-137927.0,train
20260723,2026-07-23 14:33:00+09:00,69.33333333333333,0,0.0,train
20260723,2026-07-23 14:36:00+09:00,76.83333333333333,0,0.0,train
20260723,2026-07-23 14:39:00+09:00,81.33333333333333,0,0.0,train
20260723,2026-07-23 14:42:00+09:00,77.83333333333333,0,0.0,train
20260723,2026-07-23 14:45:00+09:00,76.33333333333333,0,0.0,train
20260723,2026-07-23 14:48:00+09:00,77.33333333333333,0,0.0,train
20260723,2026-07-23 14:51:00+09:00,73.0,0,0.0,train
20260723,2026-07-23 14:54:00+09:00,73.33333333333333,0,0.0,train
20260723,2026-07-23 14:57:00+09:00,69.0,0,0.0,train
20260724,2026-07-24 10:00:00+09:00,30.166666666666668,0,0.0,train
20260724,2026-07-24 10:03:00+09:00,23.166666666666668,0,0.0,train
20260724,2026-07-24 10:06:00+09:00,24.666666666666668,0,0.0,train
20260724,2026-07-24 10:09:00+09:00,31.666666666666668,0,0.0,train
20260724,2026-07-24 10:12:00+09:00,26.666666666666668,0,0.0,train
20260724,2026-07-24 10:15:00+09:00,28.33333333333333,0,0.0,train
20260724,2026-07-24 10:18:00+09:00,27.5,0,0.0,train
20260724,2026-07-24 10:21:00+09:00,26.83333333333333,0,0.0,train
20260724,2026-07-24 10:24:00+09:00,31.166666666666668,0,0.0,train
20260724,2026-07-24 10:27:00+09:00,26.83333333333333,0,0.0,train
20260724,2026-07-24 10:30:00+09:00,28.5,0,0.0,train
20260724,2026-07-24 10:33:00+09:00,31.5,0,0.0,train
20260724,2026-07-24 10:36:00+09:00,29.83333333333333,0,0.0,train
20260724,2026-07-24 10:39:00+09:00,25.33333333333333,0,0.0,train
20260724,2026-07-24 10:42:00+09:00,34.666666666666664,0,0.0,train
20260724,2026-07-24 10:45:00+09:00,27.0,0,0.0,train
20260724,2026-07-24 10:48:00+09:00,27.0,0,0.0,train
20260724,2026-07-24 10:51:00+09:00,28.0,0,0.0,train
20260724,2026-07-24 10:54:00+09:00,33.666666666666664,0,0.0,train
20260724,2026-07-24 10:57:00+09:00,30.666666666666668,0,0.0,train
20260724,2026-07-24 11:00:00+09:00,28.666666666666668,0,0.0,train
20260724,2026-07-24 11:03:00+09:00,31.5,0,0.0,train
20260724,2026-07-24 11:06:00+09:00,26.33333333333333,0,0.0,train
20260724,2026-07-24 11:09:00+09:00,28.0,0,0.0,train
20260724,2026-07-24 11:12:00+09:00,25.0,0,0.0,train
20260724,2026-07-24 11:15:00+09:00,33.833333333333336,0,0.0,train
20260724,2026-07-24 11:18:00+09:00,28.166666666666668,0,0.0,train
20260724,2026-07-24 11:21:00+09:00,28.166666666666668,0,0.0,train
20260724,2026-07-24 11:24:00+09:00,26.666666666666668,0,0.0,train
20260724,2026-07-24 11:27:00+09:00,25.5,0,0.0,train
20260724,2026-07-24 11:30:00+09:00,31.666666666666668,0,0.0,train
20260724,2026-07-24 11:33:00+09:00,28.166666666666668,0,0.0,train
20260724,2026-07-24 11:36:00+09:00,32.166666666666664,0,0.0,train
20260724,2026-07-24 11:39:00+09:00,32.666666666666664,0,0.0,train
20260724,2026-07-24 11:42:00+09:00,28.33333333333333,0,0.0,train
20260724,2026-07-24 11:45:00+09:00,24.666666666666668,0,0.0,train
20260724,2026-07-24 11:48:00+09:00,31.33333333333333,0,0.0,train
20260724,2026-07-24 11:51:00+09:00,28.5,0,0.0,train
20260724,2026-07-24 11:54:00+09:00,26.83333333333333,0,0.0,train
20260724,2026-07-24 11:57:00+09:00,32.666666666666664,0,0.0,train
20260724,2026-07-24 12:00:00+09:00,30.83333333333333,0,0.0,train
20260724,2026-07-24 12:03:00+09:00,34.166666666666664,0,0.0,train
20260724,2026-07-24 12:06:00+09:00,40.16666666666666,0,0.0,train
20260724,2026-07-24 12:09:00+09:00,41.333333333333336,0,0.0,train
20260724,2026-07-24 12:12:00+09:00,47.333333333333336,0,0.0,train
20260724,2026-07-24 12:15:00+09:00,50.5,0,0.0,train
20260724,2026-07-24 12:18:00+09:00,52.833333333333336,0,0.0,train
20260724,2026-07-24 12:21:00+09:00,54.0,0,0.0,train
20260724,2026-07-24 12:24:00+09:00,53.16666666666666,0,0.0,train
20260724,2026-07-24 12:27:00+09:00,47.333333333333336,0,0.0,train
20260724,2026-07-24 12:30:00+09:00,47.5,0,0.0,train
20260724,2026-07-24 12:33:00+09:00,47.333333333333336,0,0.0,train
20260724,2026-07-24 12:36:00+09:00,47.0,0,0.0,train
20260724,2026-07-24 12:39:00+09:00,45.66666666666666,0,0.0,train
20260724,2026-07-24 12:42:00+09:00,45.0,0,0.0,train
20260724,2026-07-24 12:45:00+09:00,45.16666666666666,0,0.0,train
20260724,2026-07-24 12:48:00+09:00,44.16666666666666,0,0.0,train
20260724,2026-07-24 12:51:00+09:00,40.0,0,0.0,train
20260724,2026-07-24 12:54:00+09:00,39.0,0,0.0,train
20260724,2026-07-24 12:57:00+09:00,41.16666666666666,0,0.0,train
20260724,2026-07-24 13:00:00+09:00,42.333333333333336,0,0.0,train
20260724,2026-07-24 13:03:00+09:00,38.5,0,0.0,train
20260724,2026-07-24 13:06:00+09:00,41.5,0,0.0,train
20260724,2026-07-24 13:09:00+09:00,38.833333333333336,0,0.0,train
20260724,2026-07-24 13:12:00+09:00,43.833333333333336,0,0.0,train
20260724,2026-07-24 13:15:00+09:00,36.333333333333336,0,0.0,train
20260724,2026-07-24 13:18:00+09:00,39.833333333333336,0,0.0,train
20260724,2026-07-24 13:21:00+09:00,37.66666666666666,0,0.0,train
20260724,2026-07-24 13:24:00+09:00,38.66666666666666,0,0.0,train
20260724,2026-07-24 13:27:00+09:00,36.66666666666666,0,0.0,train
20260724,2026-07-24 13:30:00+09:00,34.0,0,0.0,train
20260724,2026-07-24 13:33:00+09:00,35.333333333333336,0,0.0,train
20260724,2026-07-24 13:36:00+09:00,36.0,0,0.0,train
20260724,2026-07-24 13:39:00+09:00,33.833333333333336,0,0.0,train
20260724,2026-07-24 13:42:00+09:00,35.833333333333336,0,0.0,train
20260724,2026-07-24 13:45:00+09:00,30.5,0,0.0,train
20260724,2026-07-24 13:48:00+09:00,29.5,0,0.0,train
20260724,2026-07-24 13:51:00+09:00,32.666666666666664,0,0.0,train
20260724,2026-07-24 13:54:00+09:00,35.833333333333336,0,0.0,train
20260724,2026-07-24 13:57:00+09:00,38.0,0,0.0,train
20260724,2026-07-24 14:00:00+09:00,39.5,0,0.0,train
20260724,2026-07-24 14:03:00+09:00,42.5,0,0.0,train
20260724,2026-07-24 14:06:00+09:00,39.5,0,0.0,train
20260724,2026-07-24 14:09:00+09:00,41.833333333333336,0,0.0,train
20260724,2026-07-24 14:12:00+09:00,41.0,0,0.0,train
20260724,2026-07-24 14:15:00+09:00,43.0,0,0.0,train
20260724,2026-07-24 14:18:00+09:00,39.833333333333336,0,0.0,train
20260724,2026-07-24 14:21:00+09:00,40.5,0,0.0,train
20260724,2026-07-24 14:24:00+09:00,38.333333333333336,0,0.0,train
20260724,2026-07-24 14:27:00+09:00,35.166666666666664,0,0.0,train
20260724,2026-07-24 14:30:00+09:00,35.333333333333336,0,0.0,train
20260724,2026-07-24 14:33:00+09:00,32.833333333333336,0,0.0,train
20260724,2026-07-24 14:36:00+09:00,33.333333333333336,0,0.0,train
20260724,2026-07-24 14:39:00+09:00,32.0,0,0.0,train
20260724,2026-07-24 14:42:00+09:00,34.166666666666664,0,0.0,train
20260724,2026-07-24 14:45:00+09:00,35.666666666666664,0,0.0,train
20260724,2026-07-24 14:48:00+09:00,37.16666666666666,0,0.0,train
20260724,2026-07-24 14:51:00+09:00,33.666666666666664,0,0.0,train
20260724,2026-07-24 14:54:00+09:00,38.0,0,0.0,train
20260724,2026-07-24 14:57:00+09:00,33.0,0,0.0,train
20260727,2026-07-27 10:00:00+09:00,24.166666666666668,1,845406.0,train
20260727,2026-07-27 10:03:00+09:00,31.166666666666668,1,845406.0,train
20260727,2026-07-27 10:06:00+09:00,35.333333333333336,1,845406.0,train
20260727,2026-07-27 10:09:00+09:00,31.666666666666668,1,845406.0,train
20260727,2026-07-27 10:12:00+09:00,30.0,1,845406.0,train
20260727,2026-07-27 10:15:00+09:00,28.666666666666668,1,845406.0,train
20260727,2026-07-27 10:18:00+09:00,30.5,1,845406.0,train
20260727,2026-07-27 10:21:00+09:00,30.5,1,845406.0,train
20260727,2026-07-27 10:24:00+09:00,28.5,0,0.0,train
20260727,2026-07-27 10:27:00+09:00,26.0,0,0.0,train
20260727,2026-07-27 10:30:00+09:00,30.166666666666668,0,0.0,train
20260727,2026-07-27 10:33:00+09:00,28.33333333333333,0,0.0,train
20260727,2026-07-27 10:36:00+09:00,16.666666666666668,0,0.0,train
20260727,2026-07-27 10:39:00+09:00,13.5,0,0.0,train
20260727,2026-07-27 10:42:00+09:00,13.5,0,0.0,train
20260727,2026-07-27 10:45:00+09:00,13.5,0,0.0,train
20260727,2026-07-27 10:48:00+09:00,13.833333333333334,0,0.0,train
20260727,2026-07-27 10:51:00+09:00,13.833333333333334,0,0.0,train
20260727,2026-07-27 10:54:00+09:00,28.33333333333333,0,0.0,train
20260727,2026-07-27 10:57:00+09:00,35.5,0,0.0,train
20260727,2026-07-27 11:00:00+09:00,31.33333333333333,0,0.0,train
20260727,2026-07-27 11:03:00+09:00,35.5,0,0.0,train
20260727,2026-07-27 11:06:00+09:00,35.5,0,0.0,train
20260727,2026-07-27 11:09:00+09:00,37.0,0,0.0,train
20260727,2026-07-27 11:12:00+09:00,37.0,0,0.0,train
20260727,2026-07-27 11:15:00+09:00,38.5,0,0.0,train
20260727,2026-07-27 11:18:00+09:00,39.5,0,0.0,train
20260727,2026-07-27 11:21:00+09:00,40.66666666666666,0,0.0,train
20260727,2026-07-27 11:24:00+09:00,23.83333333333333,0,0.0,train
20260727,2026-07-27 11:27:00+09:00,25.166666666666668,0,0.0,train
20260727,2026-07-27 11:30:00+09:00,28.33333333333333,0,0.0,train
20260727,2026-07-27 11:33:00+09:00,25.5,0,0.0,train
20260727,2026-07-27 11:36:00+09:00,25.5,0,0.0,train
20260727,2026-07-27 11:39:00+09:00,27.0,0,0.0,train
20260727,2026-07-27 11:42:00+09:00,24.33333333333333,0,0.0,train
20260727,2026-07-27 11:45:00+09:00,32.5,0,0.0,train
20260727,2026-07-27 11:48:00+09:00,28.83333333333333,0,0.0,train
20260727,2026-07-27 11:51:00+09:00,30.0,0,0.0,train
20260727,2026-07-27 11:54:00+09:00,35.333333333333336,0,0.0,train
20260727,2026-07-27 11:57:00+09:00,36.16666666666666,0,0.0,train
20260727,2026-07-27 12:00:00+09:00,38.0,0,0.0,train
20260727,2026-07-27 12:03:00+09:00,40.333333333333336,0,0.0,train
20260727,2026-07-27 12:06:00+09:00,43.833333333333336,0,0.0,train
20260727,2026-07-27 12:09:00+09:00,46.66666666666666,0,0.0,train
20260727,2026-07-27 12:12:00+09:00,49.16666666666666,0,0.0,train
20260727,2026-07-27 12:15:00+09:00,46.16666666666666,0,0.0,train
20260727,2026-07-27 12:18:00+09:00,48.5,0,0.0,train
20260727,2026-07-27 12:21:00+09:00,50.16666666666666,0,0.0,train
20260727,2026-07-27 12:24:00+09:00,44.833333333333336,0,0.0,train
20260727,2026-07-27 12:27:00+09:00,44.333333333333336,0,0.0,train
20260727,2026-07-27 12:30:00+09:00,44.66666666666666,0,0.0,train
20260727,2026-07-27 12:33:00+09:00,43.66666666666666,0,0.0,train
20260727,2026-07-27 12:36:00+09:00,45.16666666666666,0,0.0,train
20260727,2026-07-27 12:39:00+09:00,43.333333333333336,0,0.0,train
20260727,2026-07-27 12:42:00+09:00,41.833333333333336,0,0.0,train
20260727,2026-07-27 12:45:00+09:00,42.5,0,0.0,train
20260727,2026-07-27 12:48:00+09:00,38.66666666666666,0,0.0,train
20260727,2026-07-27 12:51:00+09:00,39.333333333333336,0,0.0,train
20260727,2026-07-27 12:54:00+09:00,35.833333333333336,0,0.0,train
20260727,2026-07-27 12:57:00+09:00,39.833333333333336,0,0.0,train
20260727,2026-07-27 13:00:00+09:00,39.16666666666666,0,0.0,train
20260727,2026-07-27 13:03:00+09:00,38.66666666666666,0,0.0,train
20260727,2026-07-27 13:06:00+09:00,35.666666666666664,0,0.0,train
20260727,2026-07-27 13:09:00+09:00,37.16666666666666,0,0.0,train
20260727,2026-07-27 13:12:00+09:00,36.5,0,0.0,train
20260727,2026-07-27 13:15:00+09:00,39.66666666666666,0,0.0,train
20260727,2026-07-27 13:18:00+09:00,38.5,0,0.0,train
20260727,2026-07-27 13:21:00+09:00,34.833333333333336,0,0.0,train
20260727,2026-07-27 13:24:00+09:00,41.833333333333336,0,0.0,train
20260727,2026-07-27 13:27:00+09:00,34.333333333333336,0,0.0,train
20260727,2026-07-27 13:30:00+09:00,32.0,0,0.0,train
20260727,2026-07-27 13:33:00+09:00,29.33333333333333,0,0.0,train
20260727,2026-07-27 13:36:00+09:00,32.833333333333336,0,0.0,train
20260727,2026-07-27 13:39:00+09:00,32.166666666666664,0,0.0,train
20260727,2026-07-27 13:42:00+09:00,31.166666666666668,0,0.0,train
20260727,2026-07-27 13:45:00+09:00,30.5,0,0.0,train
20260727,2026-07-27 13:48:00+09:00,31.33333333333333,0,0.0,train
20260727,2026-07-27 13:51:00+09:00,32.166666666666664,0,0.0,train
20260727,2026-07-27 13:54:00+09:00,32.5,0,0.0,train
20260727,2026-07-27 13:57:00+09:00,36.66666666666666,0,0.0,train
20260727,2026-07-27 14:00:00+09:00,36.66666666666666,0,0.0,train
20260727,2026-07-27 14:03:00+09:00,37.333333333333336,0,0.0,train
20260727,2026-07-27 14:06:00+09:00,36.0,0,0.0,train
20260727,2026-07-27 14:09:00+09:00,38.16666666666666,0,0.0,train
20260727,2026-07-27 14:12:00+09:00,39.5,0,0.0,train
20260727,2026-07-27 14:15:00+09:00,37.66666666666666,0,0.0,train
20260727,2026-07-27 14:18:00+09:00,38.66666666666666,0,0.0,train
20260727,2026-07-27 14:21:00+09:00,37.0,0,0.0,train
20260727,2026-07-27 14:24:00+09:00,36.16666666666666,0,0.0,train
20260727,2026-07-27 14:27:00+09:00,35.166666666666664,0,0.0,train
20260727,2026-07-27 14:30:00+09:00,36.0,0,0.0,train
20260727,2026-07-27 14:33:00+09:00,33.5,0,0.0,train
20260727,2026-07-27 14:36:00+09:00,35.833333333333336,0,0.0,train
20260727,2026-07-27 14:39:00+09:00,31.0,0,0.0,train
20260727,2026-07-27 14:42:00+09:00,32.5,0,0.0,train
20260727,2026-07-27 14:45:00+09:00,31.5,0,0.0,train
20260727,2026-07-27 14:48:00+09:00,28.33333333333333,0,0.0,train
20260727,2026-07-27 14:51:00+09:00,28.83333333333333,0,0.0,train
20260727,2026-07-27 14:54:00+09:00,32.166666666666664,0,0.0,train
20260727,2026-07-27 14:57:00+09:00,29.83333333333333,0,0.0,train
20260728,2026-07-28 10:00:00+09:00,38.333333333333336,0,0.0,train
20260728,2026-07-28 10:03:00+09:00,40.5,0,0.0,train
20260728,2026-07-28 10:06:00+09:00,30.83333333333333,0,0.0,train
20260728,2026-07-28 10:09:00+09:00,30.0,0,0.0,train
20260728,2026-07-28 10:12:00+09:00,23.5,0,0.0,train
20260728,2026-07-28 10:15:00+09:00,19.83333333333333,0,0.0,train
20260728,2026-07-28 10:18:00+09:00,24.5,0,0.0,train
20260728,2026-07-28 10:21:00+09:00,25.83333333333333,0,0.0,train
20260728,2026-07-28 10:24:00+09:00,23.33333333333333,0,0.0,train
20260728,2026-07-28 10:27:00+09:00,25.666666666666668,0,0.0,train
20260728,2026-07-28 10:30:00+09:00,26.83333333333333,0,0.0,train
20260728,2026-07-28 10:33:00+09:00,22.5,0,0.0,train
20260728,2026-07-28 10:36:00+09:00,21.83333333333333,0,0.0,train
20260728,2026-07-28 10:39:00+09:00,28.0,0,0.0,train
20260728,2026-07-28 10:42:00+09:00,26.0,0,0.0,train
20260728,2026-07-28 10:45:00+09:00,29.33333333333333,0,0.0,train
20260728,2026-07-28 10:48:00+09:00,28.33333333333333,0,0.0,train
20260728,2026-07-28 10:51:00+09:00,22.666666666666668,0,0.0,train
20260728,2026-07-28 10:54:00+09:00,30.5,0,0.0,train
20260728,2026-07-28 10:57:00+09:00,26.166666666666668,0,0.0,train
20260728,2026-07-28 11:00:00+09:00,22.83333333333333,0,0.0,train
20260728,2026-07-28 11:03:00+09:00,22.33333333333333,0,0.0,train
20260728,2026-07-28 11:06:00+09:00,30.5,0,0.0,train
20260728,2026-07-28 11:09:00+09:00,24.0,0,0.0,train
20260728,2026-07-28 11:12:00+09:00,24.0,0,0.0,train
20260728,2026-07-28 11:15:00+09:00,24.0,0,0.0,train
20260728,2026-07-28 11:18:00+09:00,29.666666666666668,0,0.0,train
20260728,2026-07-28 11:21:00+09:00,30.666666666666668,0,0.0,train
20260728,2026-07-28 11:24:00+09:00,25.166666666666668,0,0.0,train
20260728,2026-07-28 11:27:00+09:00,29.666666666666668,0,0.0,train
20260728,2026-07-28 11:30:00+09:00,28.666666666666668,0,0.0,train
20260728,2026-07-28 11:33:00+09:00,27.83333333333333,0,0.0,train
20260728,2026-07-28 11:36:00+09:00,23.166666666666668,0,0.0,train
20260728,2026-07-28 11:39:00+09:00,26.5,0,0.0,train
20260728,2026-07-28 11:42:00+09:00,28.83333333333333,0,0.0,train
20260728,2026-07-28 11:45:00+09:00,28.83333333333333,0,0.0,train
20260728,2026-07-28 11:48:00+09:00,31.0,0,0.0,train
20260728,2026-07-28 11:51:00+09:00,31.0,0,0.0,train
20260728,2026-07-28 11:54:00+09:00,27.5,0,0.0,train
20260728,2026-07-28 11:57:00+09:00,30.33333333333333,0,0.0,train
20260728,2026-07-28 12:00:00+09:00,32.333333333333336,0,0.0,train
20260728,2026-07-28 12:03:00+09:00,30.666666666666668,0,0.0,train
20260728,2026-07-28 12:06:00+09:00,35.166666666666664,0,0.0,train
20260728,2026-07-28 12:09:00+09:00,42.66666666666666,0,0.0,train
20260728,2026-07-28 12:12:00+09:00,45.833333333333336,0,0.0,train
20260728,2026-07-28 12:15:00+09:00,50.333333333333336,0,0.0,train
20260728,2026-07-28 12:18:00+09:00,51.16666666666666,0,0.0,train
20260728,2026-07-28 12:21:00+09:00,54.16666666666666,0,0.0,train
20260728,2026-07-28 12:24:00+09:00,52.833333333333336,0,0.0,train
20260728,2026-07-28 12:27:00+09:00,48.5,0,0.0,train
20260728,2026-07-28 12:30:00+09:00,48.5,0,0.0,train
20260728,2026-07-28 12:33:00+09:00,48.0,0,0.0,train
20260728,2026-07-28 12:36:00+09:00,47.833333333333336,0,0.0,train
20260728,2026-07-28 12:39:00+09:00,46.5,0,0.0,train
20260728,2026-07-28 12:42:00+09:00,45.66666666666666,0,0.0,train
20260728,2026-07-28 12:45:00+09:00,43.833333333333336,0,0.0,train
20260728,2026-07-28 12:48:00+09:00,43.5,0,0.0,train
20260728,2026-07-28 12:51:00+09:00,40.16666666666666,0,0.0,train
20260728,2026-07-28 12:54:00+09:00,40.833333333333336,0,0.0,train
20260728,2026-07-28 12:57:00+09:00,37.5,0,0.0,train
20260728,2026-07-28 13:00:00+09:00,39.16666666666666,0,0.0,train
20260728,2026-07-28 13:03:00+09:00,41.66666666666666,0,0.0,train
20260728,2026-07-28 13:06:00+09:00,39.16666666666666,0,0.0,train
20260728,2026-07-28 13:09:00+09:00,41.66666666666666,0,0.0,train
20260728,2026-07-28 13:12:00+09:00,39.333333333333336,0,0.0,train
20260728,2026-07-28 13:15:00+09:00,42.16666666666666,0,0.0,train
20260728,2026-07-28 13:18:00+09:00,39.333333333333336,0,0.0,train
20260728,2026-07-28 13:21:00+09:00,37.66666666666666,0,0.0,train
20260728,2026-07-28 13:24:00+09:00,38.0,0,0.0,train
20260728,2026-07-28 13:27:00+09:00,42.16666666666666,0,0.0,train
20260728,2026-07-28 13:30:00+09:00,35.166666666666664,0,0.0,train
20260728,2026-07-28 13:33:00+09:00,31.5,0,0.0,train
20260728,2026-07-28 13:36:00+09:00,35.166666666666664,0,0.0,train
20260728,2026-07-28 13:39:00+09:00,33.333333333333336,0,0.0,train
20260728,2026-07-28 13:42:00+09:00,34.666666666666664,0,0.0,train
20260728,2026-07-28 13:45:00+09:00,32.0,0,0.0,train
20260728,2026-07-28 13:48:00+09:00,34.166666666666664,0,0.0,train
20260728,2026-07-28 13:51:00+09:00,35.333333333333336,0,0.0,train
20260728,2026-07-28 13:54:00+09:00,36.66666666666666,0,0.0,train
20260728,2026-07-28 13:57:00+09:00,38.833333333333336,0,0.0,train
20260728,2026-07-28 14:00:00+09:00,39.66666666666666,0,0.0,train
20260728,2026-07-28 14:03:00+09:00,43.5,0,0.0,train
20260728,2026-07-28 14:06:00+09:00,41.16666666666666,0,0.0,train
20260728,2026-07-28 14:09:00+09:00,40.833333333333336,0,0.0,train
20260728,2026-07-28 14:12:00+09:00,42.5,0,0.0,train
20260728,2026-07-28 14:15:00+09:00,43.16666666666666,0,0.0,train
20260728,2026-07-28 14:18:00+09:00,39.833333333333336,0,0.0,train
20260728,2026-07-28 14:21:00+09:00,40.333333333333336,0,0.0,train
20260728,2026-07-28 14:24:00+09:00,39.5,0,0.0,train
20260728,2026-07-28 14:27:00+09:00,40.16666666666666,0,0.0,train
20260728,2026-07-28 14:30:00+09:00,35.5,0,0.0,train
20260728,2026-07-28 14:33:00+09:00,35.666666666666664,0,0.0,train
20260728,2026-07-28 14:36:00+09:00,34.333333333333336,0,0.0,train
20260728,2026-07-28 14:39:00+09:00,38.333333333333336,0,0.0,train
20260728,2026-07-28 14:42:00+09:00,39.0,0,0.0,train
20260728,2026-07-28 14:45:00+09:00,37.16666666666666,0,0.0,train
20260728,2026-07-28 14:48:00+09:00,38.333333333333336,0,0.0,train
20260728,2026-07-28 14:51:00+09:00,33.666666666666664,0,0.0,train
20260728,2026-07-28 14:54:00+09:00,35.5,0,0.0,train
20260728,2026-07-28 14:57:00+09:00,34.0,0,0.0,train
20260729,2026-07-29 10:00:00+09:00,46.833333333333336,0,0.0,train
20260729,2026-07-29 10:03:00+09:00,46.66666666666666,0,0.0,train
20260729,2026-07-29 10:06:00+09:00,43.66666666666666,0,0.0,train
20260729,2026-07-29 10:09:00+09:00,44.0,0,0.0,train
20260729,2026-07-29 10:12:00+09:00,43.66666666666666,0,0.0,train
20260729,2026-07-29 10:15:00+09:00,47.0,0,0.0,train
20260729,2026-07-29 10:18:00+09:00,44.66666666666666,0,0.0,train
20260729,2026-07-29 10:21:00+09:00,44.333333333333336,0,0.0,train
20260729,2026-07-29 10:24:00+09:00,44.66666666666666,0,0.0,train
20260729,2026-07-29 10:27:00+09:00,44.833333333333336,0,0.0,train
20260729,2026-07-29 10:30:00+09:00,44.833333333333336,0,0.0,train
20260729,2026-07-29 10:33:00+09:00,44.833333333333336,0,0.0,train
20260729,2026-07-29 10:36:00+09:00,47.66666666666666,0,0.0,train
20260729,2026-07-29 10:39:00+09:00,48.333333333333336,0,0.0,train
20260729,2026-07-29 10:42:00+09:00,48.16666666666666,0,0.0,train
20260729,2026-07-29 10:45:00+09:00,43.5,0,0.0,train
20260729,2026-07-29 10:48:00+09:00,47.16666666666666,0,0.0,train
20260729,2026-07-29 10:51:00+09:00,46.5,0,0.0,train
20260729,2026-07-29 10:54:00+09:00,47.16666666666666,0,0.0,train
20260729,2026-07-29 10:57:00+09:00,44.333333333333336,0,0.0,train
20260729,2026-07-29 11:00:00+09:00,46.66666666666666,0,0.0,train
20260729,2026-07-29 11:03:00+09:00,45.16666666666666,0,0.0,train
20260729,2026-07-29 11:06:00+09:00,45.16666666666666,0,0.0,train
20260729,2026-07-29 11:09:00+09:00,45.5,0,0.0,train
20260729,2026-07-29 11:12:00+09:00,43.333333333333336,0,0.0,train
20260729,2026-07-29 11:15:00+09:00,48.833333333333336,0,0.0,train
20260729,2026-07-29 11:18:00+09:00,47.5,0,0.0,train
20260729,2026-07-29 11:21:00+09:00,45.333333333333336,0,0.0,train
20260729,2026-07-29 11:24:00+09:00,45.16666666666666,0,0.0,train
20260729,2026-07-29 11:27:00+09:00,48.0,0,0.0,train
20260729,2026-07-29 11:30:00+09:00,45.5,0,0.0,train
20260729,2026-07-29 11:33:00+09:00,45.333333333333336,0,0.0,train
20260729,2026-07-29 11:36:00+09:00,44.66666666666666,0,0.0,train
20260729,2026-07-29 11:39:00+09:00,45.5,0,0.0,train
20260729,2026-07-29 11:42:00+09:00,47.0,0,0.0,train
20260729,2026-07-29 11:45:00+09:00,43.833333333333336,0,0.0,train
20260729,2026-07-29 11:48:00+09:00,43.0,0,0.0,train
20260729,2026-07-29 11:51:00+09:00,45.66666666666666,0,0.0,train
20260729,2026-07-29 11:54:00+09:00,44.833333333333336,0,0.0,train
20260729,2026-07-29 11:57:00+09:00,51.333333333333336,0,0.0,train
20260729,2026-07-29 12:00:00+09:00,54.333333333333336,0,0.0,train
20260729,2026-07-29 12:03:00+09:00,54.5,0,0.0,train
20260729,2026-07-29 12:06:00+09:00,57.66666666666666,0,0.0,train
20260729,2026-07-29 12:09:00+09:00,59.16666666666666,0,0.0,train
20260729,2026-07-29 12:12:00+09:00,60.333333333333336,0,0.0,train
20260729,2026-07-29 12:15:00+09:00,60.5,0,0.0,train
20260729,2026-07-29 12:18:00+09:00,60.833333333333336,0,0.0,train
20260729,2026-07-29 12:21:00+09:00,60.66666666666666,0,0.0,train
20260729,2026-07-29 12:24:00+09:00,60.833333333333336,0,0.0,train
20260729,2026-07-29 12:27:00+09:00,54.333333333333336,0,0.0,train
20260729,2026-07-29 12:30:00+09:00,54.66666666666666,0,0.0,train
20260729,2026-07-29 12:33:00+09:00,54.5,0,0.0,train
20260729,2026-07-29 12:36:00+09:00,53.833333333333336,0,0.0,train
20260729,2026-07-29 12:39:00+09:00,53.333333333333336,0,0.0,train
20260729,2026-07-29 12:42:00+09:00,52.333333333333336,0,0.0,train
20260729,2026-07-29 12:45:00+09:00,51.66666666666666,0,0.0,train
20260729,2026-07-29 12:48:00+09:00,50.0,0,0.0,train
20260729,2026-07-29 12:51:00+09:00,46.5,0,0.0,train
20260729,2026-07-29 12:54:00+09:00,46.5,0,0.0,train
20260729,2026-07-29 12:57:00+09:00,46.5,0,0.0,train
20260729,2026-07-29 13:00:00+09:00,46.5,0,0.0,train
20260729,2026-07-29 13:03:00+09:00,46.5,0,0.0,train
20260729,2026-07-29 13:06:00+09:00,47.833333333333336,0,0.0,train
20260729,2026-07-29 13:09:00+09:00,46.5,0,0.0,train
20260729,2026-07-29 13:12:00+09:00,46.5,0,0.0,train
20260729,2026-07-29 13:15:00+09:00,46.5,0,0.0,train
20260729,2026-07-29 13:18:00+09:00,48.16666666666666,0,0.0,train
20260729,2026-07-29 13:21:00+09:00,46.5,0,0.0,train
20260729,2026-07-29 13:24:00+09:00,46.5,0,0.0,train
20260729,2026-07-29 13:27:00+09:00,46.333333333333336,0,0.0,train
20260729,2026-07-29 13:30:00+09:00,43.833333333333336,0,0.0,train
20260729,2026-07-29 13:33:00+09:00,43.0,0,0.0,train
20260729,2026-07-29 13:36:00+09:00,42.0,0,0.0,train
20260729,2026-07-29 13:39:00+09:00,47.833333333333336,0,0.0,train
20260729,2026-07-29 13:42:00+09:00,46.833333333333336,0,0.0,train
20260729,2026-07-29 13:45:00+09:00,49.333333333333336,0,0.0,train
20260729,2026-07-29 13:48:00+09:00,44.66666666666666,0,0.0,train
20260729,2026-07-29 13:51:00+09:00,42.66666666666666,0,0.0,train
20260729,2026-07-29 13:54:00+09:00,43.16666666666666,0,0.0,train
20260729,2026-07-29 13:57:00+09:00,43.0,0,0.0,train
20260729,2026-07-29 14:00:00+09:00,44.333333333333336,0,0.0,train
20260729,2026-07-29 14:03:00+09:00,44.833333333333336,0,0.0,train
20260729,2026-07-29 14:06:00+09:00,46.0,0,0.0,train
20260729,2026-07-29 14:09:00+09:00,40.833333333333336,0,0.0,train
20260729,2026-07-29 14:12:00+09:00,47.16666666666666,0,0.0,train
20260729,2026-07-29 14:15:00+09:00,49.0,0,0.0,train
20260729,2026-07-29 14:18:00+09:00,49.333333333333336,0,0.0,train
20260729,2026-07-29 14:21:00+09:00,48.833333333333336,0,0.0,train
20260729,2026-07-29 14:24:00+09:00,47.16666666666666,0,0.0,train
20260729,2026-07-29 14:27:00+09:00,45.66666666666666,0,0.0,train
20260729,2026-07-29 14:30:00+09:00,44.16666666666666,0,0.0,train
20260729,2026-07-29 14:33:00+09:00,46.0,0,0.0,train
20260729,2026-07-29 14:36:00+09:00,46.66666666666666,0,0.0,train
20260729,2026-07-29 14:39:00+09:00,42.66666666666666,0,0.0,train
20260729,2026-07-29 14:42:00+09:00,44.66666666666666,0,0.0,train
20260729,2026-07-29 14:45:00+09:00,47.833333333333336,0,0.0,train
20260729,2026-07-29 14:48:00+09:00,44.333333333333336,0,0.0,train
20260729,2026-07-29 14:51:00+09:00,43.5,0,0.0,train
20260729,2026-07-29 14:54:00+09:00,46.16666666666666,0,0.0,train
20260729,2026-07-29 14:57:00+09:00,48.0,0,0.0,train
20260730,2026-07-30 10:00:00+09:00,26.0,0,0.0,train
20260730,2026-07-30 10:03:00+09:00,21.33333333333333,0,0.0,train
20260730,2026-07-30 10:06:00+09:00,19.666666666666668,0,0.0,train
20260730,2026-07-30 10:09:00+09:00,21.33333333333333,0,0.0,train
20260730,2026-07-30 10:12:00+09:00,21.33333333333333,0,0.0,train
20260730,2026-07-30 10:15:00+09:00,22.666666666666668,0,0.0,train
20260730,2026-07-30 10:18:00+09:00,19.33333333333333,0,0.0,train
20260730,2026-07-30 10:21:00+09:00,20.33333333333333,0,0.0,train
20260730,2026-07-30 10:24:00+09:00,21.83333333333333,0,0.0,train
20260730,2026-07-30 10:27:00+09:00,24.83333333333333,0,0.0,train
20260730,2026-07-30 10:30:00+09:00,20.83333333333333,0,0.0,train
20260730,2026-07-30 10:33:00+09:00,22.5,0,0.0,train
20260730,2026-07-30 10:36:00+09:00,22.5,0,0.0,train
20260730,2026-07-30 10:39:00+09:00,26.33333333333333,0,0.0,train
20260730,2026-07-30 10:42:00+09:00,19.5,0,0.0,train
20260730,2026-07-30 10:45:00+09:00,20.666666666666668,0,0.0,train
20260730,2026-07-30 10:48:00+09:00,26.33333333333333,0,0.0,train
20260730,2026-07-30 10:51:00+09:00,26.33333333333333,0,0.0,train
20260730,2026-07-30 10:54:00+09:00,20.666666666666668,0,0.0,train
20260730,2026-07-30 10:57:00+09:00,31.0,0,0.0,train
20260730,2026-07-30 11:00:00+09:00,21.666666666666668,0,0.0,train
20260730,2026-07-30 11:03:00+09:00,21.83333333333333,0,0.0,train
20260730,2026-07-30 11:06:00+09:00,21.83333333333333,0,0.0,train
20260730,2026-07-30 11:09:00+09:00,23.0,0,0.0,train
20260730,2026-07-30 11:12:00+09:00,24.666666666666668,0,0.0,train
20260730,2026-07-30 11:15:00+09:00,18.83333333333333,0,0.0,train
20260730,2026-07-30 11:18:00+09:00,27.166666666666668,0,0.0,train
20260730,2026-07-30 11:21:00+09:00,20.166666666666668,0,0.0,train
20260730,2026-07-30 11:24:00+09:00,28.5,0,0.0,train
20260730,2026-07-30 11:27:00+09:00,21.166666666666668,0,0.0,train
20260730,2026-07-30 11:30:00+09:00,26.666666666666668,0,0.0,train
20260730,2026-07-30 11:33:00+09:00,19.666666666666668,0,0.0,train
20260730,2026-07-30 11:36:00+09:00,22.666666666666668,0,0.0,train
20260730,2026-07-30 11:39:00+09:00,28.166666666666668,0,0.0,train
20260730,2026-07-30 11:42:00+09:00,26.83333333333333,0,0.0,train
20260730,2026-07-30 11:45:00+09:00,25.83333333333333,0,0.0,train
20260730,2026-07-30 11:48:00+09:00,22.666666666666668,0,0.0,train
20260730,2026-07-30 11:51:00+09:00,27.0,0,0.0,train
20260730,2026-07-30 11:54:00+09:00,24.666666666666668,0,0.0,train
20260730,2026-07-30 11:57:00+09:00,30.666666666666668,0,0.0,train
20260730,2026-07-30 12:00:00+09:00,39.16666666666666,0,0.0,train
20260730,2026-07-30 12:03:00+09:00,45.66666666666666,0,0.0,train
20260730,2026-07-30 12:06:00+09:00,50.333333333333336,0,0.0,train
20260730,2026-07-30 12:09:00+09:00,54.66666666666666,0,0.0,train
20260730,2026-07-30 12:12:00+09:00,57.5,0,0.0,train
20260730,2026-07-30 12:15:00+09:00,58.16666666666666,0,0.0,train
20260730,2026-07-30 12:18:00+09:00,58.5,0,0.0,train
20260730,2026-07-30 12:21:00+09:00,59.66666666666666,0,0.0,train
20260730,2026-07-30 12:24:00+09:00,53.5,0,0.0,train
20260730,2026-07-30 12:27:00+09:00,53.833333333333336,0,0.0,train
20260730,2026-07-30 12:30:00+09:00,53.66666666666666,0,0.0,train
20260730,2026-07-30 12:33:00+09:00,53.0,0,0.0,train
20260730,2026-07-30 12:36:00+09:00,53.0,0,0.0,train
20260730,2026-07-30 12:39:00+09:00,52.16666666666666,0,0.0,train
20260730,2026-07-30 12:42:00+09:00,51.333333333333336,0,0.0,train
20260730,2026-07-30 12:45:00+09:00,50.0,0,0.0,train
20260730,2026-07-30 12:48:00+09:00,49.333333333333336,0,0.0,train
20260730,2026-07-30 12:51:00+09:00,48.0,0,0.0,train
20260730,2026-07-30 12:54:00+09:00,47.0,0,0.0,train
20260730,2026-07-30 12:57:00+09:00,46.5,0,0.0,train
20260730,2026-07-30 13:00:00+09:00,44.833333333333336,0,0.0,train
20260730,2026-07-30 13:03:00+09:00,44.5,0,0.0,train
20260730,2026-07-30 13:06:00+09:00,46.5,0,0.0,train
20260730,2026-07-30 13:09:00+09:00,44.66666666666666,0,0.0,train
20260730,2026-07-30 13:12:00+09:00,44.0,0,0.0,train
20260730,2026-07-30 13:15:00+09:00,46.16666666666666,0,0.0,train
20260730,2026-07-30 13:18:00+09:00,44.5,0,0.0,train
20260730,2026-07-30 13:21:00+09:00,44.333333333333336,0,0.0,train
20260730,2026-07-30 13:24:00+09:00,46.16666666666666,0,0.0,train
20260730,2026-07-30 13:27:00+09:00,44.66666666666666,0,0.0,train
20260730,2026-07-30 13:30:00+09:00,41.16666666666666,0,0.0,train
20260730,2026-07-30 13:33:00+09:00,39.66666666666666,0,0.0,train
20260730,2026-07-30 13:36:00+09:00,43.333333333333336,0,0.0,train
20260730,2026-07-30 13:39:00+09:00,41.16666666666666,0,0.0,train
20260730,2026-07-30 13:42:00+09:00,42.16666666666666,0,0.0,train
20260730,2026-07-30 13:45:00+09:00,37.833333333333336,0,0.0,train
20260730,2026-07-30 13:48:00+09:00,37.66666666666666,0,0.0,train
20260730,2026-07-30 13:51:00+09:00,38.5,0,0.0,train
20260730,2026-07-30 13:54:00+09:00,40.16666666666666,0,0.0,train
20260730,2026-07-30 13:57:00+09:00,39.833333333333336,0,0.0,train
20260730,2026-07-30 14:00:00+09:00,42.16666666666666,0,0.0,train
20260730,2026-07-30 14:03:00+09:00,44.833333333333336,0,0.0,train
20260730,2026-07-30 14:06:00+09:00,39.5,0,0.0,train
20260730,2026-07-30 14:09:00+09:00,42.16666666666666,0,0.0,train
20260730,2026-07-30 14:12:00+09:00,45.833333333333336,0,0.0,train
20260730,2026-07-30 14:15:00+09:00,46.66666666666666,0,0.0,train
20260730,2026-07-30 14:18:00+09:00,45.333333333333336,0,0.0,train
20260730,2026-07-30 14:21:00+09:00,43.833333333333336,0,0.0,train
20260730,2026-07-30 14:24:00+09:00,42.833333333333336,0,0.0,train
20260730,2026-07-30 14:27:00+09:00,43.0,0,0.0,train
20260730,2026-07-30 14:30:00+09:00,40.333333333333336,0,0.0,train
20260730,2026-07-30 14:33:00+09:00,39.0,0,0.0,train
20260730,2026-07-30 14:36:00+09:00,40.5,0,0.0,train
20260730,2026-07-30 14:39:00+09:00,43.16666666666666,0,0.0,train
20260730,2026-07-30 14:42:00+09:00,40.0,0,0.0,train
20260730,2026-07-30 14:45:00+09:00,38.333333333333336,0,0.0,train
20260730,2026-07-30 14:48:00+09:00,40.66666666666666,0,0.0,train
20260730,2026-07-30 14:51:00+09:00,43.66666666666666,0,0.0,train
20260730,2026-07-30 14:54:00+09:00,40.833333333333336,0,0.0,train
20260730,2026-07-30 14:57:00+09:00,39.66666666666666,0,0.0,train
20260731,2026-07-31 10:00:00+09:00,44.66666666666666,0,0.0,train
20260731,2026-07-31 10:03:00+09:00,40.0,0,0.0,train
20260731,2026-07-31 10:06:00+09:00,27.33333333333333,0,0.0,train
20260731,2026-07-31 10:09:00+09:00,28.5,0,0.0,train
20260731,2026-07-31 10:12:00+09:00,30.166666666666668,0,0.0,train
20260731,2026-07-31 10:15:00+09:00,22.83333333333333,0,0.0,train
20260731,2026-07-31 10:18:00+09:00,22.5,0,0.0,train
20260731,2026-07-31 10:21:00+09:00,24.0,0,0.0,train
20260731,2026-07-31 10:24:00+09:00,23.0,0,0.0,train
20260731,2026-07-31 10:27:00+09:00,26.33333333333333,0,0.0,train
20260731,2026-07-31 10:30:00+09:00,21.166666666666668,0,0.0,train
20260731,2026-07-31 10:33:00+09:00,21.83333333333333,0,0.0,train
20260731,2026-07-31 10:36:00+09:00,25.33333333333333,0,0.0,train
20260731,2026-07-31 10:39:00+09:00,26.5,0,0.0,train
20260731,2026-07-31 10:42:00+09:00,24.166666666666668,0,0.0,train
20260731,2026-07-31 10:45:00+09:00,29.83333333333333,0,0.0,train
20260731,2026-07-31 10:48:00+09:00,23.166666666666668,0,0.0,train
20260731,2026-07-31 10:51:00+09:00,23.166666666666668,0,0.0,train
20260731,2026-07-31 10:54:00+09:00,23.166666666666668,0,0.0,train
20260731,2026-07-31 10:57:00+09:00,24.5,0,0.0,train
20260731,2026-07-31 11:00:00+09:00,30.0,0,0.0,train
20260731,2026-07-31 11:03:00+09:00,24.33333333333333,0,0.0,train
20260731,2026-07-31 11:06:00+09:00,29.0,0,0.0,train
20260731,2026-07-31 11:09:00+09:00,24.5,0,0.0,train
20260731,2026-07-31 11:12:00+09:00,25.666666666666668,0,0.0,train
20260731,2026-07-31 11:15:00+09:00,26.83333333333333,0,0.0,train
20260731,2026-07-31 11:18:00+09:00,24.5,0,0.0,train
20260731,2026-07-31 11:21:00+09:00,28.0,0,0.0,train
20260731,2026-07-31 11:24:00+09:00,28.0,0,0.0,train
20260731,2026-07-31 11:27:00+09:00,23.5,0,0.0,train
20260731,2026-07-31 11:30:00+09:00,22.5,0,0.0,train
20260731,2026-07-31 11:33:00+09:00,24.666666666666668,0,0.0,train
20260731,2026-07-31 11:36:00+09:00,24.83333333333333,0,0.0,train
20260731,2026-07-31 11:39:00+09:00,32.833333333333336,0,0.0,train
20260731,2026-07-31 11:42:00+09:00,23.666666666666668,0,0.0,train
20260731,2026-07-31 11:45:00+09:00,24.83333333333333,0,0.0,train
20260731,2026-07-31 11:48:00+09:00,25.0,0,0.0,train
20260731,2026-07-31 11:51:00+09:00,26.166666666666668,0,0.0,train
20260731,2026-07-31 11:54:00+09:00,24.666666666666668,0,0.0,train
20260731,2026-07-31 11:57:00+09:00,29.0,0,0.0,train
20260731,2026-07-31 12:00:00+09:00,31.166666666666668,0,0.0,train
20260731,2026-07-31 12:03:00+09:00,34.0,0,0.0,train
20260731,2026-07-31 12:06:00+09:00,29.666666666666668,0,0.0,train
20260731,2026-07-31 12:09:00+09:00,31.83333333333333,0,0.0,train
20260731,2026-07-31 12:12:00+09:00,44.66666666666666,0,0.0,train
20260731,2026-07-31 12:15:00+09:00,45.16666666666666,0,0.0,train
20260731,2026-07-31 12:18:00+09:00,49.5,0,0.0,train
20260731,2026-07-31 12:21:00+09:00,50.5,0,0.0,train
20260731,2026-07-31 12:24:00+09:00,51.333333333333336,0,0.0,train
20260731,2026-07-31 12:27:00+09:00,45.0,0,0.0,train
20260731,2026-07-31 12:30:00+09:00,46.0,0,0.0,train
20260731,2026-07-31 12:33:00+09:00,45.66666666666666,0,0.0,train
20260731,2026-07-31 12:36:00+09:00,45.833333333333336,0,0.0,train
20260731,2026-07-31 12:39:00+09:00,44.16666666666666,0,0.0,train
20260731,2026-07-31 12:42:00+09:00,42.66666666666666,0,0.0,train
20260731,2026-07-31 12:45:00+09:00,42.333333333333336,0,0.0,train
20260731,2026-07-31 12:48:00+09:00,40.5,0,0.0,train
20260731,2026-07-31 12:51:00+09:00,40.333333333333336,0,0.0,train
20260731,2026-07-31 12:54:00+09:00,37.333333333333336,0,0.0,train
20260731,2026-07-31 12:57:00+09:00,40.5,0,0.0,train
20260731,2026-07-31 13:00:00+09:00,38.0,0,0.0,train
20260731,2026-07-31 13:03:00+09:00,37.66666666666666,0,0.0,train
20260731,2026-07-31 13:06:00+09:00,35.833333333333336,0,0.0,train
20260731,2026-07-31 13:09:00+09:00,37.0,0,0.0,train
20260731,2026-07-31 13:12:00+09:00,39.333333333333336,0,0.0,train
20260731,2026-07-31 13:15:00+09:00,37.0,0,0.0,train
20260731,2026-07-31 13:18:00+09:00,35.833333333333336,0,0.0,train
20260731,2026-07-31 13:21:00+09:00,36.333333333333336,0,0.0,train
20260731,2026-07-31 13:24:00+09:00,35.666666666666664,0,0.0,train
20260731,2026-07-31 13:27:00+09:00,37.833333333333336,0,0.0,train
20260731,2026-07-31 13:30:00+09:00,35.666666666666664,0,0.0,train
20260731,2026-07-31 13:33:00+09:00,30.83333333333333,0,0.0,train
20260731,2026-07-31 13:36:00+09:00,27.83333333333333,0,0.0,train
20260731,2026-07-31 13:39:00+09:00,23.83333333333333,0,0.0,train
20260731,2026-07-31 13:42:00+09:00,26.666666666666668,0,0.0,train
20260731,2026-07-31 13:45:00+09:00,22.0,0,0.0,train
20260731,2026-07-31 13:48:00+09:00,28.33333333333333,0,0.0,train
20260731,2026-07-31 13:51:00+09:00,20.33333333333333,0,0.0,train
20260731,2026-07-31 13:54:00+09:00,17.333333333333332,0,0.0,train
20260731,2026-07-31 13:57:00+09:00,15.5,0,0.0,train
20260731,2026-07-31 14:00:00+09:00,16.5,0,0.0,train
20260731,2026-07-31 14:03:00+09:00,16.833333333333332,0,0.0,train
20260731,2026-07-31 14:06:00+09:00,16.166666666666668,0,0.0,train
20260731,2026-07-31 14:09:00+09:00,15.833333333333334,0,0.0,train
20260731,2026-07-31 14:12:00+09:00,12.666666666666666,0,0.0,train
20260731,2026-07-31 14:15:00+09:00,13.166666666666666,0,0.0,train
20260731,2026-07-31 14:18:00+09:00,17.833333333333332,0,0.0,train
20260731,2026-07-31 14:21:00+09:00,17.833333333333332,0,0.0,train
20260731,2026-07-31 14:24:00+09:00,15.166666666666666,0,0.0,train
20260731,2026-07-31 14:27:00+09:00,20.666666666666668,0,0.0,train
20260731,2026-07-31 14:30:00+09:00,21.5,0,0.0,train
20260731,2026-07-31 14:33:00+09:00,17.833333333333332,0,0.0,train
20260731,2026-07-31 14:36:00+09:00,16.833333333333332,0,0.0,train
20260731,2026-07-31 14:39:00+09:00,16.166666666666668,0,0.0,train
20260731,2026-07-31 14:42:00+09:00,17.833333333333332,0,0.0,train
20260731,2026-07-31 14:45:00+09:00,24.33333333333333,0,0.0,train
20260731,2026-07-31 14:48:00+09:00,17.833333333333332,0,0.0,train
20260731,2026-07-31 14:51:00+09:00,15.166666666666666,0,0.0,train
20260731,2026-07-31 14:54:00+09:00,16.833333333333332,0,0.0,train
20260731,2026-07-31 14:57:00+09:00,15.166666666666666,0,0.0,train
20260803,2026-08-03 10:00:00+09:00,53.16666666666666,0,0.0,test
20260803,2026-08-03 10:03:00+09:00,59.0,0,0.0,test
20260803,2026-08-03 10:06:00+09:00,57.16666666666666,1,-193078.0,test
20260803,2026-08-03 10:09:00+09:00,63.5,1,-193078.0,test
20260803,2026-08-03 10:12:00+09:00,67.5,1,-193078.0,test
20260803,2026-08-03 10:15:00+09:00,55.5,1,-193078.0,test
20260803,2026-08-03 10:18:00+09:00,54.0,1,-193078.0,test
20260803,2026-08-03 10:21:00+09:00,58.5,1,-193078.0,test
20260803,2026-08-03 10:24:00+09:00,57.0,1,-193078.0,test
20260803,2026-08-03 10:27:00+09:00,51.66666666666666,1,-193078.0,test
20260803,2026-08-03 10:30:00+09:00,50.5,1,-193078.0,test
20260803,2026-08-03 10:33:00+09:00,51.333333333333336,1,-193078.0,test
20260803,2026-08-03 10:36:00+09:00,74.0,0,0.0,test
20260803,2026-08-03 10:39:00+09:00,76.16666666666667,0,0.0,test
20260803,2026-08-03 10:42:00+09:00,82.66666666666667,0,0.0,test
20260803,2026-08-03 10:45:00+09:00,49.0,0,0.0,test
20260803,2026-08-03 10:48:00+09:00,62.833333333333336,0,0.0,test
20260803,2026-08-03 10:51:00+09:00,59.66666666666666,0,0.0,test
20260803,2026-08-03 10:54:00+09:00,60.0,0,0.0,test
20260803,2026-08-03 10:57:00+09:00,56.833333333333336,0,0.0,test
20260803,2026-08-03 11:00:00+09:00,62.66666666666666,0,0.0,test
20260803,2026-08-03 11:03:00+09:00,65.33333333333333,0,0.0,test
20260803,2026-08-03 11:06:00+09:00,60.0,0,0.0,test
20260803,2026-08-03 11:09:00+09:00,58.5,0,0.0,test
20260803,2026-08-03 11:12:00+09:00,60.0,0,0.0,test
20260803,2026-08-03 11:15:00+09:00,65.33333333333333,0,0.0,test
20260803,2026-08-03 11:18:00+09:00,69.16666666666667,0,0.0,test
20260803,2026-08-03 11:21:00+09:00,69.5,0,0.0,test
20260803,2026-08-03 11:24:00+09:00,66.66666666666667,0,0.0,test
20260803,2026-08-03 11:27:00+09:00,61.5,0,0.0,test
20260803,2026-08-03 11:30:00+09:00,59.0,0,0.0,test
20260803,2026-08-03 11:33:00+09:00,56.833333333333336,0,0.0,test
20260803,2026-08-03 11:36:00+09:00,57.5,0,0.0,test
20260803,2026-08-03 11:39:00+09:00,63.5,0,0.0,test
20260803,2026-08-03 11:42:00+09:00,66.66666666666667,0,0.0,test
20260803,2026-08-03 11:45:00+09:00,65.5,0,0.0,test
20260803,2026-08-03 11:48:00+09:00,61.0,0,0.0,test
20260803,2026-08-03 11:51:00+09:00,62.833333333333336,0,0.0,test
20260803,2026-08-03 11:54:00+09:00,59.833333333333336,0,0.0,test
20260803,2026-08-03 11:57:00+09:00,61.66666666666666,0,0.0,test
20260803,2026-08-03 12:00:00+09:00,59.5,0,0.0,test
20260803,2026-08-03 12:03:00+09:00,57.66666666666666,0,0.0,test
20260803,2026-08-03 12:06:00+09:00,52.833333333333336,0,0.0,test
20260803,2026-08-03 12:09:00+09:00,52.66666666666666,0,0.0,test
20260803,2026-08-03 12:12:00+09:00,50.5,0,0.0,test
20260803,2026-08-03 12:15:00+09:00,48.333333333333336,0,0.0,test
20260803,2026-08-03 12:18:00+09:00,47.16666666666666,0,0.0,test
20260803,2026-08-03 12:21:00+09:00,47.833333333333336,0,0.0,test
20260803,2026-08-03 12:24:00+09:00,63.333333333333336,0,0.0,test
20260803,2026-08-03 12:27:00+09:00,64.0,0,0.0,test
20260803,2026-08-03 12:30:00+09:00,63.0,0,0.0,test
20260803,2026-08-03 12:33:00+09:00,64.0,0,0.0,test
20260803,2026-08-03 12:36:00+09:00,56.5,1,-159568.0,test
20260803,2026-08-03 12:39:00+09:00,56.16666666666666,1,-159568.0,test
20260803,2026-08-03 12:42:00+09:00,60.16666666666666,1,-159568.0,test
20260803,2026-08-03 12:45:00+09:00,58.66666666666666,1,-159568.0,test
20260803,2026-08-03 12:48:00+09:00,58.0,1,-159568.0,test
20260803,2026-08-03 12:51:00+09:00,55.833333333333336,1,-159568.0,test
20260803,2026-08-03 12:54:00+09:00,51.16666666666666,1,-159568.0,test
20260803,2026-08-03 12:57:00+09:00,55.66666666666666,1,-159568.0,test
20260803,2026-08-03 13:00:00+09:00,52.833333333333336,1,-159568.0,test
20260803,2026-08-03 13:03:00+09:00,54.333333333333336,1,-159568.0,test
20260803,2026-08-03 13:06:00+09:00,55.833333333333336,0,0.0,test
20260803,2026-08-03 13:09:00+09:00,62.16666666666666,0,0.0,test
20260803,2026-08-03 13:12:00+09:00,62.66666666666666,0,0.0,test
20260803,2026-08-03 13:15:00+09:00,66.5,0,0.0,test
20260803,2026-08-03 13:18:00+09:00,64.83333333333333,0,0.0,test
20260803,2026-08-03 13:21:00+09:00,68.66666666666667,0,0.0,test
20260803,2026-08-03 13:24:00+09:00,71.0,0,0.0,test
20260803,2026-08-03 13:27:00+09:00,68.16666666666667,0,0.0,test
20260803,2026-08-03 13:30:00+09:00,68.5,0,0.0,test
20260803,2026-08-03 13:33:00+09:00,70.16666666666667,0,0.0,test
20260803,2026-08-03 13:36:00+09:00,71.33333333333333,0,0.0,test
20260803,2026-08-03 13:39:00+09:00,67.16666666666667,0,0.0,test
20260803,2026-08-03 13:42:00+09:00,63.833333333333336,0,0.0,test
20260803,2026-08-03 13:45:00+09:00,63.16666666666666,0,0.0,test
20260803,2026-08-03 13:48:00+09:00,62.16666666666666,0,0.0,test
20260803,2026-08-03 13:51:00+09:00,60.16666666666666,0,0.0,test
20260803,2026-08-03 13:54:00+09:00,58.0,0,0.0,test
20260803,2026-08-03 13:57:00+09:00,58.5,0,0.0,test
20260803,2026-08-03 14:00:00+09:00,55.66666666666666,0,0.0,test
20260803,2026-08-03 14:03:00+09:00,57.0,0,0.0,test
20260803,2026-08-03 14:06:00+09:00,54.66666666666666,0,0.0,test
20260803,2026-08-03 14:09:00+09:00,51.16666666666666,0,0.0,test
20260803,2026-08-03 14:12:00+09:00,41.5,0,0.0,test
20260803,2026-08-03 14:15:00+09:00,41.833333333333336,0,0.0,test
20260803,2026-08-03 14:18:00+09:00,38.16666666666666,0,0.0,test
20260803,2026-08-03 14:21:00+09:00,37.66666666666666,0,0.0,test
20260803,2026-08-03 14:24:00+09:00,37.66666666666666,0,0.0,test
20260803,2026-08-03 14:27:00+09:00,38.5,0,0.0,test
20260803,2026-08-03 14:30:00+09:00,53.16666666666666,0,0.0,test
20260803,2026-08-03 14:33:00+09:00,55.333333333333336,0,0.0,test
20260803,2026-08-03 14:36:00+09:00,55.66666666666666,0,0.0,test
20260803,2026-08-03 14:39:00+09:00,58.0,0,0.0,test
20260803,2026-08-03 14:42:00+09:00,66.83333333333333,0,0.0,test
20260803,2026-08-03 14:45:00+09:00,47.5,0,0.0,test
20260803,2026-08-03 14:48:00+09:00,49.833333333333336,0,0.0,test
20260803,2026-08-03 14:51:00+09:00,50.5,0,0.0,test
20260803,2026-08-03 14:54:00+09:00,46.833333333333336,0,0.0,test
20260803,2026-08-03 14:57:00+09:00,36.66666666666666,0,0.0,test
20260804,2026-08-04 10:00:00+09:00,61.833333333333336,0,0.0,test
20260804,2026-08-04 10:03:00+09:00,58.333333333333336,0,0.0,test
20260804,2026-08-04 10:06:00+09:00,42.833333333333336,0,0.0,test
20260804,2026-08-04 10:09:00+09:00,41.333333333333336,0,0.0,test
20260804,2026-08-04 10:12:00+09:00,44.5,0,0.0,test
20260804,2026-08-04 10:15:00+09:00,52.0,0,0.0,test
20260804,2026-08-04 10:18:00+09:00,52.333333333333336,0,0.0,test
20260804,2026-08-04 10:21:00+09:00,52.66666666666666,0,0.0,test
20260804,2026-08-04 10:24:00+09:00,67.66666666666667,0,0.0,test
20260804,2026-08-04 10:27:00+09:00,51.16666666666666,0,0.0,test
20260804,2026-08-04 10:30:00+09:00,46.16666666666666,0,0.0,test
20260804,2026-08-04 10:33:00+09:00,55.0,0,0.0,test
20260804,2026-08-04 10:36:00+09:00,54.0,0,0.0,test
20260804,2026-08-04 10:39:00+09:00,56.5,0,0.0,test
20260804,2026-08-04 10:42:00+09:00,55.66666666666666,0,0.0,test
20260804,2026-08-04 10:45:00+09:00,60.66666666666666,0,0.0,test
20260804,2026-08-04 10:48:00+09:00,62.833333333333336,0,0.0,test
20260804,2026-08-04 10:51:00+09:00,64.33333333333333,0,0.0,test
20260804,2026-08-04 10:54:00+09:00,65.5,0,0.0,test
20260804,2026-08-04 10:57:00+09:00,64.5,0,0.0,test
20260804,2026-08-04 11:00:00+09:00,64.5,0,0.0,test
20260804,2026-08-04 11:03:00+09:00,65.83333333333333,0,0.0,test
20260804,2026-08-04 11:06:00+09:00,69.83333333333333,0,0.0,test
20260804,2026-08-04 11:09:00+09:00,65.66666666666667,0,0.0,test
20260804,2026-08-04 11:12:00+09:00,63.0,0,0.0,test
20260804,2026-08-04 11:15:00+09:00,59.66666666666666,0,0.0,test
20260804,2026-08-04 11:18:00+09:00,57.0,0,0.0,test
20260804,2026-08-04 11:21:00+09:00,66.16666666666667,0,0.0,test
20260804,2026-08-04 11:24:00+09:00,50.0,0,0.0,test
20260804,2026-08-04 11:27:00+09:00,48.333333333333336,0,0.0,test
20260804,2026-08-04 11:30:00+09:00,46.833333333333336,0,0.0,test
20260804,2026-08-04 11:33:00+09:00,47.16666666666666,0,0.0,test
20260804,2026-08-04 11:36:00+09:00,42.66666666666666,0,0.0,test
20260804,2026-08-04 11:39:00+09:00,49.333333333333336,0,0.0,test
20260804,2026-08-04 11:42:00+09:00,47.0,0,0.0,test
20260804,2026-08-04 11:45:00+09:00,46.16666666666666,0,0.0,test
20260804,2026-08-04 11:48:00+09:00,48.333333333333336,0,0.0,test
20260804,2026-08-04 11:51:00+09:00,46.66666666666666,0,0.0,test
20260804,2026-08-04 11:54:00+09:00,49.833333333333336,0,0.0,test
20260804,2026-08-04 11:57:00+09:00,50.333333333333336,0,0.0,test
20260804,2026-08-04 12:00:00+09:00,53.16666666666666,0,0.0,test
20260804,2026-08-04 12:03:00+09:00,42.16666666666666,0,0.0,test
20260804,2026-08-04 12:06:00+09:00,53.833333333333336,0,0.0,test
20260804,2026-08-04 12:09:00+09:00,49.833333333333336,0,0.0,test
20260804,2026-08-04 12:12:00+09:00,57.66666666666666,0,0.0,test
20260804,2026-08-04 12:15:00+09:00,61.333333333333336,0,0.0,test
20260804,2026-08-04 12:18:00+09:00,53.16666666666666,0,0.0,test
20260804,2026-08-04 12:21:00+09:00,48.833333333333336,0,0.0,test
20260804,2026-08-04 12:24:00+09:00,51.66666666666666,0,0.0,test
20260804,2026-08-04 12:27:00+09:00,50.5,0,0.0,test
20260804,2026-08-04 12:30:00+09:00,49.833333333333336,1,-912.0,test
20260804,2026-08-04 12:33:00+09:00,57.833333333333336,1,-912.0,test
20260804,2026-08-04 12:36:00+09:00,46.833333333333336,1,-912.0,test
20260804,2026-08-04 12:39:00+09:00,49.5,1,-912.0,test
20260804,2026-08-04 12:42:00+09:00,46.66666666666666,1,-912.0,test
20260804,2026-08-04 12:45:00+09:00,47.66666666666666,1,-912.0,test
20260804,2026-08-04 12:48:00+09:00,49.66666666666666,1,-912.0,test
20260804,2026-08-04 12:51:00+09:00,50.16666666666666,1,-912.0,test
20260804,2026-08-04 12:54:00+09:00,45.66666666666666,1,-912.0,test
20260804,2026-08-04 12:57:00+09:00,44.333333333333336,1,-912.0,test
20260804,2026-08-04 13:00:00+09:00,53.66666666666666,0,0.0,test
20260804,2026-08-04 13:03:00+09:00,52.0,0,0.0,test
20260804,2026-08-04 13:06:00+09:00,62.66666666666666,0,0.0,test
20260804,2026-08-04 13:09:00+09:00,56.66666666666666,0,0.0,test
20260804,2026-08-04 13:12:00+09:00,50.0,0,0.0,test
20260804,2026-08-04 13:15:00+09:00,58.833333333333336,1,-80055.0,test
20260804,2026-08-04 13:18:00+09:00,63.833333333333336,1,-80055.0,test
20260804,2026-08-04 13:21:00+09:00,70.83333333333333,1,-80055.0,test
20260804,2026-08-04 13:24:00+09:00,66.5,1,-80055.0,test
20260804,2026-08-04 13:27:00+09:00,70.0,1,-80055.0,test
20260804,2026-08-04 13:30:00+09:00,71.66666666666667,1,-80055.0,test
20260804,2026-08-04 13:33:00+09:00,68.5,1,-80055.0,test
20260804,2026-08-04 13:36:00+09:00,64.33333333333333,1,-80055.0,test
20260804,2026-08-04 13:39:00+09:00,64.0,1,-80055.0,test
20260804,2026-08-04 13:42:00+09:00,68.83333333333333,1,-80055.0,test
20260804,2026-08-04 13:45:00+09:00,63.0,0,0.0,test
20260804,2026-08-04 13:48:00+09:00,60.0,0,0.0,test
20260804,2026-08-04 13:51:00+09:00,61.833333333333336,0,0.0,test
20260804,2026-08-04 13:54:00+09:00,62.833333333333336,0,0.0,test
20260804,2026-08-04 13:57:00+09:00,62.66666666666666,0,0.0,test
20260804,2026-08-04 14:00:00+09:00,63.833333333333336,0,0.0,test
20260804,2026-08-04 14:03:00+09:00,57.333333333333336,0,0.0,test
20260804,2026-08-04 14:06:00+09:00,60.0,0,0.0,test
20260804,2026-08-04 14:09:00+09:00,58.833333333333336,0,0.0,test
20260804,2026-08-04 14:12:00+09:00,59.66666666666666,0,0.0,test
20260804,2026-08-04 14:15:00+09:00,75.16666666666667,0,0.0,test
20260804,2026-08-04 14:18:00+09:00,77.66666666666667,0,0.0,test
20260804,2026-08-04 14:21:00+09:00,76.33333333333333,0,0.0,test
20260804,2026-08-04 14:24:00+09:00,77.33333333333333,0,0.0,test
20260804,2026-08-04 14:27:00+09:00,77.66666666666667,0,0.0,test
20260804,2026-08-04 14:30:00+09:00,81.0,0,0.0,test
20260804,2026-08-04 14:33:00+09:00,81.66666666666667,0,0.0,test
20260804,2026-08-04 14:36:00+09:00,80.33333333333333,0,0.0,test
20260804,2026-08-04 14:39:00+09:00,81.16666666666667,0,0.0,test
20260804,2026-08-04 14:42:00+09:00,78.16666666666667,0,0.0,test
20260804,2026-08-04 14:45:00+09:00,77.0,0,0.0,test
20260804,2026-08-04 14:48:00+09:00,76.66666666666667,0,0.0,test
20260804,2026-08-04 14:51:00+09:00,70.16666666666667,0,0.0,test
20260804,2026-08-04 14:54:00+09:00,69.66666666666667,0,0.0,test
20260804,2026-08-04 14:57:00+09:00,67.83333333333333,0,0.0,test
20260805,2026-08-05 10:00:00+09:00,60.5,0,0.0,test
20260805,2026-08-05 10:03:00+09:00,54.16666666666666,0,0.0,test
20260805,2026-08-05 10:06:00+09:00,60.333333333333336,0,0.0,test
20260805,2026-08-05 10:09:00+09:00,60.833333333333336,0,0.0,test
20260805,2026-08-05 10:12:00+09:00,63.333333333333336,0,0.0,test
20260805,2026-08-05 10:15:00+09:00,63.0,0,0.0,test
20260805,2026-08-05 10:18:00+09:00,59.16666666666666,0,0.0,test
20260805,2026-08-05 10:21:00+09:00,57.0,0,0.0,test
20260805,2026-08-05 10:24:00+09:00,49.333333333333336,0,0.0,test
20260805,2026-08-05 10:27:00+09:00,49.0,0,0.0,test
20260805,2026-08-05 10:30:00+09:00,50.5,1,-129845.0,test
20260805,2026-08-05 10:33:00+09:00,53.0,1,-129845.0,test
20260805,2026-08-05 10:36:00+09:00,51.0,1,-129845.0,test
20260805,2026-08-05 10:39:00+09:00,52.16666666666666,1,-129845.0,test
20260805,2026-08-05 10:42:00+09:00,53.833333333333336,1,-129845.0,test
20260805,2026-08-05 10:45:00+09:00,49.0,1,-129845.0,test
20260805,2026-08-05 10:48:00+09:00,48.66666666666666,1,-129845.0,test
20260805,2026-08-05 10:51:00+09:00,57.0,1,-129845.0,test
20260805,2026-08-05 10:54:00+09:00,57.5,1,-129845.0,test
20260805,2026-08-05 10:57:00+09:00,55.16666666666666,1,-129845.0,test
20260805,2026-08-05 11:00:00+09:00,44.333333333333336,0,0.0,test
20260805,2026-08-05 11:03:00+09:00,52.333333333333336,0,0.0,test
20260805,2026-08-05 11:06:00+09:00,52.66666666666666,0,0.0,test
20260805,2026-08-05 11:09:00+09:00,49.16666666666666,0,0.0,test
20260805,2026-08-05 11:12:00+09:00,54.16666666666666,0,0.0,test
20260805,2026-08-05 11:15:00+09:00,55.5,0,0.0,test
20260805,2026-08-05 11:18:00+09:00,55.5,0,0.0,test
20260805,2026-08-05 11:21:00+09:00,56.16666666666666,0,0.0,test
20260805,2026-08-05 11:24:00+09:00,58.833333333333336,0,0.0,test
20260805,2026-08-05 11:27:00+09:00,55.333333333333336,0,0.0,test
20260805,2026-08-05 11:30:00+09:00,58.5,0,0.0,test
20260805,2026-08-05 11:33:00+09:00,52.0,0,0.0,test
20260805,2026-08-05 11:36:00+09:00,44.0,0,0.0,test
20260805,2026-08-05 11:39:00+09:00,37.16666666666666,0,0.0,test
20260805,2026-08-05 11:42:00+09:00,40.0,0,0.0,test
20260805,2026-08-05 11:45:00+09:00,38.0,0,0.0,test
20260805,2026-08-05 11:48:00+09:00,47.66666666666666,0,0.0,test
20260805,2026-08-05 11:51:00+09:00,49.66666666666666,0,0.0,test
20260805,2026-08-05 11:54:00+09:00,48.833333333333336,0,0.0,test
20260805,2026-08-05 11:57:00+09:00,51.16666666666666,0,0.0,test
20260805,2026-08-05 12:00:00+09:00,41.0,0,0.0,test
20260805,2026-08-05 12:03:00+09:00,40.5,0,0.0,test
20260805,2026-08-05 12:06:00+09:00,54.66666666666666,0,0.0,test
20260805,2026-08-05 12:09:00+09:00,63.16666666666666,0,0.0,test
20260805,2026-08-05 12:12:00+09:00,49.0,0,0.0,test
20260805,2026-08-05 12:15:00+09:00,49.16666666666666,0,0.0,test
20260805,2026-08-05 12:18:00+09:00,44.833333333333336,0,0.0,test
20260805,2026-08-05 12:21:00+09:00,37.66666666666666,0,0.0,test
20260805,2026-08-05 12:24:00+09:00,45.5,0,0.0,test
20260805,2026-08-05 12:27:00+09:00,48.66666666666666,0,0.0,test
20260805,2026-08-05 12:30:00+09:00,48.833333333333336,0,0.0,test
20260805,2026-08-05 12:33:00+09:00,34.5,0,0.0,test
20260805,2026-08-05 12:36:00+09:00,29.5,0,0.0,test
20260805,2026-08-05 12:39:00+09:00,30.166666666666668,0,0.0,test
20260805,2026-08-05 12:42:00+09:00,31.83333333333333,0,0.0,test
20260805,2026-08-05 12:45:00+09:00,32.833333333333336,0,0.0,test
20260805,2026-08-05 12:48:00+09:00,33.833333333333336,0,0.0,test
20260805,2026-08-05 12:51:00+09:00,36.0,0,0.0,test
20260805,2026-08-05 12:54:00+09:00,36.0,0,0.0,test
20260805,2026-08-05 12:57:00+09:00,34.333333333333336,0,0.0,test
20260805,2026-08-05 13:00:00+09:00,34.833333333333336,0,0.0,test
20260805,2026-08-05 13:03:00+09:00,34.166666666666664,0,0.0,test
20260805,2026-08-05 13:06:00+09:00,37.333333333333336,0,0.0,test
20260805,2026-08-05 13:09:00+09:00,35.666666666666664,0,0.0,test
20260805,2026-08-05 13:12:00+09:00,37.66666666666666,0,0.0,test
20260805,2026-08-05 13:15:00+09:00,40.333333333333336,1,-130846.0,test
20260805,2026-08-05 13:18:00+09:00,40.833333333333336,1,-130846.0,test
20260805,2026-08-05 13:21:00+09:00,41.16666666666666,1,-130846.0,test
20260805,2026-08-05 13:24:00+09:00,49.16666666666666,1,-130846.0,test
20260805,2026-08-05 13:27:00+09:00,46.833333333333336,1,-130846.0,test
20260805,2026-08-05 13:30:00+09:00,46.0,1,-130846.0,test
20260805,2026-08-05 13:33:00+09:00,52.16666666666666,1,-130846.0,test
20260805,2026-08-05 13:36:00+09:00,50.333333333333336,1,-130846.0,test
20260805,2026-08-05 13:39:00+09:00,48.5,1,-130846.0,test
20260805,2026-08-05 13:42:00+09:00,51.5,1,-130846.0,test
20260805,2026-08-05 13:45:00+09:00,61.16666666666666,0,0.0,test
20260805,2026-08-05 13:48:00+09:00,59.0,0,0.0,test
20260805,2026-08-05 13:51:00+09:00,57.5,0,0.0,test
20260805,2026-08-05 13:54:00+09:00,60.833333333333336,0,0.0,test
20260805,2026-08-05 13:57:00+09:00,60.66666666666666,0,0.0,test
20260805,2026-08-05 14:00:00+09:00,57.833333333333336,0,0.0,test
20260805,2026-08-05 14:03:00+09:00,45.66666666666666,0,0.0,test
20260805,2026-08-05 14:06:00+09:00,47.16666666666666,0,0.0,test
20260805,2026-08-05 14:09:00+09:00,43.66666666666666,0,0.0,test
20260805,2026-08-05 14:12:00+09:00,50.16666666666666,0,0.0,test
20260805,2026-08-05 14:15:00+09:00,48.16666666666666,0,0.0,test
20260805,2026-08-05 14:18:00+09:00,34.166666666666664,0,0.0,test
20260805,2026-08-05 14:21:00+09:00,34.166666666666664,0,0.0,test
20260805,2026-08-05 14:24:00+09:00,47.5,0,0.0,test
20260805,2026-08-05 14:27:00+09:00,44.16666666666666,0,0.0,test
20260805,2026-08-05 14:30:00+09:00,45.0,0,0.0,test
20260805,2026-08-05 14:33:00+09:00,48.833333333333336,0,0.0,test
20260805,2026-08-05 14:36:00+09:00,51.833333333333336,0,0.0,test
20260805,2026-08-05 14:39:00+09:00,57.833333333333336,0,0.0,test
20260805,2026-08-05 14:42:00+09:00,56.0,0,0.0,test
20260805,2026-08-05 14:45:00+09:00,46.333333333333336,0,0.0,test
20260805,2026-08-05 14:48:00+09:00,42.16666666666666,0,0.0,test
20260805,2026-08-05 14:51:00+09:00,42.5,0,0.0,test
20260805,2026-08-05 14:54:00+09:00,41.333333333333336,0,0.0,test
20260805,2026-08-05 14:57:00+09:00,45.333333333333336,0,0.0,test
20260806,2026-08-06 10:00:00+09:00,47.5,0,0.0,test
20260806,2026-08-06 10:03:00+09:00,48.833333333333336,0,0.0,test
20260806,2026-08-06 10:06:00+09:00,49.833333333333336,0,0.0,test
20260806,2026-08-06 10:09:00+09:00,54.5,0,0.0,test
20260806,2026-08-06 10:12:00+09:00,57.16666666666666,0,0.0,test
20260806,2026-08-06 10:15:00+09:00,55.5,0,0.0,test
20260806,2026-08-06 10:18:00+09:00,52.66666666666666,0,0.0,test
20260806,2026-08-06 10:21:00+09:00,40.5,0,0.0,test
20260806,2026-08-06 10:24:00+09:00,45.0,0,0.0,test
20260806,2026-08-06 10:27:00+09:00,46.333333333333336,0,0.0,test
20260806,2026-08-06 10:30:00+09:00,51.16666666666666,0,0.0,test
20260806,2026-08-06 10:33:00+09:00,51.0,0,0.0,test
20260806,2026-08-06 10:36:00+09:00,53.0,0,0.0,test
20260806,2026-08-06 10:39:00+09:00,53.833333333333336,0,0.0,test
20260806,2026-08-06 10:42:00+09:00,46.833333333333336,0,0.0,test
20260806,2026-08-06 10:45:00+09:00,49.16666666666666,0,0.0,test
20260806,2026-08-06 10:48:00+09:00,53.0,0,0.0,test
20260806,2026-08-06 10:51:00+09:00,57.833333333333336,0,0.0,test
20260806,2026-08-06 10:54:00+09:00,58.0,0,0.0,test
20260806,2026-08-06 10:57:00+09:00,56.66666666666666,0,0.0,test
20260806,2026-08-06 11:00:00+09:00,54.833333333333336,0,0.0,test
20260806,2026-08-06 11:03:00+09:00,45.66666666666666,0,0.0,test
20260806,2026-08-06 11:06:00+09:00,46.333333333333336,0,0.0,test
20260806,2026-08-06 11:09:00+09:00,44.16666666666666,0,0.0,test
20260806,2026-08-06 11:12:00+09:00,43.833333333333336,0,0.0,test
20260806,2026-08-06 11:15:00+09:00,41.5,0,0.0,test
20260806,2026-08-06 11:18:00+09:00,39.833333333333336,0,0.0,test
20260806,2026-08-06 11:21:00+09:00,41.16666666666666,0,0.0,test
20260806,2026-08-06 11:24:00+09:00,43.5,0,0.0,test
20260806,2026-08-06 11:27:00+09:00,46.0,0,0.0,test
20260806,2026-08-06 11:30:00+09:00,46.333333333333336,0,0.0,test
20260806,2026-08-06 11:33:00+09:00,49.16666666666666,0,0.0,test
20260806,2026-08-06 11:36:00+09:00,55.16666666666666,0,0.0,test
20260806,2026-08-06 11:39:00+09:00,60.66666666666666,1,15200.0,test
20260806,2026-08-06 11:42:00+09:00,55.333333333333336,1,15200.0,test
20260806,2026-08-06 11:45:00+09:00,53.66666666666666,1,15200.0,test
20260806,2026-08-06 11:48:00+09:00,54.5,1,15200.0,test
20260806,2026-08-06 11:51:00+09:00,55.333333333333336,1,15200.0,test
20260806,2026-08-06 11:54:00+09:00,53.5,1,15200.0,test
20260806,2026-08-06 11:57:00+09:00,52.66666666666666,1,15200.0,test
20260806,2026-08-06 12:00:00+09:00,53.16666666666666,1,15200.0,test
20260806,2026-08-06 12:03:00+09:00,48.333333333333336,1,15200.0,test
20260806,2026-08-06 12:06:00+09:00,41.833333333333336,1,15200.0,test
20260806,2026-08-06 12:09:00+09:00,39.0,0,0.0,test
20260806,2026-08-06 12:12:00+09:00,39.0,0,0.0,test
20260806,2026-08-06 12:15:00+09:00,37.5,0,0.0,test
20260806,2026-08-06 12:18:00+09:00,32.5,0,0.0,test
20260806,2026-08-06 12:21:00+09:00,30.0,0,0.0,test
20260806,2026-08-06 12:24:00+09:00,28.666666666666668,0,0.0,test
20260806,2026-08-06 12:27:00+09:00,30.166666666666668,0,0.0,test
20260806,2026-08-06 12:30:00+09:00,30.33333333333333,0,0.0,test
20260806,2026-08-06 12:33:00+09:00,27.33333333333333,0,0.0,test
20260806,2026-08-06 12:36:00+09:00,21.666666666666668,0,0.0,test
20260806,2026-08-06 12:39:00+09:00,34.666666666666664,0,0.0,test
20260806,2026-08-06 12:42:00+09:00,27.33333333333333,0,0.0,test
20260806,2026-08-06 12:45:00+09:00,31.83333333333333,0,0.0,test
20260806,2026-08-06 12:48:00+09:00,29.5,0,0.0,test
20260806,2026-08-06 12:51:00+09:00,33.166666666666664,0,0.0,test
20260806,2026-08-06 12:54:00+09:00,30.666666666666668,0,0.0,test
20260806,2026-08-06 12:57:00+09:00,32.333333333333336,0,0.0,test
20260806,2026-08-06 13:00:00+09:00,36.833333333333336,0,0.0,test
20260806,2026-08-06 13:03:00+09:00,39.833333333333336,0,0.0,test
20260806,2026-08-06 13:06:00+09:00,41.5,0,0.0,test
20260806,2026-08-06 13:09:00+09:00,41.833333333333336,0,0.0,test
20260806,2026-08-06 13:12:00+09:00,43.66666666666666,0,0.0,test
20260806,2026-08-06 13:15:00+09:00,42.333333333333336,0,0.0,test
20260806,2026-08-06 13:18:00+09:00,44.833333333333336,1,-148155.0,test
20260806,2026-08-06 13:21:00+09:00,36.333333333333336,1,-148155.0,test
20260806,2026-08-06 13:24:00+09:00,45.0,1,-148155.0,test
20260806,2026-08-06 13:27:00+09:00,42.833333333333336,1,-148155.0,test
20260806,2026-08-06 13:30:00+09:00,38.833333333333336,1,-148155.0,test
20260806,2026-08-06 13:33:00+09:00,41.333333333333336,1,-148155.0,test
20260806,2026-08-06 13:36:00+09:00,43.66666666666666,1,-148155.0,test
20260806,2026-08-06 13:39:00+09:00,47.833333333333336,1,-148155.0,test
20260806,2026-08-06 13:42:00+09:00,50.0,1,-148155.0,test
20260806,2026-08-06 13:45:00+09:00,57.833333333333336,1,-148155.0,test
20260806,2026-08-06 13:48:00+09:00,71.33333333333333,0,0.0,test
20260806,2026-08-06 13:51:00+09:00,73.16666666666667,0,0.0,test
20260806,2026-08-06 13:54:00+09:00,72.16666666666667,0,0.0,test
20260806,2026-08-06 13:57:00+09:00,76.5,0,0.0,test
20260806,2026-08-06 14:00:00+09:00,75.16666666666667,0,0.0,test
20260806,2026-08-06 14:03:00+09:00,77.66666666666667,0,0.0,test
20260806,2026-08-06 14:06:00+09:00,79.5,0,0.0,test
20260806,2026-08-06 14:09:00+09:00,75.16666666666667,0,0.0,test
20260806,2026-08-06 14:12:00+09:00,77.5,0,0.0,test
20260806,2026-08-06 14:15:00+09:00,75.33333333333333,0,0.0,test
20260806,2026-08-06 14:18:00+09:00,73.5,0,0.0,test
20260806,2026-08-06 14:21:00+09:00,71.0,0,0.0,test
20260806,2026-08-06 14:24:00+09:00,72.66666666666667,0,0.0,test
20260806,2026-08-06 14:27:00+09:00,59.833333333333336,0,0.0,test
20260806,2026-08-06 14:30:00+09:00,61.5,0,0.0,test
20260806,2026-08-06 14:33:00+09:00,54.833333333333336,0,0.0,test
20260806,2026-08-06 14:36:00+09:00,60.333333333333336,0,0.0,test
20260806,2026-08-06 14:39:00+09:00,57.16666666666666,0,0.0,test
20260806,2026-08-06 14:42:00+09:00,53.333333333333336,0,0.0,test
20260806,2026-08-06 14:45:00+09:00,52.833333333333336,0,0.0,test
20260806,2026-08-06 14:48:00+09:00,52.0,0,0.0,test
20260806,2026-08-06 14:51:00+09:00,55.833333333333336,0,0.0,test
20260806,2026-08-06 14:54:00+09:00,54.66666666666666,0,0.0,test
20260806,2026-08-06 14:57:00+09:00,61.16666666666666,0,0.0,test
20260807,2026-08-07 10:00:00+09:00,65.5,1,89141.0,test
20260807,2026-08-07 10:03:00+09:00,67.16666666666667,1,89141.0,test
20260807,2026-08-07 10:06:00+09:00,68.83333333333333,1,89141.0,test
20260807,2026-08-07 10:09:00+09:00,69.83333333333333,1,89141.0,test
20260807,2026-08-07 10:12:00+09:00,66.16666666666667,1,89141.0,test
20260807,2026-08-07 10:15:00+09:00,70.0,0,0.0,test
20260807,2026-08-07 10:18:00+09:00,78.66666666666667,0,0.0,test
20260807,2026-08-07 10:21:00+09:00,81.33333333333333,0,0.0,test
20260807,2026-08-07 10:24:00+09:00,81.16666666666667,0,0.0,test
20260807,2026-08-07 10:27:00+09:00,77.5,0,0.0,test
20260807,2026-08-07 10:30:00+09:00,78.5,0,0.0,test
20260807,2026-08-07 10:33:00+09:00,78.5,0,0.0,test
20260807,2026-08-07 10:36:00+09:00,75.33333333333333,0,0.0,test
20260807,2026-08-07 10:39:00+09:00,73.33333333333333,0,0.0,test
20260807,2026-08-07 10:42:00+09:00,75.0,0,0.0,test
20260807,2026-08-07 10:45:00+09:00,71.83333333333333,0,0.0,test
20260807,2026-08-07 10:48:00+09:00,61.0,0,0.0,test
20260807,2026-08-07 10:51:00+09:00,64.0,0,0.0,test
20260807,2026-08-07 10:54:00+09:00,65.0,0,0.0,test
20260807,2026-08-07 10:57:00+09:00,66.5,0,0.0,test
20260807,2026-08-07 11:00:00+09:00,66.16666666666667,0,0.0,test
20260807,2026-08-07 11:03:00+09:00,68.16666666666667,0,0.0,test
20260807,2026-08-07 11:06:00+09:00,65.0,0,0.0,test
20260807,2026-08-07 11:09:00+09:00,61.5,0,0.0,test
20260807,2026-08-07 11:12:00+09:00,59.333333333333336,0,0.0,test
20260807,2026-08-07 11:15:00+09:00,50.333333333333336,0,0.0,test
20260807,2026-08-07 11:18:00+09:00,52.0,0,0.0,test
20260807,2026-08-07 11:21:00+09:00,54.5,0,0.0,test
20260807,2026-08-07 11:24:00+09:00,50.0,0,0.0,test
20260807,2026-08-07 11:27:00+09:00,50.333333333333336,0,0.0,test
20260807,2026-08-07 11:30:00+09:00,49.5,0,0.0,test
20260807,2026-08-07 11:33:00+09:00,42.66666666666666,0,0.0,test
20260807,2026-08-07 11:36:00+09:00,44.833333333333336,0,0.0,test
20260807,2026-08-07 11:39:00+09:00,46.5,0,0.0,test
20260807,2026-08-07 11:42:00+09:00,46.0,0,0.0,test
20260807,2026-08-07 11:45:00+09:00,45.66666666666666,0,0.0,test
20260807,2026-08-07 11:48:00+09:00,49.0,0,0.0,test
20260807,2026-08-07 11:51:00+09:00,42.833333333333336,0,0.0,test
20260807,2026-08-07 11:54:00+09:00,41.0,0,0.0,test
20260807,2026-08-07 11:57:00+09:00,35.166666666666664,0,0.0,test
20260807,2026-08-07 12:00:00+09:00,36.66666666666666,0,0.0,test
20260807,2026-08-07 12:03:00+09:00,39.0,0,0.0,test
20260807,2026-08-07 12:06:00+09:00,38.0,0,0.0,test
20260807,2026-08-07 12:09:00+09:00,43.0,0,0.0,test
20260807,2026-08-07 12:12:00+09:00,43.5,0,0.0,test
20260807,2026-08-07 12:15:00+09:00,42.833333333333336,0,0.0,test
20260807,2026-08-07 12:18:00+09:00,36.16666666666666,0,0.0,test
20260807,2026-08-07 12:21:00+09:00,42.5,0,0.0,test
20260807,2026-08-07 12:24:00+09:00,43.333333333333336,0,0.0,test
20260807,2026-08-07 12:27:00+09:00,43.0,0,0.0,test
20260807,2026-08-07 12:30:00+09:00,46.833333333333336,0,0.0,test
20260807,2026-08-07 12:33:00+09:00,50.16666666666666,0,0.0,test
20260807,2026-08-07 12:36:00+09:00,50.0,0,0.0,test
20260807,2026-08-07 12:39:00+09:00,45.16666666666666,0,0.0,test
20260807,2026-08-07 12:42:00+09:00,39.833333333333336,0,0.0,test
20260807,2026-08-07 12:45:00+09:00,35.666666666666664,0,0.0,test
20260807,2026-08-07 12:48:00+09:00,30.166666666666668,0,0.0,test
20260807,2026-08-07 12:51:00+09:00,32.166666666666664,0,0.0,test
20260807,2026-08-07 12:54:00+09:00,34.333333333333336,0,0.0,test
20260807,2026-08-07 12:57:00+09:00,37.833333333333336,0,0.0,test
20260807,2026-08-07 13:00:00+09:00,39.333333333333336,0,0.0,test
20260807,2026-08-07 13:03:00+09:00,37.5,0,0.0,test
20260807,2026-08-07 13:06:00+09:00,33.166666666666664,0,0.0,test
20260807,2026-08-07 13:09:00+09:00,38.333333333333336,0,0.0,test
20260807,2026-08-07 13:12:00+09:00,41.333333333333336,0,0.0,test
20260807,2026-08-07 13:15:00+09:00,44.66666666666666,0,0.0,test
20260807,2026-08-07 13:18:00+09:00,47.5,0,0.0,test
20260807,2026-08-07 13:21:00+09:00,50.5,0,0.0,test
20260807,2026-08-07 13:24:00+09:00,63.0,0,0.0,test
20260807,2026-08-07 13:27:00+09:00,51.0,0,0.0,test
20260807,2026-08-07 13:30:00+09:00,49.333333333333336,0,0.0,test
20260807,2026-08-07 13:33:00+09:00,47.5,0,0.0,test
20260807,2026-08-07 13:36:00+09:00,50.5,0,0.0,test
20260807,2026-08-07 13:39:00+09:00,51.5,0,0.0,test
20260807,2026-08-07 13:42:00+09:00,50.5,0,0.0,test
20260807,2026-08-07 13:45:00+09:00,51.16666666666666,0,0.0,test
20260807,2026-08-07 13:48:00+09:00,46.0,0,0.0,test
20260807,2026-08-07 13:51:00+09:00,40.16666666666666,0,0.0,test
20260807,2026-08-07 13:54:00+09:00,59.66666666666666,0,0.0,test
20260807,2026-08-07 13:57:00+09:00,54.66666666666666,0,0.0,test
20260807,2026-08-07 14:00:00+09:00,54.16666666666666,0,0.0,test
20260807,2026-08-07 14:03:00+09:00,58.0,0,0.0,test
20260807,2026-08-07 14:06:00+09:00,56.833333333333336,0,0.0,test
20260807,2026-08-07 14:09:00+09:00,52.66666666666666,0,0.0,test
20260807,2026-08-07 14:12:00+09:00,59.16666666666666,0,0.0,test
20260807,2026-08-07 14:15:00+09:00,57.5,0,0.0,test
20260807,2026-08-07 14:18:00+09:00,62.66666666666666,0,0.0,test
20260807,2026-08-07 14:21:00+09:00,61.5,0,0.0,test
20260807,2026-08-07 14:24:00+09:00,56.16666666666666,0,0.0,test
20260807,2026-08-07 14:27:00+09:00,51.833333333333336,0,0.0,test
20260807,2026-08-07 14:30:00+09:00,55.833333333333336,0,0.0,test
20260807,2026-08-07 14:33:00+09:00,48.833333333333336,0,0.0,test
20260807,2026-08-07 14:36:00+09:00,48.16666666666666,0,0.0,test
20260807,2026-08-07 14:39:00+09:00,48.5,0,0.0,test
20260807,2026-08-07 14:42:00+09:00,51.16666666666666,0,0.0,test
20260807,2026-08-07 14:45:00+09:00,50.333333333333336,0,0.0,test
20260807,2026-08-07 14:48:00+09:00,50.333333333333336,0,0.0,test
20260807,2026-08-07 14:51:00+09:00,50.16666666666666,0,0.0,test
20260807,2026-08-07 14:54:00+09:00,50.0,0,0.0,test
20260807,2026-08-07 14:57:00+09:00,47.5,0,0.0,test
20260810,2026-08-10 10:00:00+09:00,52.5,0,0.0,test
20260810,2026-08-10 10:03:00+09:00,53.16666666666666,0,0.0,test
20260810,2026-08-10 10:06:00+09:00,49.0,0,0.0,test
20260810,2026-08-10 10:09:00+09:00,50.833333333333336,0,0.0,test
20260810,2026-08-10 10:12:00+09:00,49.833333333333336,0,0.0,test
20260810,2026-08-10 10:15:00+09:00,49.333333333333336,0,0.0,test
20260810,2026-08-10 10:18:00+09:00,50.833333333333336,0,0.0,test
20260810,2026-08-10 10:21:00+09:00,48.333333333333336,0,0.0,test
20260810,2026-08-10 10:24:00+09:00,43.66666666666666,1,-190593.0,test
20260810,2026-08-10 10:27:00+09:00,37.0,1,-190593.0,test
20260810,2026-08-10 10:30:00+09:00,40.833333333333336,1,-190593.0,test
20260810,2026-08-10 10:33:00+09:00,47.66666666666666,1,-190593.0,test
20260810,2026-08-10 10:36:00+09:00,49.66666666666666,1,-190593.0,test
20260810,2026-08-10 10:39:00+09:00,48.5,2,-107266.0,test
20260810,2026-08-10 10:42:00+09:00,55.16666666666666,2,-107266.0,test
20260810,2026-08-10 10:45:00+09:00,57.66666666666666,2,-107266.0,test
20260810,2026-08-10 10:48:00+09:00,59.0,2,-107266.0,test
20260810,2026-08-10 10:51:00+09:00,56.0,2,-107266.0,test
20260810,2026-08-10 10:54:00+09:00,64.33333333333333,1,83327.0,test
20260810,2026-08-10 10:57:00+09:00,65.83333333333333,1,83327.0,test
20260810,2026-08-10 11:00:00+09:00,65.66666666666667,1,83327.0,test
20260810,2026-08-10 11:03:00+09:00,61.0,1,83327.0,test
20260810,2026-08-10 11:06:00+09:00,52.833333333333336,1,83327.0,test
20260810,2026-08-10 11:09:00+09:00,62.333333333333336,0,0.0,test
20260810,2026-08-10 11:12:00+09:00,57.333333333333336,0,0.0,test
20260810,2026-08-10 11:15:00+09:00,59.16666666666666,0,0.0,test
20260810,2026-08-10 11:18:00+09:00,60.66666666666666,0,0.0,test
20260810,2026-08-10 11:21:00+09:00,56.66666666666666,0,0.0,test
20260810,2026-08-10 11:24:00+09:00,55.5,0,0.0,test
20260810,2026-08-10 11:27:00+09:00,54.0,0,0.0,test
20260810,2026-08-10 11:30:00+09:00,52.5,0,0.0,test
20260810,2026-08-10 11:33:00+09:00,53.16666666666666,0,0.0,test
20260810,2026-08-10 11:36:00+09:00,59.0,0,0.0,test
20260810,2026-08-10 11:39:00+09:00,67.33333333333333,0,0.0,test
20260810,2026-08-10 11:42:00+09:00,63.16666666666666,0,0.0,test
20260810,2026-08-10 11:45:00+09:00,52.0,0,0.0,test
20260810,2026-08-10 11:48:00+09:00,54.333333333333336,0,0.0,test
20260810,2026-08-10 11:51:00+09:00,58.0,0,0.0,test
20260810,2026-08-10 11:54:00+09:00,59.16666666666666,0,0.0,test
20260810,2026-08-10 11:57:00+09:00,60.333333333333336,0,0.0,test
20260810,2026-08-10 12:00:00+09:00,66.0,1,301707.0,test
20260810,2026-08-10 12:03:00+09:00,62.5,1,301707.0,test
20260810,2026-08-10 12:06:00+09:00,61.16666666666666,1,301707.0,test
20260810,2026-08-10 12:09:00+09:00,34.333333333333336,1,301707.0,test
20260810,2026-08-10 12:12:00+09:00,33.0,1,301707.0,test
20260810,2026-08-10 12:15:00+09:00,31.0,1,301707.0,test
20260810,2026-08-10 12:18:00+09:00,28.0,1,301707.0,test
20260810,2026-08-10 12:21:00+09:00,30.5,1,301707.0,test
20260810,2026-08-10 12:24:00+09:00,29.166666666666668,1,301707.0,test
20260810,2026-08-10 12:27:00+09:00,27.5,1,301707.0,test
20260810,2026-08-10 12:30:00+09:00,36.333333333333336,0,0.0,test
20260810,2026-08-10 12:33:00+09:00,36.16666666666666,0,0.0,test
20260810,2026-08-10 12:36:00+09:00,44.333333333333336,0,0.0,test
20260810,2026-08-10 12:39:00+09:00,50.16666666666666,0,0.0,test
20260810,2026-08-10 12:42:00+09:00,49.66666666666666,0,0.0,test
20260810,2026-08-10 12:45:00+09:00,51.833333333333336,0,0.0,test
20260810,2026-08-10 12:48:00+09:00,49.5,0,0.0,test
20260810,2026-08-10 12:51:00+09:00,50.5,0,0.0,test
20260810,2026-08-10 12:54:00+09:00,49.66666666666666,0,0.0,test
20260810,2026-08-10 12:57:00+09:00,49.16666666666666,0,0.0,test
20260810,2026-08-10 13:00:00+09:00,54.0,0,0.0,test
20260810,2026-08-10 13:03:00+09:00,49.333333333333336,0,0.0,test
20260810,2026-08-10 13:06:00+09:00,45.0,0,0.0,test
20260810,2026-08-10 13:09:00+09:00,47.66666666666666,0,0.0,test
20260810,2026-08-10 13:12:00+09:00,47.833333333333336,0,0.0,test
20260810,2026-08-10 13:15:00+09:00,51.833333333333336,0,0.0,test
20260810,2026-08-10 13:18:00+09:00,51.66666666666666,0,0.0,test
20260810,2026-08-10 13:21:00+09:00,53.5,0,0.0,test
20260810,2026-08-10 13:24:00+09:00,56.333333333333336,0,0.0,test
20260810,2026-08-10 13:27:00+09:00,55.16666666666666,0,0.0,test
20260810,2026-08-10 13:30:00+09:00,53.16666666666666,0,0.0,test
20260810,2026-08-10 13:33:00+09:00,54.0,0,0.0,test
20260810,2026-08-10 13:36:00+09:00,57.5,0,0.0,test
20260810,2026-08-10 13:39:00+09:00,59.16666666666666,0,0.0,test
20260810,2026-08-10 13:42:00+09:00,65.66666666666667,0,0.0,test
20260810,2026-08-10 13:45:00+09:00,67.66666666666667,0,0.0,test
20260810,2026-08-10 13:48:00+09:00,65.0,0,0.0,test
20260810,2026-08-10 13:51:00+09:00,43.333333333333336,0,0.0,test
20260810,2026-08-10 13:54:00+09:00,44.66666666666666,0,0.0,test
20260810,2026-08-10 13:57:00+09:00,47.66666666666666,0,0.0,test
20260810,2026-08-10 14:00:00+09:00,49.0,0,0.0,test
20260810,2026-08-10 14:03:00+09:00,56.5,0,0.0,test
20260810,2026-08-10 14:06:00+09:00,59.0,0,0.0,test
20260810,2026-08-10 14:09:00+09:00,57.333333333333336,0,0.0,test
20260810,2026-08-10 14:12:00+09:00,70.0,0,0.0,test
20260810,2026-08-10 14:15:00+09:00,53.16666666666666,0,0.0,test
20260810,2026-08-10 14:18:00+09:00,52.5,0,0.0,test
20260810,2026-08-10 14:21:00+09:00,56.5,0,0.0,test
20260810,2026-08-10 14:24:00+09:00,51.0,0,0.0,test
20260810,2026-08-10 14:27:00+09:00,49.333333333333336,0,0.0,test
20260810,2026-08-10 14:30:00+09:00,42.333333333333336,0,0.0,test
20260810,2026-08-10 14:33:00+09:00,36.16666666666666,0,0.0,test
20260810,2026-08-10 14:36:00+09:00,29.83333333333333,0,0.0,test
20260810,2026-08-10 14:39:00+09:00,30.0,0,0.0,test
20260810,2026-08-10 14:42:00+09:00,47.5,0,0.0,test
20260810,2026-08-10 14:45:00+09:00,46.16666666666666,0,0.0,test
20260810,2026-08-10 14:48:00+09:00,48.833333333333336,0,0.0,test
20260810,2026-08-10 14:51:00+09:00,48.5,0,0.0,test
20260810,2026-08-10 14:54:00+09:00,47.16666666666666,0,0.0,test
20260810,2026-08-10 14:57:00+09:00,43.0,0,0.0,test
20260811,2026-08-11 10:00:00+09:00,57.833333333333336,0,0.0,test
20260811,2026-08-11 10:03:00+09:00,54.5,0,0.0,test
20260811,2026-08-11 10:06:00+09:00,42.66666666666666,0,0.0,test
20260811,2026-08-11 10:09:00+09:00,44.833333333333336,0,0.0,test
20260811,2026-08-11 10:12:00+09:00,45.833333333333336,0,0.0,test
20260811,2026-08-11 10:15:00+09:00,57.333333333333336,0,0.0,test
20260811,2026-08-11 10:18:00+09:00,61.0,0,0.0,test
20260811,2026-08-11 10:21:00+09:00,60.0,0,0.0,test
20260811,2026-08-11 10:24:00+09:00,64.5,0,0.0,test
20260811,2026-08-11 10:27:00+09:00,69.33333333333333,0,0.0,test
20260811,2026-08-11 10:30:00+09:00,68.83333333333333,0,0.0,test
20260811,2026-08-11 10:33:00+09:00,69.66666666666667,0,0.0,test
20260811,2026-08-11 10:36:00+09:00,70.66666666666667,0,0.0,test
20260811,2026-08-11 10:39:00+09:00,71.5,0,0.0,test
20260811,2026-08-11 10:42:00+09:00,67.83333333333333,0,0.0,test
20260811,2026-08-11 10:45:00+09:00,65.5,0,0.0,test
20260811,2026-08-11 10:48:00+09:00,55.66666666666666,0,0.0,test
20260811,2026-08-11 10:51:00+09:00,53.66666666666666,0,0.0,test
20260811,2026-08-11 10:54:00+09:00,54.333333333333336,0,0.0,test
20260811,2026-08-11 10:57:00+09:00,53.0,0,0.0,test
20260811,2026-08-11 11:00:00+09:00,52.0,0,0.0,test
20260811,2026-08-11 11:03:00+09:00,50.66666666666666,0,0.0,test
20260811,2026-08-11 11:06:00+09:00,45.833333333333336,0,0.0,test
20260811,2026-08-11 11:09:00+09:00,46.5,0,0.0,test
20260811,2026-08-11 11:12:00+09:00,47.5,0,0.0,test
20260811,2026-08-11 11:15:00+09:00,45.66666666666666,0,0.0,test
20260811,2026-08-11 11:18:00+09:00,38.16666666666666,0,0.0,test
20260811,2026-08-11 11:21:00+09:00,36.833333333333336,1,187668.0,test
20260811,2026-08-11 11:24:00+09:00,43.833333333333336,1,187668.0,test
20260811,2026-08-11 11:27:00+09:00,42.833333333333336,1,187668.0,test
20260811,2026-08-11 11:30:00+09:00,42.0,1,187668.0,test
20260811,2026-08-11 11:33:00+09:00,38.66666666666666,1,187668.0,test
20260811,2026-08-11 11:36:00+09:00,41.333333333333336,1,187668.0,test
20260811,2026-08-11 11:39:00+09:00,38.66666666666666,1,187668.0,test
20260811,2026-08-11 11:42:00+09:00,37.333333333333336,1,187668.0,test
20260811,2026-08-11 11:45:00+09:00,37.16666666666666,1,187668.0,test
20260811,2026-08-11 11:48:00+09:00,41.0,1,187668.0,test
20260811,2026-08-11 11:51:00+09:00,55.5,0,0.0,test
20260811,2026-08-11 11:54:00+09:00,50.5,0,0.0,test
20260811,2026-08-11 11:57:00+09:00,51.5,0,0.0,test
20260811,2026-08-11 12:00:00+09:00,52.66666666666666,0,0.0,test
20260811,2026-08-11 12:03:00+09:00,49.833333333333336,0,0.0,test
20260811,2026-08-11 12:06:00+09:00,62.833333333333336,0,0.0,test
20260811,2026-08-11 12:09:00+09:00,63.833333333333336,0,0.0,test
20260811,2026-08-11 12:12:00+09:00,68.16666666666667,0,0.0,test
20260811,2026-08-11 12:15:00+09:00,62.16666666666666,0,0.0,test
20260811,2026-08-11 12:18:00+09:00,64.33333333333333,0,0.0,test
20260811,2026-08-11 12:21:00+09:00,45.333333333333336,0,0.0,test
20260811,2026-08-11 12:24:00+09:00,55.66666666666666,0,0.0,test
20260811,2026-08-11 12:27:00+09:00,61.5,0,0.0,test
20260811,2026-08-11 12:30:00+09:00,61.16666666666666,0,0.0,test
20260811,2026-08-11 12:33:00+09:00,64.5,0,0.0,test
20260811,2026-08-11 12:36:00+09:00,61.833333333333336,0,0.0,test
20260811,2026-08-11 12:39:00+09:00,60.5,0,0.0,test
20260811,2026-08-11 12:42:00+09:00,57.66666666666666,0,0.0,test
20260811,2026-08-11 12:45:00+09:00,69.5,0,0.0,test
20260811,2026-08-11 12:48:00+09:00,66.0,0,0.0,test
20260811,2026-08-11 12:51:00+09:00,63.16666666666666,0,0.0,test
20260811,2026-08-11 12:54:00+09:00,47.0,0,0.0,test
20260811,2026-08-11 12:57:00+09:00,56.66666666666666,0,0.0,test
20260811,2026-08-11 13:00:00+09:00,57.66666666666666,0,0.0,test
20260811,2026-08-11 13:03:00+09:00,53.66666666666666,0,0.0,test
20260811,2026-08-11 13:06:00+09:00,51.833333333333336,0,0.0,test
20260811,2026-08-11 13:09:00+09:00,48.66666666666666,0,0.0,test
20260811,2026-08-11 13:12:00+09:00,53.66666666666666,0,0.0,test
20260811,2026-08-11 13:15:00+09:00,50.833333333333336,0,0.0,test
20260811,2026-08-11 13:18:00+09:00,50.66666666666666,0,0.0,test
20260811,2026-08-11 13:21:00+09:00,52.5,0,0.0,test
20260811,2026-08-11 13:24:00+09:00,51.833333333333336,0,0.0,test
20260811,2026-08-11 13:27:00+09:00,37.0,0,0.0,test
20260811,2026-08-11 13:30:00+09:00,45.5,0,0.0,test
20260811,2026-08-11 13:33:00+09:00,51.833333333333336,0,0.0,test
20260811,2026-08-11 13:36:00+09:00,64.83333333333333,0,0.0,test
20260811,2026-08-11 13:39:00+09:00,67.83333333333333,0,0.0,test
20260811,2026-08-11 13:42:00+09:00,71.16666666666667,0,0.0,test
20260811,2026-08-11 13:45:00+09:00,72.83333333333333,0,0.0,test
20260811,2026-08-11 13:48:00+09:00,70.33333333333333,0,0.0,test
20260811,2026-08-11 13:51:00+09:00,70.16666666666667,0,0.0,test
20260811,2026-08-11 13:54:00+09:00,69.66666666666667,0,0.0,test
20260811,2026-08-11 13:57:00+09:00,52.66666666666666,0,0.0,test
20260811,2026-08-11 14:00:00+09:00,54.16666666666666,0,0.0,test
20260811,2026-08-11 14:03:00+09:00,58.16666666666666,0,0.0,test
20260811,2026-08-11 14:06:00+09:00,62.16666666666666,0,0.0,test
20260811,2026-08-11 14:09:00+09:00,63.5,0,0.0,test
20260811,2026-08-11 14:12:00+09:00,69.0,0,0.0,test
20260811,2026-08-11 14:15:00+09:00,70.5,0,0.0,test
20260811,2026-08-11 14:18:00+09:00,69.66666666666667,0,0.0,test
20260811,2026-08-11 14:21:00+09:00,61.66666666666666,0,0.0,test
20260811,2026-08-11 14:24:00+09:00,67.83333333333333,0,0.0,test
20260811,2026-08-11 14:27:00+09:00,71.66666666666667,0,0.0,test
20260811,2026-08-11 14:30:00+09:00,65.16666666666667,0,0.0,test
20260811,2026-08-11 14:33:00+09:00,66.16666666666667,0,0.0,test
20260811,2026-08-11 14:36:00+09:00,66.5,0,0.0,test
20260811,2026-08-11 14:39:00+09:00,66.66666666666667,0,0.0,test
20260811,2026-08-11 14:42:00+09:00,60.16666666666666,0,0.0,test
20260811,2026-08-11 14:45:00+09:00,56.0,0,0.0,test
20260811,2026-08-11 14:48:00+09:00,50.0,0,0.0,test
20260811,2026-08-11 14:51:00+09:00,48.333333333333336,0,0.0,test
20260811,2026-08-11 14:54:00+09:00,35.5,0,0.0,test
20260811,2026-08-11 14:57:00+09:00,35.166666666666664,0,0.0,test
20260812,2026-08-12 10:00:00+09:00,43.833333333333336,0,0.0,test
20260812,2026-08-12 10:03:00+09:00,38.833333333333336,0,0.0,test
20260812,2026-08-12 10:06:00+09:00,39.16666666666666,0,0.0,test
20260812,2026-08-12 10:09:00+09:00,32.833333333333336,0,0.0,test
20260812,2026-08-12 10:12:00+09:00,33.833333333333336,0,0.0,test
20260812,2026-08-12 10:15:00+09:00,34.166666666666664,0,0.0,test
20260812,2026-08-12 10:18:00+09:00,43.5,0,0.0,test
20260812,2026-08-12 10:21:00+09:00,38.66666666666666,0,0.0,test
20260812,2026-08-12 10:24:00+09:00,54.66666666666666,0,0.0,test
20260812,2026-08-12 10:27:00+09:00,56.833333333333336,0,0.0,test
20260812,2026-08-12 10:30:00+09:00,61.66666666666666,0,0.0,test
20260812,2026-08-12 10:33:00+09:00,64.16666666666667,0,0.0,test
20260812,2026-08-12 10:36:00+09:00,53.833333333333336,0,0.0,test
20260812,2026-08-12 10:39:00+09:00,55.333333333333336,0,0.0,test
20260812,2026-08-12 10:42:00+09:00,61.833333333333336,0,0.0,test
20260812,2026-08-12 10:45:00+09:00,69.5,0,0.0,test
20260812,2026-08-12 10:48:00+09:00,73.5,0,0.0,test
20260812,2026-08-12 10:51:00+09:00,72.66666666666667,0,0.0,test
20260812,2026-08-12 10:54:00+09:00,70.83333333333333,0,0.0,test
20260812,2026-08-12 10:57:00+09:00,60.16666666666666,0,0.0,test
20260812,2026-08-12 11:00:00+09:00,53.0,0,0.0,test
20260812,2026-08-12 11:03:00+09:00,58.5,0,0.0,test
20260812,2026-08-12 11:06:00+09:00,58.833333333333336,0,0.0,test
20260812,2026-08-12 11:09:00+09:00,63.16666666666666,0,0.0,test
20260812,2026-08-12 11:12:00+09:00,54.16666666666666,0,0.0,test
20260812,2026-08-12 11:15:00+09:00,54.66666666666666,0,0.0,test
20260812,2026-08-12 11:18:00+09:00,52.5,0,0.0,test
20260812,2026-08-12 11:21:00+09:00,47.5,0,0.0,test
20260812,2026-08-12 11:24:00+09:00,44.833333333333336,0,0.0,test
20260812,2026-08-12 11:27:00+09:00,52.5,0,0.0,test
20260812,2026-08-12 11:30:00+09:00,48.833333333333336,0,0.0,test
20260812,2026-08-12 11:33:00+09:00,50.833333333333336,0,0.0,test
20260812,2026-08-12 11:36:00+09:00,51.833333333333336,0,0.0,test
20260812,2026-08-12 11:39:00+09:00,48.5,0,0.0,test
20260812,2026-08-12 11:42:00+09:00,47.66666666666666,0,0.0,test
20260812,2026-08-12 11:45:00+09:00,53.333333333333336,0,0.0,test
20260812,2026-08-12 11:48:00+09:00,54.0,0,0.0,test
20260812,2026-08-12 11:51:00+09:00,53.0,0,0.0,test
20260812,2026-08-12 11:54:00+09:00,54.333333333333336,0,0.0,test
20260812,2026-08-12 11:57:00+09:00,38.5,0,0.0,test
20260812,2026-08-12 12:00:00+09:00,37.0,0,0.0,test
20260812,2026-08-12 12:03:00+09:00,40.5,0,0.0,test
20260812,2026-08-12 12:06:00+09:00,41.333333333333336,0,0.0,test
20260812,2026-08-12 12:09:00+09:00,45.333333333333336,0,0.0,test
20260812,2026-08-12 12:12:00+09:00,44.5,0,0.0,test
20260812,2026-08-12 12:15:00+09:00,46.833333333333336,0,0.0,test
20260812,2026-08-12 12:18:00+09:00,46.5,0,0.0,test
20260812,2026-08-12 12:21:00+09:00,42.333333333333336,0,0.0,test
20260812,2026-08-12 12:24:00+09:00,41.333333333333336,0,0.0,test
20260812,2026-08-12 12:27:00+09:00,55.0,0,0.0,test
20260812,2026-08-12 12:30:00+09:00,56.5,0,0.0,test
20260812,2026-08-12 12:33:00+09:00,46.5,0,0.0,test
20260812,2026-08-12 12:36:00+09:00,45.333333333333336,0,0.0,test
20260812,2026-08-12 12:39:00+09:00,45.66666666666666,0,0.0,test
20260812,2026-08-12 12:42:00+09:00,43.16666666666666,0,0.0,test
20260812,2026-08-12 12:45:00+09:00,35.166666666666664,0,0.0,test
20260812,2026-08-12 12:48:00+09:00,34.666666666666664,0,0.0,test
20260812,2026-08-12 12:51:00+09:00,41.333333333333336,0,0.0,test
20260812,2026-08-12 12:54:00+09:00,35.333333333333336,0,0.0,test
20260812,2026-08-12 12:57:00+09:00,35.333333333333336,0,0.0,test
20260812,2026-08-12 13:00:00+09:00,34.666666666666664,0,0.0,test
20260812,2026-08-12 13:03:00+09:00,30.166666666666668,0,0.0,test
20260812,2026-08-12 13:06:00+09:00,34.166666666666664,0,0.0,test
20260812,2026-08-12 13:09:00+09:00,31.83333333333333,0,0.0,test
20260812,2026-08-12 13:12:00+09:00,32.0,0,0.0,test
20260812,2026-08-12 13:15:00+09:00,32.0,0,0.0,test
20260812,2026-08-12 13:18:00+09:00,30.83333333333333,0,0.0,test
20260812,2026-08-12 13:21:00+09:00,30.166666666666668,0,0.0,test
20260812,2026-08-12 13:24:00+09:00,33.0,0,0.0,test
20260812,2026-08-12 13:27:00+09:00,34.0,0,0.0,test
20260812,2026-08-12 13:30:00+09:00,36.16666666666666,0,0.0,test
20260812,2026-08-12 13:33:00+09:00,42.333333333333336,0,0.0,test
20260812,2026-08-12 13:36:00+09:00,39.0,0,0.0,test
20260812,2026-08-12 13:39:00+09:00,40.5,0,0.0,test
20260812,2026-08-12 13:42:00+09:00,43.5,0,0.0,test
20260812,2026-08-12 13:45:00+09:00,46.16666666666666,0,0.0,test
20260812,2026-08-12 13:48:00+09:00,49.66666666666666,0,0.0,test
20260812,2026-08-12 13:51:00+09:00,46.833333333333336,0,0.0,test
20260812,2026-08-12 13:54:00+09:00,44.66666666666666,0,0.0,test
20260812,2026-08-12 13:57:00+09:00,41.16666666666666,0,0.0,test
20260812,2026-08-12 14:00:00+09:00,38.333333333333336,0,0.0,test
20260812,2026-08-12 14:03:00+09:00,38.333333333333336,0,0.0,test
20260812,2026-08-12 14:06:00+09:00,39.66666666666666,0,0.0,test
20260812,2026-08-12 14:09:00+09:00,39.833333333333336,0,0.0,test
20260812,2026-08-12 14:12:00+09:00,40.5,0,0.0,test
20260812,2026-08-12 14:15:00+09:00,43.833333333333336,0,0.0,test
20260812,2026-08-12 14:18:00+09:00,36.66666666666666,0,0.0,test
20260812,2026-08-12 14:21:00+09:00,35.0,0,0.0,test
20260812,2026-08-12 14:24:00+09:00,41.66666666666666,0,0.0,test
20260812,2026-08-12 14:27:00+09:00,43.16666666666666,0,0.0,test
20260812,2026-08-12 14:30:00+09:00,50.66666666666666,0,0.0,test
20260812,2026-08-12 14:33:00+09:00,49.5,0,0.0,test
20260812,2026-08-12 14:36:00+09:00,47.333333333333336,0,0.0,test
20260812,2026-08-12 14:39:00+09:00,45.5,0,0.0,test
20260812,2026-08-12 14:42:00+09:00,49.333333333333336,0,0.0,test
20260812,2026-08-12 14:45:00+09:00,47.16666666666666,0,0.0,test
20260812,2026-08-12 14:48:00+09:00,47.833333333333336,0,0.0,test
20260812,2026-08-12 14:51:00+09:00,48.16666666666666,0,0.0,test
20260812,2026-08-12 14:54:00+09:00,41.16666666666666,0,0.0,test
20260812,2026-08-12 14:57:00+09:00,38.5,0,0.0,test
20260813,2026-08-13 10:00:00+09:00,46.833333333333336,0,0.0,test
20260813,2026-08-13 10:03:00+09:00,41.833333333333336,0,0.0,test
20260813,2026-08-13 10:06:00+09:00,43.333333333333336,0,0.0,test
20260813,2026-08-13 10:09:00+09:00,47.5,0,0.0,test
20260813,2026-08-13 10:12:00+09:00,51.16666666666666,0,0.0,test
20260813,2026-08-13 10:15:00+09:00,45.333333333333336,0,0.0,test
20260813,2026-08-13 10:18:00+09:00,31.5,0,0.0,test
20260813,2026-08-13 10:21:00+09:00,35.166666666666664,0,0.0,test
20260813,2026-08-13 10:24:00+09:00,37.66666666666666,0,0.0,test
20260813,2026-08-13 10:27:00+09:00,43.16666666666666,0,0.0,test
20260813,2026-08-13 10:30:00+09:00,42.333333333333336,0,0.0,test
20260813,2026-08-13 10:33:00+09:00,50.5,0,0.0,test
20260813,2026-08-13 10:36:00+09:00,47.5,0,0.0,test
20260813,2026-08-13 10:39:00+09:00,41.833333333333336,0,0.0,test
20260813,2026-08-13 10:42:00+09:00,38.5,0,0.0,test
20260813,2026-08-13 10:45:00+09:00,41.5,0,0.0,test
20260813,2026-08-13 10:48:00+09:00,50.16666666666666,0,0.0,test
20260813,2026-08-13 10:51:00+09:00,38.333333333333336,0,0.0,test
20260813,2026-08-13 10:54:00+09:00,40.5,0,0.0,test
20260813,2026-08-13 10:57:00+09:00,33.666666666666664,0,0.0,test
20260813,2026-08-13 11:00:00+09:00,30.5,0,0.0,test
20260813,2026-08-13 11:03:00+09:00,30.166666666666668,0,0.0,test
20260813,2026-08-13 11:06:00+09:00,29.666666666666668,0,0.0,test
20260813,2026-08-13 11:09:00+09:00,29.83333333333333,0,0.0,test
20260813,2026-08-13 11:12:00+09:00,32.833333333333336,0,0.0,test
20260813,2026-08-13 11:15:00+09:00,35.333333333333336,0,0.0,test
20260813,2026-08-13 11:18:00+09:00,32.166666666666664,0,0.0,test
20260813,2026-08-13 11:21:00+09:00,32.666666666666664,0,0.0,test
20260813,2026-08-13 11:24:00+09:00,32.833333333333336,0,0.0,test
20260813,2026-08-13 11:27:00+09:00,35.666666666666664,0,0.0,test
20260813,2026-08-13 11:30:00+09:00,42.5,1,47736.0,test
20260813,2026-08-13 11:33:00+09:00,42.333333333333336,1,47736.0,test
20260813,2026-08-13 11:36:00+09:00,48.5,1,47736.0,test
20260813,2026-08-13 11:39:00+09:00,49.0,1,47736.0,test
20260813,2026-08-13 11:42:00+09:00,49.66666666666666,1,47736.0,test
20260813,2026-08-13 11:45:00+09:00,45.16666666666666,1,47736.0,test
20260813,2026-08-13 11:48:00+09:00,49.5,1,47736.0,test
20260813,2026-08-13 11:51:00+09:00,49.16666666666666,1,47736.0,test
20260813,2026-08-13 11:54:00+09:00,48.16666666666666,1,47736.0,test
20260813,2026-08-13 11:57:00+09:00,50.833333333333336,1,47736.0,test
20260813,2026-08-13 12:00:00+09:00,42.833333333333336,0,0.0,test
20260813,2026-08-13 12:03:00+09:00,40.66666666666666,0,0.0,test
20260813,2026-08-13 12:06:00+09:00,32.5,0,0.0,test
20260813,2026-08-13 12:09:00+09:00,35.666666666666664,0,0.0,test
20260813,2026-08-13 12:12:00+09:00,30.666666666666668,0,0.0,test
20260813,2026-08-13 12:15:00+09:00,26.33333333333333,0,0.0,test
20260813,2026-08-13 12:18:00+09:00,22.166666666666668,0,0.0,test
20260813,2026-08-13 12:21:00+09:00,20.5,0,0.0,test
20260813,2026-08-13 12:24:00+09:00,22.83333333333333,0,0.0,test
20260813,2026-08-13 12:27:00+09:00,29.666666666666668,0,0.0,test
20260813,2026-08-13 12:30:00+09:00,30.666666666666668,0,0.0,test
20260813,2026-08-13 12:33:00+09:00,32.666666666666664,0,0.0,test
20260813,2026-08-13 12:36:00+09:00,46.66666666666666,0,0.0,test
20260813,2026-08-13 12:39:00+09:00,46.5,0,0.0,test
20260813,2026-08-13 12:42:00+09:00,47.5,0,0.0,test
20260813,2026-08-13 12:45:00+09:00,48.5,0,0.0,test
20260813,2026-08-13 12:48:00+09:00,56.66666666666666,0,0.0,test
20260813,2026-08-13 12:51:00+09:00,59.5,0,0.0,test
20260813,2026-08-13 12:54:00+09:00,60.333333333333336,0,0.0,test
20260813,2026-08-13 12:57:00+09:00,61.16666666666666,0,0.0,test
20260813,2026-08-13 13:00:00+09:00,55.16666666666666,0,0.0,test
20260813,2026-08-13 13:03:00+09:00,49.333333333333336,0,0.0,test
20260813,2026-08-13 13:06:00+09:00,50.833333333333336,0,0.0,test
20260813,2026-08-13 13:09:00+09:00,51.833333333333336,0,0.0,test
20260813,2026-08-13 13:12:00+09:00,54.5,0,0.0,test
20260813,2026-08-13 13:15:00+09:00,55.5,0,0.0,test
20260813,2026-08-13 13:18:00+09:00,55.0,0,0.0,test
20260813,2026-08-13 13:21:00+09:00,57.0,0,0.0,test
20260813,2026-08-13 13:24:00+09:00,65.33333333333333,0,0.0,test
20260813,2026-08-13 13:27:00+09:00,64.0,0,0.0,test
20260813,2026-08-13 13:30:00+09:00,63.833333333333336,0,0.0,test
20260813,2026-08-13 13:33:00+09:00,64.66666666666667,0,0.0,test
20260813,2026-08-13 13:36:00+09:00,62.333333333333336,0,0.0,test
20260813,2026-08-13 13:39:00+09:00,59.16666666666666,0,0.0,test
20260813,2026-08-13 13:42:00+09:00,56.5,0,0.0,test
20260813,2026-08-13 13:45:00+09:00,44.5,0,0.0,test
20260813,2026-08-13 13:48:00+09:00,50.833333333333336,0,0.0,test
20260813,2026-08-13 13:51:00+09:00,41.333333333333336,0,0.0,test
20260813,2026-08-13 13:54:00+09:00,21.5,1,294910.0,test
20260813,2026-08-13 13:57:00+09:00,20.0,1,294910.0,test
20260813,2026-08-13 14:00:00+09:00,24.5,1,294910.0,test
20260813,2026-08-13 14:03:00+09:00,44.833333333333336,1,294910.0,test
20260813,2026-08-13 14:06:00+09:00,42.0,1,294910.0,test
20260813,2026-08-13 14:09:00+09:00,38.833333333333336,1,294910.0,test
20260813,2026-08-13 14:12:00+09:00,41.66666666666666,1,294910.0,test
20260813,2026-08-13 14:15:00+09:00,46.5,1,294910.0,test
20260813,2026-08-13 14:18:00+09:00,48.0,1,294910.0,test
20260813,2026-08-13 14:21:00+09:00,46.66666666666666,1,294910.0,test
20260813,2026-08-13 14:24:00+09:00,54.16666666666666,0,0.0,test
20260813,2026-08-13 14:27:00+09:00,54.833333333333336,0,0.0,test
20260813,2026-08-13 14:30:00+09:00,51.66666666666666,0,0.0,test
20260813,2026-08-13 14:33:00+09:00,52.16666666666666,0,0.0,test
20260813,2026-08-13 14:36:00+09:00,54.333333333333336,0,0.0,test
20260813,2026-08-13 14:39:00+09:00,60.16666666666666,0,0.0,test
20260813,2026-08-13 14:42:00+09:00,63.5,0,0.0,test
20260813,2026-08-13 14:45:00+09:00,56.333333333333336,0,0.0,test
20260813,2026-08-13 14:48:00+09:00,55.66666666666666,0,0.0,test
20260813,2026-08-13 14:51:00+09:00,63.16666666666666,0,0.0,test
20260813,2026-08-13 14:54:00+09:00,65.33333333333333,0,0.0,test
20260813,2026-08-13 14:57:00+09:00,65.0,0,0.0,test
20260814,2026-08-14 10:00:00+09:00,47.16666666666666,0,0.0,test
20260814,2026-08-14 10:03:00+09:00,52.0,0,0.0,test
20260814,2026-08-14 10:06:00+09:00,56.66666666666666,0,0.0,test
20260814,2026-08-14 10:09:00+09:00,55.5,0,0.0,test
20260814,2026-08-14 10:12:00+09:00,56.5,0,0.0,test
20260814,2026-08-14 10:15:00+09:00,57.0,0,0.0,test
20260814,2026-08-14 10:18:00+09:00,49.0,0,0.0,test
20260814,2026-08-14 10:21:00+09:00,50.833333333333336,0,0.0,test
20260814,2026-08-14 10:24:00+09:00,56.16666666666666,0,0.0,test
20260814,2026-08-14 10:27:00+09:00,52.5,0,0.0,test
20260814,2026-08-14 10:30:00+09:00,48.16666666666666,0,0.0,test
20260814,2026-08-14 10:33:00+09:00,48.333333333333336,0,0.0,test
20260814,2026-08-14 10:36:00+09:00,52.333333333333336,0,0.0,test
20260814,2026-08-14 10:39:00+09:00,49.333333333333336,0,0.0,test
20260814,2026-08-14 10:42:00+09:00,48.0,0,0.0,test
20260814,2026-08-14 10:45:00+09:00,48.333333333333336,0,0.0,test
20260814,2026-08-14 10:48:00+09:00,51.0,0,0.0,test
20260814,2026-08-14 10:51:00+09:00,50.0,0,0.0,test
20260814,2026-08-14 10:54:00+09:00,55.333333333333336,0,0.0,test
20260814,2026-08-14 10:57:00+09:00,52.333333333333336,0,0.0,test
20260814,2026-08-14 11:00:00+09:00,49.66666666666666,0,0.0,test
20260814,2026-08-14 11:03:00+09:00,35.5,0,0.0,test
20260814,2026-08-14 11:06:00+09:00,38.16666666666666,0,0.0,test
20260814,2026-08-14 11:09:00+09:00,36.833333333333336,0,0.0,test
20260814,2026-08-14 11:12:00+09:00,37.833333333333336,0,0.0,test
20260814,2026-08-14 11:15:00+09:00,39.0,0,0.0,test
20260814,2026-08-14 11:18:00+09:00,37.66666666666666,0,0.0,test
20260814,2026-08-14 11:21:00+09:00,37.66666666666666,0,0.0,test
20260814,2026-08-14 11:24:00+09:00,32.666666666666664,0,0.0,test
20260814,2026-08-14 11:27:00+09:00,34.666666666666664,0,0.0,test
20260814,2026-08-14 11:30:00+09:00,23.166666666666668,0,0.0,test
20260814,2026-08-14 11:33:00+09:00,22.666666666666668,0,0.0,test
20260814,2026-08-14 11:36:00+09:00,27.666666666666668,0,0.0,test
20260814,2026-08-14 11:39:00+09:00,34.5,0,0.0,test
20260814,2026-08-14 11:42:00+09:00,39.833333333333336,0,0.0,test
20260814,2026-08-14 11:45:00+09:00,45.833333333333336,0,0.0,test
20260814,2026-08-14 11:48:00+09:00,43.333333333333336,0,0.0,test
20260814,2026-08-14 11:51:00+09:00,37.16666666666666,0,0.0,test
20260814,2026-08-14 11:54:00+09:00,42.66666666666666,0,0.0,test
20260814,2026-08-14 11:57:00+09:00,56.5,0,0.0,test
20260814,2026-08-14 12:00:00+09:00,63.333333333333336,0,0.0,test
20260814,2026-08-14 12:03:00+09:00,65.33333333333333,0,0.0,test
20260814,2026-08-14 12:06:00+09:00,68.16666666666667,0,0.0,test
20260814,2026-08-14 12:09:00+09:00,46.833333333333336,0,0.0,test
20260814,2026-08-14 12:12:00+09:00,45.833333333333336,0,0.0,test
20260814,2026-08-14 12:15:00+09:00,45.333333333333336,0,0.0,test
20260814,2026-08-14 12:18:00+09:00,41.333333333333336,0,0.0,test
20260814,2026-08-14 12:21:00+09:00,47.333333333333336,0,0.0,test
20260814,2026-08-14 12:24:00+09:00,32.833333333333336,0,0.0,test
20260814,2026-08-14 12:27:00+09:00,31.666666666666668,0,0.0,test
20260814,2026-08-14 12:30:00+09:00,43.833333333333336,0,0.0,test
20260814,2026-08-14 12:33:00+09:00,43.16666666666666,0,0.0,test
20260814,2026-08-14 12:36:00+09:00,44.66666666666666,1,-236996.0,test
20260814,2026-08-14 12:39:00+09:00,45.333333333333336,1,-236996.0,test
20260814,2026-08-14 12:42:00+09:00,46.5,1,-236996.0,test
20260814,2026-08-14 12:45:00+09:00,44.833333333333336,1,-236996.0,test
20260814,2026-08-14 12:48:00+09:00,48.0,1,-236996.0,test
20260814,2026-08-14 12:51:00+09:00,48.0,1,-236996.0,test
20260814,2026-08-14 12:54:00+09:00,50.66666666666666,1,-236996.0,test
20260814,2026-08-14 12:57:00+09:00,36.16666666666666,1,-236996.0,test
20260814,2026-08-14 13:00:00+09:00,39.333333333333336,1,-236996.0,test
20260814,2026-08-14 13:03:00+09:00,40.16666666666666,1,-236996.0,test
20260814,2026-08-14 13:06:00+09:00,59.16666666666666,0,0.0,test
20260814,2026-08-14 13:09:00+09:00,63.16666666666666,0,0.0,test
20260814,2026-08-14 13:12:00+09:00,60.0,0,0.0,test
20260814,2026-08-14 13:15:00+09:00,62.5,0,0.0,test
20260814,2026-08-14 13:18:00+09:00,70.33333333333333,0,0.0,test
20260814,2026-08-14 13:21:00+09:00,71.83333333333333,0,0.0,test
20260814,2026-08-14 13:24:00+09:00,69.33333333333333,0,0.0,test
20260814,2026-08-14 13:27:00+09:00,71.33333333333333,0,0.0,test
20260814,2026-08-14 13:30:00+09:00,66.5,1,16014.0,test
20260814,2026-08-14 13:33:00+09:00,65.5,1,16014.0,test
20260814,2026-08-14 13:36:00+09:00,67.5,1,16014.0,test
20260814,2026-08-14 13:39:00+09:00,65.16666666666667,1,16014.0,test
20260814,2026-08-14 13:42:00+09:00,60.333333333333336,1,16014.0,test
20260814,2026-08-14 13:45:00+09:00,54.16666666666666,1,16014.0,test
20260814,2026-08-14 13:48:00+09:00,51.66666666666666,1,16014.0,test
20260814,2026-08-14 13:51:00+09:00,49.333333333333336,1,16014.0,test
20260814,2026-08-14 13:54:00+09:00,43.833333333333336,1,16014.0,test
20260814,2026-08-14 13:57:00+09:00,43.333333333333336,1,16014.0,test
20260814,2026-08-14 14:00:00+09:00,45.833333333333336,0,0.0,test
20260814,2026-08-14 14:03:00+09:00,55.333333333333336,0,0.0,test
20260814,2026-08-14 14:06:00+09:00,56.833333333333336,0,0.0,test
20260814,2026-08-14 14:09:00+09:00,62.0,0,0.0,test
20260814,2026-08-14 14:12:00+09:00,64.33333333333333,0,0.0,test
20260814,2026-08-14 14:15:00+09:00,64.66666666666667,0,0.0,test
20260814,2026-08-14 14:18:00+09:00,50.16666666666666,0,0.0,test
20260814,2026-08-14 14:21:00+09:00,52.0,0,0.0,test
20260814,2026-08-14 14:24:00+09:00,52.66666666666666,0,0.0,test
20260814,2026-08-14 14:27:00+09:00,47.833333333333336,0,0.0,test
20260814,2026-08-14 14:30:00+09:00,47.833333333333336,0,0.0,test
20260814,2026-08-14 14:33:00+09:00,40.0,0,0.0,test
20260814,2026-08-14 14:36:00+09:00,39.5,0,0.0,test
20260814,2026-08-14 14:39:00+09:00,53.0,0,0.0,test
20260814,2026-08-14 14:42:00+09:00,58.833333333333336,0,0.0,test
20260814,2026-08-14 14:45:00+09:00,60.0,0,0.0,test
20260814,2026-08-14 14:48:00+09:00,58.0,0,0.0,test
20260814,2026-08-14 14:51:00+09:00,61.0,0,0.0,test
20260814,2026-08-14 14:54:00+09:00,60.16666666666666,0,0.0,test
20260814,2026-08-14 14:57:00+09:00,57.0,0,0.0,test
20260818,2026-08-18 10:00:00+09:00,66.16666666666667,0,0.0,test
20260818,2026-08-18 10:03:00+09:00,68.16666666666667,0,0.0,test
20260818,2026-08-18 10:06:00+09:00,52.833333333333336,0,0.0,test
20260818,2026-08-18 10:09:00+09:00,50.5,0,0.0,test
20260818,2026-08-18 10:12:00+09:00,49.66666666666666,0,0.0,test
20260818,2026-08-18 10:15:00+09:00,52.16666666666666,0,0.0,test
20260818,2026-08-18 10:18:00+09:00,52.833333333333336,0,0.0,test
20260818,2026-08-18 10:21:00+09:00,52.0,0,0.0,test
20260818,2026-08-18 10:24:00+09:00,51.5,0,0.0,test
20260818,2026-08-18 10:27:00+09:00,49.333333333333336,0,0.0,test
20260818,2026-08-18 10:30:00+09:00,42.5,0,0.0,test
20260818,2026-08-18 10:33:00+09:00,44.833333333333336,0,0.0,test
20260818,2026-08-18 10:36:00+09:00,44.16666666666666,0,0.0,test
20260818,2026-08-18 10:39:00+09:00,40.16666666666666,0,0.0,test
20260818,2026-08-18 10:42:00+09:00,42.66666666666666,0,0.0,test
20260818,2026-08-18 10:45:00+09:00,50.833333333333336,0,0.0,test
20260818,2026-08-18 10:48:00+09:00,57.16666666666666,0,0.0,test
20260818,2026-08-18 10:51:00+09:00,59.16666666666666,0,0.0,test
20260818,2026-08-18 10:54:00+09:00,56.5,0,0.0,test
20260818,2026-08-18 10:57:00+09:00,58.66666666666666,0,0.0,test
20260818,2026-08-18 11:00:00+09:00,59.5,0,0.0,test
20260818,2026-08-18 11:03:00+09:00,51.833333333333336,0,0.0,test
20260818,2026-08-18 11:06:00+09:00,51.0,0,0.0,test
20260818,2026-08-18 11:09:00+09:00,57.66666666666666,0,0.0,test
20260818,2026-08-18 11:12:00+09:00,53.833333333333336,0,0.0,test
20260818,2026-08-18 11:15:00+09:00,39.5,0,0.0,test
20260818,2026-08-18 11:18:00+09:00,43.16666666666666,0,0.0,test
20260818,2026-08-18 11:21:00+09:00,46.0,0,0.0,test
20260818,2026-08-18 11:24:00+09:00,46.66666666666666,0,0.0,test
20260818,2026-08-18 11:27:00+09:00,49.16666666666666,0,0.0,test
20260818,2026-08-18 11:30:00+09:00,51.16666666666666,0,0.0,test
20260818,2026-08-18 11:33:00+09:00,59.5,0,0.0,test
20260818,2026-08-18 11:36:00+09:00,61.833333333333336,0,0.0,test
20260818,2026-08-18 11:39:00+09:00,60.5,0,0.0,test
20260818,2026-08-18 11:42:00+09:00,54.16666666666666,0,0.0,test
20260818,2026-08-18 11:45:00+09:00,52.16666666666666,0,0.0,test
20260818,2026-08-18 11:48:00+09:00,50.333333333333336,0,0.0,test
20260818,2026-08-18 11:51:00+09:00,56.833333333333336,0,0.0,test
20260818,2026-08-18 11:54:00+09:00,54.16666666666666,0,0.0,test
20260818,2026-08-18 11:57:00+09:00,39.5,0,0.0,test
20260818,2026-08-18 12:00:00+09:00,41.5,0,0.0,test
20260818,2026-08-18 12:03:00+09:00,40.833333333333336,0,0.0,test
20260818,2026-08-18 12:06:00+09:00,43.66666666666666,0,0.0,test
20260818,2026-08-18 12:09:00+09:00,42.16666666666666,0,0.0,test
20260818,2026-08-18 12:12:00+09:00,34.333333333333336,0,0.0,test
20260818,2026-08-18 12:15:00+09:00,39.0,0,0.0,test
20260818,2026-08-18 12:18:00+09:00,32.833333333333336,0,0.0,test
20260818,2026-08-18 12:21:00+09:00,37.66666666666666,0,0.0,test
20260818,2026-08-18 12:24:00+09:00,41.0,0,0.0,test
20260818,2026-08-18 12:27:00+09:00,50.5,0,0.0,test
20260818,2026-08-18 12:30:00+09:00,52.16666666666666,0,0.0,test
20260818,2026-08-18 12:33:00+09:00,53.333333333333336,0,0.0,test
20260818,2026-08-18 12:36:00+09:00,51.833333333333336,0,0.0,test
20260818,2026-08-18 12:39:00+09:00,68.16666666666667,0,0.0,test
20260818,2026-08-18 12:42:00+09:00,74.83333333333333,0,0.0,test
20260818,2026-08-18 12:45:00+09:00,76.5,0,0.0,test
20260818,2026-08-18 12:48:00+09:00,74.5,0,0.0,test
20260818,2026-08-18 12:51:00+09:00,61.333333333333336,0,0.0,test
20260818,2026-08-18 12:54:00+09:00,60.333333333333336,0,0.0,test
20260818,2026-08-18 12:57:00+09:00,66.83333333333333,0,0.0,test
20260818,2026-08-18 13:00:00+09:00,67.5,0,0.0,test
20260818,2026-08-18 13:03:00+09:00,70.16666666666667,0,0.0,test
20260818,2026-08-18 13:06:00+09:00,65.0,0,0.0,test
20260818,2026-08-18 13:09:00+09:00,55.333333333333336,0,0.0,test
20260818,2026-08-18 13:12:00+09:00,59.0,0,0.0,test
20260818,2026-08-18 13:15:00+09:00,55.833333333333336,0,0.0,test
20260818,2026-08-18 13:18:00+09:00,59.333333333333336,0,0.0,test
20260818,2026-08-18 13:21:00+09:00,66.16666666666667,0,0.0,test
20260818,2026-08-18 13:24:00+09:00,71.16666666666667,0,0.0,test
20260818,2026-08-18 13:27:00+09:00,70.0,0,0.0,test
20260818,2026-08-18 13:30:00+09:00,66.83333333333333,0,0.0,test
20260818,2026-08-18 13:33:00+09:00,63.833333333333336,0,0.0,test
20260818,2026-08-18 13:36:00+09:00,51.16666666666666,0,0.0,test
20260818,2026-08-18 13:39:00+09:00,44.333333333333336,0,0.0,test
20260818,2026-08-18 13:42:00+09:00,42.0,0,0.0,test
20260818,2026-08-18 13:45:00+09:00,41.333333333333336,0,0.0,test
20260818,2026-08-18 13:48:00+09:00,41.0,0,0.0,test
20260818,2026-08-18 13:51:00+09:00,42.833333333333336,0,0.0,test
20260818,2026-08-18 13:54:00+09:00,36.833333333333336,0,0.0,test
20260818,2026-08-18 13:57:00+09:00,41.833333333333336,0,0.0,test
20260818,2026-08-18 14:00:00+09:00,45.833333333333336,0,0.0,test
20260818,2026-08-18 14:03:00+09:00,56.0,0,0.0,test
20260818,2026-08-18 14:06:00+09:00,58.833333333333336,0,0.0,test
20260818,2026-08-18 14:09:00+09:00,55.833333333333336,0,0.0,test
20260818,2026-08-18 14:12:00+09:00,59.833333333333336,0,0.0,test
20260818,2026-08-18 14:15:00+09:00,59.5,0,0.0,test
20260818,2026-08-18 14:18:00+09:00,60.333333333333336,0,0.0,test
20260818,2026-08-18 14:21:00+09:00,56.333333333333336,0,0.0,test
20260818,2026-08-18 14:24:00+09:00,54.66666666666666,0,0.0,test
20260818,2026-08-18 14:27:00+09:00,52.833333333333336,0,0.0,test
20260818,2026-08-18 14:30:00+09:00,54.66666666666666,0,0.0,test
20260818,2026-08-18 14:33:00+09:00,39.66666666666666,0,0.0,test
20260818,2026-08-18 14:36:00+09:00,44.16666666666666,0,0.0,test
20260818,2026-08-18 14:39:00+09:00,43.333333333333336,0,0.0,test
20260818,2026-08-18 14:42:00+09:00,34.333333333333336,0,0.0,test
20260818,2026-08-18 14:45:00+09:00,32.333333333333336,0,0.0,test
20260818,2026-08-18 14:48:00+09:00,36.66666666666666,0,0.0,test
20260818,2026-08-18 14:51:00+09:00,36.5,0,0.0,test
20260818,2026-08-18 14:54:00+09:00,37.0,0,0.0,test
20260818,2026-08-18 14:57:00+09:00,39.66666666666666,0,0.0,test
20260819,2026-08-19 09:12:00+09:00,65.5,1,440645.0,test
20260819,2026-08-19 09:15:00+09:00,66.0,1,440645.0,test
20260819,2026-08-19 09:18:00+09:00,67.5,1,440645.0,test
20260819,2026-08-19 09:21:00+09:00,67.83333333333333,1,440645.0,test
20260819,2026-08-19 09:24:00+09:00,68.16666666666667,1,440645.0,test
20260819,2026-08-19 09:27:00+09:00,67.0,1,440645.0,test
20260819,2026-08-19 09:30:00+09:00,77.33333333333333,0,0.0,test
20260819,2026-08-19 09:33:00+09:00,65.5,0,0.0,test
20260819,2026-08-19 09:36:00+09:00,63.66666666666666,0,0.0,test
20260819,2026-08-19 09:39:00+09:00,58.66666666666666,0,0.0,test
20260819,2026-08-19 09:42:00+09:00,58.0,0,0.0,test
20260819,2026-08-19 09:45:00+09:00,54.333333333333336,0,0.0,test
20260819,2026-08-19 09:48:00+09:00,55.0,0,0.0,test
20260819,2026-08-19 09:51:00+09:00,59.333333333333336,0,0.0,test
20260819,2026-08-19 09:54:00+09:00,58.5,0,0.0,test
20260819,2026-08-19 09:57:00+09:00,60.333333333333336,0,0.0,test
20260819,2026-08-19 10:00:00+09:00,58.5,0,0.0,test
20260819,2026-08-19 10:03:00+09:00,53.833333333333336,0,0.0,test
20260819,2026-08-19 10:06:00+09:00,56.833333333333336,0,0.0,test
20260819,2026-08-19 10:09:00+09:00,56.0,0,0.0,test
20260819,2026-08-19 10:12:00+09:00,55.333333333333336,0,0.0,test
20260819,2026-08-19 10:15:00+09:00,57.0,0,0.0,test
20260819,2026-08-19 10:18:00+09:00,56.333333333333336,0,0.0,test
20260819,2026-08-19 10:21:00+09:00,56.833333333333336,0,0.0,test
20260819,2026-08-19 10:24:00+09:00,58.833333333333336,0,0.0,test
20260819,2026-08-19 10:27:00+09:00,57.833333333333336,0,0.0,test
20260819,2026-08-19 10:30:00+09:00,63.333333333333336,0,0.0,test
20260819,2026-08-19 10:33:00+09:00,64.33333333333333,0,0.0,test
20260819,2026-08-19 10:36:00+09:00,53.66666666666666,0,0.0,test
20260819,2026-08-19 10:39:00+09:00,49.16666666666666,1,86737.0,test
20260819,2026-08-19 10:42:00+09:00,51.66666666666666,1,86737.0,test
20260819,2026-08-19 10:45:00+09:00,54.16666666666666,1,86737.0,test
20260819,2026-08-19 10:48:00+09:00,55.0,1,86737.0,test
20260819,2026-08-19 10:51:00+09:00,50.333333333333336,1,86737.0,test
20260819,2026-08-19 10:54:00+09:00,42.16666666666666,1,86737.0,test
20260819,2026-08-19 10:57:00+09:00,42.5,1,86737.0,test
20260819,2026-08-19 11:00:00+09:00,40.833333333333336,1,86737.0,test
20260819,2026-08-19 11:03:00+09:00,40.333333333333336,1,86737.0,test
20260819,2026-08-19 11:06:00+09:00,42.5,1,86737.0,test
20260819,2026-08-19 11:09:00+09:00,41.66666666666666,0,0.0,test
20260819,2026-08-19 11:12:00+09:00,43.0,0,0.0,test
20260819,2026-08-19 11:15:00+09:00,41.0,0,0.0,test
20260819,2026-08-19 11:18:00+09:00,38.0,0,0.0,test
20260819,2026-08-19 11:21:00+09:00,39.333333333333336,0,0.0,test
20260819,2026-08-19 11:24:00+09:00,54.0,0,0.0,test
20260819,2026-08-19 11:27:00+09:00,55.16666666666666,0,0.0,test
20260819,2026-08-19 11:30:00+09:00,49.16666666666666,0,0.0,test
20260819,2026-08-19 11:33:00+09:00,36.16666666666666,0,0.0,test
20260819,2026-08-19 11:36:00+09:00,29.83333333333333,0,0.0,test
20260819,2026-08-19 11:39:00+09:00,30.666666666666668,0,0.0,test
20260819,2026-08-19 11:42:00+09:00,29.0,0,0.0,test
20260819,2026-08-19 11:45:00+09:00,31.33333333333333,0,0.0,test
20260819,2026-08-19 11:48:00+09:00,32.833333333333336,0,0.0,test
20260819,2026-08-19 11:51:00+09:00,31.666666666666668,0,0.0,test
20260819,2026-08-19 11:54:00+09:00,40.5,0,0.0,test
20260819,2026-08-19 11:57:00+09:00,38.333333333333336,0,0.0,test
20260819,2026-08-19 12:00:00+09:00,39.16666666666666,0,0.0,test
20260819,2026-08-19 12:03:00+09:00,43.66666666666666,0,0.0,test
20260819,2026-08-19 12:06:00+09:00,50.5,0,0.0,test
20260819,2026-08-19 12:09:00+09:00,40.16666666666666,0,0.0,test
20260819,2026-08-19 12:12:00+09:00,36.0,0,0.0,test
20260819,2026-08-19 12:15:00+09:00,33.666666666666664,0,0.0,test
20260819,2026-08-19 12:18:00+09:00,36.16666666666666,0,0.0,test
20260819,2026-08-19 12:21:00+09:00,33.0,0,0.0,test
20260819,2026-08-19 12:24:00+09:00,38.5,0,0.0,test
20260819,2026-08-19 12:27:00+09:00,43.0,0,0.0,test
20260819,2026-08-19 12:30:00+09:00,41.0,0,0.0,test
20260819,2026-08-19 12:33:00+09:00,52.5,0,0.0,test
20260819,2026-08-19 12:36:00+09:00,49.5,0,0.0,test
20260819,2026-08-19 12:39:00+09:00,54.833333333333336,0,0.0,test
20260819,2026-08-19 12:42:00+09:00,53.333333333333336,0,0.0,test
20260819,2026-08-19 12:45:00+09:00,52.16666666666666,0,0.0,test
20260819,2026-08-19 12:48:00+09:00,51.333333333333336,0,0.0,test
20260819,2026-08-19 12:51:00+09:00,55.66666666666666,0,0.0,test
20260819,2026-08-19 12:54:00+09:00,41.66666666666666,0,0.0,test
20260819,2026-08-19 12:57:00+09:00,46.833333333333336,0,0.0,test
20260819,2026-08-19 13:00:00+09:00,47.5,0,0.0,test
20260819,2026-08-19 13:03:00+09:00,49.16666666666666,0,0.0,test
20260819,2026-08-19 13:06:00+09:00,47.0,0,0.0,test
20260819,2026-08-19 13:09:00+09:00,47.5,0,0.0,test
20260819,2026-08-19 13:12:00+09:00,50.16666666666666,0,0.0,test
20260819,2026-08-19 13:15:00+09:00,47.333333333333336,0,0.0,test
20260819,2026-08-19 13:18:00+09:00,51.333333333333336,0,0.0,test
20260819,2026-08-19 13:21:00+09:00,46.5,0,0.0,test
20260819,2026-08-19 13:24:00+09:00,50.16666666666666,0,0.0,test
20260819,2026-08-19 13:27:00+09:00,55.833333333333336,0,0.0,test
20260819,2026-08-19 13:30:00+09:00,53.66666666666666,0,0.0,test
20260819,2026-08-19 13:33:00+09:00,53.66666666666666,0,0.0,test
20260819,2026-08-19 13:36:00+09:00,57.66666666666666,0,0.0,test
20260819,2026-08-19 13:39:00+09:00,56.5,0,0.0,test
20260819,2026-08-19 13:42:00+09:00,59.0,0,0.0,test
20260819,2026-08-19 13:45:00+09:00,58.5,0,0.0,test
20260819,2026-08-19 13:48:00+09:00,61.833333333333336,0,0.0,test
20260819,2026-08-19 13:51:00+09:00,58.66666666666666,0,0.0,test
20260819,2026-08-19 13:54:00+09:00,56.5,0,0.0,test
20260819,2026-08-19 13:57:00+09:00,56.0,0,0.0,test
20260819,2026-08-19 14:00:00+09:00,55.833333333333336,0,0.0,test
20260819,2026-08-19 14:03:00+09:00,52.66666666666666,0,0.0,test
20260819,2026-08-19 14:06:00+09:00,57.833333333333336,0,0.0,test
20260819,2026-08-19 14:09:00+09:00,56.833333333333336,0,0.0,test
20260819,2026-08-19 14:12:00+09:00,61.0,0,0.0,test
20260819,2026-08-19 14:15:00+09:00,59.333333333333336,0,0.0,test
20260819,2026-08-19 14:18:00+09:00,59.16666666666666,0,0.0,test
20260819,2026-08-19 14:21:00+09:00,55.66666666666666,0,0.0,test
20260819,2026-08-19 14:24:00+09:00,54.333333333333336,0,0.0,test
20260819,2026-08-19 14:27:00+09:00,46.5,0,0.0,test
20260819,2026-08-19 14:30:00+09:00,49.833333333333336,0,0.0,test
20260819,2026-08-19 14:33:00+09:00,57.0,0,0.0,test
20260819,2026-08-19 14:36:00+09:00,50.5,0,0.0,test
20260819,2026-08-19 14:39:00+09:00,46.66666666666666,0,0.0,test
20260819,2026-08-19 14:42:00+09:00,46.833333333333336,0,0.0,test
20260819,2026-08-19 14:45:00+09:00,49.16666666666666,0,0.0,test
20260819,2026-08-19 14:48:00+09:00,46.16666666666666,0,0.0,test
20260819,2026-08-19 14:51:00+09:00,46.0,0,0.0,test
20260819,2026-08-19 14:54:00+09:00,40.0,0,0.0,test
20260819,2026-08-19 14:57:00+09:00,44.16666666666666,0,0.0,test
20260820,2026-08-20 09:12:00+09:00,88.16666666666667,0,0.0,test
20260820,2026-08-20 09:15:00+09:00,90.5,0,0.0,test
20260820,2026-08-20 09:18:00+09:00,88.83333333333333,0,0.0,test
20260820,2026-08-20 09:21:00+09:00,88.33333333333333,0,0.0,test
20260820,2026-08-20 09:24:00+09:00,91.16666666666669,0,0.0,test
20260820,2026-08-20 09:27:00+09:00,91.33333333333331,0,0.0,test
20260820,2026-08-20 09:30:00+09:00,88.0,0,0.0,test
20260820,2026-08-20 09:33:00+09:00,87.5,0,0.0,test
20260820,2026-08-20 09:36:00+09:00,84.0,0,0.0,test
20260820,2026-08-20 09:39:00+09:00,74.33333333333333,0,0.0,test
20260820,2026-08-20 09:42:00+09:00,77.33333333333333,0,0.0,test
20260820,2026-08-20 09:45:00+09:00,63.333333333333336,0,0.0,test
20260820,2026-08-20 09:48:00+09:00,63.833333333333336,0,0.0,test
20260820,2026-08-20 09:51:00+09:00,52.16666666666666,0,0.0,test
20260820,2026-08-20 09:54:00+09:00,51.0,0,0.0,test
20260820,2026-08-20 09:57:00+09:00,51.333333333333336,0,0.0,test
20260820,2026-08-20 10:00:00+09:00,54.0,0,0.0,test
20260820,2026-08-20 10:03:00+09:00,44.833333333333336,0,0.0,test
20260820,2026-08-20 10:06:00+09:00,43.0,0,0.0,test
20260820,2026-08-20 10:09:00+09:00,42.333333333333336,0,0.0,test
20260820,2026-08-20 10:12:00+09:00,46.333333333333336,1,35499.0,test
20260820,2026-08-20 10:15:00+09:00,56.333333333333336,1,35499.0,test
20260820,2026-08-20 10:18:00+09:00,55.5,1,35499.0,test
20260820,2026-08-20 10:21:00+09:00,53.833333333333336,1,35499.0,test
20260820,2026-08-20 10:24:00+09:00,44.833333333333336,1,35499.0,test
20260820,2026-08-20 10:27:00+09:00,44.5,1,35499.0,test
20260820,2026-08-20 10:30:00+09:00,41.333333333333336,1,35499.0,test
20260820,2026-08-20 10:33:00+09:00,46.16666666666666,1,35499.0,test
20260820,2026-08-20 10:36:00+09:00,46.5,1,35499.0,test
20260820,2026-08-20 10:39:00+09:00,46.16666666666666,1,35499.0,test
20260820,2026-08-20 10:42:00+09:00,57.5,0,0.0,test
20260820,2026-08-20 10:45:00+09:00,61.833333333333336,0,0.0,test
20260820,2026-08-20 10:48:00+09:00,66.5,0,0.0,test
20260820,2026-08-20 10:51:00+09:00,65.33333333333333,0,0.0,test
20260820,2026-08-20 10:54:00+09:00,69.0,0,0.0,test
20260820,2026-08-20 10:57:00+09:00,72.83333333333333,0,0.0,test
20260820,2026-08-20 11:00:00+09:00,74.83333333333333,0,0.0,test
20260820,2026-08-20 11:03:00+09:00,69.83333333333333,0,0.0,test
20260820,2026-08-20 11:06:00+09:00,66.33333333333333,0,0.0,test
20260820,2026-08-20 11:09:00+09:00,57.333333333333336,0,0.0,test
20260820,2026-08-20 11:12:00+09:00,56.5,0,0.0,test
20260820,2026-08-20 11:15:00+09:00,58.0,0,0.0,test
20260820,2026-08-20 11:18:00+09:00,54.0,0,0.0,test
20260820,2026-08-20 11:21:00+09:00,51.66666666666666,0,0.0,test
20260820,2026-08-20 11:24:00+09:00,58.833333333333336,0,0.0,test
20260820,2026-08-20 11:27:00+09:00,64.0,0,0.0,test
20260820,2026-08-20 11:30:00+09:00,56.66666666666666,0,0.0,test
20260820,2026-08-20 11:33:00+09:00,58.833333333333336,0,0.0,test
20260820,2026-08-20 11:36:00+09:00,64.0,0,0.0,test
20260820,2026-08-20 11:39:00+09:00,66.5,0,0.0,test
20260820,2026-08-20 11:42:00+09:00,60.833333333333336,0,0.0,test
20260820,2026-08-20 11:45:00+09:00,61.833333333333336,0,0.0,test
20260820,2026-08-20 11:48:00+09:00,60.333333333333336,0,0.0,test
20260820,2026-08-20 11:51:00+09:00,61.0,1,133395.0,test
20260820,2026-08-20 11:54:00+09:00,57.333333333333336,1,133395.0,test
20260820,2026-08-20 11:57:00+09:00,60.333333333333336,1,133395.0,test
20260820,2026-08-20 12:00:00+09:00,62.16666666666666,1,133395.0,test
20260820,2026-08-20 12:03:00+09:00,59.333333333333336,1,133395.0,test
20260820,2026-08-20 12:06:00+09:00,45.5,1,133395.0,test
20260820,2026-08-20 12:09:00+09:00,44.5,1,133395.0,test
20260820,2026-08-20 12:12:00+09:00,49.833333333333336,1,133395.0,test
20260820,2026-08-20 12:15:00+09:00,48.5,1,133395.0,test
20260820,2026-08-20 12:18:00+09:00,52.833333333333336,1,133395.0,test
20260820,2026-08-20 12:21:00+09:00,50.5,0,0.0,test
20260820,2026-08-20 12:24:00+09:00,48.5,0,0.0,test
20260820,2026-08-20 12:27:00+09:00,42.833333333333336,0,0.0,test
20260820,2026-08-20 12:30:00+09:00,32.0,0,0.0,test
20260820,2026-08-20 12:33:00+09:00,32.0,0,0.0,test
20260820,2026-08-20 12:36:00+09:00,32.5,0,0.0,test
20260820,2026-08-20 12:39:00+09:00,48.5,0,0.0,test
20260820,2026-08-20 12:42:00+09:00,41.66666666666666,0,0.0,test
20260820,2026-08-20 12:45:00+09:00,41.16666666666666,0,0.0,test
20260820,2026-08-20 12:48:00+09:00,44.833333333333336,0,0.0,test
20260820,2026-08-20 12:51:00+09:00,43.5,0,0.0,test
20260820,2026-08-20 12:54:00+09:00,46.333333333333336,0,0.0,test
20260820,2026-08-20 12:57:00+09:00,44.833333333333336,0,0.0,test
20260820,2026-08-20 13:00:00+09:00,45.833333333333336,0,0.0,test
20260820,2026-08-20 13:03:00+09:00,53.833333333333336,0,0.0,test
20260820,2026-08-20 13:06:00+09:00,61.0,0,0.0,test
20260820,2026-08-20 13:09:00+09:00,59.5,0,0.0,test
20260820,2026-08-20 13:12:00+09:00,62.5,0,0.0,test
20260820,2026-08-20 13:15:00+09:00,63.0,0,0.0,test
20260820,2026-08-20 13:18:00+09:00,62.5,0,0.0,test
20260820,2026-08-20 13:21:00+09:00,62.833333333333336,0,0.0,test
20260820,2026-08-20 13:24:00+09:00,63.833333333333336,0,0.0,test
20260820,2026-08-20 13:27:00+09:00,66.5,0,0.0,test
20260820,2026-08-20 13:30:00+09:00,62.833333333333336,0,0.0,test
20260820,2026-08-20 13:33:00+09:00,59.5,0,0.0,test
20260820,2026-08-20 13:36:00+09:00,50.5,0,0.0,test
20260820,2026-08-20 13:39:00+09:00,45.16666666666666,0,0.0,test
20260820,2026-08-20 13:42:00+09:00,44.5,0,0.0,test
20260820,2026-08-20 13:45:00+09:00,35.5,0,0.0,test
20260820,2026-08-20 13:48:00+09:00,32.0,0,0.0,test
20260820,2026-08-20 13:51:00+09:00,30.33333333333333,0,0.0,test
20260820,2026-08-20 13:54:00+09:00,27.33333333333333,0,0.0,test
20260820,2026-08-20 13:57:00+09:00,30.33333333333333,0,0.0,test
20260820,2026-08-20 14:00:00+09:00,33.333333333333336,0,0.0,test
20260820,2026-08-20 14:03:00+09:00,38.0,0,0.0,test
20260820,2026-08-20 14:06:00+09:00,51.16666666666666,0,0.0,test
20260820,2026-08-20 14:09:00+09:00,55.333333333333336,1,-80479.0,test
20260820,2026-08-20 14:12:00+09:00,52.833333333333336,1,-80479.0,test
20260820,2026-08-20 14:15:00+09:00,55.0,1,-80479.0,test
20260820,2026-08-20 14:18:00+09:00,56.5,1,-80479.0,test
20260820,2026-08-20 14:21:00+09:00,54.333333333333336,1,-80479.0,test
20260820,2026-08-20 14:24:00+09:00,54.16666666666666,1,-80479.0,test
20260820,2026-08-20 14:27:00+09:00,53.16666666666666,1,-80479.0,test
20260820,2026-08-20 14:30:00+09:00,50.5,1,-80479.0,test
20260820,2026-08-20 14:33:00+09:00,41.833333333333336,1,-80479.0,test
20260820,2026-08-20 14:36:00+09:00,39.333333333333336,1,-80479.0,test
20260820,2026-08-20 14:39:00+09:00,41.66666666666666,0,0.0,test
20260820,2026-08-20 14:42:00+09:00,41.0,0,0.0,test
20260820,2026-08-20 14:45:00+09:00,48.833333333333336,0,0.0,test
20260820,2026-08-20 14:48:00+09:00,47.66666666666666,0,0.0,test
20260820,2026-08-20 14:51:00+09:00,49.5,0,0.0,test
20260820,2026-08-20 14:54:00+09:00,53.5,0,0.0,test
20260820,2026-08-20 14:57:00+09:00,58.0,0,0.0,test
20260821,2026-08-21 09:12:00+09:00,66.66666666666667,0,0.0,test
20260821,2026-08-21 09:15:00+09:00,67.83333333333333,0,0.0,test
20260821,2026-08-21 09:18:00+09:00,73.66666666666667,0,0.0,test
20260821,2026-08-21 09:21:00+09:00,74.5,0,0.0,test
20260821,2026-08-21 09:24:00+09:00,75.0,0,0.0,test
20260821,2026-08-21 09:27:00+09:00,73.16666666666667,0,0.0,test
20260821,2026-08-21 09:30:00+09:00,71.5,0,0.0,test
20260821,2026-08-21 09:33:00+09:00,65.66666666666667,0,0.0,test
20260821,2026-08-21 09:36:00+09:00,51.0,0,0.0,test
20260821,2026-08-21 09:39:00+09:00,54.66666666666666,0,0.0,test
20260821,2026-08-21 09:42:00+09:00,56.833333333333336,0,0.0,test
20260821,2026-08-21 09:45:00+09:00,58.333333333333336,0,0.0,test
20260821,2026-08-21 09:48:00+09:00,66.16666666666667,0,0.0,test
20260821,2026-08-21 09:51:00+09:00,65.16666666666667,1,-214052.0,test
20260821,2026-08-21 09:54:00+09:00,62.333333333333336,1,-214052.0,test
20260821,2026-08-21 09:57:00+09:00,61.0,1,-214052.0,test
20260821,2026-08-21 10:00:00+09:00,58.66666666666666,1,-214052.0,test
20260821,2026-08-21 10:03:00+09:00,61.66666666666666,1,-214052.0,test
20260821,2026-08-21 10:06:00+09:00,66.16666666666667,2,-242281.0,test
20260821,2026-08-21 10:09:00+09:00,63.833333333333336,2,-242281.0,test
20260821,2026-08-21 10:12:00+09:00,62.16666666666666,2,-242281.0,test
20260821,2026-08-21 10:15:00+09:00,56.16666666666666,2,-242281.0,test
20260821,2026-08-21 10:18:00+09:00,53.66666666666666,2,-242281.0,test
20260821,2026-08-21 10:21:00+09:00,67.16666666666667,1,-28229.0,test
20260821,2026-08-21 10:24:00+09:00,66.33333333333333,1,-28229.0,test
20260821,2026-08-21 10:27:00+09:00,62.5,1,-28229.0,test
20260821,2026-08-21 10:30:00+09:00,60.16666666666666,1,-28229.0,test
20260821,2026-08-21 10:33:00+09:00,67.16666666666667,1,-28229.0,test
20260821,2026-08-21 10:36:00+09:00,65.16666666666667,0,0.0,test
20260821,2026-08-21 10:39:00+09:00,66.83333333333333,0,0.0,test
20260821,2026-08-21 10:42:00+09:00,61.16666666666666,0,0.0,test
20260821,2026-08-21 10:45:00+09:00,61.5,0,0.0,test
20260821,2026-08-21 10:48:00+09:00,62.66666666666666,0,0.0,test
20260821,2026-08-21 10:51:00+09:00,63.5,0,0.0,test
20260821,2026-08-21 10:54:00+09:00,64.16666666666667,0,0.0,test
20260821,2026-08-21 10:57:00+09:00,72.0,0,0.0,test
20260821,2026-08-21 11:00:00+09:00,66.66666666666667,0,0.0,test
20260821,2026-08-21 11:03:00+09:00,69.16666666666667,0,0.0,test
20260821,2026-08-21 11:06:00+09:00,70.0,0,0.0,test
20260821,2026-08-21 11:09:00+09:00,69.33333333333333,0,0.0,test
20260821,2026-08-21 11:12:00+09:00,70.83333333333333,0,0.0,test
20260821,2026-08-21 11:15:00+09:00,65.83333333333333,0,0.0,test
20260821,2026-08-21 11:18:00+09:00,65.5,0,0.0,test
20260821,2026-08-21 11:21:00+09:00,45.833333333333336,0,0.0,test
20260821,2026-08-21 11:24:00+09:00,45.333333333333336,0,0.0,test
20260821,2026-08-21 11:27:00+09:00,39.833333333333336,0,0.0,test
20260821,2026-08-21 11:30:00+09:00,40.0,0,0.0,test
20260821,2026-08-21 11:33:00+09:00,36.66666666666666,0,0.0,test
20260821,2026-08-21 11:36:00+09:00,33.666666666666664,0,0.0,test
20260821,2026-08-21 11:39:00+09:00,32.833333333333336,0,0.0,test
20260821,2026-08-21 11:42:00+09:00,29.0,0,0.0,test
20260821,2026-08-21 11:45:00+09:00,34.166666666666664,0,0.0,test
20260821,2026-08-21 11:48:00+09:00,30.5,0,0.0,test
20260821,2026-08-21 11:51:00+09:00,31.83333333333333,0,0.0,test
20260821,2026-08-21 11:54:00+09:00,29.5,0,0.0,test
20260821,2026-08-21 11:57:00+09:00,31.83333333333333,0,0.0,test
20260821,2026-08-21 12:00:00+09:00,28.5,0,0.0,test
20260821,2026-08-21 12:03:00+09:00,25.5,0,0.0,test
20260821,2026-08-21 12:06:00+09:00,30.0,0,0.0,test
20260821,2026-08-21 12:09:00+09:00,46.5,0,0.0,test
20260821,2026-08-21 12:12:00+09:00,49.833333333333336,0,0.0,test
20260821,2026-08-21 12:15:00+09:00,53.833333333333336,0,0.0,test
20260821,2026-08-21 12:18:00+09:00,48.333333333333336,0,0.0,test
20260821,2026-08-21 12:21:00+09:00,48.333333333333336,0,0.0,test
20260821,2026-08-21 12:24:00+09:00,48.333333333333336,0,0.0,test
20260821,2026-08-21 12:27:00+09:00,45.5,0,0.0,test
20260821,2026-08-21 12:30:00+09:00,52.16666666666666,0,0.0,test
20260821,2026-08-21 12:33:00+09:00,53.333333333333336,0,0.0,test
20260821,2026-08-21 12:36:00+09:00,39.66666666666666,0,0.0,test
20260821,2026-08-21 12:39:00+09:00,30.166666666666668,0,0.0,test
20260821,2026-08-21 12:42:00+09:00,32.0,0,0.0,test
20260821,2026-08-21 12:45:00+09:00,31.5,0,0.0,test
20260821,2026-08-21 12:48:00+09:00,31.666666666666668,0,0.0,test
20260821,2026-08-21 12:51:00+09:00,33.166666666666664,0,0.0,test
20260821,2026-08-21 12:54:00+09:00,37.16666666666666,0,0.0,test
20260821,2026-08-21 12:57:00+09:00,40.0,0,0.0,test
20260821,2026-08-21 13:00:00+09:00,40.833333333333336,0,0.0,test
20260821,2026-08-21 13:03:00+09:00,43.0,0,0.0,test
20260821,2026-08-21 13:06:00+09:00,47.16666666666666,0,0.0,test
20260821,2026-08-21 13:09:00+09:00,44.66666666666666,0,0.0,test
20260821,2026-08-21 13:12:00+09:00,43.5,0,0.0,test
20260821,2026-08-21 13:15:00+09:00,43.0,0,0.0,test
20260821,2026-08-21 13:18:00+09:00,37.16666666666666,0,0.0,test
20260821,2026-08-21 13:21:00+09:00,39.66666666666666,0,0.0,test
20260821,2026-08-21 13:24:00+09:00,46.333333333333336,0,0.0,test
20260821,2026-08-21 13:27:00+09:00,43.66666666666666,0,0.0,test
20260821,2026-08-21 13:30:00+09:00,50.0,0,0.0,test
20260821,2026-08-21 13:33:00+09:00,50.333333333333336,0,0.0,test
20260821,2026-08-21 13:36:00+09:00,48.833333333333336,0,0.0,test
20260821,2026-08-21 13:39:00+09:00,45.16666666666666,0,0.0,test
20260821,2026-08-21 13:42:00+09:00,43.66666666666666,0,0.0,test
20260821,2026-08-21 13:45:00+09:00,50.0,0,0.0,test
20260821,2026-08-21 13:48:00+09:00,51.16666666666666,0,0.0,test
20260821,2026-08-21 13:51:00+09:00,43.333333333333336,0,0.0,test
20260821,2026-08-21 13:54:00+09:00,40.16666666666666,0,0.0,test
20260821,2026-08-21 13:57:00+09:00,37.5,0,0.0,test
20260821,2026-08-21 14:00:00+09:00,36.333333333333336,0,0.0,test
20260821,2026-08-21 14:03:00+09:00,37.5,0,0.0,test
20260821,2026-08-21 14:06:00+09:00,34.666666666666664,0,0.0,test
20260821,2026-08-21 14:09:00+09:00,34.0,0,0.0,test
20260821,2026-08-21 14:12:00+09:00,38.0,0,0.0,test
20260821,2026-08-21 14:15:00+09:00,34.833333333333336,0,0.0,test
20260821,2026-08-21 14:18:00+09:00,35.0,0,0.0,test
20260821,2026-08-21 14:21:00+09:00,35.333333333333336,0,0.0,test
20260821,2026-08-21 14:24:00+09:00,37.16666666666666,0,0.0,test
20260821,2026-08-21 14:27:00+09:00,34.0,0,0.0,test
20260821,2026-08-21 14:30:00+09:00,34.5,0,0.0,test
20260821,2026-08-21 14:33:00+09:00,34.333333333333336,0,0.0,test
20260821,2026-08-21 14:36:00+09:00,38.16666666666666,0,0.0,test
20260821,2026-08-21 14:39:00+09:00,33.166666666666664,0,0.0,test
20260821,2026-08-21 14:42:00+09:00,30.666666666666668,0,0.0,test
20260821,2026-08-21 14:45:00+09:00,34.0,0,0.0,test
20260821,2026-08-21 14:48:00+09:00,49.833333333333336,0,0.0,test
20260821,2026-08-21 14:51:00+09:00,53.0,0,0.0,test
20260821,2026-08-21 14:54:00+09:00,39.5,0,0.0,test
20260821,2026-08-21 14:57:00+09:00,38.833333333333336,0,0.0,test
20260824,2026-08-24 09:12:00+09:00,82.5,0,0.0,test
20260824,2026-08-24 09:15:00+09:00,81.5,0,0.0,test
20260824,2026-08-24 09:18:00+09:00,65.83333333333333,0,0.0,test
20260824,2026-08-24 09:21:00+09:00,68.0,0,0.0,test
20260824,2026-08-24 09:24:00+09:00,70.5,0,0.0,test
20260824,2026-08-24 09:27:00+09:00,70.33333333333333,1,-153874.0,test
20260824,2026-08-24 09:30:00+09:00,68.33333333333333,1,-153874.0,test
20260824,2026-08-24 09:33:00+09:00,64.83333333333333,1,-153874.0,test
20260824,2026-08-24 09:36:00+09:00,66.5,1,-153874.0,test
20260824,2026-08-24 09:39:00+09:00,61.66666666666666,1,-153874.0,test
20260824,2026-08-24 09:42:00+09:00,63.16666666666666,1,-153874.0,test
20260824,2026-08-24 09:45:00+09:00,56.66666666666666,1,-153874.0,test
20260824,2026-08-24 09:48:00+09:00,51.66666666666666,1,-153874.0,test
20260824,2026-08-24 09:51:00+09:00,42.833333333333336,1,-153874.0,test
20260824,2026-08-24 09:54:00+09:00,48.0,1,-153874.0,test
20260824,2026-08-24 09:57:00+09:00,43.66666666666666,0,0.0,test
20260824,2026-08-24 10:00:00+09:00,44.5,0,0.0,test
20260824,2026-08-24 10:03:00+09:00,47.833333333333336,0,0.0,test
20260824,2026-08-24 10:06:00+09:00,44.833333333333336,0,0.0,test
20260824,2026-08-24 10:09:00+09:00,47.0,1,288869.0,test
20260824,2026-08-24 10:12:00+09:00,47.16666666666666,1,288869.0,test
20260824,2026-08-24 10:15:00+09:00,44.833333333333336,1,288869.0,test
20260824,2026-08-24 10:18:00+09:00,39.833333333333336,1,288869.0,test
20260824,2026-08-24 10:21:00+09:00,34.0,1,288869.0,test
20260824,2026-08-24 10:24:00+09:00,34.5,1,288869.0,test
20260824,2026-08-24 10:27:00+09:00,34.5,1,288869.0,test
20260824,2026-08-24 10:30:00+09:00,38.66666666666666,1,288869.0,test
20260824,2026-08-24 10:33:00+09:00,43.0,1,288869.0,test
20260824,2026-08-24 10:36:00+09:00,43.16666666666666,1,288869.0,test
20260824,2026-08-24 10:39:00+09:00,65.83333333333333,0,0.0,test
20260824,2026-08-24 10:42:00+09:00,63.66666666666666,0,0.0,test
20260824,2026-08-24 10:45:00+09:00,61.833333333333336,0,0.0,test
20260824,2026-08-24 10:48:00+09:00,69.5,0,0.0,test
20260824,2026-08-24 10:51:00+09:00,72.5,0,0.0,test
20260824,2026-08-24 10:54:00+09:00,73.16666666666667,0,0.0,test
20260824,2026-08-24 10:57:00+09:00,59.16666666666666,0,0.0,test
20260824,2026-08-24 11:00:00+09:00,59.5,0,0.0,test
20260824,2026-08-24 11:03:00+09:00,58.333333333333336,0,0.0,test
20260824,2026-08-24 11:06:00+09:00,58.16666666666666,0,0.0,test
20260824,2026-08-24 11:09:00+09:00,59.333333333333336,0,0.0,test
20260824,2026-08-24 11:12:00+09:00,60.16666666666666,0,0.0,test
20260824,2026-08-24 11:15:00+09:00,61.66666666666666,0,0.0,test
20260824,2026-08-24 11:18:00+09:00,66.5,0,0.0,test
20260824,2026-08-24 11:21:00+09:00,64.5,0,0.0,test
20260824,2026-08-24 11:24:00+09:00,60.5,0,0.0,test
20260824,2026-08-24 11:27:00+09:00,49.333333333333336,0,0.0,test
20260824,2026-08-24 11:30:00+09:00,47.5,0,0.0,test
20260824,2026-08-24 11:33:00+09:00,58.833333333333336,0,0.0,test
20260824,2026-08-24 11:36:00+09:00,63.833333333333336,0,0.0,test
20260824,2026-08-24 11:39:00+09:00,46.5,0,0.0,test
20260824,2026-08-24 11:42:00+09:00,41.833333333333336,0,0.0,test
20260824,2026-08-24 11:45:00+09:00,37.833333333333336,0,0.0,test
20260824,2026-08-24 11:48:00+09:00,35.166666666666664,0,0.0,test
20260824,2026-08-24 11:51:00+09:00,35.666666666666664,0,0.0,test
20260824,2026-08-24 11:54:00+09:00,44.16666666666666,0,0.0,test
20260824,2026-08-24 11:57:00+09:00,64.66666666666667,0,0.0,test
20260824,2026-08-24 12:00:00+09:00,65.33333333333333,0,0.0,test
20260824,2026-08-24 12:03:00+09:00,62.16666666666666,0,0.0,test
20260824,2026-08-24 12:06:00+09:00,55.833333333333336,0,0.0,test
20260824,2026-08-24 12:09:00+09:00,58.16666666666666,0,0.0,test
20260824,2026-08-24 12:12:00+09:00,55.833333333333336,0,0.0,test
20260824,2026-08-24 12:15:00+09:00,57.333333333333336,0,0.0,test
20260824,2026-08-24 12:18:00+09:00,56.833333333333336,0,0.0,test
20260824,2026-08-24 12:21:00+09:00,59.16666666666666,0,0.0,test
20260824,2026-08-24 12:24:00+09:00,58.333333333333336,0,0.0,test
20260824,2026-08-24 12:27:00+09:00,53.0,0,0.0,test
20260824,2026-08-24 12:30:00+09:00,57.66666666666666,0,0.0,test
20260824,2026-08-24 12:33:00+09:00,49.0,0,0.0,test
20260824,2026-08-24 12:36:00+09:00,53.833333333333336,0,0.0,test
20260824,2026-08-24 12:39:00+09:00,56.66666666666666,0,0.0,test
20260824,2026-08-24 12:42:00+09:00,50.16666666666666,0,0.0,test
20260824,2026-08-24 12:45:00+09:00,50.5,0,0.0,test
20260824,2026-08-24 12:48:00+09:00,53.16666666666666,0,0.0,test
20260824,2026-08-24 12:51:00+09:00,51.0,0,0.0,test
20260824,2026-08-24 12:54:00+09:00,53.5,0,0.0,test
20260824,2026-08-24 12:57:00+09:00,55.16666666666666,0,0.0,test
20260824,2026-08-24 13:00:00+09:00,50.0,0,0.0,test
20260824,2026-08-24 13:03:00+09:00,53.16666666666666,0,0.0,test
20260824,2026-08-24 13:06:00+09:00,34.0,0,0.0,test
20260824,2026-08-24 13:09:00+09:00,36.833333333333336,0,0.0,test
20260824,2026-08-24 13:12:00+09:00,49.0,0,0.0,test
20260824,2026-08-24 13:15:00+09:00,49.833333333333336,0,0.0,test
20260824,2026-08-24 13:18:00+09:00,49.833333333333336,0,0.0,test
20260824,2026-08-24 13:21:00+09:00,49.333333333333336,0,0.0,test
20260824,2026-08-24 13:24:00+09:00,51.5,0,0.0,test
20260824,2026-08-24 13:27:00+09:00,56.16666666666666,0,0.0,test
20260824,2026-08-24 13:30:00+09:00,55.333333333333336,0,0.0,test
20260824,2026-08-24 13:33:00+09:00,49.66666666666666,0,0.0,test
20260824,2026-08-24 13:36:00+09:00,43.833333333333336,0,0.0,test
20260824,2026-08-24 13:39:00+09:00,42.16666666666666,0,0.0,test
20260824,2026-08-24 13:42:00+09:00,38.5,0,0.0,test
20260824,2026-08-24 13:45:00+09:00,36.16666666666666,0,0.0,test
20260824,2026-08-24 13:48:00+09:00,37.16666666666666,0,0.0,test
20260824,2026-08-24 13:51:00+09:00,36.0,0,0.0,test
20260824,2026-08-24 13:54:00+09:00,34.333333333333336,0,0.0,test
20260824,2026-08-24 13:57:00+09:00,31.33333333333333,0,0.0,test
20260824,2026-08-24 14:00:00+09:00,25.33333333333333,0,0.0,test
20260824,2026-08-24 14:03:00+09:00,25.666666666666668,0,0.0,test
20260824,2026-08-24 14:06:00+09:00,34.5,0,0.0,test
20260824,2026-08-24 14:09:00+09:00,35.0,0,0.0,test
20260824,2026-08-24 14:12:00+09:00,36.0,0,0.0,test
20260824,2026-08-24 14:15:00+09:00,53.5,0,0.0,test
20260824,2026-08-24 14:18:00+09:00,53.833333333333336,0,0.0,test
20260824,2026-08-24 14:21:00+09:00,51.0,0,0.0,test
20260824,2026-08-24 14:24:00+09:00,59.0,0,0.0,test
20260824,2026-08-24 14:27:00+09:00,62.833333333333336,0,0.0,test
20260824,2026-08-24 14:30:00+09:00,65.66666666666667,0,0.0,test
20260824,2026-08-24 14:33:00+09:00,67.5,0,0.0,test
20260824,2026-08-24 14:36:00+09:00,65.16666666666667,0,0.0,test
20260824,2026-08-24 14:39:00+09:00,66.33333333333333,0,0.0,test
20260824,2026-08-24 14:42:00+09:00,68.5,0,0.0,test
20260824,2026-08-24 14:45:00+09:00,67.16666666666667,0,0.0,test
20260824,2026-08-24 14:48:00+09:00,60.0,0,0.0,test
20260824,2026-08-24 14:51:00+09:00,55.5,0,0.0,test
20260824,2026-08-24 14:54:00+09:00,44.833333333333336,0,0.0,test
20260824,2026-08-24 14:57:00+09:00,47.833333333333336,0,0.0,test
20260825,2026-08-25 09:12:00+09:00,78.83333333333333,0,0.0,test
20260825,2026-08-25 09:15:00+09:00,78.66666666666667,0,0.0,test
20260825,2026-08-25 09:18:00+09:00,79.33333333333333,0,0.0,test
20260825,2026-08-25 09:21:00+09:00,76.33333333333333,0,0.0,test
20260825,2026-08-25 09:24:00+09:00,78.16666666666667,0,0.0,test
20260825,2026-08-25 09:27:00+09:00,79.16666666666667,0,0.0,test
20260825,2026-08-25 09:30:00+09:00,82.33333333333333,0,0.0,test
20260825,2026-08-25 09:33:00+09:00,78.33333333333333,0,0.0,test
20260825,2026-08-25 09:36:00+09:00,65.66666666666667,0,0.0,test
20260825,2026-08-25 09:39:00+09:00,68.66666666666667,0,0.0,test
20260825,2026-08-25 09:42:00+09:00,68.0,0,0.0,test
20260825,2026-08-25 09:45:00+09:00,66.16666666666667,0,0.0,test
20260825,2026-08-25 09:48:00+09:00,60.16666666666666,0,0.0,test
20260825,2026-08-25 09:51:00+09:00,62.5,0,0.0,test
20260825,2026-08-25 09:54:00+09:00,52.333333333333336,0,0.0,test
20260825,2026-08-25 09:57:00+09:00,53.333333333333336,0,0.0,test
20260825,2026-08-25 10:00:00+09:00,55.16666666666666,0,0.0,test
20260825,2026-08-25 10:03:00+09:00,59.333333333333336,0,0.0,test
20260825,2026-08-25 10:06:00+09:00,43.833333333333336,0,0.0,test
20260825,2026-08-25 10:09:00+09:00,44.833333333333336,0,0.0,test
20260825,2026-08-25 10:12:00+09:00,44.0,0,0.0,test
20260825,2026-08-25 10:15:00+09:00,46.16666666666666,0,0.0,test
20260825,2026-08-25 10:18:00+09:00,43.66666666666666,0,0.0,test
20260825,2026-08-25 10:21:00+09:00,39.833333333333336,0,0.0,test
20260825,2026-08-25 10:24:00+09:00,47.0,0,0.0,test
20260825,2026-08-25 10:27:00+09:00,46.833333333333336,0,0.0,test
20260825,2026-08-25 10:30:00+09:00,39.833333333333336,0,0.0,test
20260825,2026-08-25 10:33:00+09:00,36.5,0,0.0,test
20260825,2026-08-25 10:36:00+09:00,36.333333333333336,0,0.0,test
20260825,2026-08-25 10:39:00+09:00,43.16666666666666,0,0.0,test
20260825,2026-08-25 10:42:00+09:00,51.833333333333336,0,0.0,test
20260825,2026-08-25 10:45:00+09:00,51.333333333333336,0,0.0,test
20260825,2026-08-25 10:48:00+09:00,53.333333333333336,0,0.0,test
20260825,2026-08-25 10:51:00+09:00,54.66666666666666,0,0.0,test
20260825,2026-08-25 10:54:00+09:00,54.0,0,0.0,test
20260825,2026-08-25 10:57:00+09:00,60.16666666666666,0,0.0,test
20260825,2026-08-25 11:00:00+09:00,58.333333333333336,0,0.0,test
20260825,2026-08-25 11:03:00+09:00,55.0,0,0.0,test
20260825,2026-08-25 11:06:00+09:00,54.16666666666666,0,0.0,test
20260825,2026-08-25 11:09:00+09:00,42.66666666666666,0,0.0,test
20260825,2026-08-25 11:12:00+09:00,39.5,0,0.0,test
20260825,2026-08-25 11:15:00+09:00,38.66666666666666,0,0.0,test
20260825,2026-08-25 11:18:00+09:00,33.333333333333336,0,0.0,test
20260825,2026-08-25 11:21:00+09:00,38.66666666666666,0,0.0,test
20260825,2026-08-25 11:24:00+09:00,52.333333333333336,0,0.0,test
20260825,2026-08-25 11:27:00+09:00,47.16666666666666,0,0.0,test
20260825,2026-08-25 11:30:00+09:00,46.5,0,0.0,test
20260825,2026-08-25 11:33:00+09:00,49.16666666666666,0,0.0,test
20260825,2026-08-25 11:36:00+09:00,46.333333333333336,0,0.0,test
20260825,2026-08-25 11:39:00+09:00,51.5,0,0.0,test
20260825,2026-08-25 11:42:00+09:00,49.833333333333336,0,0.0,test
20260825,2026-08-25 11:45:00+09:00,54.16666666666666,1,357044.0,test
20260825,2026-08-25 11:48:00+09:00,55.833333333333336,1,357044.0,test
20260825,2026-08-25 11:51:00+09:00,55.16666666666666,1,357044.0,test
20260825,2026-08-25 11:54:00+09:00,52.0,1,357044.0,test
20260825,2026-08-25 11:57:00+09:00,63.333333333333336,1,357044.0,test
20260825,2026-08-25 12:00:00+09:00,63.333333333333336,1,357044.0,test
20260825,2026-08-25 12:03:00+09:00,63.0,1,357044.0,test
20260825,2026-08-25 12:06:00+09:00,62.833333333333336,1,357044.0,test
20260825,2026-08-25 12:09:00+09:00,64.83333333333333,1,357044.0,test
20260825,2026-08-25 12:12:00+09:00,64.16666666666667,1,357044.0,test
20260825,2026-08-25 12:15:00+09:00,56.5,0,0.0,test
20260825,2026-08-25 12:18:00+09:00,49.833333333333336,0,0.0,test
20260825,2026-08-25 12:21:00+09:00,59.833333333333336,0,0.0,test
20260825,2026-08-25 12:24:00+09:00,63.5,0,0.0,test
20260825,2026-08-25 12:27:00+09:00,62.333333333333336,0,0.0,test
20260825,2026-08-25 12:30:00+09:00,63.66666666666666,0,0.0,test
20260825,2026-08-25 12:33:00+09:00,65.33333333333333,0,0.0,test
20260825,2026-08-25 12:36:00+09:00,67.0,0,0.0,test
20260825,2026-08-25 12:39:00+09:00,59.0,0,0.0,test
20260825,2026-08-25 12:42:00+09:00,50.333333333333336,0,0.0,test
20260825,2026-08-25 12:45:00+09:00,51.333333333333336,0,0.0,test
20260825,2026-08-25 12:48:00+09:00,52.16666666666666,0,0.0,test
20260825,2026-08-25 12:51:00+09:00,51.333333333333336,0,0.0,test
20260825,2026-08-25 12:54:00+09:00,47.16666666666666,0,0.0,test
20260825,2026-08-25 12:57:00+09:00,34.5,0,0.0,test
20260825,2026-08-25 13:00:00+09:00,54.5,0,0.0,test
20260825,2026-08-25 13:03:00+09:00,54.0,0,0.0,test
20260825,2026-08-25 13:06:00+09:00,62.333333333333336,0,0.0,test
20260825,2026-08-25 13:09:00+09:00,63.66666666666666,0,0.0,test
20260825,2026-08-25 13:12:00+09:00,64.5,0,0.0,test
20260825,2026-08-25 13:15:00+09:00,59.16666666666666,0,0.0,test
20260825,2026-08-25 13:18:00+09:00,63.66666666666666,0,0.0,test
20260825,2026-08-25 13:21:00+09:00,68.66666666666667,0,0.0,test
20260825,2026-08-25 13:24:00+09:00,70.66666666666667,0,0.0,test
20260825,2026-08-25 13:27:00+09:00,71.66666666666667,0,0.0,test
20260825,2026-08-25 13:30:00+09:00,68.5,0,0.0,test
20260825,2026-08-25 13:33:00+09:00,66.0,0,0.0,test
20260825,2026-08-25 13:36:00+09:00,60.333333333333336,0,0.0,test
20260825,2026-08-25 13:39:00+09:00,60.5,0,0.0,test
20260825,2026-08-25 13:42:00+09:00,58.16666666666666,0,0.0,test
20260825,2026-08-25 13:45:00+09:00,59.333333333333336,0,0.0,test
20260825,2026-08-25 13:48:00+09:00,56.0,0,0.0,test
20260825,2026-08-25 13:51:00+09:00,56.66666666666666,0,0.0,test
20260825,2026-08-25 13:54:00+09:00,57.0,0,0.0,test
20260825,2026-08-25 13:57:00+09:00,58.833333333333336,0,0.0,test
20260825,2026-08-25 14:00:00+09:00,54.0,0,0.0,test
20260825,2026-08-25 14:03:00+09:00,55.0,0,0.0,test
20260825,2026-08-25 14:06:00+09:00,38.5,0,0.0,test
20260825,2026-08-25 14:09:00+09:00,40.5,0,0.0,test
20260825,2026-08-25 14:12:00+09:00,40.5,0,0.0,test
20260825,2026-08-25 14:15:00+09:00,41.5,0,0.0,test
20260825,2026-08-25 14:18:00+09:00,50.16666666666666,0,0.0,test
20260825,2026-08-25 14:21:00+09:00,49.16666666666666,0,0.0,test
20260825,2026-08-25 14:24:00+09:00,68.66666666666667,0,0.0,test
20260825,2026-08-25 14:27:00+09:00,70.33333333333333,0,0.0,test
20260825,2026-08-25 14:30:00+09:00,70.5,0,0.0,test
20260825,2026-08-25 14:33:00+09:00,69.5,0,0.0,test
20260825,2026-08-25 14:36:00+09:00,71.16666666666667,0,0.0,test
20260825,2026-08-25 14:39:00+09:00,71.16666666666667,0,0.0,test
20260825,2026-08-25 14:42:00+09:00,71.16666666666667,0,0.0,test
20260825,2026-08-25 14:45:00+09:00,71.16666666666667,0,0.0,test
20260825,2026-08-25 14:48:00+09:00,71.16666666666667,0,0.0,test
20260825,2026-08-25 14:51:00+09:00,71.16666666666667,0,0.0,test
20260825,2026-08-25 14:54:00+09:00,57.333333333333336,0,0.0,test
20260825,2026-08-25 14:57:00+09:00,57.333333333333336,0,0.0,test
20260826,2026-08-26 09:00:00+09:00,25.666666666666668,0,0.0,test
20260826,2026-08-26 09:03:00+09:00,60.0,0,0.0,test
20260826,2026-08-26 09:06:00+09:00,65.66666666666667,0,0.0,test
20260826,2026-08-26 09:09:00+09:00,67.5,0,0.0,test
20260826,2026-08-26 09:12:00+09:00,66.33333333333333,0,0.0,test
20260826,2026-08-26 09:15:00+09:00,69.16666666666667,0,0.0,test
20260826,2026-08-26 09:18:00+09:00,66.66666666666667,0,0.0,test
20260826,2026-08-26 09:21:00+09:00,67.16666666666667,0,0.0,test
20260826,2026-08-26 09:24:00+09:00,68.5,0,0.0,test
20260826,2026-08-26 09:27:00+09:00,74.0,0,0.0,test
20260826,2026-08-26 09:30:00+09:00,69.33333333333333,0,0.0,test
20260826,2026-08-26 09:33:00+09:00,56.66666666666666,0,0.0,test
20260826,2026-08-26 09:36:00+09:00,51.5,0,0.0,test
20260826,2026-08-26 09:39:00+09:00,45.833333333333336,0,0.0,test
20260826,2026-08-26 09:42:00+09:00,50.66666666666666,0,0.0,test
20260826,2026-08-26 09:45:00+09:00,47.5,0,0.0,test
20260826,2026-08-26 09:48:00+09:00,50.16666666666666,0,0.0,test
20260826,2026-08-26 09:51:00+09:00,49.0,1,-170208.0,test
20260826,2026-08-26 09:54:00+09:00,45.66666666666666,1,-170208.0,test
20260826,2026-08-26 09:57:00+09:00,43.333333333333336,1,-170208.0,test
20260826,2026-08-26 10:00:00+09:00,40.833333333333336,2,-293825.0,test
20260826,2026-08-26 10:03:00+09:00,44.5,2,-293825.0,test
20260826,2026-08-26 10:06:00+09:00,42.333333333333336,2,-293825.0,test
20260826,2026-08-26 10:09:00+09:00,45.0,2,-293825.0,test
20260826,2026-08-26 10:12:00+09:00,44.0,2,-293825.0,test
20260826,2026-08-26 10:15:00+09:00,43.5,2,-293825.0,test
20260826,2026-08-26 10:18:00+09:00,43.0,2,-293825.0,test
20260826,2026-08-26 10:21:00+09:00,41.833333333333336,1,-123617.0,test
20260826,2026-08-26 10:24:00+09:00,43.333333333333336,1,-123617.0,test
20260826,2026-08-26 10:27:00+09:00,48.333333333333336,1,-123617.0,test
20260826,2026-08-26 10:30:00+09:00,59.66666666666666,0,0.0,test
20260826,2026-08-26 10:33:00+09:00,64.83333333333333,0,0.0,test
20260826,2026-08-26 10:36:00+09:00,65.33333333333333,0,0.0,test
20260826,2026-08-26 10:39:00+09:00,60.5,0,0.0,test
20260826,2026-08-26 10:42:00+09:00,59.5,0,0.0,test
20260826,2026-08-26 10:45:00+09:00,56.0,0,0.0,test
20260826,2026-08-26 10:48:00+09:00,52.0,0,0.0,test
20260826,2026-08-26 10:51:00+09:00,49.333333333333336,0,0.0,test
20260826,2026-08-26 10:54:00+09:00,46.16666666666666,0,0.0,test
20260826,2026-08-26 10:57:00+09:00,45.833333333333336,0,0.0,test
20260826,2026-08-26 11:00:00+09:00,42.833333333333336,0,0.0,test
20260826,2026-08-26 11:03:00+09:00,50.5,0,0.0,test
20260826,2026-08-26 11:06:00+09:00,43.833333333333336,0,0.0,test
20260826,2026-08-26 11:09:00+09:00,48.16666666666666,0,0.0,test
20260826,2026-08-26 11:12:00+09:00,53.333333333333336,0,0.0,test
20260826,2026-08-26 11:15:00+09:00,55.0,0,0.0,test
20260826,2026-08-26 11:18:00+09:00,66.0,0,0.0,test
20260826,2026-08-26 11:21:00+09:00,56.16666666666666,0,0.0,test
20260826,2026-08-26 11:24:00+09:00,63.833333333333336,0,0.0,test
20260826,2026-08-26 11:27:00+09:00,65.33333333333333,0,0.0,test
20260826,2026-08-26 11:30:00+09:00,52.833333333333336,0,0.0,test
20260826,2026-08-26 11:33:00+09:00,50.5,0,0.0,test
20260826,2026-08-26 11:36:00+09:00,50.5,0,0.0,test
20260826,2026-08-26 11:39:00+09:00,45.66666666666666,0,0.0,test
20260826,2026-08-26 11:42:00+09:00,44.333333333333336,0,0.0,test
20260826,2026-08-26 11:45:00+09:00,45.5,0,0.0,test
20260826,2026-08-26 11:48:00+09:00,44.5,0,0.0,test
20260826,2026-08-26 11:51:00+09:00,46.333333333333336,0,0.0,test
20260826,2026-08-26 11:54:00+09:00,46.333333333333336,0,0.0,test
20260826,2026-08-26 11:57:00+09:00,46.333333333333336,0,0.0,test
20260826,2026-08-26 12:00:00+09:00,46.333333333333336,0,0.0,test
20260826,2026-08-26 12:03:00+09:00,46.333333333333336,0,0.0,test
20260826,2026-08-26 12:06:00+09:00,46.333333333333336,0,0.0,test
20260826,2026-08-26 12:09:00+09:00,46.333333333333336,0,0.0,test
20260826,2026-08-26 12:12:00+09:00,46.333333333333336,0,0.0,test
20260826,2026-08-26 12:15:00+09:00,46.333333333333336,0,0.0,test
20260826,2026-08-26 12:18:00+09:00,46.333333333333336,0,0.0,test
20260826,2026-08-26 12:21:00+09:00,46.333333333333336,0,0.0,test
20260826,2026-08-26 12:24:00+09:00,46.333333333333336,0,0.0,test
20260826,2026-08-26 12:27:00+09:00,46.333333333333336,0,0.0,test
20260826,2026-08-26 12:30:00+09:00,46.333333333333336,0,0.0,test
20260826,2026-08-26 12:33:00+09:00,46.333333333333336,0,0.0,test
20260826,2026-08-26 12:36:00+09:00,46.333333333333336,0,0.0,test
20260826,2026-08-26 12:39:00+09:00,46.333333333333336,0,0.0,test
20260826,2026-08-26 12:42:00+09:00,46.333333333333336,0,0.0,test
20260826,2026-08-26 12:45:00+09:00,46.333333333333336,0,0.0,test
20260826,2026-08-26 12:48:00+09:00,46.333333333333336,0,0.0,test
20260826,2026-08-26 12:51:00+09:00,46.333333333333336,0,0.0,test
20260826,2026-08-26 12:54:00+09:00,46.333333333333336,0,0.0,test
20260826,2026-08-26 12:57:00+09:00,46.333333333333336,0,0.0,test
20260826,2026-08-26 13:00:00+09:00,46.333333333333336,0,0.0,test
20260826,2026-08-26 13:03:00+09:00,46.333333333333336,0,0.0,test
20260826,2026-08-26 13:06:00+09:00,46.333333333333336,0,0.0,test
20260826,2026-08-26 13:09:00+09:00,46.333333333333336,0,0.0,test
20260826,2026-08-26 13:12:00+09:00,46.333333333333336,0,0.0,test
20260826,2026-08-26 13:15:00+09:00,46.333333333333336,0,0.0,test
20260826,2026-08-26 13:18:00+09:00,46.333333333333336,0,0.0,test
20260826,2026-08-26 13:21:00+09:00,46.333333333333336,0,0.0,test
20260826,2026-08-26 13:24:00+09:00,46.333333333333336,0,0.0,test
20260826,2026-08-26 13:27:00+09:00,46.333333333333336,0,0.0,test
20260826,2026-08-26 13:30:00+09:00,46.333333333333336,0,0.0,test
20260826,2026-08-26 13:33:00+09:00,46.333333333333336,0,0.0,test
20260826,2026-08-26 13:36:00+09:00,46.333333333333336,0,0.0,test
20260826,2026-08-26 13:39:00+09:00,46.333333333333336,0,0.0,test
20260826,2026-08-26 13:42:00+09:00,46.333333333333336,0,0.0,test
20260826,2026-08-26 13:45:00+09:00,46.333333333333336,0,0.0,test
20260826,2026-08-26 13:48:00+09:00,46.333333333333336,0,0.0,test
20260826,2026-08-26 13:51:00+09:00,46.333333333333336,0,0.0,test
20260826,2026-08-26 13:54:00+09:00,46.333333333333336,0,0.0,test
20260826,2026-08-26 13:57:00+09:00,46.333333333333336,0,0.0,test
20260826,2026-08-26 14:00:00+09:00,46.333333333333336,0,0.0,test
20260826,2026-08-26 14:03:00+09:00,46.333333333333336,0,0.0,test
20260826,2026-08-26 14:06:00+09:00,46.333333333333336,0,0.0,test
20260826,2026-08-26 14:09:00+09:00,46.333333333333336,0,0.0,test
20260826,2026-08-26 14:12:00+09:00,46.333333333333336,0,0.0,test
20260826,2026-08-26 14:15:00+09:00,46.333333333333336,0,0.0,test
20260826,2026-08-26 14:18:00+09:00,46.333333333333336,0,0.0,test
20260826,2026-08-26 14:21:00+09:00,46.333333333333336,0,0.0,test
20260826,2026-08-26 14:24:00+09:00,46.333333333333336,0,0.0,test
20260826,2026-08-26 14:27:00+09:00,46.333333333333336,0,0.0,test
20260826,2026-08-26 14:30:00+09:00,46.333333333333336,0,0.0,test
20260826,2026-08-26 14:33:00+09:00,46.333333333333336,0,0.0,test
20260826,2026-08-26 14:36:00+09:00,46.333333333333336,0,0.0,test
20260826,2026-08-26 14:39:00+09:00,46.333333333333336,0,0.0,test
20260826,2026-08-26 14:42:00+09:00,46.333333333333336,0,0.0,test
20260826,2026-08-26 14:45:00+09:00,46.333333333333336,0,0.0,test
20260826,2026-08-26 14:48:00+09:00,46.333333333333336,0,0.0,test
20260826,2026-08-26 14:51:00+09:00,46.333333333333336,0,0.0,test
20260826,2026-08-26 14:54:00+09:00,46.333333333333336,0,0.0,test
20260826,2026-08-26 14:57:00+09:00,46.333333333333336,0,0.0,test
20260827,2026-08-27 10:00:00+09:00,50.5,1,-171903.0,test
20260827,2026-08-27 10:03:00+09:00,46.16666666666666,1,-171903.0,test
20260827,2026-08-27 10:06:00+09:00,51.833333333333336,1,-171903.0,test
20260827,2026-08-27 10:09:00+09:00,49.16666666666666,1,-171903.0,test
20260827,2026-08-27 10:12:00+09:00,52.833333333333336,1,-171903.0,test
20260827,2026-08-27 10:15:00+09:00,44.0,1,-171903.0,test
20260827,2026-08-27 10:18:00+09:00,41.16666666666666,1,-171903.0,test
20260827,2026-08-27 10:21:00+09:00,41.16666666666666,1,-171903.0,test
20260827,2026-08-27 10:24:00+09:00,39.5,2,-152364.0,test
20260827,2026-08-27 10:27:00+09:00,42.5,2,-152364.0,test
20260827,2026-08-27 10:30:00+09:00,55.5,1,19539.0,test
20260827,2026-08-27 10:33:00+09:00,58.5,1,19539.0,test
20260827,2026-08-27 10:36:00+09:00,46.833333333333336,1,19539.0,test
20260827,2026-08-27 10:39:00+09:00,44.333333333333336,1,19539.0,test
20260827,2026-08-27 10:42:00+09:00,46.333333333333336,1,19539.0,test
20260827,2026-08-27 10:45:00+09:00,50.66666666666666,1,19539.0,test
20260827,2026-08-27 10:48:00+09:00,38.333333333333336,1,19539.0,test
20260827,2026-08-27 10:51:00+09:00,47.833333333333336,1,19539.0,test
20260827,2026-08-27 10:54:00+09:00,48.0,0,0.0,test
20260827,2026-08-27 10:57:00+09:00,51.5,0,0.0,test
20260827,2026-08-27 11:00:00+09:00,55.833333333333336,0,0.0,test
20260827,2026-08-27 11:03:00+09:00,58.0,0,0.0,test
20260827,2026-08-27 11:06:00+09:00,56.333333333333336,0,0.0,test
20260827,2026-08-27 11:09:00+09:00,56.0,0,0.0,test
20260827,2026-08-27 11:12:00+09:00,52.333333333333336,0,0.0,test
20260827,2026-08-27 11:15:00+09:00,50.0,0,0.0,test
20260827,2026-08-27 11:18:00+09:00,53.833333333333336,0,0.0,test
20260827,2026-08-27 11:21:00+09:00,47.16666666666666,0,0.0,test
20260827,2026-08-27 11:24:00+09:00,46.16666666666666,0,0.0,test
20260827,2026-08-27 11:27:00+09:00,43.66666666666666,0,0.0,test
20260827,2026-08-27 11:30:00+09:00,40.5,0,0.0,test
20260827,2026-08-27 11:33:00+09:00,45.66666666666666,0,0.0,test
20260827,2026-08-27 11:36:00+09:00,41.833333333333336,0,0.0,test
20260827,2026-08-27 11:39:00+09:00,46.16666666666666,0,0.0,test
20260827,2026-08-27 11:42:00+09:00,48.16666666666666,0,0.0,test
20260827,2026-08-27 11:45:00+09:00,48.16666666666666,0,0.0,test
20260827,2026-08-27 11:48:00+09:00,51.0,0,0.0,test
20260827,2026-08-27 11:51:00+09:00,50.333333333333336,0,0.0,test
20260827,2026-08-27 11:54:00+09:00,63.333333333333336,0,0.0,test
20260827,2026-08-27 11:57:00+09:00,64.16666666666667,0,0.0,test
20260827,2026-08-27 12:00:00+09:00,64.83333333333333,0,0.0,test
20260827,2026-08-27 12:03:00+09:00,65.16666666666667,0,0.0,test
20260827,2026-08-27 12:06:00+09:00,63.0,0,0.0,test
20260827,2026-08-27 12:09:00+09:00,67.16666666666667,0,0.0,test
20260827,2026-08-27 12:12:00+09:00,65.83333333333333,0,0.0,test
20260827,2026-08-27 12:15:00+09:00,66.0,0,0.0,test
20260827,2026-08-27 12:18:00+09:00,63.0,0,0.0,test
20260827,2026-08-27 12:21:00+09:00,64.66666666666667,0,0.0,test
20260827,2026-08-27 12:24:00+09:00,53.66666666666666,0,0.0,test
20260827,2026-08-27 12:27:00+09:00,53.333333333333336,0,0.0,test
20260827,2026-08-27 12:30:00+09:00,54.0,0,0.0,test
20260827,2026-08-27 12:33:00+09:00,53.16666666666666,0,0.0,test
20260827,2026-08-27 12:36:00+09:00,51.833333333333336,0,0.0,test
20260827,2026-08-27 12:39:00+09:00,52.333333333333336,0,0.0,test
20260827,2026-08-27 12:42:00+09:00,56.5,0,0.0,test
20260827,2026-08-27 12:45:00+09:00,48.833333333333336,0,0.0,test
20260827,2026-08-27 12:48:00+09:00,55.66666666666666,0,0.0,test
20260827,2026-08-27 12:51:00+09:00,60.5,0,0.0,test
20260827,2026-08-27 12:54:00+09:00,57.66666666666666,0,0.0,test
20260827,2026-08-27 12:57:00+09:00,38.66666666666666,0,0.0,test
20260827,2026-08-27 13:00:00+09:00,40.66666666666666,0,0.0,test
20260827,2026-08-27 13:03:00+09:00,44.5,0,0.0,test
20260827,2026-08-27 13:06:00+09:00,35.166666666666664,0,0.0,test
20260827,2026-08-27 13:09:00+09:00,32.833333333333336,0,0.0,test
20260827,2026-08-27 13:12:00+09:00,33.166666666666664,0,0.0,test
20260827,2026-08-27 13:15:00+09:00,35.5,0,0.0,test
20260827,2026-08-27 13:18:00+09:00,37.5,0,0.0,test
20260827,2026-08-27 13:21:00+09:00,35.0,0,0.0,test
20260827,2026-08-27 13:24:00+09:00,36.0,0,0.0,test
20260827,2026-08-27 13:27:00+09:00,39.5,0,0.0,test
20260827,2026-08-27 13:30:00+09:00,35.333333333333336,0,0.0,test
20260827,2026-08-27 13:33:00+09:00,36.0,0,0.0,test
20260827,2026-08-27 13:36:00+09:00,41.66666666666666,0,0.0,test
20260827,2026-08-27 13:39:00+09:00,56.833333333333336,0,0.0,test
20260827,2026-08-27 13:42:00+09:00,57.0,0,0.0,test
20260827,2026-08-27 13:45:00+09:00,52.5,0,0.0,test
20260827,2026-08-27 13:48:00+09:00,55.66666666666666,0,0.0,test
20260827,2026-08-27 13:51:00+09:00,53.833333333333336,0,0.0,test
20260827,2026-08-27 13:54:00+09:00,52.5,0,0.0,test
20260827,2026-08-27 13:57:00+09:00,53.333333333333336,0,0.0,test
20260827,2026-08-27 14:00:00+09:00,47.833333333333336,0,0.0,test
20260827,2026-08-27 14:03:00+09:00,47.0,0,0.0,test
20260827,2026-08-27 14:06:00+09:00,49.0,0,0.0,test
20260827,2026-08-27 14:09:00+09:00,47.0,0,0.0,test
20260827,2026-08-27 14:12:00+09:00,48.5,0,0.0,test
20260827,2026-08-27 14:15:00+09:00,48.333333333333336,0,0.0,test
20260827,2026-08-27 14:18:00+09:00,45.0,0,0.0,test
20260827,2026-08-27 14:21:00+09:00,55.333333333333336,0,0.0,test
20260827,2026-08-27 14:24:00+09:00,56.66666666666666,0,0.0,test
20260827,2026-08-27 14:27:00+09:00,38.66666666666666,0,0.0,test
20260827,2026-08-27 14:30:00+09:00,47.0,0,0.0,test
20260827,2026-08-27 14:33:00+09:00,44.16666666666666,0,0.0,test
20260827,2026-08-27 14:36:00+09:00,46.0,0,0.0,test
20260827,2026-08-27 14:39:00+09:00,44.333333333333336,0,0.0,test
20260827,2026-08-27 14:42:00+09:00,46.333333333333336,0,0.0,test
20260827,2026-08-27 14:45:00+09:00,42.833333333333336,0,0.0,test
20260827,2026-08-27 14:48:00+09:00,41.5,0,0.0,test
20260827,2026-08-27 14:51:00+09:00,39.66666666666666,0,0.0,test
20260827,2026-08-27 14:54:00+09:00,36.0,0,0.0,test
20260827,2026-08-27 14:57:00+09:00,49.5,0,0.0,test
20260828,2026-08-28 10:00:00+09:00,47.0,1,62261.0,test
20260828,2026-08-28 10:03:00+09:00,45.5,1,62261.0,test
20260828,2026-08-28 10:06:00+09:00,44.66666666666666,1,62261.0,test
20260828,2026-08-28 10:09:00+09:00,31.666666666666668,1,62261.0,test
20260828,2026-08-28 10:12:00+09:00,27.666666666666668,1,62261.0,test
20260828,2026-08-28 10:15:00+09:00,48.66666666666666,0,0.0,test
20260828,2026-08-28 10:18:00+09:00,50.66666666666666,0,0.0,test
20260828,2026-08-28 10:21:00+09:00,55.333333333333336,0,0.0,test
20260828,2026-08-28 10:24:00+09:00,51.66666666666666,0,0.0,test
20260828,2026-08-28 10:27:00+09:00,34.5,0,0.0,test
20260828,2026-08-28 10:30:00+09:00,36.5,0,0.0,test
20260828,2026-08-28 10:33:00+09:00,42.0,0,0.0,test
20260828,2026-08-28 10:36:00+09:00,42.16666666666666,0,0.0,test
20260828,2026-08-28 10:39:00+09:00,55.0,0,0.0,test
20260828,2026-08-28 10:42:00+09:00,59.66666666666666,0,0.0,test
20260828,2026-08-28 10:45:00+09:00,53.833333333333336,0,0.0,test
20260828,2026-08-28 10:48:00+09:00,49.333333333333336,0,0.0,test
20260828,2026-08-28 10:51:00+09:00,50.0,0,0.0,test
20260828,2026-08-28 10:54:00+09:00,52.16666666666666,0,0.0,test
20260828,2026-08-28 10:57:00+09:00,61.833333333333336,0,0.0,test
20260828,2026-08-28 11:00:00+09:00,59.16666666666666,0,0.0,test
20260828,2026-08-28 11:03:00+09:00,55.0,0,0.0,test
20260828,2026-08-28 11:06:00+09:00,52.5,0,0.0,test
20260828,2026-08-28 11:09:00+09:00,47.833333333333336,0,0.0,test
20260828,2026-08-28 11:12:00+09:00,46.333333333333336,0,0.0,test
20260828,2026-08-28 11:15:00+09:00,46.66666666666666,0,0.0,test
20260828,2026-08-28 11:18:00+09:00,45.16666666666666,0,0.0,test
20260828,2026-08-28 11:21:00+09:00,47.5,0,0.0,test
20260828,2026-08-28 11:24:00+09:00,48.0,0,0.0,test
20260828,2026-08-28 11:27:00+09:00,48.333333333333336,0,0.0,test
20260828,2026-08-28 11:30:00+09:00,42.333333333333336,0,0.0,test
20260828,2026-08-28 11:33:00+09:00,43.833333333333336,0,0.0,test
20260828,2026-08-28 11:36:00+09:00,50.833333333333336,0,0.0,test
20260828,2026-08-28 11:39:00+09:00,55.0,0,0.0,test
20260828,2026-08-28 11:42:00+09:00,54.16666666666666,0,0.0,test
20260828,2026-08-28 11:45:00+09:00,50.16666666666666,0,0.0,test
20260828,2026-08-28 11:48:00+09:00,52.833333333333336,0,0.0,test
20260828,2026-08-28 11:51:00+09:00,47.66666666666666,0,0.0,test
20260828,2026-08-28 11:54:00+09:00,43.333333333333336,0,0.0,test
20260828,2026-08-28 11:57:00+09:00,41.5,0,0.0,test
20260828,2026-08-28 12:00:00+09:00,49.16666666666666,0,0.0,test
20260828,2026-08-28 12:03:00+09:00,51.833333333333336,0,0.0,test
20260828,2026-08-28 12:06:00+09:00,39.66666666666666,0,0.0,test
20260828,2026-08-28 12:09:00+09:00,37.5,0,0.0,test
20260828,2026-08-28 12:12:00+09:00,38.0,0,0.0,test
20260828,2026-08-28 12:15:00+09:00,38.5,0,0.0,test
20260828,2026-08-28 12:18:00+09:00,25.83333333333333,0,0.0,test
20260828,2026-08-28 12:21:00+09:00,25.666666666666668,0,0.0,test
20260828,2026-08-28 12:24:00+09:00,30.33333333333333,0,0.0,test
20260828,2026-08-28 12:27:00+09:00,26.5,0,0.0,test
20260828,2026-08-28 12:30:00+09:00,24.33333333333333,0,0.0,test
20260828,2026-08-28 12:33:00+09:00,25.666666666666668,0,0.0,test
20260828,2026-08-28 12:36:00+09:00,36.333333333333336,0,0.0,test
20260828,2026-08-28 12:39:00+09:00,51.333333333333336,0,0.0,test
20260828,2026-08-28 12:42:00+09:00,52.333333333333336,0,0.0,test
20260828,2026-08-28 12:45:00+09:00,54.333333333333336,0,0.0,test
20260828,2026-08-28 12:48:00+09:00,59.16666666666666,0,0.0,test
20260828,2026-08-28 12:51:00+09:00,60.333333333333336,0,0.0,test
20260828,2026-08-28 12:54:00+09:00,61.0,0,0.0,test
20260828,2026-08-28 12:57:00+09:00,67.66666666666667,0,0.0,test
20260828,2026-08-28 13:00:00+09:00,71.33333333333333,0,0.0,test
20260828,2026-08-28 13:03:00+09:00,70.0,0,0.0,test
20260828,2026-08-28 13:06:00+09:00,68.16666666666667,0,0.0,test
20260828,2026-08-28 13:09:00+09:00,67.0,0,0.0,test
20260828,2026-08-28 13:12:00+09:00,66.33333333333333,0,0.0,test
20260828,2026-08-28 13:15:00+09:00,61.833333333333336,0,0.0,test
20260828,2026-08-28 13:18:00+09:00,56.16666666666666,0,0.0,test
20260828,2026-08-28 13:21:00+09:00,54.5,0,0.0,test
20260828,2026-08-28 13:24:00+09:00,52.333333333333336,0,0.0,test
20260828,2026-08-28 13:27:00+09:00,50.66666666666666,0,0.0,test
20260828,2026-08-28 13:30:00+09:00,47.0,0,0.0,test
20260828,2026-08-28 13:33:00+09:00,43.333333333333336,0,0.0,test
20260828,2026-08-28 13:36:00+09:00,45.0,0,0.0,test
20260828,2026-08-28 13:39:00+09:00,29.83333333333333,0,0.0,test
20260828,2026-08-28 13:42:00+09:00,40.333333333333336,0,0.0,test
20260828,2026-08-28 13:45:00+09:00,41.5,0,0.0,test
20260828,2026-08-28 13:48:00+09:00,42.66666666666666,0,0.0,test
20260828,2026-08-28 13:51:00+09:00,41.333333333333336,0,0.0,test
20260828,2026-08-28 13:54:00+09:00,38.0,0,0.0,test
20260828,2026-08-28 13:57:00+09:00,22.5,0,0.0,test
20260828,2026-08-28 14:00:00+09:00,26.166666666666668,0,0.0,test
20260828,2026-08-28 14:03:00+09:00,43.16666666666666,0,0.0,test
20260828,2026-08-28 14:06:00+09:00,49.5,0,0.0,test
20260828,2026-08-28 14:09:00+09:00,45.16666666666666,0,0.0,test
20260828,2026-08-28 14:12:00+09:00,50.5,1,-33817.0,test
20260828,2026-08-28 14:15:00+09:00,52.5,1,-33817.0,test
20260828,2026-08-28 14:18:00+09:00,46.333333333333336,1,-33817.0,test
20260828,2026-08-28 14:21:00+09:00,46.833333333333336,1,-33817.0,test
20260828,2026-08-28 14:24:00+09:00,53.333333333333336,1,-33817.0,test
20260828,2026-08-28 14:27:00+09:00,59.66666666666666,1,-33817.0,test
20260828,2026-08-28 14:30:00+09:00,62.66666666666666,1,-33817.0,test
20260828,2026-08-28 14:33:00+09:00,62.66666666666666,1,-33817.0,test
20260828,2026-08-28 14:36:00+09:00,59.333333333333336,1,-33817.0,test
20260828,2026-08-28 14:39:00+09:00,57.333333333333336,1,-33817.0,test
20260828,2026-08-28 14:42:00+09:00,51.333333333333336,0,0.0,test
20260828,2026-08-28 14:45:00+09:00,48.333333333333336,0,0.0,test
20260828,2026-08-28 14:48:00+09:00,55.66666666666666,0,0.0,test
20260828,2026-08-28 14:51:00+09:00,55.16666666666666,0,0.0,test
20260828,2026-08-28 14:54:00+09:00,49.333333333333336,0,0.0,test
20260828,2026-08-28 14:57:00+09:00,48.16666666666666,0,0.0,test
20260831,2026-08-31 09:12:00+09:00,76.0,1,242262.0,test
20260831,2026-08-31 09:15:00+09:00,75.66666666666667,1,242262.0,test
20260831,2026-08-31 09:18:00+09:00,77.83333333333333,0,0.0,test
20260831,2026-08-31 09:21:00+09:00,78.33333333333333,0,0.0,test
20260831,2026-08-31 09:24:00+09:00,79.33333333333333,0,0.0,test
20260831,2026-08-31 09:27:00+09:00,77.66666666666667,0,0.0,test
20260831,2026-08-31 09:30:00+09:00,74.83333333333333,0,0.0,test
20260831,2026-08-31 09:33:00+09:00,74.0,0,0.0,test
20260831,2026-08-31 09:36:00+09:00,73.5,1,-41129.0,test
20260831,2026-08-31 09:39:00+09:00,73.5,1,-41129.0,test
20260831,2026-08-31 09:42:00+09:00,65.83333333333333,1,-41129.0,test
20260831,2026-08-31 09:45:00+09:00,61.5,1,-41129.0,test
20260831,2026-08-31 09:48:00+09:00,65.66666666666667,1,-41129.0,test
20260831,2026-08-31 09:51:00+09:00,59.333333333333336,1,-41129.0,test
20260831,2026-08-31 09:54:00+09:00,61.0,1,-41129.0,test
20260831,2026-08-31 09:57:00+09:00,61.833333333333336,1,-41129.0,test
20260831,2026-08-31 10:00:00+09:00,61.833333333333336,1,-41129.0,test
20260831,2026-08-31 10:03:00+09:00,64.0,1,-41129.0,test
20260831,2026-08-31 10:06:00+09:00,62.333333333333336,0,0.0,test
20260831,2026-08-31 10:09:00+09:00,63.0,0,0.0,test
20260831,2026-08-31 10:12:00+09:00,61.833333333333336,0,0.0,test
20260831,2026-08-31 10:15:00+09:00,59.66666666666666,0,0.0,test
20260831,2026-08-31 10:18:00+09:00,42.5,0,0.0,test
20260831,2026-08-31 10:21:00+09:00,50.66666666666666,0,0.0,test
20260831,2026-08-31 10:24:00+09:00,32.333333333333336,0,0.0,test
20260831,2026-08-31 10:27:00+09:00,33.166666666666664,0,0.0,test
20260831,2026-08-31 10:30:00+09:00,29.83333333333333,0,0.0,test
20260831,2026-08-31 10:33:00+09:00,45.16666666666666,0,0.0,test
20260831,2026-08-31 10:36:00+09:00,45.0,0,0.0,test
20260831,2026-08-31 10:39:00+09:00,50.333333333333336,0,0.0,test
20260831,2026-08-31 10:42:00+09:00,52.66666666666666,0,0.0,test
20260831,2026-08-31 10:45:00+09:00,55.66666666666666,0,0.0,test
20260831,2026-08-31 10:48:00+09:00,57.333333333333336,0,0.0,test
20260831,2026-08-31 10:51:00+09:00,54.0,0,0.0,test
20260831,2026-08-31 10:54:00+09:00,53.833333333333336,0,0.0,test
20260831,2026-08-31 10:57:00+09:00,47.833333333333336,0,0.0,test
20260831,2026-08-31 11:00:00+09:00,48.16666666666666,0,0.0,test
20260831,2026-08-31 11:03:00+09:00,60.833333333333336,0,0.0,test
20260831,2026-08-31 11:06:00+09:00,42.833333333333336,0,0.0,test
20260831,2026-08-31 11:09:00+09:00,37.5,0,0.0,test
20260831,2026-08-31 11:12:00+09:00,35.333333333333336,0,0.0,test
20260831,2026-08-31 11:15:00+09:00,31.0,0,0.0,test
20260831,2026-08-31 11:18:00+09:00,37.833333333333336,0,0.0,test
20260831,2026-08-31 11:21:00+09:00,34.333333333333336,0,0.0,test
20260831,2026-08-31 11:24:00+09:00,31.83333333333333,0,0.0,test
20260831,2026-08-31 11:27:00+09:00,35.5,0,0.0,test
20260831,2026-08-31 11:30:00+09:00,38.66666666666666,0,0.0,test
20260831,2026-08-31 11:33:00+09:00,33.0,0,0.0,test
20260831,2026-08-31 11:36:00+09:00,30.83333333333333,0,0.0,test
20260831,2026-08-31 11:39:00+09:00,33.166666666666664,0,0.0,test
20260831,2026-08-31 11:42:00+09:00,34.833333333333336,0,0.0,test
20260831,2026-08-31 11:45:00+09:00,37.333333333333336,0,0.0,test
20260831,2026-08-31 11:48:00+09:00,33.833333333333336,0,0.0,test
20260831,2026-08-31 11:51:00+09:00,36.66666666666666,0,0.0,test
20260831,2026-08-31 11:54:00+09:00,38.66666666666666,0,0.0,test
20260831,2026-08-31 11:57:00+09:00,41.16666666666666,0,0.0,test
20260831,2026-08-31 12:00:00+09:00,40.833333333333336,0,0.0,test
20260831,2026-08-31 12:03:00+09:00,61.5,0,0.0,test
20260831,2026-08-31 12:06:00+09:00,65.5,0,0.0,test
20260831,2026-08-31 12:09:00+09:00,64.0,0,0.0,test
20260831,2026-08-31 12:12:00+09:00,67.0,0,0.0,test
20260831,2026-08-31 12:15:00+09:00,67.5,0,0.0,test
20260831,2026-08-31 12:18:00+09:00,69.66666666666667,0,0.0,test
20260831,2026-08-31 12:21:00+09:00,67.66666666666667,0,0.0,test
20260831,2026-08-31 12:24:00+09:00,64.5,0,0.0,test
20260831,2026-08-31 12:27:00+09:00,61.0,0,0.0,test
20260831,2026-08-31 12:30:00+09:00,57.333333333333336,0,0.0,test
20260831,2026-08-31 12:33:00+09:00,47.5,0,0.0,test
20260831,2026-08-31 12:36:00+09:00,32.666666666666664,0,0.0,test
20260831,2026-08-31 12:39:00+09:00,48.5,0,0.0,test
20260831,2026-08-31 12:42:00+09:00,45.333333333333336,0,0.0,test
20260831,2026-08-31 12:45:00+09:00,43.5,0,0.0,test
20260831,2026-08-31 12:48:00+09:00,39.5,0,0.0,test
20260831,2026-08-31 12:51:00+09:00,37.833333333333336,0,0.0,test
20260831,2026-08-31 12:54:00+09:00,39.0,0,0.0,test
20260831,2026-08-31 12:57:00+09:00,39.5,0,0.0,test
20260831,2026-08-31 13:00:00+09:00,47.833333333333336,0,0.0,test
20260831,2026-08-31 13:03:00+09:00,34.833333333333336,0,0.0,test
20260831,2026-08-31 13:06:00+09:00,32.0,0,0.0,test
20260831,2026-08-31 13:09:00+09:00,31.33333333333333,0,0.0,test
20260831,2026-08-31 13:12:00+09:00,28.666666666666668,0,0.0,test
20260831,2026-08-31 13:15:00+09:00,30.33333333333333,0,0.0,test
20260831,2026-08-31 13:18:00+09:00,35.5,0,0.0,test
20260831,2026-08-31 13:21:00+09:00,38.16666666666666,0,0.0,test
20260831,2026-08-31 13:24:00+09:00,35.166666666666664,0,0.0,test
20260831,2026-08-31 13:27:00+09:00,35.5,0,0.0,test
20260831,2026-08-31 13:30:00+09:00,38.333333333333336,0,0.0,test
20260831,2026-08-31 13:33:00+09:00,37.833333333333336,0,0.0,test
20260831,2026-08-31 13:36:00+09:00,38.66666666666666,0,0.0,test
20260831,2026-08-31 13:39:00+09:00,37.833333333333336,0,0.0,test
20260831,2026-08-31 13:42:00+09:00,44.5,0,0.0,test
20260831,2026-08-31 13:45:00+09:00,49.5,0,0.0,test
20260831,2026-08-31 13:48:00+09:00,53.5,0,0.0,test
20260831,2026-08-31 13:51:00+09:00,50.833333333333336,0,0.0,test
20260831,2026-08-31 13:54:00+09:00,58.16666666666666,0,0.0,test
20260831,2026-08-31 13:57:00+09:00,57.833333333333336,0,0.0,test
20260831,2026-08-31 14:00:00+09:00,56.333333333333336,0,0.0,test
20260831,2026-08-31 14:03:00+09:00,55.833333333333336,0,0.0,test
20260831,2026-08-31 14:06:00+09:00,56.333333333333336,0,0.0,test
20260831,2026-08-31 14:09:00+09:00,54.0,0,0.0,test
20260831,2026-08-31 14:12:00+09:00,53.5,0,0.0,test
20260831,2026-08-31 14:15:00+09:00,56.0,0,0.0,test
20260831,2026-08-31 14:18:00+09:00,54.0,0,0.0,test
20260831,2026-08-31 14:21:00+09:00,47.0,0,0.0,test
20260831,2026-08-31 14:24:00+09:00,29.83333333333333,0,0.0,test
20260831,2026-08-31 14:27:00+09:00,26.83333333333333,0,0.0,test
20260831,2026-08-31 14:30:00+09:00,26.33333333333333,0,0.0,test
20260831,2026-08-31 14:33:00+09:00,32.166666666666664,0,0.0,test
20260831,2026-08-31 14:36:00+09:00,30.0,0,0.0,test
20260831,2026-08-31 14:39:00+09:00,46.333333333333336,0,0.0,test
20260831,2026-08-31 14:42:00+09:00,28.83333333333333,0,0.0,test
20260831,2026-08-31 14:45:00+09:00,32.5,0,0.0,test
20260831,2026-08-31 14:48:00+09:00,30.166666666666668,0,0.0,test
20260831,2026-08-31 14:51:00+09:00,32.666666666666664,0,0.0,test
20260831,2026-08-31 14:54:00+09:00,32.833333333333336,0,0.0,test
20260831,2026-08-31 14:57:00+09:00,37.333333333333336,0,0.0,test
20260903,2026-09-03 09:12:00+09:00,42.66666666666666,1,-132425.0,test
20260903,2026-09-03 09:15:00+09:00,45.333333333333336,1,-132425.0,test
20260903,2026-09-03 09:18:00+09:00,63.5,0,0.0,test
20260903,2026-09-03 09:21:00+09:00,65.5,0,0.0,test
20260903,2026-09-03 09:24:00+09:00,67.66666666666667,0,0.0,test
20260903,2026-09-03 09:27:00+09:00,67.5,0,0.0,test
20260903,2026-09-03 09:30:00+09:00,68.66666666666667,0,0.0,test
20260903,2026-09-03 09:33:00+09:00,69.0,0,0.0,test
20260903,2026-09-03 09:36:00+09:00,65.5,0,0.0,test
20260903,2026-09-03 09:39:00+09:00,60.16666666666666,0,0.0,test
20260903,2026-09-03 09:42:00+09:00,58.66666666666666,0,0.0,test
20260903,2026-09-03 09:45:00+09:00,48.16666666666666,0,0.0,test
20260903,2026-09-03 09:48:00+09:00,45.16666666666666,0,0.0,test
20260903,2026-09-03 09:51:00+09:00,47.5,0,0.0,test
20260903,2026-09-03 09:54:00+09:00,48.16666666666666,0,0.0,test
20260903,2026-09-03 09:57:00+09:00,50.0,0,0.0,test
20260903,2026-09-03 10:00:00+09:00,50.333333333333336,0,0.0,test
20260903,2026-09-03 10:03:00+09:00,50.0,0,0.0,test
20260903,2026-09-03 10:06:00+09:00,47.16666666666666,0,0.0,test
20260903,2026-09-03 10:09:00+09:00,50.66666666666666,0,0.0,test
20260903,2026-09-03 10:12:00+09:00,48.0,0,0.0,test
20260903,2026-09-03 10:15:00+09:00,48.333333333333336,0,0.0,test
20260903,2026-09-03 10:18:00+09:00,43.333333333333336,0,0.0,test
20260903,2026-09-03 10:21:00+09:00,41.66666666666666,0,0.0,test
20260903,2026-09-03 10:24:00+09:00,40.333333333333336,0,0.0,test
20260903,2026-09-03 10:27:00+09:00,41.16666666666666,0,0.0,test
20260903,2026-09-03 10:30:00+09:00,37.833333333333336,1,-116897.0,test
20260903,2026-09-03 10:33:00+09:00,32.833333333333336,1,-116897.0,test
20260903,2026-09-03 10:36:00+09:00,38.16666666666666,1,-116897.0,test
20260903,2026-09-03 10:39:00+09:00,40.66666666666666,1,-116897.0,test
20260903,2026-09-03 10:42:00+09:00,43.16666666666666,1,-116897.0,test
20260903,2026-09-03 10:45:00+09:00,46.333333333333336,1,-116897.0,test
20260903,2026-09-03 10:48:00+09:00,42.16666666666666,1,-116897.0,test
20260903,2026-09-03 10:51:00+09:00,40.833333333333336,1,-116897.0,test
20260903,2026-09-03 10:54:00+09:00,41.5,1,-116897.0,test
20260903,2026-09-03 10:57:00+09:00,39.66666666666666,1,-116897.0,test
20260903,2026-09-03 11:00:00+09:00,45.0,0,0.0,test
20260903,2026-09-03 11:03:00+09:00,43.333333333333336,0,0.0,test
20260903,2026-09-03 11:06:00+09:00,36.0,0,0.0,test
20260903,2026-09-03 11:09:00+09:00,33.0,0,0.0,test
20260903,2026-09-03 11:12:00+09:00,33.333333333333336,0,0.0,test
20260903,2026-09-03 11:15:00+09:00,29.166666666666668,0,0.0,test
20260903,2026-09-03 11:18:00+09:00,38.833333333333336,0,0.0,test
20260903,2026-09-03 11:21:00+09:00,35.666666666666664,0,0.0,test
20260903,2026-09-03 11:24:00+09:00,43.5,0,0.0,test
20260903,2026-09-03 11:27:00+09:00,41.0,0,0.0,test
20260903,2026-09-03 11:30:00+09:00,39.333333333333336,0,0.0,test
20260903,2026-09-03 11:33:00+09:00,46.5,0,0.0,test
20260903,2026-09-03 11:36:00+09:00,43.833333333333336,0,0.0,test
20260903,2026-09-03 11:39:00+09:00,45.5,0,0.0,test
20260903,2026-09-03 11:42:00+09:00,46.66666666666666,0,0.0,test
20260903,2026-09-03 11:45:00+09:00,47.833333333333336,0,0.0,test
20260903,2026-09-03 11:48:00+09:00,49.833333333333336,0,0.0,test
20260903,2026-09-03 11:51:00+09:00,48.0,0,0.0,test
20260903,2026-09-03 11:54:00+09:00,49.16666666666666,0,0.0,test
20260903,2026-09-03 11:57:00+09:00,50.333333333333336,0,0.0,test
20260903,2026-09-03 12:00:00+09:00,54.0,0,0.0,test
20260903,2026-09-03 12:03:00+09:00,56.16666666666666,0,0.0,test
20260903,2026-09-03 12:06:00+09:00,59.5,0,0.0,test
20260903,2026-09-03 12:09:00+09:00,58.333333333333336,0,0.0,test
20260903,2026-09-03 12:12:00+09:00,57.16666666666666,0,0.0,test
20260903,2026-09-03 12:15:00+09:00,54.833333333333336,0,0.0,test
20260903,2026-09-03 12:18:00+09:00,54.833333333333336,0,0.0,test
20260903,2026-09-03 12:21:00+09:00,54.833333333333336,0,0.0,test
20260903,2026-09-03 12:24:00+09:00,54.833333333333336,0,0.0,test
20260903,2026-09-03 12:27:00+09:00,54.833333333333336,0,0.0,test
20260903,2026-09-03 12:30:00+09:00,54.833333333333336,0,0.0,test
20260903,2026-09-03 12:33:00+09:00,54.5,0,0.0,test
20260903,2026-09-03 12:36:00+09:00,54.0,0,0.0,test
20260903,2026-09-03 12:39:00+09:00,52.0,0,0.0,test
20260903,2026-09-03 12:42:00+09:00,38.16666666666666,0,0.0,test
20260903,2026-09-03 12:45:00+09:00,38.16666666666666,0,0.0,test
20260903,2026-09-03 12:48:00+09:00,38.16666666666666,0,0.0,test
20260903,2026-09-03 12:51:00+09:00,38.16666666666666,0,0.0,test
20260903,2026-09-03 12:54:00+09:00,38.16666666666666,0,0.0,test
20260903,2026-09-03 12:57:00+09:00,38.16666666666666,0,0.0,test
20260903,2026-09-03 13:00:00+09:00,38.16666666666666,0,0.0,test
20260903,2026-09-03 13:03:00+09:00,38.16666666666666,0,0.0,test
20260903,2026-09-03 13:06:00+09:00,38.16666666666666,0,0.0,test
20260903,2026-09-03 13:09:00+09:00,38.16666666666666,0,0.0,test
20260903,2026-09-03 13:12:00+09:00,38.16666666666666,0,0.0,test
20260903,2026-09-03 13:15:00+09:00,38.16666666666666,0,0.0,test
20260903,2026-09-03 13:18:00+09:00,38.16666666666666,0,0.0,test
20260903,2026-09-03 13:21:00+09:00,38.16666666666666,0,0.0,test
20260903,2026-09-03 13:24:00+09:00,38.16666666666666,0,0.0,test
20260903,2026-09-03 13:27:00+09:00,38.16666666666666,0,0.0,test
20260903,2026-09-03 13:30:00+09:00,38.16666666666666,0,0.0,test
20260903,2026-09-03 13:33:00+09:00,38.16666666666666,0,0.0,test
20260903,2026-09-03 13:36:00+09:00,38.16666666666666,0,0.0,test
20260903,2026-09-03 13:39:00+09:00,38.16666666666666,0,0.0,test
20260903,2026-09-03 13:42:00+09:00,38.16666666666666,0,0.0,test
20260903,2026-09-03 13:45:00+09:00,38.16666666666666,0,0.0,test
20260903,2026-09-03 13:48:00+09:00,38.16666666666666,0,0.0,test
20260903,2026-09-03 13:51:00+09:00,38.16666666666666,0,0.0,test
20260903,2026-09-03 13:54:00+09:00,38.16666666666666,0,0.0,test
20260903,2026-09-03 13:57:00+09:00,38.16666666666666,0,0.0,test
20260903,2026-09-03 14:00:00+09:00,38.16666666666666,0,0.0,test
20260903,2026-09-03 14:03:00+09:00,38.16666666666666,0,0.0,test
20260903,2026-09-03 14:06:00+09:00,38.16666666666666,0,0.0,test
20260903,2026-09-03 14:09:00+09:00,38.16666666666666,0,0.0,test
20260903,2026-09-03 14:12:00+09:00,38.16666666666666,0,0.0,test
20260903,2026-09-03 14:15:00+09:00,38.16666666666666,0,0.0,test
20260903,2026-09-03 14:18:00+09:00,38.16666666666666,0,0.0,test
20260903,2026-09-03 14:21:00+09:00,38.16666666666666,0,0.0,test
20260903,2026-09-03 14:24:00+09:00,38.16666666666666,0,0.0,test
20260903,2026-09-03 14:27:00+09:00,38.16666666666666,0,0.0,test
20260903,2026-09-03 14:30:00+09:00,38.16666666666666,0,0.0,test
20260903,2026-09-03 14:33:00+09:00,38.16666666666666,0,0.0,test
20260903,2026-09-03 14:36:00+09:00,38.16666666666666,0,0.0,test
20260903,2026-09-03 14:39:00+09:00,38.16666666666666,0,0.0,test
20260903,2026-09-03 14:42:00+09:00,38.16666666666666,0,0.0,test
20260903,2026-09-03 14:45:00+09:00,38.16666666666666,0,0.0,test
20260903,2026-09-03 14:48:00+09:00,38.16666666666666,0,0.0,test
20260903,2026-09-03 14:51:00+09:00,38.16666666666666,0,0.0,test
20260903,2026-09-03 14:54:00+09:00,38.16666666666666,0,0.0,test
20260903,2026-09-03 14:57:00+09:00,38.16666666666666,0,0.0,test
20260904,2026-09-04 09:12:00+09:00,55.0,0,0.0,test
20260904,2026-09-04 09:15:00+09:00,55.66666666666666,0,0.0,test
20260904,2026-09-04 09:18:00+09:00,45.5,0,0.0,test
20260904,2026-09-04 09:21:00+09:00,58.5,0,0.0,test
20260904,2026-09-04 09:24:00+09:00,58.16666666666666,0,0.0,test
20260904,2026-09-04 09:27:00+09:00,56.66666666666666,0,0.0,test
20260904,2026-09-04 09:30:00+09:00,54.833333333333336,0,0.0,test
20260904,2026-09-04 09:33:00+09:00,33.166666666666664,1,-99316.0,test
20260904,2026-09-04 09:36:00+09:00,33.0,1,-99316.0,test
20260904,2026-09-04 09:39:00+09:00,32.166666666666664,1,-99316.0,test
20260904,2026-09-04 09:42:00+09:00,33.5,1,-99316.0,test
20260904,2026-09-04 09:45:00+09:00,31.33333333333333,1,-99316.0,test
20260904,2026-09-04 09:48:00+09:00,26.83333333333333,1,-99316.0,test
20260904,2026-09-04 09:51:00+09:00,27.666666666666668,1,-99316.0,test
20260904,2026-09-04 09:54:00+09:00,15.0,1,-99316.0,test
20260904,2026-09-04 09:57:00+09:00,28.0,1,-99316.0,test
20260904,2026-09-04 10:00:00+09:00,23.166666666666668,1,-99316.0,test
20260904,2026-09-04 10:03:00+09:00,27.33333333333333,0,0.0,test
20260904,2026-09-04 10:06:00+09:00,31.0,0,0.0,test
20260904,2026-09-04 10:09:00+09:00,34.666666666666664,0,0.0,test
20260904,2026-09-04 10:12:00+09:00,34.0,0,0.0,test
20260904,2026-09-04 10:15:00+09:00,34.833333333333336,0,0.0,test
20260904,2026-09-04 10:18:00+09:00,37.5,0,0.0,test
20260904,2026-09-04 10:21:00+09:00,35.666666666666664,0,0.0,test
20260904,2026-09-04 10:24:00+09:00,37.16666666666666,0,0.0,test
20260904,2026-09-04 10:27:00+09:00,36.66666666666666,0,0.0,test
20260904,2026-09-04 10:30:00+09:00,36.5,0,0.0,test
20260904,2026-09-04 10:33:00+09:00,35.0,0,0.0,test
20260904,2026-09-04 10:36:00+09:00,36.0,0,0.0,test
20260904,2026-09-04 10:39:00+09:00,35.166666666666664,0,0.0,test
20260904,2026-09-04 10:42:00+09:00,33.5,0,0.0,test
20260904,2026-09-04 10:45:00+09:00,40.333333333333336,0,0.0,test
20260904,2026-09-04 10:48:00+09:00,37.5,1,-100476.0,test
20260904,2026-09-04 10:51:00+09:00,43.0,1,-100476.0,test
20260904,2026-09-04 10:54:00+09:00,43.0,1,-100476.0,test
20260904,2026-09-04 10:57:00+09:00,40.66666666666666,1,-100476.0,test
20260904,2026-09-04 11:00:00+09:00,41.833333333333336,1,-100476.0,test
20260904,2026-09-04 11:03:00+09:00,40.66666666666666,1,-100476.0,test
20260904,2026-09-04 11:06:00+09:00,39.0,1,-100476.0,test
20260904,2026-09-04 11:09:00+09:00,36.66666666666666,1,-100476.0,test
20260904,2026-09-04 11:12:00+09:00,28.666666666666668,2,-154352.0,test
20260904,2026-09-04 11:15:00+09:00,32.333333333333336,2,-154352.0,test
20260904,2026-09-04 11:18:00+09:00,33.666666666666664,1,-53876.0,test
20260904,2026-09-04 11:21:00+09:00,24.166666666666668,1,-53876.0,test
20260904,2026-09-04 11:24:00+09:00,23.83333333333333,1,-53876.0,test
20260904,2026-09-04 11:27:00+09:00,14.333333333333334,1,-53876.0,test
20260904,2026-09-04 11:30:00+09:00,21.666666666666668,1,-53876.0,test
20260904,2026-09-04 11:33:00+09:00,25.166666666666668,1,-53876.0,test
20260904,2026-09-04 11:36:00+09:00,30.33333333333333,1,-53876.0,test
20260904,2026-09-04 11:39:00+09:00,32.0,1,-53876.0,test
20260904,2026-09-04 11:42:00+09:00,42.16666666666666,0,0.0,test
20260904,2026-09-04 11:45:00+09:00,36.66666666666666,0,0.0,test
20260904,2026-09-04 11:48:00+09:00,40.16666666666666,0,0.0,test
20260904,2026-09-04 11:51:00+09:00,43.0,0,0.0,test
20260904,2026-09-04 11:54:00+09:00,45.333333333333336,0,0.0,test
20260904,2026-09-04 11:57:00+09:00,50.16666666666666,0,0.0,test
20260904,2026-09-04 12:00:00+09:00,50.333333333333336,0,0.0,test
20260904,2026-09-04 12:03:00+09:00,55.16666666666666,0,0.0,test
20260904,2026-09-04 12:06:00+09:00,50.5,0,0.0,test
20260904,2026-09-04 12:09:00+09:00,49.5,0,0.0,test
20260904,2026-09-04 12:12:00+09:00,49.0,0,0.0,test
20260904,2026-09-04 12:15:00+09:00,48.5,0,0.0,test
20260904,2026-09-04 12:18:00+09:00,42.16666666666666,0,0.0,test
20260904,2026-09-04 12:21:00+09:00,32.833333333333336,0,0.0,test
20260904,2026-09-04 12:24:00+09:00,39.833333333333336,0,0.0,test
20260904,2026-09-04 12:27:00+09:00,39.0,0,0.0,test
20260904,2026-09-04 12:30:00+09:00,39.66666666666666,0,0.0,test
20260904,2026-09-04 12:33:00+09:00,35.166666666666664,0,0.0,test
20260904,2026-09-04 12:36:00+09:00,33.333333333333336,0,0.0,test
20260904,2026-09-04 12:39:00+09:00,43.833333333333336,0,0.0,test
20260904,2026-09-04 12:42:00+09:00,38.66666666666666,0,0.0,test
20260904,2026-09-04 12:45:00+09:00,43.5,0,0.0,test
20260904,2026-09-04 12:48:00+09:00,45.5,0,0.0,test
20260904,2026-09-04 12:51:00+09:00,47.333333333333336,0,0.0,test
20260904,2026-09-04 12:54:00+09:00,38.16666666666666,0,0.0,test
20260904,2026-09-04 12:57:00+09:00,42.16666666666666,0,0.0,test
20260904,2026-09-04 13:00:00+09:00,48.333333333333336,0,0.0,test
20260904,2026-09-04 13:03:00+09:00,45.833333333333336,0,0.0,test
20260904,2026-09-04 13:06:00+09:00,42.66666666666666,0,0.0,test
20260904,2026-09-04 13:09:00+09:00,31.83333333333333,0,0.0,test
20260904,2026-09-04 13:12:00+09:00,31.83333333333333,0,0.0,test
20260904,2026-09-04 13:15:00+09:00,44.833333333333336,0,0.0,test
20260904,2026-09-04 13:18:00+09:00,45.0,0,0.0,test
20260904,2026-09-04 13:21:00+09:00,45.333333333333336,0,0.0,test
20260904,2026-09-04 13:24:00+09:00,43.66666666666666,0,0.0,test
20260904,2026-09-04 13:27:00+09:00,42.333333333333336,0,0.0,test
20260904,2026-09-04 13:30:00+09:00,47.16666666666666,0,0.0,test
20260904,2026-09-04 13:33:00+09:00,46.5,0,0.0,test
20260904,2026-09-04 13:36:00+09:00,47.0,0,0.0,test
20260904,2026-09-04 13:39:00+09:00,52.5,0,0.0,test
20260904,2026-09-04 13:42:00+09:00,54.0,0,0.0,test
20260904,2026-09-04 13:45:00+09:00,36.333333333333336,0,0.0,test
20260904,2026-09-04 13:48:00+09:00,23.5,0,0.0,test
20260904,2026-09-04 13:51:00+09:00,26.33333333333333,0,0.0,test
20260904,2026-09-04 13:54:00+09:00,24.166666666666668,0,0.0,test
20260904,2026-09-04 13:57:00+09:00,23.33333333333333,0,0.0,test
20260904,2026-09-04 14:00:00+09:00,26.83333333333333,0,0.0,test
20260904,2026-09-04 14:03:00+09:00,46.333333333333336,0,0.0,test
20260904,2026-09-04 14:06:00+09:00,45.0,0,0.0,test
20260904,2026-09-04 14:09:00+09:00,45.833333333333336,0,0.0,test
20260904,2026-09-04 14:12:00+09:00,45.333333333333336,0,0.0,test
20260904,2026-09-04 14:15:00+09:00,58.333333333333336,0,0.0,test
20260904,2026-09-04 14:18:00+09:00,59.5,0,0.0,test
20260904,2026-09-04 14:21:00+09:00,57.333333333333336,0,0.0,test
20260904,2026-09-04 14:24:00+09:00,58.5,0,0.0,test
20260904,2026-09-04 14:27:00+09:00,60.66666666666666,0,0.0,test
20260904,2026-09-04 14:30:00+09:00,63.333333333333336,0,0.0,test
20260904,2026-09-04 14:33:00+09:00,55.5,0,0.0,test
20260904,2026-09-04 14:36:00+09:00,57.333333333333336,0,0.0,test
20260904,2026-09-04 14:39:00+09:00,49.333333333333336,0,0.0,test
20260904,2026-09-04 14:42:00+09:00,55.16666666666666,0,0.0,test
20260904,2026-09-04 14:45:00+09:00,54.333333333333336,0,0.0,test
20260904,2026-09-04 14:48:00+09:00,48.333333333333336,0,0.0,test
20260904,2026-09-04 14:51:00+09:00,58.5,0,0.0,test
20260904,2026-09-04 14:54:00+09:00,57.16666666666666,0,0.0,test
20260904,2026-09-04 14:57:00+09:00,53.16666666666666,0,0.0,test
20260907,2026-09-07 09:12:00+09:00,49.333333333333336,1,19019.0,test
20260907,2026-09-07 09:15:00+09:00,40.5,1,19019.0,test
20260907,2026-09-07 09:18:00+09:00,40.833333333333336,1,19019.0,test
20260907,2026-09-07 09:21:00+09:00,65.0,0,0.0,test
20260907,2026-09-07 09:24:00+09:00,64.33333333333333,0,0.0,test
20260907,2026-09-07 09:27:00+09:00,65.0,0,0.0,test
20260907,2026-09-07 09:30:00+09:00,67.66666666666667,0,0.0,test
20260907,2026-09-07 09:33:00+09:00,51.5,0,0.0,test
20260907,2026-09-07 09:36:00+09:00,49.0,0,0.0,test
20260907,2026-09-07 09:39:00+09:00,45.66666666666666,0,0.0,test
20260907,2026-09-07 09:42:00+09:00,46.16666666666666,0,0.0,test
20260907,2026-09-07 09:45:00+09:00,45.333333333333336,0,0.0,test
20260907,2026-09-07 09:48:00+09:00,49.0,0,0.0,test
20260907,2026-09-07 09:51:00+09:00,42.333333333333336,0,0.0,test
20260907,2026-09-07 09:54:00+09:00,47.833333333333336,0,0.0,test
20260907,2026-09-07 09:57:00+09:00,47.833333333333336,0,0.0,test
20260907,2026-09-07 10:00:00+09:00,43.333333333333336,0,0.0,test
20260907,2026-09-07 10:03:00+09:00,46.16666666666666,0,0.0,test
20260907,2026-09-07 10:06:00+09:00,35.333333333333336,0,0.0,test
20260907,2026-09-07 10:09:00+09:00,34.5,0,0.0,test
20260907,2026-09-07 10:12:00+09:00,35.5,0,0.0,test
20260907,2026-09-07 10:15:00+09:00,34.0,0,0.0,test
20260907,2026-09-07 10:18:00+09:00,32.333333333333336,0,0.0,test
20260907,2026-09-07 10:21:00+09:00,32.0,0,0.0,test
20260907,2026-09-07 10:24:00+09:00,37.833333333333336,0,0.0,test
20260907,2026-09-07 10:27:00+09:00,37.66666666666666,0,0.0,test
20260907,2026-09-07 10:30:00+09:00,33.333333333333336,0,0.0,test
20260907,2026-09-07 10:33:00+09:00,42.5,0,0.0,test
20260907,2026-09-07 10:36:00+09:00,40.833333333333336,0,0.0,test
20260907,2026-09-07 10:39:00+09:00,39.833333333333336,0,0.0,test
20260907,2026-09-07 10:42:00+09:00,37.16666666666666,0,0.0,test
20260907,2026-09-07 10:45:00+09:00,34.833333333333336,0,0.0,test
20260907,2026-09-07 10:48:00+09:00,35.666666666666664,0,0.0,test
20260907,2026-09-07 10:51:00+09:00,38.333333333333336,0,0.0,test
20260907,2026-09-07 10:54:00+09:00,36.66666666666666,0,0.0,test
20260907,2026-09-07 10:57:00+09:00,31.666666666666668,0,0.0,test
20260907,2026-09-07 11:00:00+09:00,33.666666666666664,0,0.0,test
20260907,2026-09-07 11:03:00+09:00,30.5,1,290100.0,test
20260907,2026-09-07 11:06:00+09:00,29.5,1,290100.0,test
20260907,2026-09-07 11:09:00+09:00,31.5,1,290100.0,test
20260907,2026-09-07 11:12:00+09:00,33.166666666666664,1,290100.0,test
20260907,2026-09-07 11:15:00+09:00,32.833333333333336,1,290100.0,test
20260907,2026-09-07 11:18:00+09:00,32.833333333333336,1,290100.0,test
20260907,2026-09-07 11:21:00+09:00,34.0,1,290100.0,test
20260907,2026-09-07 11:24:00+09:00,34.0,1,290100.0,test
20260907,2026-09-07 11:27:00+09:00,32.0,1,290100.0,test
20260907,2026-09-07 11:30:00+09:00,31.666666666666668,1,290100.0,test
20260907,2026-09-07 11:33:00+09:00,41.833333333333336,0,0.0,test
20260907,2026-09-07 11:36:00+09:00,42.333333333333336,0,0.0,test
20260907,2026-09-07 11:39:00+09:00,43.5,0,0.0,test
20260907,2026-09-07 11:42:00+09:00,39.0,0,0.0,test
20260907,2026-09-07 11:45:00+09:00,39.333333333333336,0,0.0,test
20260907,2026-09-07 11:48:00+09:00,36.333333333333336,0,0.0,test
20260907,2026-09-07 11:51:00+09:00,32.833333333333336,0,0.0,test
20260907,2026-09-07 11:54:00+09:00,30.0,0,0.0,test
20260907,2026-09-07 11:57:00+09:00,27.166666666666668,0,0.0,test
20260907,2026-09-07 12:00:00+09:00,22.666666666666668,0,0.0,test
20260907,2026-09-07 12:03:00+09:00,20.5,0,0.0,test
20260907,2026-09-07 12:06:00+09:00,20.0,0,0.0,test
20260907,2026-09-07 12:09:00+09:00,15.0,0,0.0,test
20260907,2026-09-07 12:12:00+09:00,13.833333333333334,0,0.0,test
20260907,2026-09-07 12:15:00+09:00,16.0,0,0.0,test
20260907,2026-09-07 12:18:00+09:00,15.333333333333334,0,0.0,test
20260907,2026-09-07 12:21:00+09:00,12.0,0,0.0,test
20260907,2026-09-07 12:24:00+09:00,12.166666666666666,0,0.0,test
20260907,2026-09-07 12:27:00+09:00,17.333333333333332,0,0.0,test
20260907,2026-09-07 12:30:00+09:00,14.5,0,0.0,test
20260907,2026-09-07 12:33:00+09:00,11.5,0,0.0,test
20260907,2026-09-07 12:36:00+09:00,15.0,0,0.0,test
20260907,2026-09-07 12:39:00+09:00,23.166666666666668,0,0.0,test
20260907,2026-09-07 12:42:00+09:00,22.166666666666668,0,0.0,test
20260907,2026-09-07 12:45:00+09:00,22.33333333333333,0,0.0,test
20260907,2026-09-07 12:48:00+09:00,25.83333333333333,0,0.0,test
20260907,2026-09-07 12:51:00+09:00,26.33333333333333,0,0.0,test
20260907,2026-09-07 12:54:00+09:00,26.33333333333333,0,0.0,test
20260907,2026-09-07 12:57:00+09:00,24.0,0,0.0,test
20260907,2026-09-07 13:00:00+09:00,35.5,0,0.0,test
20260907,2026-09-07 13:03:00+09:00,34.166666666666664,0,0.0,test
20260907,2026-09-07 13:06:00+09:00,42.5,0,0.0,test
20260907,2026-09-07 13:09:00+09:00,43.66666666666666,0,0.0,test
20260907,2026-09-07 13:12:00+09:00,45.16666666666666,0,0.0,test
20260907,2026-09-07 13:15:00+09:00,39.0,0,0.0,test
20260907,2026-09-07 13:18:00+09:00,40.333333333333336,0,0.0,test
20260907,2026-09-07 13:21:00+09:00,44.0,0,0.0,test
20260907,2026-09-07 13:24:00+09:00,45.16666666666666,0,0.0,test
20260907,2026-09-07 13:27:00+09:00,43.66666666666666,0,0.0,test
20260907,2026-09-07 13:30:00+09:00,45.5,0,0.0,test
20260907,2026-09-07 13:33:00+09:00,45.0,0,0.0,test
20260907,2026-09-07 13:36:00+09:00,45.16666666666666,0,0.0,test
20260907,2026-09-07 13:39:00+09:00,53.0,0,0.0,test
20260907,2026-09-07 13:42:00+09:00,37.833333333333336,0,0.0,test
20260907,2026-09-07 13:45:00+09:00,37.5,0,0.0,test
20260907,2026-09-07 13:48:00+09:00,30.166666666666668,0,0.0,test
20260907,2026-09-07 13:51:00+09:00,30.666666666666668,0,0.0,test
20260907,2026-09-07 13:54:00+09:00,26.666666666666668,0,0.0,test
20260907,2026-09-07 13:57:00+09:00,30.5,0,0.0,test
20260907,2026-09-07 14:00:00+09:00,36.66666666666666,0,0.0,test
20260907,2026-09-07 14:03:00+09:00,32.166666666666664,0,0.0,test
20260907,2026-09-07 14:06:00+09:00,32.833333333333336,0,0.0,test
20260907,2026-09-07 14:09:00+09:00,40.0,0,0.0,test
20260907,2026-09-07 14:12:00+09:00,43.0,0,0.0,test
20260907,2026-09-07 14:15:00+09:00,41.333333333333336,0,0.0,test
20260907,2026-09-07 14:18:00+09:00,43.333333333333336,0,0.0,test
20260907,2026-09-07 14:21:00+09:00,40.16666666666666,0,0.0,test
20260907,2026-09-07 14:24:00+09:00,46.333333333333336,0,0.0,test
20260907,2026-09-07 14:27:00+09:00,46.0,0,0.0,test
20260907,2026-09-07 14:30:00+09:00,41.333333333333336,0,0.0,test
20260907,2026-09-07 14:33:00+09:00,39.5,0,0.0,test
20260907,2026-09-07 14:36:00+09:00,43.833333333333336,0,0.0,test
20260907,2026-09-07 14:39:00+09:00,36.833333333333336,0,0.0,test
20260907,2026-09-07 14:42:00+09:00,34.166666666666664,0,0.0,test
20260907,2026-09-07 14:45:00+09:00,32.666666666666664,0,0.0,test
20260907,2026-09-07 14:48:00+09:00,30.666666666666668,0,0.0,test
20260907,2026-09-07 14:51:00+09:00,32.833333333333336,0,0.0,test
20260907,2026-09-07 14:54:00+09:00,32.833333333333336,0,0.0,test
20260907,2026-09-07 14:57:00+09:00,33.5,0,0.0,test
20260908,2026-09-08 09:12:00+09:00,66.5,1,255802.0,test
20260908,2026-09-08 09:15:00+09:00,76.33333333333333,0,0.0,test
20260908,2026-09-08 09:18:00+09:00,81.16666666666667,0,0.0,test
20260908,2026-09-08 09:21:00+09:00,82.83333333333333,0,0.0,test
20260908,2026-09-08 09:24:00+09:00,84.16666666666667,0,0.0,test
20260908,2026-09-08 09:27:00+09:00,84.16666666666667,0,0.0,test
20260908,2026-09-08 09:30:00+09:00,79.16666666666667,0,0.0,test
20260908,2026-09-08 09:33:00+09:00,75.33333333333333,0,0.0,test
20260908,2026-09-08 09:36:00+09:00,75.33333333333333,0,0.0,test
20260908,2026-09-08 09:39:00+09:00,79.0,0,0.0,test
20260908,2026-09-08 09:42:00+09:00,79.5,1,-46258.0,test
20260908,2026-09-08 09:45:00+09:00,62.5,1,-46258.0,test
20260908,2026-09-08 09:48:00+09:00,50.5,1,-46258.0,test
20260908,2026-09-08 09:51:00+09:00,50.16666666666666,1,-46258.0,test
20260908,2026-09-08 09:54:00+09:00,50.16666666666666,1,-46258.0,test
20260908,2026-09-08 09:57:00+09:00,52.5,1,-46258.0,test
20260908,2026-09-08 10:00:00+09:00,55.5,1,-46258.0,test
20260908,2026-09-08 10:03:00+09:00,57.333333333333336,1,-46258.0,test
20260908,2026-09-08 10:06:00+09:00,56.5,1,-46258.0,test
20260908,2026-09-08 10:09:00+09:00,39.833333333333336,1,-46258.0,test
20260908,2026-09-08 10:12:00+09:00,58.16666666666666,0,0.0,test
20260908,2026-09-08 10:15:00+09:00,40.833333333333336,0,0.0,test
20260908,2026-09-08 10:18:00+09:00,40.833333333333336,0,0.0,test
20260908,2026-09-08 10:21:00+09:00,43.66666666666666,0,0.0,test
20260908,2026-09-08 10:24:00+09:00,51.5,0,0.0,test
20260908,2026-09-08 10:27:00+09:00,42.0,0,0.0,test
20260908,2026-09-08 10:30:00+09:00,40.66666666666666,0,0.0,test
20260908,2026-09-08 10:33:00+09:00,37.333333333333336,0,0.0,test
20260908,2026-09-08 10:36:00+09:00,38.5,0,0.0,test
20260908,2026-09-08 10:39:00+09:00,37.16666666666666,0,0.0,test
20260908,2026-09-08 10:42:00+09:00,33.5,0,0.0,test
20260908,2026-09-08 10:45:00+09:00,38.833333333333336,0,0.0,test
20260908,2026-09-08 10:48:00+09:00,44.5,0,0.0,test
20260908,2026-09-08 10:51:00+09:00,41.5,0,0.0,test
20260908,2026-09-08 10:54:00+09:00,34.166666666666664,0,0.0,test
20260908,2026-09-08 10:57:00+09:00,34.5,0,0.0,test
20260908,2026-09-08 11:00:00+09:00,33.333333333333336,0,0.0,test
20260908,2026-09-08 11:03:00+09:00,36.833333333333336,0,0.0,test
20260908,2026-09-08 11:06:00+09:00,32.833333333333336,0,0.0,test
20260908,2026-09-08 11:09:00+09:00,33.166666666666664,0,0.0,test
20260908,2026-09-08 11:12:00+09:00,34.5,0,0.0,test
20260908,2026-09-08 11:15:00+09:00,32.833333333333336,0,0.0,test
20260908,2026-09-08 11:18:00+09:00,32.333333333333336,0,0.0,test
20260908,2026-09-08 11:21:00+09:00,33.5,0,0.0,test
20260908,2026-09-08 11:24:00+09:00,35.5,0,0.0,test
20260908,2026-09-08 11:27:00+09:00,33.333333333333336,0,0.0,test
20260908,2026-09-08 11:30:00+09:00,30.83333333333333,0,0.0,test
20260908,2026-09-08 11:33:00+09:00,32.833333333333336,0,0.0,test
20260908,2026-09-08 11:36:00+09:00,28.166666666666668,0,0.0,test
20260908,2026-09-08 11:39:00+09:00,32.0,0,0.0,test
20260908,2026-09-08 11:42:00+09:00,29.33333333333333,0,0.0,test
20260908,2026-09-08 11:45:00+09:00,30.83333333333333,0,0.0,test
20260908,2026-09-08 11:48:00+09:00,28.33333333333333,1,99516.0,test
20260908,2026-09-08 11:51:00+09:00,26.666666666666668,1,99516.0,test
20260908,2026-09-08 11:54:00+09:00,27.83333333333333,1,99516.0,test
20260908,2026-09-08 11:57:00+09:00,29.666666666666668,1,99516.0,test
20260908,2026-09-08 12:00:00+09:00,31.166666666666668,1,99516.0,test
20260908,2026-09-08 12:03:00+09:00,30.0,1,99516.0,test
20260908,2026-09-08 12:06:00+09:00,31.0,1,99516.0,test
20260908,2026-09-08 12:09:00+09:00,30.0,1,99516.0,test
20260908,2026-09-08 12:12:00+09:00,32.833333333333336,1,99516.0,test
20260908,2026-09-08 12:15:00+09:00,35.5,1,99516.0,test
20260908,2026-09-08 12:18:00+09:00,35.666666666666664,0,0.0,test
20260908,2026-09-08 12:21:00+09:00,34.833333333333336,0,0.0,test
20260908,2026-09-08 12:24:00+09:00,34.666666666666664,0,0.0,test
20260908,2026-09-08 12:27:00+09:00,25.83333333333333,0,0.0,test
20260908,2026-09-08 12:30:00+09:00,30.666666666666668,0,0.0,test
20260908,2026-09-08 12:33:00+09:00,31.83333333333333,0,0.0,test
20260908,2026-09-08 12:36:00+09:00,30.33333333333333,0,0.0,test
20260908,2026-09-08 12:39:00+09:00,30.166666666666668,0,0.0,test
20260908,2026-09-08 12:42:00+09:00,26.166666666666668,0,0.0,test
20260908,2026-09-08 12:45:00+09:00,23.83333333333333,0,0.0,test
20260908,2026-09-08 12:48:00+09:00,18.5,0,0.0,test
20260908,2026-09-08 12:51:00+09:00,20.5,0,0.0,test
20260908,2026-09-08 12:54:00+09:00,27.5,0,0.0,test
20260908,2026-09-08 12:57:00+09:00,24.666666666666668,0,0.0,test
20260908,2026-09-08 13:00:00+09:00,16.666666666666668,0,0.0,test
20260908,2026-09-08 13:03:00+09:00,25.166666666666668,0,0.0,test
20260908,2026-09-08 13:06:00+09:00,24.33333333333333,0,0.0,test
20260908,2026-09-08 13:09:00+09:00,23.666666666666668,0,0.0,test
20260908,2026-09-08 13:12:00+09:00,28.33333333333333,0,0.0,test
20260908,2026-09-08 13:15:00+09:00,41.5,0,0.0,test
20260908,2026-09-08 13:18:00+09:00,33.166666666666664,0,0.0,test
20260908,2026-09-08 13:21:00+09:00,33.166666666666664,0,0.0,test
20260908,2026-09-08 13:24:00+09:00,33.0,0,0.0,test
20260908,2026-09-08 13:27:00+09:00,33.666666666666664,0,0.0,test
20260908,2026-09-08 13:30:00+09:00,29.83333333333333,0,0.0,test
20260908,2026-09-08 13:33:00+09:00,31.83333333333333,0,0.0,test
20260908,2026-09-08 13:36:00+09:00,37.833333333333336,0,0.0,test
20260908,2026-09-08 13:39:00+09:00,44.0,0,0.0,test
20260908,2026-09-08 13:42:00+09:00,41.5,0,0.0,test
20260908,2026-09-08 13:45:00+09:00,44.333333333333336,0,0.0,test
20260908,2026-09-08 13:48:00+09:00,47.0,0,0.0,test
20260908,2026-09-08 13:51:00+09:00,39.66666666666666,0,0.0,test
20260908,2026-09-08 13:54:00+09:00,46.333333333333336,0,0.0,test
20260908,2026-09-08 13:57:00+09:00,49.5,0,0.0,test
20260908,2026-09-08 14:00:00+09:00,49.333333333333336,0,0.0,test
20260908,2026-09-08 14:03:00+09:00,49.66666666666666,0,0.0,test
20260908,2026-09-08 14:06:00+09:00,49.333333333333336,0,0.0,test
20260908,2026-09-08 14:09:00+09:00,55.0,0,0.0,test
20260908,2026-09-08 14:12:00+09:00,57.16666666666666,0,0.0,test
20260908,2026-09-08 14:15:00+09:00,56.833333333333336,0,0.0,test
20260908,2026-09-08 14:18:00+09:00,48.16666666666666,0,0.0,test
20260908,2026-09-08 14:21:00+09:00,47.333333333333336,0,0.0,test
20260908,2026-09-08 14:24:00+09:00,46.0,0,0.0,test
20260908,2026-09-08 14:27:00+09:00,41.16666666666666,0,0.0,test
20260908,2026-09-08 14:30:00+09:00,42.833333333333336,0,0.0,test
20260908,2026-09-08 14:33:00+09:00,40.0,0,0.0,test
20260908,2026-09-08 14:36:00+09:00,39.66666666666666,0,0.0,test
20260908,2026-09-08 14:39:00+09:00,42.16666666666666,0,0.0,test
20260908,2026-09-08 14:42:00+09:00,44.0,0,0.0,test
20260908,2026-09-08 14:45:00+09:00,41.0,0,0.0,test
20260908,2026-09-08 14:48:00+09:00,41.66666666666666,0,0.0,test
20260908,2026-09-08 14:51:00+09:00,37.5,0,0.0,test
20260908,2026-09-08 14:54:00+09:00,51.66666666666666,0,0.0,test
20260908,2026-09-08 14:57:00+09:00,50.333333333333336,0,0.0,test
20260909,2026-09-09 09:12:00+09:00,47.0,1,470964.0,test
20260909,2026-09-09 09:15:00+09:00,46.16666666666666,0,0.0,test
20260909,2026-09-09 09:18:00+09:00,48.16666666666666,0,0.0,test
20260909,2026-09-09 09:21:00+09:00,57.66666666666666,0,0.0,test
20260909,2026-09-09 09:24:00+09:00,57.16666666666666,0,0.0,test
20260909,2026-09-09 09:27:00+09:00,61.833333333333336,0,0.0,test
20260909,2026-09-09 09:30:00+09:00,63.0,0,0.0,test
20260909,2026-09-09 09:33:00+09:00,55.5,0,0.0,test
20260909,2026-09-09 09:36:00+09:00,54.16666666666666,0,0.0,test
20260909,2026-09-09 09:39:00+09:00,56.0,0,0.0,test
20260909,2026-09-09 09:42:00+09:00,49.16666666666666,0,0.0,test
20260909,2026-09-09 09:45:00+09:00,41.66666666666666,0,0.0,test
20260909,2026-09-09 09:48:00+09:00,44.833333333333336,0,0.0,test
20260909,2026-09-09 09:51:00+09:00,45.333333333333336,0,0.0,test
20260909,2026-09-09 09:54:00+09:00,44.5,0,0.0,test
20260909,2026-09-09 09:57:00+09:00,49.833333333333336,0,0.0,test
20260909,2026-09-09 10:00:00+09:00,49.833333333333336,0,0.0,test
20260909,2026-09-09 10:03:00+09:00,50.16666666666666,0,0.0,test
20260909,2026-09-09 10:06:00+09:00,50.66666666666666,0,0.0,test
20260909,2026-09-09 10:09:00+09:00,39.16666666666666,0,0.0,test
20260909,2026-09-09 10:12:00+09:00,40.16666666666666,0,0.0,test
20260909,2026-09-09 10:15:00+09:00,29.166666666666668,0,0.0,test
20260909,2026-09-09 10:18:00+09:00,24.166666666666668,0,0.0,test
20260909,2026-09-09 10:21:00+09:00,25.5,0,0.0,test
20260909,2026-09-09 10:24:00+09:00,32.0,0,0.0,test
20260909,2026-09-09 10:27:00+09:00,26.33333333333333,0,0.0,test
20260909,2026-09-09 10:30:00+09:00,29.5,0,0.0,test
20260909,2026-09-09 10:33:00+09:00,30.5,0,0.0,test
20260909,2026-09-09 10:36:00+09:00,31.666666666666668,0,0.0,test
20260909,2026-09-09 10:39:00+09:00,34.5,0,0.0,test
20260909,2026-09-09 10:42:00+09:00,34.666666666666664,0,0.0,test
20260909,2026-09-09 10:45:00+09:00,33.833333333333336,0,0.0,test
20260909,2026-09-09 10:48:00+09:00,40.66666666666666,0,0.0,test
20260909,2026-09-09 10:51:00+09:00,43.16666666666666,0,0.0,test
20260909,2026-09-09 10:54:00+09:00,47.16666666666666,0,0.0,test
20260909,2026-09-09 10:57:00+09:00,49.5,0,0.0,test
20260909,2026-09-09 11:00:00+09:00,54.0,0,0.0,test
20260909,2026-09-09 11:03:00+09:00,49.16666666666666,0,0.0,test
20260909,2026-09-09 11:06:00+09:00,48.0,0,0.0,test
20260909,2026-09-09 11:09:00+09:00,48.66666666666666,0,0.0,test
20260909,2026-09-09 11:12:00+09:00,52.0,0,0.0,test
20260909,2026-09-09 11:15:00+09:00,49.16666666666666,0,0.0,test
20260909,2026-09-09 11:18:00+09:00,46.0,0,0.0,test
20260909,2026-09-09 11:21:00+09:00,43.833333333333336,0,0.0,test
20260909,2026-09-09 11:24:00+09:00,33.0,0,0.0,test
20260909,2026-09-09 11:27:00+09:00,42.66666666666666,0,0.0,test
20260909,2026-09-09 11:30:00+09:00,41.833333333333336,0,0.0,test
20260909,2026-09-09 11:33:00+09:00,40.66666666666666,0,0.0,test
20260909,2026-09-09 11:36:00+09:00,41.833333333333336,0,0.0,test
20260909,2026-09-09 11:39:00+09:00,25.33333333333333,0,0.0,test
20260909,2026-09-09 11:42:00+09:00,26.5,0,0.0,test
20260909,2026-09-09 11:45:00+09:00,30.83333333333333,0,0.0,test
20260909,2026-09-09 11:48:00+09:00,28.83333333333333,0,0.0,test
20260909,2026-09-09 11:51:00+09:00,19.5,0,0.0,test
20260909,2026-09-09 11:54:00+09:00,35.0,0,0.0,test
20260909,2026-09-09 11:57:00+09:00,46.0,0,0.0,test
20260909,2026-09-09 12:00:00+09:00,43.0,0,0.0,test
20260909,2026-09-09 12:03:00+09:00,50.833333333333336,0,0.0,test
20260909,2026-09-09 12:06:00+09:00,55.66666666666666,0,0.0,test
20260909,2026-09-09 12:09:00+09:00,57.5,0,0.0,test
20260909,2026-09-09 12:12:00+09:00,57.333333333333336,0,0.0,test
20260909,2026-09-09 12:15:00+09:00,51.0,0,0.0,test
20260909,2026-09-09 12:18:00+09:00,55.333333333333336,0,0.0,test
20260909,2026-09-09 12:21:00+09:00,58.66666666666666,0,0.0,test
20260909,2026-09-09 12:24:00+09:00,48.0,0,0.0,test
20260909,2026-09-09 12:27:00+09:00,37.833333333333336,0,0.0,test
20260909,2026-09-09 12:30:00+09:00,43.16666666666666,0,0.0,test
20260909,2026-09-09 12:33:00+09:00,30.83333333333333,0,0.0,test
20260909,2026-09-09 12:36:00+09:00,27.33333333333333,0,0.0,test
20260909,2026-09-09 12:39:00+09:00,27.5,0,0.0,test
20260909,2026-09-09 12:42:00+09:00,25.5,0,0.0,test
20260909,2026-09-09 12:45:00+09:00,31.0,0,0.0,test
20260909,2026-09-09 12:48:00+09:00,27.166666666666668,0,0.0,test
20260909,2026-09-09 12:51:00+09:00,30.33333333333333,0,0.0,test
20260909,2026-09-09 12:54:00+09:00,42.833333333333336,0,0.0,test
20260909,2026-09-09 12:57:00+09:00,49.833333333333336,0,0.0,test
20260909,2026-09-09 13:00:00+09:00,42.66666666666666,0,0.0,test
20260909,2026-09-09 13:03:00+09:00,45.16666666666666,0,0.0,test
20260909,2026-09-09 13:06:00+09:00,48.833333333333336,0,0.0,test
20260909,2026-09-09 13:09:00+09:00,48.833333333333336,0,0.0,test
20260909,2026-09-09 13:12:00+09:00,48.66666666666666,0,0.0,test
20260909,2026-09-09 13:15:00+09:00,43.16666666666666,0,0.0,test
20260909,2026-09-09 13:18:00+09:00,39.0,0,0.0,test
20260909,2026-09-09 13:21:00+09:00,40.833333333333336,0,0.0,test
20260909,2026-09-09 13:24:00+09:00,34.833333333333336,0,0.0,test
20260909,2026-09-09 13:27:00+09:00,35.833333333333336,0,0.0,test
20260909,2026-09-09 13:30:00+09:00,38.66666666666666,0,0.0,test
20260909,2026-09-09 13:33:00+09:00,40.5,0,0.0,test
20260909,2026-09-09 13:36:00+09:00,42.333333333333336,0,0.0,test
20260909,2026-09-09 13:39:00+09:00,44.5,0,0.0,test
20260909,2026-09-09 13:42:00+09:00,38.66666666666666,0,0.0,test
20260909,2026-09-09 13:45:00+09:00,43.5,0,0.0,test
20260909,2026-09-09 13:48:00+09:00,45.333333333333336,0,0.0,test
20260909,2026-09-09 13:51:00+09:00,32.666666666666664,0,0.0,test
20260909,2026-09-09 13:54:00+09:00,20.166666666666668,0,0.0,test
20260909,2026-09-09 13:57:00+09:00,19.5,0,0.0,test
20260909,2026-09-09 14:00:00+09:00,17.166666666666668,0,0.0,test
20260909,2026-09-09 14:03:00+09:00,27.5,0,0.0,test
20260909,2026-09-09 14:06:00+09:00,25.0,0,0.0,test
20260909,2026-09-09 14:09:00+09:00,27.666666666666668,0,0.0,test
20260909,2026-09-09 14:12:00+09:00,23.666666666666668,0,0.0,test
20260909,2026-09-09 14:15:00+09:00,39.0,0,0.0,test
20260909,2026-09-09 14:18:00+09:00,42.833333333333336,0,0.0,test
20260909,2026-09-09 14:21:00+09:00,54.0,0,0.0,test
20260909,2026-09-09 14:24:00+09:00,61.333333333333336,0,0.0,test
20260909,2026-09-09 14:27:00+09:00,61.16666666666666,0,0.0,test
20260909,2026-09-09 14:30:00+09:00,45.66666666666666,0,0.0,test
20260909,2026-09-09 14:33:00+09:00,46.66666666666666,0,0.0,test
20260909,2026-09-09 14:36:00+09:00,48.5,0,0.0,test
20260909,2026-09-09 14:39:00+09:00,49.16666666666666,0,0.0,test
20260909,2026-09-09 14:42:00+09:00,48.833333333333336,0,0.0,test
20260909,2026-09-09 14:45:00+09:00,49.16666666666666,0,0.0,test
20260909,2026-09-09 14:48:00+09:00,33.5,0,0.0,test
20260909,2026-09-09 14:51:00+09:00,45.66666666666666,0,0.0,test
20260909,2026-09-09 14:54:00+09:00,43.16666666666666,0,0.0,test
20260909,2026-09-09 14:57:00+09:00,43.66666666666666,0,0.0,test
20260910,2026-09-10 09:12:00+09:00,49.66666666666666,0,0.0,test
20260910,2026-09-10 09:15:00+09:00,54.16666666666666,0,0.0,test
20260910,2026-09-10 09:18:00+09:00,55.66666666666666,0,0.0,test
20260910,2026-09-10 09:21:00+09:00,57.66666666666666,0,0.0,test
20260910,2026-09-10 09:24:00+09:00,57.0,0,0.0,test
20260910,2026-09-10 09:27:00+09:00,57.66666666666666,0,0.0,test
20260910,2026-09-10 09:30:00+09:00,61.0,0,0.0,test
20260910,2026-09-10 09:33:00+09:00,55.66666666666666,0,0.0,test
20260910,2026-09-10 09:36:00+09:00,55.833333333333336,0,0.0,test
20260910,2026-09-10 09:39:00+09:00,52.0,0,0.0,test
20260910,2026-09-10 09:42:00+09:00,47.16666666666666,0,0.0,test
20260910,2026-09-10 09:45:00+09:00,41.66666666666666,0,0.0,test
20260910,2026-09-10 09:48:00+09:00,39.833333333333336,0,0.0,test
20260910,2026-09-10 09:51:00+09:00,37.833333333333336,0,0.0,test
20260910,2026-09-10 09:54:00+09:00,39.5,0,0.0,test
20260910,2026-09-10 09:57:00+09:00,38.833333333333336,0,0.0,test
20260910,2026-09-10 10:00:00+09:00,29.0,0,0.0,test
20260910,2026-09-10 10:03:00+09:00,25.33333333333333,0,0.0,test
20260910,2026-09-10 10:06:00+09:00,33.333333333333336,0,0.0,test
20260910,2026-09-10 10:09:00+09:00,26.166666666666668,0,0.0,test
20260910,2026-09-10 10:12:00+09:00,34.833333333333336,0,0.0,test
20260910,2026-09-10 10:15:00+09:00,38.5,0,0.0,test
20260910,2026-09-10 10:18:00+09:00,39.5,0,0.0,test
20260910,2026-09-10 10:21:00+09:00,38.5,0,0.0,test
20260910,2026-09-10 10:24:00+09:00,38.5,0,0.0,test
20260910,2026-09-10 10:27:00+09:00,37.833333333333336,0,0.0,test
20260910,2026-09-10 10:30:00+09:00,37.66666666666666,0,0.0,test
20260910,2026-09-10 10:33:00+09:00,43.5,0,0.0,test
20260910,2026-09-10 10:36:00+09:00,33.833333333333336,0,0.0,test
20260910,2026-09-10 10:39:00+09:00,39.5,0,0.0,test
20260910,2026-09-10 10:42:00+09:00,33.833333333333336,0,0.0,test
20260910,2026-09-10 10:45:00+09:00,34.833333333333336,0,0.0,test
20260910,2026-09-10 10:48:00+09:00,41.16666666666666,0,0.0,test
20260910,2026-09-10 10:51:00+09:00,42.66666666666666,0,0.0,test
20260910,2026-09-10 10:54:00+09:00,47.16666666666666,0,0.0,test
20260910,2026-09-10 10:57:00+09:00,46.833333333333336,0,0.0,test
20260910,2026-09-10 11:00:00+09:00,46.0,0,0.0,test
20260910,2026-09-10 11:03:00+09:00,44.16666666666666,0,0.0,test
20260910,2026-09-10 11:06:00+09:00,45.66666666666666,0,0.0,test
20260910,2026-09-10 11:09:00+09:00,39.0,0,0.0,test
20260910,2026-09-10 11:12:00+09:00,27.0,0,0.0,test
20260910,2026-09-10 11:15:00+09:00,32.833333333333336,0,0.0,test
20260910,2026-09-10 11:18:00+09:00,35.666666666666664,0,0.0,test
20260910,2026-09-10 11:21:00+09:00,30.33333333333333,0,0.0,test
20260910,2026-09-10 11:24:00+09:00,28.166666666666668,0,0.0,test
20260910,2026-09-10 11:27:00+09:00,17.333333333333332,0,0.0,test
20260910,2026-09-10 11:30:00+09:00,24.5,0,0.0,test
20260910,2026-09-10 11:33:00+09:00,23.666666666666668,0,0.0,test
20260910,2026-09-10 11:36:00+09:00,27.5,0,0.0,test
20260910,2026-09-10 11:39:00+09:00,30.33333333333333,0,0.0,test
20260910,2026-09-10 11:42:00+09:00,34.166666666666664,0,0.0,test
20260910,2026-09-10 11:45:00+09:00,32.666666666666664,0,0.0,test
20260910,2026-09-10 11:48:00+09:00,25.666666666666668,0,0.0,test
20260910,2026-09-10 11:51:00+09:00,27.666666666666668,0,0.0,test
20260910,2026-09-10 11:54:00+09:00,26.0,0,0.0,test
20260910,2026-09-10 11:57:00+09:00,36.16666666666666,0,0.0,test
20260910,2026-09-10 12:00:00+09:00,35.666666666666664,0,0.0,test
20260910,2026-09-10 12:03:00+09:00,25.5,0,0.0,test
20260910,2026-09-10 12:06:00+09:00,25.83333333333333,0,0.0,test
20260910,2026-09-10 12:09:00+09:00,25.83333333333333,0,0.0,test
20260910,2026-09-10 12:12:00+09:00,30.5,0,0.0,test
20260910,2026-09-10 12:15:00+09:00,31.0,0,0.0,test
20260910,2026-09-10 12:18:00+09:00,28.5,0,0.0,test
20260910,2026-09-10 12:21:00+09:00,33.0,0,0.0,test
20260910,2026-09-10 12:24:00+09:00,28.83333333333333,0,0.0,test
20260910,2026-09-10 12:27:00+09:00,31.33333333333333,0,0.0,test
20260910,2026-09-10 12:30:00+09:00,33.5,0,0.0,test
20260910,2026-09-10 12:33:00+09:00,38.0,0,0.0,test
20260910,2026-09-10 12:36:00+09:00,38.333333333333336,0,0.0,test
20260910,2026-09-10 12:39:00+09:00,40.0,0,0.0,test
20260910,2026-09-10 12:42:00+09:00,38.5,0,0.0,test
20260910,2026-09-10 12:45:00+09:00,34.666666666666664,0,0.0,test
20260910,2026-09-10 12:48:00+09:00,39.66666666666666,0,0.0,test
20260910,2026-09-10 12:51:00+09:00,33.333333333333336,0,0.0,test
20260910,2026-09-10 12:54:00+09:00,31.666666666666668,0,0.0,test
20260910,2026-09-10 12:57:00+09:00,30.0,0,0.0,test
20260910,2026-09-10 13:00:00+09:00,25.666666666666668,0,0.0,test
20260910,2026-09-10 13:03:00+09:00,29.0,0,0.0,test
20260910,2026-09-10 13:06:00+09:00,32.0,0,0.0,test
20260910,2026-09-10 13:09:00+09:00,34.0,0,0.0,test
20260910,2026-09-10 13:12:00+09:00,34.833333333333336,0,0.0,test
20260910,2026-09-10 13:15:00+09:00,31.83333333333333,0,0.0,test
20260910,2026-09-10 13:18:00+09:00,34.166666666666664,0,0.0,test
20260910,2026-09-10 13:21:00+09:00,34.333333333333336,0,0.0,test
20260910,2026-09-10 13:24:00+09:00,32.5,0,0.0,test
20260910,2026-09-10 13:27:00+09:00,29.83333333333333,0,0.0,test
20260910,2026-09-10 13:30:00+09:00,32.333333333333336,0,0.0,test
20260910,2026-09-10 13:33:00+09:00,31.0,0,0.0,test
20260910,2026-09-10 13:36:00+09:00,36.16666666666666,0,0.0,test
20260910,2026-09-10 13:39:00+09:00,33.666666666666664,0,0.0,test
20260910,2026-09-10 13:42:00+09:00,34.5,0,0.0,test
20260910,2026-09-10 13:45:00+09:00,35.5,0,0.0,test
20260910,2026-09-10 13:48:00+09:00,38.16666666666666,0,0.0,test
20260910,2026-09-10 13:51:00+09:00,34.166666666666664,0,0.0,test
20260910,2026-09-10 13:54:00+09:00,33.833333333333336,0,0.0,test
20260910,2026-09-10 13:57:00+09:00,34.5,1,116821.0,test
20260910,2026-09-10 14:00:00+09:00,36.0,1,116821.0,test
20260910,2026-09-10 14:03:00+09:00,37.0,1,116821.0,test
20260910,2026-09-10 14:06:00+09:00,35.833333333333336,1,116821.0,test
20260910,2026-09-10 14:09:00+09:00,35.0,1,116821.0,test
20260910,2026-09-10 14:12:00+09:00,32.833333333333336,1,116821.0,test
20260910,2026-09-10 14:15:00+09:00,48.333333333333336,1,116821.0,test
20260910,2026-09-10 14:18:00+09:00,51.333333333333336,1,116821.0,test
20260910,2026-09-10 14:21:00+09:00,39.16666666666666,1,116821.0,test
20260910,2026-09-10 14:24:00+09:00,37.5,1,116821.0,test
20260910,2026-09-10 14:27:00+09:00,53.0,0,0.0,test
20260910,2026-09-10 14:30:00+09:00,48.5,0,0.0,test
20260910,2026-09-10 14:33:00+09:00,49.66666666666666,0,0.0,test
20260910,2026-09-10 14:36:00+09:00,52.833333333333336,0,0.0,test
20260910,2026-09-10 14:39:00+09:00,52.66666666666666,0,0.0,test
20260910,2026-09-10 14:42:00+09:00,52.16666666666666,0,0.0,test
20260910,2026-09-10 14:45:00+09:00,49.16666666666666,0,0.0,test
20260910,2026-09-10 14:48:00+09:00,46.333333333333336,0,0.0,test
20260910,2026-09-10 14:51:00+09:00,47.66666666666666,0,0.0,test
20260910,2026-09-10 14:54:00+09:00,61.16666666666666,0,0.0,test
20260910,2026-09-10 14:57:00+09:00,58.66666666666666,0,0.0,test
20260911,2026-09-11 09:12:00+09:00,53.333333333333336,1,115396.0,test
20260911,2026-09-11 09:15:00+09:00,53.16666666666666,1,115396.0,test
20260911,2026-09-11 09:18:00+09:00,55.66666666666666,0,0.0,test
20260911,2026-09-11 09:21:00+09:00,58.16666666666666,0,0.0,test
20260911,2026-09-11 09:24:00+09:00,63.5,0,0.0,test
20260911,2026-09-11 09:27:00+09:00,57.5,0,0.0,test
20260911,2026-09-11 09:30:00+09:00,61.5,0,0.0,test
20260911,2026-09-11 09:33:00+09:00,63.833333333333336,0,0.0,test
20260911,2026-09-11 09:36:00+09:00,67.5,0,0.0,test
20260911,2026-09-11 09:39:00+09:00,63.5,0,0.0,test
20260911,2026-09-11 09:42:00+09:00,70.83333333333333,0,0.0,test
20260911,2026-09-11 09:45:00+09:00,72.66666666666667,0,0.0,test
20260911,2026-09-11 09:48:00+09:00,69.16666666666667,0,0.0,test
20260911,2026-09-11 09:51:00+09:00,65.83333333333333,0,0.0,test
20260911,2026-09-11 09:54:00+09:00,66.0,0,0.0,test
20260911,2026-09-11 09:57:00+09:00,64.0,0,0.0,test
20260911,2026-09-11 10:00:00+09:00,62.66666666666666,0,0.0,test
20260911,2026-09-11 10:03:00+09:00,53.833333333333336,0,0.0,test
20260911,2026-09-11 10:06:00+09:00,52.16666666666666,0,0.0,test
20260911,2026-09-11 10:09:00+09:00,37.5,0,0.0,test
20260911,2026-09-11 10:12:00+09:00,34.666666666666664,0,0.0,test
20260911,2026-09-11 10:15:00+09:00,35.333333333333336,0,0.0,test
20260911,2026-09-11 10:18:00+09:00,33.833333333333336,0,0.0,test
20260911,2026-09-11 10:21:00+09:00,30.166666666666668,0,0.0,test
20260911,2026-09-11 10:24:00+09:00,27.666666666666668,0,0.0,test
20260911,2026-09-11 10:27:00+09:00,27.83333333333333,0,0.0,test
20260911,2026-09-11 10:30:00+09:00,26.166666666666668,0,0.0,test
20260911,2026-09-11 10:33:00+09:00,32.166666666666664,0,0.0,test
20260911,2026-09-11 10:36:00+09:00,48.833333333333336,0,0.0,test
20260911,2026-09-11 10:39:00+09:00,47.333333333333336,0,0.0,test
20260911,2026-09-11 10:42:00+09:00,47.333333333333336,0,0.0,test
20260911,2026-09-11 10:45:00+09:00,46.0,0,0.0,test
20260911,2026-09-11 10:48:00+09:00,46.0,0,0.0,test
20260911,2026-09-11 10:51:00+09:00,52.833333333333336,0,0.0,test
20260911,2026-09-11 10:54:00+09:00,44.833333333333336,0,0.0,test
20260911,2026-09-11 10:57:00+09:00,48.16666666666666,0,0.0,test
20260911,2026-09-11 11:00:00+09:00,48.5,0,0.0,test
20260911,2026-09-11 11:03:00+09:00,48.66666666666666,0,0.0,test
20260911,2026-09-11 11:06:00+09:00,48.66666666666666,0,0.0,test
20260911,2026-09-11 11:09:00+09:00,47.5,0,0.0,test
20260911,2026-09-11 11:12:00+09:00,44.333333333333336,0,0.0,test
20260911,2026-09-11 11:15:00+09:00,54.0,0,0.0,test
20260911,2026-09-11 11:18:00+09:00,54.16666666666666,0,0.0,test
20260911,2026-09-11 11:21:00+09:00,52.333333333333336,0,0.0,test
20260911,2026-09-11 11:24:00+09:00,53.5,0,0.0,test
20260911,2026-09-11 11:27:00+09:00,53.5,0,0.0,test
20260911,2026-09-11 11:30:00+09:00,52.16666666666666,0,0.0,test
20260911,2026-09-11 11:33:00+09:00,45.16666666666666,0,0.0,test
20260911,2026-09-11 11:36:00+09:00,40.833333333333336,0,0.0,test
20260911,2026-09-11 11:39:00+09:00,45.16666666666666,0,0.0,test
20260911,2026-09-11 11:42:00+09:00,41.0,0,0.0,test
20260911,2026-09-11 11:45:00+09:00,28.33333333333333,0,0.0,test
20260911,2026-09-11 11:48:00+09:00,28.666666666666668,0,0.0,test
20260911,2026-09-11 11:51:00+09:00,34.333333333333336,0,0.0,test
20260911,2026-09-11 11:54:00+09:00,32.166666666666664,0,0.0,test
20260911,2026-09-11 11:57:00+09:00,31.0,0,0.0,test
20260911,2026-09-11 12:00:00+09:00,44.16666666666666,0,0.0,test
20260911,2026-09-11 12:03:00+09:00,43.333333333333336,0,0.0,test
20260911,2026-09-11 12:06:00+09:00,47.5,0,0.0,test
20260911,2026-09-11 12:09:00+09:00,43.66666666666666,0,0.0,test
20260911,2026-09-11 12:12:00+09:00,43.16666666666666,0,0.0,test
20260911,2026-09-11 12:15:00+09:00,47.16666666666666,0,0.0,test
20260911,2026-09-11 12:18:00+09:00,45.16666666666666,0,0.0,test
20260911,2026-09-11 12:21:00+09:00,43.16666666666666,0,0.0,test
20260911,2026-09-11 12:24:00+09:00,50.5,0,0.0,test
20260911,2026-09-11 12:27:00+09:00,51.0,0,0.0,test
20260911,2026-09-11 12:30:00+09:00,51.0,0,0.0,test
20260911,2026-09-11 12:33:00+09:00,46.833333333333336,0,0.0,test
20260911,2026-09-11 12:36:00+09:00,40.833333333333336,0,0.0,test
20260911,2026-09-11 12:39:00+09:00,47.833333333333336,0,0.0,test
20260911,2026-09-11 12:42:00+09:00,46.0,0,0.0,test
20260911,2026-09-11 12:45:00+09:00,46.66666666666666,0,0.0,test
20260911,2026-09-11 12:48:00+09:00,51.0,0,0.0,test
20260911,2026-09-11 12:51:00+09:00,55.5,0,0.0,test
20260911,2026-09-11 12:54:00+09:00,47.333333333333336,0,0.0,test
20260911,2026-09-11 12:57:00+09:00,46.5,0,0.0,test
20260911,2026-09-11 13:00:00+09:00,44.5,0,0.0,test
20260911,2026-09-11 13:03:00+09:00,33.333333333333336,0,0.0,test
20260911,2026-09-11 13:06:00+09:00,32.833333333333336,0,0.0,test
20260911,2026-09-11 13:09:00+09:00,33.166666666666664,0,0.0,test
20260911,2026-09-11 13:12:00+09:00,36.833333333333336,0,0.0,test
20260911,2026-09-11 13:15:00+09:00,35.666666666666664,0,0.0,test
20260911,2026-09-11 13:18:00+09:00,31.166666666666668,0,0.0,test
20260911,2026-09-11 13:21:00+09:00,26.5,0,0.0,test
20260911,2026-09-11 13:24:00+09:00,25.5,0,0.0,test
20260911,2026-09-11 13:27:00+09:00,26.5,0,0.0,test
20260911,2026-09-11 13:30:00+09:00,24.33333333333333,0,0.0,test
20260911,2026-09-11 13:33:00+09:00,28.0,0,0.0,test
20260911,2026-09-11 13:36:00+09:00,30.5,0,0.0,test
20260911,2026-09-11 13:39:00+09:00,37.16666666666666,0,0.0,test
20260911,2026-09-11 13:42:00+09:00,40.0,0,0.0,test
20260911,2026-09-11 13:45:00+09:00,37.333333333333336,0,0.0,test
20260911,2026-09-11 13:48:00+09:00,37.5,0,0.0,test
20260911,2026-09-11 13:51:00+09:00,37.16666666666666,0,0.0,test
20260911,2026-09-11 13:54:00+09:00,44.16666666666666,0,0.0,test
20260911,2026-09-11 13:57:00+09:00,44.833333333333336,0,0.0,test
20260911,2026-09-11 14:00:00+09:00,51.66666666666666,0,0.0,test
20260911,2026-09-11 14:03:00+09:00,52.833333333333336,0,0.0,test
20260911,2026-09-11 14:06:00+09:00,50.16666666666666,0,0.0,test
20260911,2026-09-11 14:09:00+09:00,46.0,0,0.0,test
20260911,2026-09-11 14:12:00+09:00,40.5,0,0.0,test
20260911,2026-09-11 14:15:00+09:00,41.16666666666666,0,0.0,test
20260911,2026-09-11 14:18:00+09:00,40.16666666666666,1,122261.0,test
20260911,2026-09-11 14:21:00+09:00,37.66666666666666,1,122261.0,test
20260911,2026-09-11 14:24:00+09:00,36.833333333333336,1,122261.0,test
20260911,2026-09-11 14:27:00+09:00,35.5,1,122261.0,test
20260911,2026-09-11 14:30:00+09:00,34.833333333333336,1,122261.0,test
20260911,2026-09-11 14:33:00+09:00,32.5,1,122261.0,test
20260911,2026-09-11 14:36:00+09:00,34.0,1,122261.0,test
20260911,2026-09-11 14:39:00+09:00,34.666666666666664,1,122261.0,test
20260911,2026-09-11 14:42:00+09:00,33.166666666666664,1,122261.0,test
20260911,2026-09-11 14:45:00+09:00,32.0,1,122261.0,test
20260911,2026-09-11 14:48:00+09:00,45.833333333333336,0,0.0,test
20260911,2026-09-11 14:51:00+09:00,46.16666666666666,0,0.0,test
20260911,2026-09-11 14:54:00+09:00,59.833333333333336,0,0.0,test
20260911,2026-09-11 14:57:00+09:00,69.66666666666667,0,0.0,test
20260914,2026-09-14 09:12:00+09:00,57.66666666666666,1,-40439.0,test
20260914,2026-09-14 09:15:00+09:00,49.16666666666666,1,-40439.0,test
20260914,2026-09-14 09:18:00+09:00,49.16666666666666,1,-40439.0,test
20260914,2026-09-14 09:21:00+09:00,49.5,1,-40439.0,test
20260914,2026-09-14 09:24:00+09:00,49.66666666666666,1,-40439.0,test
20260914,2026-09-14 09:27:00+09:00,40.0,1,-40439.0,test
20260914,2026-09-14 09:30:00+09:00,34.833333333333336,0,0.0,test
20260914,2026-09-14 09:33:00+09:00,31.83333333333333,0,0.0,test
20260914,2026-09-14 09:36:00+09:00,29.83333333333333,0,0.0,test
20260914,2026-09-14 09:39:00+09:00,27.5,0,0.0,test
20260914,2026-09-14 09:42:00+09:00,25.5,0,0.0,test
20260914,2026-09-14 09:45:00+09:00,31.166666666666668,0,0.0,test
20260914,2026-09-14 09:48:00+09:00,34.166666666666664,0,0.0,test
20260914,2026-09-14 09:51:00+09:00,35.333333333333336,0,0.0,test
20260914,2026-09-14 09:54:00+09:00,32.166666666666664,0,0.0,test
20260914,2026-09-14 09:57:00+09:00,34.833333333333336,0,0.0,test
20260914,2026-09-14 10:00:00+09:00,34.5,0,0.0,test
20260914,2026-09-14 10:03:00+09:00,42.833333333333336,0,0.0,test
20260914,2026-09-14 10:06:00+09:00,36.66666666666666,0,0.0,test
20260914,2026-09-14 10:09:00+09:00,46.5,0,0.0,test
20260914,2026-09-14 10:12:00+09:00,51.16666666666666,0,0.0,test
20260914,2026-09-14 10:15:00+09:00,45.333333333333336,0,0.0,test
20260914,2026-09-14 10:18:00+09:00,46.5,0,0.0,test
20260914,2026-09-14 10:21:00+09:00,45.0,0,0.0,test
20260914,2026-09-14 10:24:00+09:00,43.5,0,0.0,test
20260914,2026-09-14 10:27:00+09:00,40.5,0,0.0,test
20260914,2026-09-14 10:30:00+09:00,42.5,0,0.0,test
20260914,2026-09-14 10:33:00+09:00,46.0,0,0.0,test
20260914,2026-09-14 10:36:00+09:00,46.66666666666666,0,0.0,test
20260914,2026-09-14 10:39:00+09:00,43.833333333333336,0,0.0,test
20260914,2026-09-14 10:42:00+09:00,45.833333333333336,0,0.0,test
20260914,2026-09-14 10:45:00+09:00,46.0,0,0.0,test
20260914,2026-09-14 10:48:00+09:00,43.833333333333336,0,0.0,test
20260914,2026-09-14 10:51:00+09:00,45.5,0,0.0,test
20260914,2026-09-14 10:54:00+09:00,42.833333333333336,0,0.0,test
20260914,2026-09-14 10:57:00+09:00,32.166666666666664,0,0.0,test
20260914,2026-09-14 11:00:00+09:00,31.5,0,0.0,test
20260914,2026-09-14 11:03:00+09:00,24.666666666666668,0,0.0,test
20260914,2026-09-14 11:06:00+09:00,27.0,0,0.0,test
20260914,2026-09-14 11:09:00+09:00,27.0,0,0.0,test
20260914,2026-09-14 11:12:00+09:00,25.83333333333333,0,0.0,test
20260914,2026-09-14 11:15:00+09:00,26.0,0,0.0,test
20260914,2026-09-14 11:18:00+09:00,34.166666666666664,0,0.0,test
20260914,2026-09-14 11:21:00+09:00,32.166666666666664,0,0.0,test
20260914,2026-09-14 11:24:00+09:00,31.0,0,0.0,test
20260914,2026-09-14 11:27:00+09:00,32.333333333333336,0,0.0,test
20260914,2026-09-14 11:30:00+09:00,30.33333333333333,0,0.0,test
20260914,2026-09-14 11:33:00+09:00,27.666666666666668,0,0.0,test
20260914,2026-09-14 11:36:00+09:00,28.5,0,0.0,test
20260914,2026-09-14 11:39:00+09:00,27.666666666666668,0,0.0,test
20260914,2026-09-14 11:42:00+09:00,29.0,0,0.0,test
20260914,2026-09-14 11:45:00+09:00,31.33333333333333,0,0.0,test
20260914,2026-09-14 11:48:00+09:00,35.333333333333336,0,0.0,test
20260914,2026-09-14 11:51:00+09:00,36.0,0,0.0,test
20260914,2026-09-14 11:54:00+09:00,36.333333333333336,0,0.0,test
20260914,2026-09-14 11:57:00+09:00,34.5,0,0.0,test
20260914,2026-09-14 12:00:00+09:00,35.666666666666664,0,0.0,test
20260914,2026-09-14 12:03:00+09:00,41.833333333333336,0,0.0,test
20260914,2026-09-14 12:06:00+09:00,42.66666666666666,0,0.0,test
20260914,2026-09-14 12:09:00+09:00,46.16666666666666,0,0.0,test
20260914,2026-09-14 12:12:00+09:00,36.66666666666666,0,0.0,test
20260914,2026-09-14 12:15:00+09:00,33.5,0,0.0,test
20260914,2026-09-14 12:18:00+09:00,32.833333333333336,0,0.0,test
20260914,2026-09-14 12:21:00+09:00,31.83333333333333,0,0.0,test
20260914,2026-09-14 12:24:00+09:00,36.833333333333336,0,0.0,test
20260914,2026-09-14 12:27:00+09:00,33.666666666666664,0,0.0,test
20260914,2026-09-14 12:30:00+09:00,39.0,0,0.0,test
20260914,2026-09-14 12:33:00+09:00,39.833333333333336,0,0.0,test
20260914,2026-09-14 12:36:00+09:00,35.5,0,0.0,test
20260914,2026-09-14 12:39:00+09:00,35.166666666666664,0,0.0,test
20260914,2026-09-14 12:42:00+09:00,33.333333333333336,0,0.0,test
20260914,2026-09-14 12:45:00+09:00,36.333333333333336,0,0.0,test
20260914,2026-09-14 12:48:00+09:00,27.666666666666668,0,0.0,test
20260914,2026-09-14 12:51:00+09:00,31.166666666666668,0,0.0,test
20260914,2026-09-14 12:54:00+09:00,26.0,0,0.0,test
20260914,2026-09-14 12:57:00+09:00,28.83333333333333,0,0.0,test
20260914,2026-09-14 13:00:00+09:00,18.0,0,0.0,test
20260914,2026-09-14 13:03:00+09:00,13.833333333333334,0,0.0,test
20260914,2026-09-14 13:06:00+09:00,24.666666666666668,0,0.0,test
20260914,2026-09-14 13:09:00+09:00,25.0,0,0.0,test
20260914,2026-09-14 13:12:00+09:00,26.166666666666668,0,0.0,test
20260914,2026-09-14 13:15:00+09:00,23.83333333333333,0,0.0,test
20260914,2026-09-14 13:18:00+09:00,31.5,0,0.0,test
20260914,2026-09-14 13:21:00+09:00,32.5,0,0.0,test
20260914,2026-09-14 13:24:00+09:00,33.5,0,0.0,test
20260914,2026-09-14 13:27:00+09:00,34.5,0,0.0,test
20260914,2026-09-14 13:30:00+09:00,35.166666666666664,0,0.0,test
20260914,2026-09-14 13:33:00+09:00,38.66666666666666,0,0.0,test
20260914,2026-09-14 13:36:00+09:00,49.5,0,0.0,test
20260914,2026-09-14 13:39:00+09:00,53.66666666666666,0,0.0,test
20260914,2026-09-14 13:42:00+09:00,47.333333333333336,0,0.0,test
20260914,2026-09-14 13:45:00+09:00,49.0,0,0.0,test
20260914,2026-09-14 13:48:00+09:00,47.333333333333336,0,0.0,test
20260914,2026-09-14 13:51:00+09:00,43.333333333333336,0,0.0,test
20260914,2026-09-14 13:54:00+09:00,44.16666666666666,0,0.0,test
20260914,2026-09-14 13:57:00+09:00,39.5,0,0.0,test
20260914,2026-09-14 14:00:00+09:00,44.0,0,0.0,test
20260914,2026-09-14 14:03:00+09:00,46.333333333333336,0,0.0,test
20260914,2026-09-14 14:06:00+09:00,42.16666666666666,0,0.0,test
20260914,2026-09-14 14:09:00+09:00,42.0,0,0.0,test
20260914,2026-09-14 14:12:00+09:00,42.66666666666666,0,0.0,test
20260914,2026-09-14 14:15:00+09:00,42.333333333333336,0,0.0,test
20260914,2026-09-14 14:18:00+09:00,47.66666666666666,0,0.0,test
20260914,2026-09-14 14:21:00+09:00,49.66666666666666,0,0.0,test
20260914,2026-09-14 14:24:00+09:00,53.16666666666666,0,0.0,test
20260914,2026-09-14 14:27:00+09:00,57.833333333333336,0,0.0,test
20260914,2026-09-14 14:30:00+09:00,52.0,0,0.0,test
20260914,2026-09-14 14:33:00+09:00,44.0,0,0.0,test
20260914,2026-09-14 14:36:00+09:00,52.333333333333336,0,0.0,test
20260914,2026-09-14 14:39:00+09:00,55.16666666666666,0,0.0,test
20260914,2026-09-14 14:42:00+09:00,54.16666666666666,0,0.0,test
20260914,2026-09-14 14:45:00+09:00,56.5,0,0.0,test
20260914,2026-09-14 14:48:00+09:00,52.333333333333336,0,0.0,test
20260914,2026-09-14 14:51:00+09:00,53.333333333333336,0,0.0,test
20260914,2026-09-14 14:54:00+09:00,51.66666666666666,0,0.0,test
20260914,2026-09-14 14:57:00+09:00,49.5,0,0.0,test
20260915,2026-09-15 09:12:00+09:00,42.833333333333336,1,-98131.0,test
20260915,2026-09-15 09:15:00+09:00,43.66666666666666,1,-98131.0,test
20260915,2026-09-15 09:18:00+09:00,53.333333333333336,1,-98131.0,test
20260915,2026-09-15 09:21:00+09:00,58.0,1,-98131.0,test
20260915,2026-09-15 09:24:00+09:00,61.66666666666666,1,-98131.0,test
20260915,2026-09-15 09:27:00+09:00,77.16666666666667,0,0.0,test
20260915,2026-09-15 09:30:00+09:00,81.66666666666667,0,0.0,test
20260915,2026-09-15 09:33:00+09:00,78.66666666666667,0,0.0,test
20260915,2026-09-15 09:36:00+09:00,73.83333333333333,0,0.0,test
20260915,2026-09-15 09:39:00+09:00,67.33333333333333,0,0.0,test
20260915,2026-09-15 09:42:00+09:00,69.0,0,0.0,test
20260915,2026-09-15 09:45:00+09:00,72.5,0,0.0,test
20260915,2026-09-15 09:48:00+09:00,70.0,0,0.0,test
20260915,2026-09-15 09:51:00+09:00,64.66666666666667,0,0.0,test
20260915,2026-09-15 09:54:00+09:00,52.0,0,0.0,test
20260915,2026-09-15 09:57:00+09:00,53.333333333333336,1,-98321.0,test
20260915,2026-09-15 10:00:00+09:00,56.66666666666666,1,-98321.0,test
20260915,2026-09-15 10:03:00+09:00,58.66666666666666,1,-98321.0,test
20260915,2026-09-15 10:06:00+09:00,55.0,1,-98321.0,test
20260915,2026-09-15 10:09:00+09:00,58.66666666666666,1,-98321.0,test
20260915,2026-09-15 10:12:00+09:00,57.16666666666666,1,-98321.0,test
20260915,2026-09-15 10:15:00+09:00,50.16666666666666,1,-98321.0,test
20260915,2026-09-15 10:18:00+09:00,49.0,1,-98321.0,test
20260915,2026-09-15 10:21:00+09:00,49.66666666666666,1,-98321.0,test
20260915,2026-09-15 10:24:00+09:00,55.16666666666666,1,-98321.0,test
20260915,2026-09-15 10:27:00+09:00,50.5,0,0.0,test
20260915,2026-09-15 10:30:00+09:00,53.5,0,0.0,test
20260915,2026-09-15 10:33:00+09:00,47.16666666666666,0,0.0,test
20260915,2026-09-15 10:36:00+09:00,48.66666666666666,0,0.0,test
20260915,2026-09-15 10:39:00+09:00,50.0,0,0.0,test
20260915,2026-09-15 10:42:00+09:00,50.16666666666666,0,0.0,test
20260915,2026-09-15 10:45:00+09:00,52.5,0,0.0,test
20260915,2026-09-15 10:48:00+09:00,56.0,0,0.0,test
20260915,2026-09-15 10:51:00+09:00,52.333333333333336,0,0.0,test
20260915,2026-09-15 10:54:00+09:00,52.0,0,0.0,test
20260915,2026-09-15 10:57:00+09:00,51.333333333333336,0,0.0,test
20260915,2026-09-15 11:00:00+09:00,55.0,1,-127956.0,test
20260915,2026-09-15 11:03:00+09:00,54.0,1,-127956.0,test
20260915,2026-09-15 11:06:00+09:00,51.333333333333336,1,-127956.0,test
20260915,2026-09-15 11:09:00+09:00,49.333333333333336,1,-127956.0,test
20260915,2026-09-15 11:12:00+09:00,47.16666666666666,1,-127956.0,test
20260915,2026-09-15 11:15:00+09:00,44.16666666666666,1,-127956.0,test
20260915,2026-09-15 11:18:00+09:00,44.0,1,-127956.0,test
20260915,2026-09-15 11:21:00+09:00,45.16666666666666,1,-127956.0,test
20260915,2026-09-15 11:24:00+09:00,46.0,1,-127956.0,test
20260915,2026-09-15 11:27:00+09:00,29.5,1,-127956.0,test
20260915,2026-09-15 11:30:00+09:00,40.5,0,0.0,test
20260915,2026-09-15 11:33:00+09:00,43.333333333333336,0,0.0,test
20260915,2026-09-15 11:36:00+09:00,50.66666666666666,0,0.0,test
20260915,2026-09-15 11:39:00+09:00,52.333333333333336,0,0.0,test
20260915,2026-09-15 11:42:00+09:00,52.66666666666666,0,0.0,test
20260915,2026-09-15 11:45:00+09:00,37.66666666666666,0,0.0,test
20260915,2026-09-15 11:48:00+09:00,39.0,0,0.0,test
20260915,2026-09-15 11:51:00+09:00,36.66666666666666,0,0.0,test
20260915,2026-09-15 11:54:00+09:00,29.5,0,0.0,test
20260915,2026-09-15 11:57:00+09:00,26.166666666666668,0,0.0,test
20260915,2026-09-15 12:00:00+09:00,35.5,0,0.0,test
20260915,2026-09-15 12:03:00+09:00,28.166666666666668,0,0.0,test
20260915,2026-09-15 12:06:00+09:00,23.0,0,0.0,test
20260915,2026-09-15 12:09:00+09:00,42.16666666666666,0,0.0,test
20260915,2026-09-15 12:12:00+09:00,41.333333333333336,0,0.0,test
20260915,2026-09-15 12:15:00+09:00,39.333333333333336,0,0.0,test
20260915,2026-09-15 12:18:00+09:00,41.833333333333336,0,0.0,test
20260915,2026-09-15 12:21:00+09:00,40.0,0,0.0,test
20260915,2026-09-15 12:24:00+09:00,44.333333333333336,0,0.0,test
20260915,2026-09-15 12:27:00+09:00,50.333333333333336,0,0.0,test
20260915,2026-09-15 12:30:00+09:00,30.666666666666668,0,0.0,test
20260915,2026-09-15 12:33:00+09:00,32.166666666666664,0,0.0,test
20260915,2026-09-15 12:36:00+09:00,37.16666666666666,0,0.0,test
20260915,2026-09-15 12:39:00+09:00,32.333333333333336,0,0.0,test
20260915,2026-09-15 12:42:00+09:00,22.0,0,0.0,test
20260915,2026-09-15 12:45:00+09:00,29.166666666666668,0,0.0,test
20260915,2026-09-15 12:48:00+09:00,27.166666666666668,0,0.0,test
20260915,2026-09-15 12:51:00+09:00,27.166666666666668,0,0.0,test
20260915,2026-09-15 12:54:00+09:00,27.166666666666668,0,0.0,test
20260915,2026-09-15 12:57:00+09:00,26.33333333333333,0,0.0,test
20260915,2026-09-15 13:00:00+09:00,35.833333333333336,0,0.0,test
20260915,2026-09-15 13:03:00+09:00,36.333333333333336,0,0.0,test
20260915,2026-09-15 13:06:00+09:00,38.333333333333336,0,0.0,test
20260915,2026-09-15 13:09:00+09:00,37.66666666666666,0,0.0,test
20260915,2026-09-15 13:12:00+09:00,41.833333333333336,0,0.0,test
20260915,2026-09-15 13:15:00+09:00,40.333333333333336,0,0.0,test
20260915,2026-09-15 13:18:00+09:00,41.333333333333336,0,0.0,test
20260915,2026-09-15 13:21:00+09:00,43.66666666666666,0,0.0,test
20260915,2026-09-15 13:24:00+09:00,36.5,0,0.0,test
20260915,2026-09-15 13:27:00+09:00,32.166666666666664,0,0.0,test
20260915,2026-09-15 13:30:00+09:00,30.5,0,0.0,test
20260915,2026-09-15 13:33:00+09:00,31.0,0,0.0,test
20260915,2026-09-15 13:36:00+09:00,30.0,0,0.0,test
20260915,2026-09-15 13:39:00+09:00,21.166666666666668,0,0.0,test
20260915,2026-09-15 13:42:00+09:00,25.166666666666668,0,0.0,test
20260915,2026-09-15 13:45:00+09:00,27.166666666666668,0,0.0,test
20260915,2026-09-15 13:48:00+09:00,30.83333333333333,0,0.0,test
20260915,2026-09-15 13:51:00+09:00,28.0,0,0.0,test
20260915,2026-09-15 13:54:00+09:00,30.5,0,0.0,test
20260915,2026-09-15 13:57:00+09:00,29.666666666666668,0,0.0,test
20260915,2026-09-15 14:00:00+09:00,46.333333333333336,0,0.0,test
20260915,2026-09-15 14:03:00+09:00,48.0,0,0.0,test
20260915,2026-09-15 14:06:00+09:00,48.5,0,0.0,test
20260915,2026-09-15 14:09:00+09:00,57.0,0,0.0,test
20260915,2026-09-15 14:12:00+09:00,55.833333333333336,0,0.0,test
20260915,2026-09-15 14:15:00+09:00,61.66666666666666,0,0.0,test
20260915,2026-09-15 14:18:00+09:00,59.833333333333336,0,0.0,test
20260915,2026-09-15 14:21:00+09:00,49.333333333333336,0,0.0,test
20260915,2026-09-15 14:24:00+09:00,48.333333333333336,0,0.0,test
20260915,2026-09-15 14:27:00+09:00,46.5,0,0.0,test
20260915,2026-09-15 14:30:00+09:00,52.833333333333336,0,0.0,test
20260915,2026-09-15 14:33:00+09:00,54.833333333333336,0,0.0,test
20260915,2026-09-15 14:36:00+09:00,58.16666666666666,0,0.0,test
20260915,2026-09-15 14:39:00+09:00,54.5,0,0.0,test
20260915,2026-09-15 14:42:00+09:00,55.833333333333336,0,0.0,test
20260915,2026-09-15 14:45:00+09:00,52.16666666666666,0,0.0,test
20260915,2026-09-15 14:48:00+09:00,47.0,0,0.0,test
20260915,2026-09-15 14:51:00+09:00,51.16666666666666,0,0.0,test
20260915,2026-09-15 14:54:00+09:00,48.0,0,0.0,test
20260915,2026-09-15 14:57:00+09:00,49.0,0,0.0,test
20260916,2026-09-16 09:12:00+09:00,43.16666666666666,0,0.0,test
20260916,2026-09-16 09:15:00+09:00,42.5,0,0.0,test
20260916,2026-09-16 09:18:00+09:00,47.5,0,0.0,test
20260916,2026-09-16 09:21:00+09:00,49.66666666666666,0,0.0,test
20260916,2026-09-16 09:24:00+09:00,51.333333333333336,0,0.0,test
20260916,2026-09-16 09:27:00+09:00,46.0,0,0.0,test
20260916,2026-09-16 09:30:00+09:00,47.16666666666666,0,0.0,test
20260916,2026-09-16 09:33:00+09:00,41.833333333333336,0,0.0,test
20260916,2026-09-16 09:36:00+09:00,36.0,0,0.0,test
20260916,2026-09-16 09:39:00+09:00,39.5,0,0.0,test
20260916,2026-09-16 09:42:00+09:00,33.0,0,0.0,test
20260916,2026-09-16 09:45:00+09:00,35.333333333333336,0,0.0,test
20260916,2026-09-16 09:48:00+09:00,25.0,0,0.0,test
20260916,2026-09-16 09:51:00+09:00,26.0,0,0.0,test
20260916,2026-09-16 09:54:00+09:00,32.166666666666664,0,0.0,test
20260916,2026-09-16 09:57:00+09:00,29.33333333333333,0,0.0,test
20260916,2026-09-16 10:00:00+09:00,30.83333333333333,0,0.0,test
20260916,2026-09-16 10:03:00+09:00,44.0,0,0.0,test
20260916,2026-09-16 10:06:00+09:00,31.33333333333333,0,0.0,test
20260916,2026-09-16 10:09:00+09:00,29.33333333333333,0,0.0,test
20260916,2026-09-16 10:12:00+09:00,35.5,0,0.0,test
20260916,2026-09-16 10:15:00+09:00,35.833333333333336,0,0.0,test
20260916,2026-09-16 10:18:00+09:00,36.16666666666666,0,0.0,test
20260916,2026-09-16 10:21:00+09:00,30.5,0,0.0,test
20260916,2026-09-16 10:24:00+09:00,31.166666666666668,0,0.0,test
20260916,2026-09-16 10:27:00+09:00,34.0,0,0.0,test
20260916,2026-09-16 10:30:00+09:00,33.0,0,0.0,test
20260916,2026-09-16 10:33:00+09:00,32.166666666666664,0,0.0,test
20260916,2026-09-16 10:36:00+09:00,32.833333333333336,0,0.0,test
20260916,2026-09-16 10:39:00+09:00,32.5,0,0.0,test
20260916,2026-09-16 10:42:00+09:00,32.166666666666664,0,0.0,test
20260916,2026-09-16 10:45:00+09:00,34.333333333333336,0,0.0,test
20260916,2026-09-16 10:48:00+09:00,34.166666666666664,0,0.0,test
20260916,2026-09-16 10:51:00+09:00,36.5,0,0.0,test
20260916,2026-09-16 10:54:00+09:00,32.5,0,0.0,test
20260916,2026-09-16 10:57:00+09:00,36.5,0,0.0,test
20260916,2026-09-16 11:00:00+09:00,35.0,0,0.0,test
20260916,2026-09-16 11:03:00+09:00,39.333333333333336,0,0.0,test
20260916,2026-09-16 11:06:00+09:00,37.833333333333336,0,0.0,test
20260916,2026-09-16 11:09:00+09:00,36.5,0,0.0,test
20260916,2026-09-16 11:12:00+09:00,37.0,0,0.0,test
20260916,2026-09-16 11:15:00+09:00,30.666666666666668,0,0.0,test
20260916,2026-09-16 11:18:00+09:00,52.0,0,0.0,test
20260916,2026-09-16 11:21:00+09:00,47.5,0,0.0,test
20260916,2026-09-16 11:24:00+09:00,50.833333333333336,0,0.0,test
20260916,2026-09-16 11:27:00+09:00,44.833333333333336,0,0.0,test
20260916,2026-09-16 11:30:00+09:00,50.5,0,0.0,test
20260916,2026-09-16 11:33:00+09:00,51.5,0,0.0,test
20260916,2026-09-16 11:36:00+09:00,53.5,0,0.0,test
20260916,2026-09-16 11:39:00+09:00,54.333333333333336,0,0.0,test
20260916,2026-09-16 11:42:00+09:00,52.333333333333336,0,0.0,test
20260916,2026-09-16 11:45:00+09:00,53.16666666666666,0,0.0,test
20260916,2026-09-16 11:48:00+09:00,49.66666666666666,0,0.0,test
20260916,2026-09-16 11:51:00+09:00,44.5,0,0.0,test
20260916,2026-09-16 11:54:00+09:00,45.5,0,0.0,test
20260916,2026-09-16 11:57:00+09:00,44.16666666666666,0,0.0,test
20260916,2026-09-16 12:00:00+09:00,41.0,0,0.0,test
20260916,2026-09-16 12:03:00+09:00,47.16666666666666,0,0.0,test
20260916,2026-09-16 12:06:00+09:00,49.0,0,0.0,test
20260916,2026-09-16 12:09:00+09:00,48.66666666666666,0,0.0,test
20260916,2026-09-16 12:12:00+09:00,46.5,0,0.0,test
20260916,2026-09-16 12:15:00+09:00,37.5,0,0.0,test
20260916,2026-09-16 12:18:00+09:00,25.83333333333333,0,0.0,test
20260916,2026-09-16 12:21:00+09:00,26.83333333333333,1,109896.0,test
20260916,2026-09-16 12:24:00+09:00,35.833333333333336,1,109896.0,test
20260916,2026-09-16 12:27:00+09:00,37.0,1,109896.0,test
20260916,2026-09-16 12:30:00+09:00,41.333333333333336,1,109896.0,test
20260916,2026-09-16 12:33:00+09:00,28.5,1,109896.0,test
20260916,2026-09-16 12:36:00+09:00,26.166666666666668,1,109896.0,test
20260916,2026-09-16 12:39:00+09:00,29.5,1,109896.0,test
20260916,2026-09-16 12:42:00+09:00,32.5,1,109896.0,test
20260916,2026-09-16 12:45:00+09:00,32.5,1,109896.0,test
20260916,2026-09-16 12:48:00+09:00,32.666666666666664,1,109896.0,test
20260916,2026-09-16 12:51:00+09:00,44.833333333333336,0,0.0,test
20260916,2026-09-16 12:54:00+09:00,39.5,0,0.0,test
20260916,2026-09-16 12:57:00+09:00,39.833333333333336,0,0.0,test
20260916,2026-09-16 13:00:00+09:00,48.0,0,0.0,test
20260916,2026-09-16 13:03:00+09:00,51.833333333333336,0,0.0,test
20260916,2026-09-16 13:06:00+09:00,53.0,0,0.0,test
20260916,2026-09-16 13:09:00+09:00,45.0,0,0.0,test
20260916,2026-09-16 13:12:00+09:00,42.5,0,0.0,test
20260916,2026-09-16 13:15:00+09:00,43.833333333333336,0,0.0,test
20260916,2026-09-16 13:18:00+09:00,41.833333333333336,0,0.0,test
20260916,2026-09-16 13:21:00+09:00,40.0,0,0.0,test
20260916,2026-09-16 13:24:00+09:00,36.333333333333336,0,0.0,test
20260916,2026-09-16 13:27:00+09:00,30.83333333333333,0,0.0,test
20260916,2026-09-16 13:30:00+09:00,42.0,0,0.0,test
20260916,2026-09-16 13:33:00+09:00,39.833333333333336,0,0.0,test
20260916,2026-09-16 13:36:00+09:00,37.5,0,0.0,test
20260916,2026-09-16 13:39:00+09:00,37.0,0,0.0,test
20260916,2026-09-16 13:42:00+09:00,41.833333333333336,0,0.0,test
20260916,2026-09-16 13:45:00+09:00,40.66666666666666,0,0.0,test
20260916,2026-09-16 13:48:00+09:00,39.16666666666666,0,0.0,test
20260916,2026-09-16 13:51:00+09:00,23.83333333333333,0,0.0,test
20260916,2026-09-16 13:54:00+09:00,24.33333333333333,0,0.0,test
20260916,2026-09-16 13:57:00+09:00,31.5,0,0.0,test
20260916,2026-09-16 14:00:00+09:00,28.5,0,0.0,test
20260916,2026-09-16 14:03:00+09:00,35.0,0,0.0,test
20260916,2026-09-16 14:06:00+09:00,38.833333333333336,0,0.0,test
20260916,2026-09-16 14:09:00+09:00,37.833333333333336,0,0.0,test
20260916,2026-09-16 14:12:00+09:00,38.833333333333336,0,0.0,test
20260916,2026-09-16 14:15:00+09:00,33.0,0,0.0,test
20260916,2026-09-16 14:18:00+09:00,35.666666666666664,0,0.0,test
20260916,2026-09-16 14:21:00+09:00,34.333333333333336,0,0.0,test
20260916,2026-09-16 14:24:00+09:00,36.833333333333336,0,0.0,test
20260916,2026-09-16 14:27:00+09:00,36.16666666666666,0,0.0,test
20260916,2026-09-16 14:30:00+09:00,34.833333333333336,0,0.0,test
20260916,2026-09-16 14:33:00+09:00,29.666666666666668,0,0.0,test
20260916,2026-09-16 14:36:00+09:00,32.333333333333336,0,0.0,test
20260916,2026-09-16 14:39:00+09:00,32.5,0,0.0,test
20260916,2026-09-16 14:42:00+09:00,43.833333333333336,0,0.0,test
20260916,2026-09-16 14:45:00+09:00,55.833333333333336,0,0.0,test
20260916,2026-09-16 14:48:00+09:00,57.333333333333336,0,0.0,test
20260916,2026-09-16 14:51:00+09:00,55.66666666666666,0,0.0,test
20260916,2026-09-16 14:54:00+09:00,57.333333333333336,0,0.0,test
20260916,2026-09-16 14:57:00+09:00,50.16666666666666,0,0.0,test
20260917,2026-09-17 09:12:00+09:00,56.0,0,0.0,test
20260917,2026-09-17 09:15:00+09:00,56.5,0,0.0,test
20260917,2026-09-17 09:18:00+09:00,59.333333333333336,0,0.0,test
20260917,2026-09-17 09:21:00+09:00,56.833333333333336,0,0.0,test
20260917,2026-09-17 09:24:00+09:00,57.0,0,0.0,test
20260917,2026-09-17 09:27:00+09:00,55.833333333333336,0,0.0,test
20260917,2026-09-17 09:30:00+09:00,53.833333333333336,1,122611.0,test
20260917,2026-09-17 09:33:00+09:00,50.66666666666666,1,122611.0,test
20260917,2026-09-17 09:36:00+09:00,29.666666666666668,1,122611.0,test
20260917,2026-09-17 09:39:00+09:00,31.166666666666668,1,122611.0,test
20260917,2026-09-17 09:42:00+09:00,31.83333333333333,1,122611.0,test
20260917,2026-09-17 09:45:00+09:00,33.0,1,122611.0,test
20260917,2026-09-17 09:48:00+09:00,29.0,1,122611.0,test
20260917,2026-09-17 09:51:00+09:00,29.0,1,122611.0,test
20260917,2026-09-17 09:54:00+09:00,30.666666666666668,1,122611.0,test
20260917,2026-09-17 09:57:00+09:00,29.0,1,122611.0,test
20260917,2026-09-17 10:00:00+09:00,39.5,0,0.0,test
20260917,2026-09-17 10:03:00+09:00,42.833333333333336,0,0.0,test
20260917,2026-09-17 10:06:00+09:00,51.833333333333336,0,0.0,test
20260917,2026-09-17 10:09:00+09:00,61.16666666666666,0,0.0,test
20260917,2026-09-17 10:12:00+09:00,47.66666666666666,0,0.0,test
20260917,2026-09-17 10:15:00+09:00,44.0,0,0.0,test
20260917,2026-09-17 10:18:00+09:00,36.833333333333336,0,0.0,test
20260917,2026-09-17 10:21:00+09:00,26.5,0,0.0,test
20260917,2026-09-17 10:24:00+09:00,33.666666666666664,0,0.0,test
20260917,2026-09-17 10:27:00+09:00,33.0,0,0.0,test
20260917,2026-09-17 10:30:00+09:00,31.5,0,0.0,test
20260917,2026-09-17 10:33:00+09:00,33.333333333333336,0,0.0,test
20260917,2026-09-17 10:36:00+09:00,32.166666666666664,0,0.0,test
20260917,2026-09-17 10:39:00+09:00,32.166666666666664,0,0.0,test
20260917,2026-09-17 10:42:00+09:00,30.5,0,0.0,test
20260917,2026-09-17 10:45:00+09:00,28.33333333333333,0,0.0,test
20260917,2026-09-17 10:48:00+09:00,41.5,0,0.0,test
20260917,2026-09-17 10:51:00+09:00,44.833333333333336,0,0.0,test
20260917,2026-09-17 10:54:00+09:00,50.333333333333336,0,0.0,test
20260917,2026-09-17 10:57:00+09:00,52.0,0,0.0,test
20260917,2026-09-17 11:00:00+09:00,41.0,0,0.0,test
20260917,2026-09-17 11:03:00+09:00,41.0,0,0.0,test
20260917,2026-09-17 11:06:00+09:00,38.5,0,0.0,test
20260917,2026-09-17 11:09:00+09:00,39.5,0,0.0,test
20260917,2026-09-17 11:12:00+09:00,34.166666666666664,0,0.0,test
20260917,2026-09-17 11:15:00+09:00,29.33333333333333,0,0.0,test
20260917,2026-09-17 11:18:00+09:00,25.5,0,0.0,test
20260917,2026-09-17 11:21:00+09:00,27.666666666666668,0,0.0,test
20260917,2026-09-17 11:24:00+09:00,25.666666666666668,0,0.0,test
20260917,2026-09-17 11:27:00+09:00,25.0,0,0.0,test
20260917,2026-09-17 11:30:00+09:00,23.0,0,0.0,test
20260917,2026-09-17 11:33:00+09:00,30.33333333333333,0,0.0,test
20260917,2026-09-17 11:36:00+09:00,30.5,0,0.0,test
20260917,2026-09-17 11:39:00+09:00,32.166666666666664,0,0.0,test
20260917,2026-09-17 11:42:00+09:00,34.333333333333336,0,0.0,test
20260917,2026-09-17 11:45:00+09:00,46.833333333333336,0,0.0,test
20260917,2026-09-17 11:48:00+09:00,39.0,0,0.0,test
20260917,2026-09-17 11:51:00+09:00,32.333333333333336,0,0.0,test
20260917,2026-09-17 11:54:00+09:00,31.83333333333333,0,0.0,test
20260917,2026-09-17 11:57:00+09:00,31.666666666666668,0,0.0,test
20260917,2026-09-17 12:00:00+09:00,34.333333333333336,0,0.0,test
20260917,2026-09-17 12:03:00+09:00,32.5,0,0.0,test
20260917,2026-09-17 12:06:00+09:00,33.5,0,0.0,test
20260917,2026-09-17 12:09:00+09:00,33.5,0,0.0,test
20260917,2026-09-17 12:12:00+09:00,31.5,0,0.0,test
20260917,2026-09-17 12:15:00+09:00,34.166666666666664,0,0.0,test
20260917,2026-09-17 12:18:00+09:00,30.83333333333333,0,0.0,test
20260917,2026-09-17 12:21:00+09:00,29.83333333333333,0,0.0,test
20260917,2026-09-17 12:24:00+09:00,34.5,0,0.0,test
20260917,2026-09-17 12:27:00+09:00,34.333333333333336,0,0.0,test
20260917,2026-09-17 12:30:00+09:00,34.333333333333336,0,0.0,test
20260917,2026-09-17 12:33:00+09:00,33.833333333333336,0,0.0,test
20260917,2026-09-17 12:36:00+09:00,37.5,0,0.0,test
20260917,2026-09-17 12:39:00+09:00,36.333333333333336,0,0.0,test
20260917,2026-09-17 12:42:00+09:00,32.666666666666664,0,0.0,test
20260917,2026-09-17 12:45:00+09:00,32.5,0,0.0,test
20260917,2026-09-17 12:48:00+09:00,37.333333333333336,0,0.0,test
20260917,2026-09-17 12:51:00+09:00,35.833333333333336,0,0.0,test
20260917,2026-09-17 12:54:00+09:00,38.16666666666666,0,0.0,test
20260917,2026-09-17 12:57:00+09:00,35.5,0,0.0,test
20260917,2026-09-17 13:00:00+09:00,27.166666666666668,0,0.0,test
20260917,2026-09-17 13:03:00+09:00,35.666666666666664,0,0.0,test
20260917,2026-09-17 13:06:00+09:00,34.666666666666664,0,0.0,test
20260917,2026-09-17 13:09:00+09:00,35.833333333333336,0,0.0,test
20260917,2026-09-17 13:12:00+09:00,31.0,0,0.0,test
20260917,2026-09-17 13:15:00+09:00,29.5,0,0.0,test
20260917,2026-09-17 13:18:00+09:00,25.83333333333333,0,0.0,test
20260917,2026-09-17 13:21:00+09:00,31.666666666666668,0,0.0,test
20260917,2026-09-17 13:24:00+09:00,22.83333333333333,0,0.0,test
20260917,2026-09-17 13:27:00+09:00,22.83333333333333,0,0.0,test
20260917,2026-09-17 13:30:00+09:00,24.0,0,0.0,test
20260917,2026-09-17 13:33:00+09:00,26.166666666666668,0,0.0,test
20260917,2026-09-17 13:36:00+09:00,26.5,0,0.0,test
20260917,2026-09-17 13:39:00+09:00,29.0,0,0.0,test
20260917,2026-09-17 13:42:00+09:00,28.83333333333333,0,0.0,test
20260917,2026-09-17 13:45:00+09:00,43.5,0,0.0,test
20260917,2026-09-17 13:48:00+09:00,44.5,0,0.0,test
20260917,2026-09-17 13:51:00+09:00,53.833333333333336,0,0.0,test
20260917,2026-09-17 13:54:00+09:00,54.833333333333336,0,0.0,test
20260917,2026-09-17 13:57:00+09:00,57.333333333333336,0,0.0,test
20260917,2026-09-17 14:00:00+09:00,59.833333333333336,0,0.0,test
20260917,2026-09-17 14:03:00+09:00,63.333333333333336,0,0.0,test
20260917,2026-09-17 14:06:00+09:00,63.833333333333336,0,0.0,test
20260917,2026-09-17 14:09:00+09:00,62.0,0,0.0,test
20260917,2026-09-17 14:12:00+09:00,59.0,0,0.0,test
20260917,2026-09-17 14:15:00+09:00,62.333333333333336,0,0.0,test
20260917,2026-09-17 14:18:00+09:00,54.66666666666666,0,0.0,test
20260917,2026-09-17 14:21:00+09:00,53.16666666666666,0,0.0,test
20260917,2026-09-17 14:24:00+09:00,55.333333333333336,0,0.0,test
20260917,2026-09-17 14:27:00+09:00,56.66666666666666,0,0.0,test
20260917,2026-09-17 14:30:00+09:00,46.5,0,0.0,test
20260917,2026-09-17 14:33:00+09:00,55.66666666666666,0,0.0,test
20260917,2026-09-17 14:36:00+09:00,59.16666666666666,0,0.0,test
20260917,2026-09-17 14:39:00+09:00,55.833333333333336,0,0.0,test
20260917,2026-09-17 14:42:00+09:00,57.833333333333336,0,0.0,test
20260917,2026-09-17 14:45:00+09:00,44.16666666666666,0,0.0,test
20260917,2026-09-17 14:48:00+09:00,35.5,0,0.0,test
20260917,2026-09-17 14:51:00+09:00,38.833333333333336,0,0.0,test
20260917,2026-09-17 14:54:00+09:00,28.33333333333333,0,0.0,test
20260917,2026-09-17 14:57:00+09:00,27.0,0,0.0,test
20260918,2026-09-18 09:12:00+09:00,37.833333333333336,0,0.0,test
20260918,2026-09-18 09:15:00+09:00,37.833333333333336,0,0.0,test
20260918,2026-09-18 09:18:00+09:00,54.66666666666666,0,0.0,test
20260918,2026-09-18 09:21:00+09:00,55.16666666666666,0,0.0,test
20260918,2026-09-18 09:24:00+09:00,58.333333333333336,0,0.0,test
20260918,2026-09-18 09:27:00+09:00,62.5,0,0.0,test
20260918,2026-09-18 09:30:00+09:00,58.833333333333336,0,0.0,test
20260918,2026-09-18 09:33:00+09:00,54.16666666666666,0,0.0,test
20260918,2026-09-18 09:36:00+09:00,52.66666666666666,0,0.0,test
20260918,2026-09-18 09:39:00+09:00,47.66666666666666,0,0.0,test
20260918,2026-09-18 09:42:00+09:00,47.5,0,0.0,test
20260918,2026-09-18 09:45:00+09:00,45.5,0,0.0,test
20260918,2026-09-18 09:48:00+09:00,48.833333333333336,0,0.0,test
20260918,2026-09-18 09:51:00+09:00,48.5,0,0.0,test
20260918,2026-09-18 09:54:00+09:00,47.0,0,0.0,test
20260918,2026-09-18 09:57:00+09:00,46.833333333333336,0,0.0,test
20260918,2026-09-18 10:00:00+09:00,46.16666666666666,0,0.0,test
20260918,2026-09-18 10:03:00+09:00,52.333333333333336,0,0.0,test
20260918,2026-09-18 10:06:00+09:00,50.333333333333336,0,0.0,test
20260918,2026-09-18 10:09:00+09:00,50.0,0,0.0,test
20260918,2026-09-18 10:12:00+09:00,53.833333333333336,0,0.0,test
20260918,2026-09-18 10:15:00+09:00,49.333333333333336,0,0.0,test
20260918,2026-09-18 10:18:00+09:00,34.0,0,0.0,test
20260918,2026-09-18 10:21:00+09:00,33.5,0,0.0,test
20260918,2026-09-18 10:24:00+09:00,26.83333333333333,0,0.0,test
20260918,2026-09-18 10:27:00+09:00,35.0,0,0.0,test
20260918,2026-09-18 10:30:00+09:00,32.166666666666664,0,0.0,test
20260918,2026-09-18 10:33:00+09:00,37.0,0,0.0,test
20260918,2026-09-18 10:36:00+09:00,39.833333333333336,0,0.0,test
20260918,2026-09-18 10:39:00+09:00,41.0,0,0.0,test
20260918,2026-09-18 10:42:00+09:00,36.833333333333336,0,0.0,test
20260918,2026-09-18 10:45:00+09:00,38.333333333333336,0,0.0,test
20260918,2026-09-18 10:48:00+09:00,37.833333333333336,0,0.0,test
20260918,2026-09-18 10:51:00+09:00,40.333333333333336,0,0.0,test
20260918,2026-09-18 10:54:00+09:00,41.16666666666666,0,0.0,test
20260918,2026-09-18 10:57:00+09:00,31.0,0,0.0,test
20260918,2026-09-18 11:00:00+09:00,28.666666666666668,0,0.0,test
20260918,2026-09-18 11:03:00+09:00,26.5,0,0.0,test
20260918,2026-09-18 11:06:00+09:00,31.166666666666668,0,0.0,test
20260918,2026-09-18 11:09:00+09:00,26.166666666666668,0,0.0,test
20260918,2026-09-18 11:12:00+09:00,25.166666666666668,0,0.0,test
20260918,2026-09-18 11:15:00+09:00,28.83333333333333,0,0.0,test
20260918,2026-09-18 11:18:00+09:00,28.166666666666668,0,0.0,test
20260918,2026-09-18 11:21:00+09:00,30.666666666666668,0,0.0,test
20260918,2026-09-18 11:24:00+09:00,32.5,0,0.0,test
20260918,2026-09-18 11:27:00+09:00,33.166666666666664,0,0.0,test
20260918,2026-09-18 11:30:00+09:00,30.33333333333333,0,0.0,test
20260918,2026-09-18 11:33:00+09:00,31.5,0,0.0,test
20260918,2026-09-18 11:36:00+09:00,34.0,0,0.0,test
20260918,2026-09-18 11:39:00+09:00,36.16666666666666,0,0.0,test
20260918,2026-09-18 11:42:00+09:00,33.833333333333336,0,0.0,test
20260918,2026-09-18 11:45:00+09:00,33.333333333333336,0,0.0,test
20260918,2026-09-18 11:48:00+09:00,33.166666666666664,0,0.0,test
20260918,2026-09-18 11:51:00+09:00,34.833333333333336,0,0.0,test
20260918,2026-09-18 11:54:00+09:00,51.833333333333336,0,0.0,test
20260918,2026-09-18 11:57:00+09:00,58.333333333333336,0,0.0,test
20260918,2026-09-18 12:00:00+09:00,57.0,0,0.0,test
20260918,2026-09-18 12:03:00+09:00,55.16666666666666,0,0.0,test
20260918,2026-09-18 12:06:00+09:00,56.16666666666666,0,0.0,test
20260918,2026-09-18 12:09:00+09:00,52.833333333333336,0,0.0,test
20260918,2026-09-18 12:12:00+09:00,51.333333333333336,0,0.0,test
20260918,2026-09-18 12:15:00+09:00,53.66666666666666,0,0.0,test
20260918,2026-09-18 12:18:00+09:00,54.333333333333336,0,0.0,test
20260918,2026-09-18 12:21:00+09:00,52.5,0,0.0,test
20260918,2026-09-18 12:24:00+09:00,53.833333333333336,0,0.0,test
20260918,2026-09-18 12:27:00+09:00,42.66666666666666,0,0.0,test
20260918,2026-09-18 12:30:00+09:00,42.833333333333336,0,0.0,test
20260918,2026-09-18 12:33:00+09:00,52.833333333333336,0,0.0,test
20260918,2026-09-18 12:36:00+09:00,52.16666666666666,0,0.0,test
20260918,2026-09-18 12:39:00+09:00,54.16666666666666,0,0.0,test
20260918,2026-09-18 12:42:00+09:00,54.16666666666666,0,0.0,test
20260918,2026-09-18 12:45:00+09:00,42.833333333333336,0,0.0,test
20260918,2026-09-18 12:48:00+09:00,41.0,0,0.0,test
20260918,2026-09-18 12:51:00+09:00,43.66666666666666,0,0.0,test
20260918,2026-09-18 12:54:00+09:00,29.83333333333333,0,0.0,test
20260918,2026-09-18 12:57:00+09:00,32.0,0,0.0,test
20260918,2026-09-18 13:00:00+09:00,31.666666666666668,0,0.0,test
20260918,2026-09-18 13:03:00+09:00,29.166666666666668,0,0.0,test
20260918,2026-09-18 13:06:00+09:00,30.33333333333333,0,0.0,test
20260918,2026-09-18 13:09:00+09:00,22.0,0,0.0,test
20260918,2026-09-18 13:12:00+09:00,21.33333333333333,0,0.0,test
20260918,2026-09-18 13:15:00+09:00,23.33333333333333,0,0.0,test
20260918,2026-09-18 13:18:00+09:00,21.33333333333333,0,0.0,test
20260918,2026-09-18 13:21:00+09:00,14.666666666666666,0,0.0,test
20260918,2026-09-18 13:24:00+09:00,21.33333333333333,0,0.0,test
20260918,2026-09-18 13:27:00+09:00,28.0,0,0.0,test
20260918,2026-09-18 13:30:00+09:00,28.0,0,0.0,test
20260918,2026-09-18 13:33:00+09:00,31.0,0,0.0,test
20260918,2026-09-18 13:36:00+09:00,34.166666666666664,0,0.0,test
20260918,2026-09-18 13:39:00+09:00,31.666666666666668,0,0.0,test
20260918,2026-09-18 13:42:00+09:00,29.83333333333333,0,0.0,test
20260918,2026-09-18 13:45:00+09:00,33.666666666666664,0,0.0,test
20260918,2026-09-18 13:48:00+09:00,35.166666666666664,0,0.0,test
20260918,2026-09-18 13:51:00+09:00,34.666666666666664,0,0.0,test
20260918,2026-09-18 13:54:00+09:00,36.833333333333336,0,0.0,test
20260918,2026-09-18 13:57:00+09:00,30.166666666666668,0,0.0,test
20260918,2026-09-18 14:00:00+09:00,32.5,0,0.0,test
20260918,2026-09-18 14:03:00+09:00,32.5,0,0.0,test
20260918,2026-09-18 14:06:00+09:00,32.0,0,0.0,test
20260918,2026-09-18 14:09:00+09:00,33.333333333333336,0,0.0,test
20260918,2026-09-18 14:12:00+09:00,37.16666666666666,0,0.0,test
20260918,2026-09-18 14:15:00+09:00,35.5,0,0.0,test
20260918,2026-09-18 14:18:00+09:00,38.333333333333336,0,0.0,test
20260918,2026-09-18 14:21:00+09:00,42.66666666666666,0,0.0,test
20260918,2026-09-18 14:24:00+09:00,42.66666666666666,0,0.0,test
20260918,2026-09-18 14:27:00+09:00,44.333333333333336,0,0.0,test
20260918,2026-09-18 14:30:00+09:00,45.5,0,0.0,test
20260918,2026-09-18 14:33:00+09:00,45.66666666666666,0,0.0,test
20260918,2026-09-18 14:36:00+09:00,42.333333333333336,0,0.0,test
20260918,2026-09-18 14:39:00+09:00,39.333333333333336,0,0.0,test
20260918,2026-09-18 14:42:00+09:00,37.333333333333336,0,0.0,test
20260918,2026-09-18 14:45:00+09:00,39.833333333333336,0,0.0,test
20260918,2026-09-18 14:48:00+09:00,32.333333333333336,0,0.0,test
20260918,2026-09-18 14:51:00+09:00,29.0,0,0.0,test
20260918,2026-09-18 14:54:00+09:00,35.666666666666664,0,0.0,test
20260918,2026-09-18 14:57:00+09:00,39.5,0,0.0,test
20260921,2026-09-21 09:12:00+09:00,53.66666666666666,0,0.0,test
20260921,2026-09-21 09:15:00+09:00,55.16666666666666,0,0.0,test
20260921,2026-09-21 09:18:00+09:00,54.16666666666666,0,0.0,test
20260921,2026-09-21 09:21:00+09:00,59.333333333333336,0,0.0,test
20260921,2026-09-21 09:24:00+09:00,60.16666666666666,0,0.0,test
20260921,2026-09-21 09:27:00+09:00,65.16666666666667,1,121596.0,test
20260921,2026-09-21 09:30:00+09:00,68.5,1,121596.0,test
20260921,2026-09-21 09:33:00+09:00,65.0,1,121596.0,test
20260921,2026-09-21 09:36:00+09:00,64.16666666666667,1,121596.0,test
20260921,2026-09-21 09:39:00+09:00,57.0,1,121596.0,test
20260921,2026-09-21 09:42:00+09:00,41.833333333333336,1,121596.0,test
20260921,2026-09-21 09:45:00+09:00,44.333333333333336,1,121596.0,test
20260921,2026-09-21 09:48:00+09:00,41.0,1,121596.0,test
20260921,2026-09-21 09:51:00+09:00,33.666666666666664,1,121596.0,test
20260921,2026-09-21 09:54:00+09:00,31.666666666666668,1,121596.0,test
20260921,2026-09-21 09:57:00+09:00,34.333333333333336,0,0.0,test
20260921,2026-09-21 10:00:00+09:00,32.833333333333336,0,0.0,test
20260921,2026-09-21 10:03:00+09:00,32.0,0,0.0,test
20260921,2026-09-21 10:06:00+09:00,32.166666666666664,0,0.0,test
20260921,2026-09-21 10:09:00+09:00,32.166666666666664,0,0.0,test
20260921,2026-09-21 10:12:00+09:00,34.666666666666664,0,0.0,test
20260921,2026-09-21 10:15:00+09:00,33.166666666666664,0,0.0,test
20260921,2026-09-21 10:18:00+09:00,28.0,0,0.0,test
20260921,2026-09-21 10:21:00+09:00,31.166666666666668,1,28386.0,test
20260921,2026-09-21 10:24:00+09:00,31.5,1,28386.0,test
20260921,2026-09-21 10:27:00+09:00,22.83333333333333,1,28386.0,test
20260921,2026-09-21 10:30:00+09:00,16.0,1,28386.0,test
20260921,2026-09-21 10:33:00+09:00,23.83333333333333,1,28386.0,test
20260921,2026-09-21 10:36:00+09:00,23.5,1,28386.0,test
20260921,2026-09-21 10:39:00+09:00,23.666666666666668,1,28386.0,test
20260921,2026-09-21 10:42:00+09:00,38.333333333333336,1,28386.0,test
20260921,2026-09-21 10:45:00+09:00,40.16666666666666,1,28386.0,test
20260921,2026-09-21 10:48:00+09:00,42.0,1,28386.0,test
20260921,2026-09-21 10:51:00+09:00,40.16666666666666,0,0.0,test
20260921,2026-09-21 10:54:00+09:00,39.5,0,0.0,test
20260921,2026-09-21 10:57:00+09:00,41.833333333333336,0,0.0,test
20260921,2026-09-21 11:00:00+09:00,51.16666666666666,0,0.0,test
20260921,2026-09-21 11:03:00+09:00,55.5,0,0.0,test
20260921,2026-09-21 11:06:00+09:00,60.16666666666666,0,0.0,test
20260921,2026-09-21 11:09:00+09:00,56.0,0,0.0,test
20260921,2026-09-21 11:12:00+09:00,55.333333333333336,0,0.0,test
20260921,2026-09-21 11:15:00+09:00,58.333333333333336,0,0.0,test
20260921,2026-09-21 11:18:00+09:00,62.0,0,0.0,test
20260921,2026-09-21 11:21:00+09:00,59.66666666666666,0,0.0,test
20260921,2026-09-21 11:24:00+09:00,53.0,0,0.0,test
20260921,2026-09-21 11:27:00+09:00,51.0,0,0.0,test
20260921,2026-09-21 11:30:00+09:00,49.16666666666666,0,0.0,test
20260921,2026-09-21 11:33:00+09:00,46.16666666666666,0,0.0,test
20260921,2026-09-21 11:36:00+09:00,45.66666666666666,0,0.0,test
20260921,2026-09-21 11:39:00+09:00,47.5,0,0.0,test
20260921,2026-09-21 11:42:00+09:00,41.66666666666666,0,0.0,test
20260921,2026-09-21 11:45:00+09:00,28.166666666666668,0,0.0,test
20260921,2026-09-21 11:48:00+09:00,28.83333333333333,0,0.0,test
20260921,2026-09-21 11:51:00+09:00,33.166666666666664,0,0.0,test
20260921,2026-09-21 11:54:00+09:00,31.166666666666668,0,0.0,test
20260921,2026-09-21 11:57:00+09:00,34.666666666666664,0,0.0,test
20260921,2026-09-21 12:00:00+09:00,35.333333333333336,0,0.0,test
20260921,2026-09-21 12:03:00+09:00,31.0,0,0.0,test
20260921,2026-09-21 12:06:00+09:00,40.0,0,0.0,test
20260921,2026-09-21 12:09:00+09:00,39.333333333333336,0,0.0,test
20260921,2026-09-21 12:12:00+09:00,39.66666666666666,0,0.0,test
20260921,2026-09-21 12:15:00+09:00,41.333333333333336,0,0.0,test
20260921,2026-09-21 12:18:00+09:00,37.5,0,0.0,test
20260921,2026-09-21 12:21:00+09:00,37.66666666666666,0,0.0,test
20260921,2026-09-21 12:24:00+09:00,36.66666666666666,0,0.0,test
20260921,2026-09-21 12:27:00+09:00,33.666666666666664,1,-650.0,test
20260921,2026-09-21 12:30:00+09:00,35.833333333333336,1,-650.0,test
20260921,2026-09-21 12:33:00+09:00,29.33333333333333,1,-650.0,test
20260921,2026-09-21 12:36:00+09:00,23.666666666666668,1,-650.0,test
20260921,2026-09-21 12:39:00+09:00,39.0,1,-650.0,test
20260921,2026-09-21 12:42:00+09:00,41.0,1,-650.0,test
20260921,2026-09-21 12:45:00+09:00,46.0,1,-650.0,test
20260921,2026-09-21 12:48:00+09:00,45.66666666666666,1,-650.0,test
20260921,2026-09-21 12:51:00+09:00,48.16666666666666,1,-650.0,test
20260921,2026-09-21 12:54:00+09:00,45.66666666666666,1,-650.0,test
20260921,2026-09-21 12:57:00+09:00,42.833333333333336,0,0.0,test
20260921,2026-09-21 13:00:00+09:00,38.333333333333336,0,0.0,test
20260921,2026-09-21 13:03:00+09:00,42.5,0,0.0,test
20260921,2026-09-21 13:06:00+09:00,39.833333333333336,0,0.0,test
20260921,2026-09-21 13:09:00+09:00,38.16666666666666,0,0.0,test
20260921,2026-09-21 13:12:00+09:00,42.16666666666666,0,0.0,test
20260921,2026-09-21 13:15:00+09:00,41.16666666666666,0,0.0,test
20260921,2026-09-21 13:18:00+09:00,42.333333333333336,0,0.0,test
20260921,2026-09-21 13:21:00+09:00,40.5,0,0.0,test
20260921,2026-09-21 13:24:00+09:00,48.833333333333336,0,0.0,test
20260921,2026-09-21 13:27:00+09:00,47.16666666666666,0,0.0,test
20260921,2026-09-21 13:30:00+09:00,47.66666666666666,0,0.0,test
20260921,2026-09-21 13:33:00+09:00,48.16666666666666,0,0.0,test
20260921,2026-09-21 13:36:00+09:00,49.66666666666666,0,0.0,test
20260921,2026-09-21 13:39:00+09:00,50.333333333333336,0,0.0,test
20260921,2026-09-21 13:42:00+09:00,46.333333333333336,0,0.0,test
20260921,2026-09-21 13:45:00+09:00,56.5,0,0.0,test
20260921,2026-09-21 13:48:00+09:00,56.333333333333336,0,0.0,test
20260921,2026-09-21 13:51:00+09:00,55.16666666666666,0,0.0,test
20260921,2026-09-21 13:54:00+09:00,56.333333333333336,0,0.0,test
20260921,2026-09-21 13:57:00+09:00,51.16666666666666,0,0.0,test
20260921,2026-09-21 14:00:00+09:00,50.5,0,0.0,test
20260921,2026-09-21 14:03:00+09:00,49.833333333333336,0,0.0,test
20260921,2026-09-21 14:06:00+09:00,48.5,0,0.0,test
20260921,2026-09-21 14:09:00+09:00,45.66666666666666,0,0.0,test
20260921,2026-09-21 14:12:00+09:00,48.833333333333336,0,0.0,test
20260921,2026-09-21 14:15:00+09:00,49.5,0,0.0,test
20260921,2026-09-21 14:18:00+09:00,51.333333333333336,0,0.0,test
20260921,2026-09-21 14:21:00+09:00,50.333333333333336,0,0.0,test
20260921,2026-09-21 14:24:00+09:00,36.333333333333336,0,0.0,test
20260921,2026-09-21 14:27:00+09:00,36.833333333333336,0,0.0,test
20260921,2026-09-21 14:30:00+09:00,34.5,0,0.0,test
20260921,2026-09-21 14:33:00+09:00,39.16666666666666,0,0.0,test
20260921,2026-09-21 14:36:00+09:00,41.16666666666666,0,0.0,test
20260921,2026-09-21 14:39:00+09:00,38.16666666666666,0,0.0,test
20260921,2026-09-21 14:42:00+09:00,35.833333333333336,0,0.0,test
20260921,2026-09-21 14:45:00+09:00,31.166666666666668,0,0.0,test
20260921,2026-09-21 14:48:00+09:00,29.666666666666668,0,0.0,test
20260921,2026-09-21 14:51:00+09:00,32.333333333333336,0,0.0,test
20260921,2026-09-21 14:54:00+09:00,31.83333333333333,0,0.0,test
20260921,2026-09-21 14:57:00+09:00,33.5,0,0.0,test
20260922,2026-09-22 09:12:00+09:00,56.833333333333336,0,0.0,test
20260922,2026-09-22 09:15:00+09:00,57.66666666666666,0,0.0,test
20260922,2026-09-22 09:18:00+09:00,53.5,0,0.0,test
20260922,2026-09-22 09:21:00+09:00,53.833333333333336,0,0.0,test
20260922,2026-09-22 09:24:00+09:00,56.5,0,0.0,test
20260922,2026-09-22 09:27:00+09:00,53.66666666666666,0,0.0,test
20260922,2026-09-22 09:30:00+09:00,58.0,0,0.0,test
20260922,2026-09-22 09:33:00+09:00,44.5,0,0.0,test
20260922,2026-09-22 09:36:00+09:00,43.66666666666666,0,0.0,test
20260922,2026-09-22 09:39:00+09:00,42.833333333333336,0,0.0,test
20260922,2026-09-22 09:42:00+09:00,45.16666666666666,0,0.0,test
20260922,2026-09-22 09:45:00+09:00,43.0,0,0.0,test
20260922,2026-09-22 09:48:00+09:00,44.16666666666666,0,0.0,test
20260922,2026-09-22 09:51:00+09:00,44.66666666666666,0,0.0,test
20260922,2026-09-22 09:54:00+09:00,43.5,0,0.0,test
20260922,2026-09-22 09:57:00+09:00,41.66666666666666,0,0.0,test
20260922,2026-09-22 10:00:00+09:00,37.5,0,0.0,test
20260922,2026-09-22 10:03:00+09:00,43.66666666666666,0,0.0,test
20260922,2026-09-22 10:06:00+09:00,30.5,0,0.0,test
20260922,2026-09-22 10:09:00+09:00,34.333333333333336,0,0.0,test
20260922,2026-09-22 10:12:00+09:00,29.33333333333333,0,0.0,test
20260922,2026-09-22 10:15:00+09:00,28.0,0,0.0,test
20260922,2026-09-22 10:18:00+09:00,23.83333333333333,0,0.0,test
20260922,2026-09-22 10:21:00+09:00,24.83333333333333,0,0.0,test
20260922,2026-09-22 10:24:00+09:00,26.0,0,0.0,test
20260922,2026-09-22 10:27:00+09:00,31.33333333333333,0,0.0,test
20260922,2026-09-22 10:30:00+09:00,31.0,0,0.0,test
20260922,2026-09-22 10:33:00+09:00,31.83333333333333,0,0.0,test
20260922,2026-09-22 10:36:00+09:00,26.166666666666668,0,0.0,test
20260922,2026-09-22 10:39:00+09:00,26.0,0,0.0,test
20260922,2026-09-22 10:42:00+09:00,26.5,0,0.0,test
20260922,2026-09-22 10:45:00+09:00,33.5,0,0.0,test
20260922,2026-09-22 10:48:00+09:00,38.16666666666666,1,-71806.0,test
20260922,2026-09-22 10:51:00+09:00,37.16666666666666,1,-71806.0,test
20260922,2026-09-22 10:54:00+09:00,40.16666666666666,1,-71806.0,test
20260922,2026-09-22 10:57:00+09:00,42.833333333333336,1,-71806.0,test
20260922,2026-09-22 11:00:00+09:00,40.0,1,-71806.0,test
20260922,2026-09-22 11:03:00+09:00,39.66666666666666,1,-71806.0,test
20260922,2026-09-22 11:06:00+09:00,37.66666666666666,1,-71806.0,test
20260922,2026-09-22 11:09:00+09:00,33.833333333333336,1,-71806.0,test
20260922,2026-09-22 11:12:00+09:00,41.0,1,-71806.0,test
20260922,2026-09-22 11:15:00+09:00,41.16666666666666,1,-71806.0,test
20260922,2026-09-22 11:18:00+09:00,55.0,0,0.0,test
20260922,2026-09-22 11:21:00+09:00,45.16666666666666,0,0.0,test
20260922,2026-09-22 11:24:00+09:00,42.66666666666666,0,0.0,test
20260922,2026-09-22 11:27:00+09:00,44.0,0,0.0,test
20260922,2026-09-22 11:30:00+09:00,45.5,0,0.0,test
20260922,2026-09-22 11:33:00+09:00,43.333333333333336,0,0.0,test
20260922,2026-09-22 11:36:00+09:00,45.66666666666666,0,0.0,test
20260922,2026-09-22 11:39:00+09:00,50.66666666666666,0,0.0,test
20260922,2026-09-22 11:42:00+09:00,42.5,0,0.0,test
20260922,2026-09-22 11:45:00+09:00,41.5,1,366206.0,test
20260922,2026-09-22 11:48:00+09:00,39.833333333333336,1,366206.0,test
20260922,2026-09-22 11:51:00+09:00,46.0,1,366206.0,test
20260922,2026-09-22 11:54:00+09:00,46.16666666666666,1,366206.0,test
20260922,2026-09-22 11:57:00+09:00,47.833333333333336,1,366206.0,test
20260922,2026-09-22 12:00:00+09:00,43.333333333333336,1,366206.0,test
20260922,2026-09-22 12:03:00+09:00,44.5,1,366206.0,test
20260922,2026-09-22 12:06:00+09:00,44.16666666666666,1,366206.0,test
20260922,2026-09-22 12:09:00+09:00,46.0,1,366206.0,test
20260922,2026-09-22 12:12:00+09:00,43.66666666666666,1,366206.0,test
20260922,2026-09-22 12:15:00+09:00,44.833333333333336,0,0.0,test
20260922,2026-09-22 12:18:00+09:00,49.333333333333336,0,0.0,test
20260922,2026-09-22 12:21:00+09:00,48.0,0,0.0,test
20260922,2026-09-22 12:24:00+09:00,46.5,0,0.0,test
20260922,2026-09-22 12:27:00+09:00,47.5,0,0.0,test
20260922,2026-09-22 12:30:00+09:00,44.16666666666666,0,0.0,test
20260922,2026-09-22 12:33:00+09:00,46.16666666666666,0,0.0,test
20260922,2026-09-22 12:36:00+09:00,49.833333333333336,0,0.0,test
20260922,2026-09-22 12:39:00+09:00,52.0,0,0.0,test
20260922,2026-09-22 12:42:00+09:00,34.5,0,0.0,test
20260922,2026-09-22 12:45:00+09:00,39.16666666666666,0,0.0,test
20260922,2026-09-22 12:48:00+09:00,37.16666666666666,0,0.0,test
20260922,2026-09-22 12:51:00+09:00,36.0,0,0.0,test
20260922,2026-09-22 12:54:00+09:00,35.0,0,0.0,test
20260922,2026-09-22 12:57:00+09:00,36.16666666666666,0,0.0,test
20260922,2026-09-22 13:00:00+09:00,38.16666666666666,0,0.0,test
20260922,2026-09-22 13:03:00+09:00,38.833333333333336,0,0.0,test
20260922,2026-09-22 13:06:00+09:00,39.333333333333336,0,0.0,test
20260922,2026-09-22 13:09:00+09:00,31.666666666666668,0,0.0,test
20260922,2026-09-22 13:12:00+09:00,34.666666666666664,0,0.0,test
20260922,2026-09-22 13:15:00+09:00,36.16666666666666,0,0.0,test
20260922,2026-09-22 13:18:00+09:00,37.833333333333336,0,0.0,test
20260922,2026-09-22 13:21:00+09:00,39.833333333333336,0,0.0,test
20260922,2026-09-22 13:24:00+09:00,37.5,0,0.0,test
20260922,2026-09-22 13:27:00+09:00,33.666666666666664,0,0.0,test
20260922,2026-09-22 13:30:00+09:00,31.0,0,0.0,test
20260922,2026-09-22 13:33:00+09:00,32.833333333333336,0,0.0,test
20260922,2026-09-22 13:36:00+09:00,34.333333333333336,0,0.0,test
20260922,2026-09-22 13:39:00+09:00,32.0,0,0.0,test
20260922,2026-09-22 13:42:00+09:00,31.5,0,0.0,test
20260922,2026-09-22 13:45:00+09:00,22.666666666666668,0,0.0,test
20260922,2026-09-22 13:48:00+09:00,26.0,0,0.0,test
20260922,2026-09-22 13:51:00+09:00,25.166666666666668,0,0.0,test
20260922,2026-09-22 13:54:00+09:00,28.0,0,0.0,test
20260922,2026-09-22 13:57:00+09:00,31.166666666666668,0,0.0,test
20260922,2026-09-22 14:00:00+09:00,31.666666666666668,0,0.0,test
20260922,2026-09-22 14:03:00+09:00,30.666666666666668,0,0.0,test
20260922,2026-09-22 14:06:00+09:00,32.0,0,0.0,test
20260922,2026-09-22 14:09:00+09:00,31.0,0,0.0,test
20260922,2026-09-22 14:12:00+09:00,26.666666666666668,0,0.0,test
20260922,2026-09-22 14:15:00+09:00,25.33333333333333,0,0.0,test
20260922,2026-09-22 14:18:00+09:00,32.166666666666664,0,0.0,test
20260922,2026-09-22 14:21:00+09:00,56.66666666666666,0,0.0,test
20260922,2026-09-22 14:24:00+09:00,58.16666666666666,0,0.0,test
20260922,2026-09-22 14:27:00+09:00,65.83333333333333,0,0.0,test
20260922,2026-09-22 14:30:00+09:00,66.5,0,0.0,test
20260922,2026-09-22 14:33:00+09:00,67.66666666666667,0,0.0,test
20260922,2026-09-22 14:36:00+09:00,68.33333333333333,0,0.0,test
20260922,2026-09-22 14:39:00+09:00,59.5,0,0.0,test
20260922,2026-09-22 14:42:00+09:00,66.0,0,0.0,test
20260922,2026-09-22 14:45:00+09:00,65.5,0,0.0,test
20260922,2026-09-22 14:48:00+09:00,57.66666666666666,0,0.0,test
20260922,2026-09-22 14:51:00+09:00,54.5,0,0.0,test
20260922,2026-09-22 14:54:00+09:00,57.5,0,0.0,test
20260922,2026-09-22 14:57:00+09:00,52.66666666666666,0,0.0,test
20260923,2026-09-23 09:12:00+09:00,50.0,0,0.0,test
20260923,2026-09-23 09:15:00+09:00,50.66666666666666,0,0.0,test
20260923,2026-09-23 09:18:00+09:00,50.66666666666666,0,0.0,test
20260923,2026-09-23 09:21:00+09:00,54.833333333333336,0,0.0,test
20260923,2026-09-23 09:24:00+09:00,56.66666666666666,0,0.0,test
20260923,2026-09-23 09:27:00+09:00,55.5,0,0.0,test
20260923,2026-09-23 09:30:00+09:00,53.333333333333336,0,0.0,test
20260923,2026-09-23 09:33:00+09:00,52.333333333333336,0,0.0,test
20260923,2026-09-23 09:36:00+09:00,35.0,0,0.0,test
20260923,2026-09-23 09:39:00+09:00,30.33333333333333,0,0.0,test
20260923,2026-09-23 09:42:00+09:00,29.83333333333333,0,0.0,test
20260923,2026-09-23 09:45:00+09:00,30.0,0,0.0,test
20260923,2026-09-23 09:48:00+09:00,33.666666666666664,1,-100806.0,test
20260923,2026-09-23 09:51:00+09:00,34.166666666666664,1,-100806.0,test
20260923,2026-09-23 09:54:00+09:00,30.83333333333333,1,-100806.0,test
20260923,2026-09-23 09:57:00+09:00,31.0,1,-100806.0,test
20260923,2026-09-23 10:00:00+09:00,36.0,1,-100806.0,test
20260923,2026-09-23 10:03:00+09:00,28.83333333333333,1,-100806.0,test
20260923,2026-09-23 10:06:00+09:00,45.5,1,-100806.0,test
20260923,2026-09-23 10:09:00+09:00,44.333333333333336,1,-100806.0,test
20260923,2026-09-23 10:12:00+09:00,41.833333333333336,2,22776.0,test
20260923,2026-09-23 10:15:00+09:00,41.16666666666666,2,22776.0,test
20260923,2026-09-23 10:18:00+09:00,39.5,1,123582.0,test
20260923,2026-09-23 10:21:00+09:00,36.833333333333336,1,123582.0,test
20260923,2026-09-23 10:24:00+09:00,37.333333333333336,1,123582.0,test
20260923,2026-09-23 10:27:00+09:00,32.666666666666664,1,123582.0,test
20260923,2026-09-23 10:30:00+09:00,31.5,1,123582.0,test
20260923,2026-09-23 10:33:00+09:00,35.833333333333336,1,123582.0,test
20260923,2026-09-23 10:36:00+09:00,27.166666666666668,1,123582.0,test
20260923,2026-09-23 10:39:00+09:00,30.166666666666668,1,123582.0,test
20260923,2026-09-23 10:42:00+09:00,44.333333333333336,0,0.0,test
20260923,2026-09-23 10:45:00+09:00,49.5,0,0.0,test
20260923,2026-09-23 10:48:00+09:00,47.16666666666666,0,0.0,test
20260923,2026-09-23 10:51:00+09:00,48.66666666666666,0,0.0,test
20260923,2026-09-23 10:54:00+09:00,58.0,0,0.0,test
20260923,2026-09-23 10:57:00+09:00,53.0,0,0.0,test
20260923,2026-09-23 11:00:00+09:00,48.333333333333336,0,0.0,test
20260923,2026-09-23 11:03:00+09:00,42.5,0,0.0,test
20260923,2026-09-23 11:06:00+09:00,53.16666666666666,0,0.0,test
20260923,2026-09-23 11:09:00+09:00,48.66666666666666,0,0.0,test
20260923,2026-09-23 11:12:00+09:00,52.333333333333336,0,0.0,test
20260923,2026-09-23 11:15:00+09:00,49.333333333333336,0,0.0,test
20260923,2026-09-23 11:18:00+09:00,28.666666666666668,0,0.0,test
20260923,2026-09-23 11:21:00+09:00,27.0,0,0.0,test
20260923,2026-09-23 11:24:00+09:00,30.5,0,0.0,test
20260923,2026-09-23 11:27:00+09:00,31.33333333333333,0,0.0,test
20260923,2026-09-23 11:30:00+09:00,44.0,0,0.0,test
20260923,2026-09-23 11:33:00+09:00,44.333333333333336,0,0.0,test
20260923,2026-09-23 11:36:00+09:00,42.5,0,0.0,test
20260923,2026-09-23 11:39:00+09:00,44.16666666666666,0,0.0,test
20260923,2026-09-23 11:42:00+09:00,47.16666666666666,0,0.0,test
20260923,2026-09-23 11:45:00+09:00,45.5,0,0.0,test
20260923,2026-09-23 11:48:00+09:00,48.0,0,0.0,test
20260923,2026-09-23 11:51:00+09:00,47.66666666666666,0,0.0,test
20260923,2026-09-23 11:54:00+09:00,45.5,0,0.0,test
20260923,2026-09-23 11:57:00+09:00,41.0,0,0.0,test
20260923,2026-09-23 12:00:00+09:00,45.16666666666666,0,0.0,test
20260923,2026-09-23 12:03:00+09:00,40.833333333333336,0,0.0,test
20260923,2026-09-23 12:06:00+09:00,38.833333333333336,0,0.0,test
20260923,2026-09-23 12:09:00+09:00,44.0,0,0.0,test
20260923,2026-09-23 12:12:00+09:00,47.833333333333336,0,0.0,test
20260923,2026-09-23 12:15:00+09:00,53.333333333333336,0,0.0,test
20260923,2026-09-23 12:18:00+09:00,49.0,0,0.0,test
20260923,2026-09-23 12:21:00+09:00,45.833333333333336,0,0.0,test
20260923,2026-09-23 12:24:00+09:00,48.0,0,0.0,test
20260923,2026-09-23 12:27:00+09:00,45.833333333333336,0,0.0,test
20260923,2026-09-23 12:30:00+09:00,45.333333333333336,1,-89307.0,test
20260923,2026-09-23 12:33:00+09:00,43.5,1,-89307.0,test
20260923,2026-09-23 12:36:00+09:00,46.333333333333336,1,-89307.0,test
20260923,2026-09-23 12:39:00+09:00,29.83333333333333,1,-89307.0,test
20260923,2026-09-23 12:42:00+09:00,30.33333333333333,1,-89307.0,test
20260923,2026-09-23 12:45:00+09:00,31.33333333333333,1,-89307.0,test
20260923,2026-09-23 12:48:00+09:00,32.666666666666664,1,-89307.0,test
20260923,2026-09-23 12:51:00+09:00,37.333333333333336,1,-89307.0,test
20260923,2026-09-23 12:54:00+09:00,38.66666666666666,1,-89307.0,test
20260923,2026-09-23 12:57:00+09:00,32.166666666666664,1,-89307.0,test
20260923,2026-09-23 13:00:00+09:00,35.333333333333336,0,0.0,test
20260923,2026-09-23 13:03:00+09:00,35.0,0,0.0,test
20260923,2026-09-23 13:06:00+09:00,37.66666666666666,0,0.0,test
20260923,2026-09-23 13:09:00+09:00,41.0,0,0.0,test
20260923,2026-09-23 13:12:00+09:00,37.66666666666666,0,0.0,test
20260923,2026-09-23 13:15:00+09:00,43.5,0,0.0,test
20260923,2026-09-23 13:18:00+09:00,42.5,0,0.0,test
20260923,2026-09-23 13:21:00+09:00,44.833333333333336,0,0.0,test
20260923,2026-09-23 13:24:00+09:00,51.66666666666666,0,0.0,test
20260923,2026-09-23 13:27:00+09:00,51.66666666666666,0,0.0,test
20260923,2026-09-23 13:30:00+09:00,40.66666666666666,0,0.0,test
20260923,2026-09-23 13:33:00+09:00,40.16666666666666,0,0.0,test
20260923,2026-09-23 13:36:00+09:00,37.16666666666666,0,0.0,test
20260923,2026-09-23 13:39:00+09:00,46.66666666666666,0,0.0,test
20260923,2026-09-23 13:42:00+09:00,49.833333333333336,0,0.0,test
20260923,2026-09-23 13:45:00+09:00,49.5,0,0.0,test
20260923,2026-09-23 13:48:00+09:00,52.833333333333336,0,0.0,test
20260923,2026-09-23 13:51:00+09:00,49.833333333333336,0,0.0,test
20260923,2026-09-23 13:54:00+09:00,48.16666666666666,0,0.0,test
20260923,2026-09-23 13:57:00+09:00,50.16666666666666,0,0.0,test
20260923,2026-09-23 14:00:00+09:00,52.66666666666666,0,0.0,test
20260923,2026-09-23 14:03:00+09:00,46.333333333333336,0,0.0,test
20260923,2026-09-23 14:06:00+09:00,53.833333333333336,0,0.0,test
20260923,2026-09-23 14:09:00+09:00,53.66666666666666,0,0.0,test
20260923,2026-09-23 14:12:00+09:00,57.333333333333336,0,0.0,test
20260923,2026-09-23 14:15:00+09:00,56.333333333333336,0,0.0,test
20260923,2026-09-23 14:18:00+09:00,54.5,0,0.0,test
20260923,2026-09-23 14:21:00+09:00,50.333333333333336,0,0.0,test
20260923,2026-09-23 14:24:00+09:00,43.16666666666666,0,0.0,test
20260923,2026-09-23 14:27:00+09:00,47.66666666666666,0,0.0,test
20260923,2026-09-23 14:30:00+09:00,50.16666666666666,0,0.0,test
20260923,2026-09-23 14:33:00+09:00,49.0,0,0.0,test
20260923,2026-09-23 14:36:00+09:00,32.833333333333336,0,0.0,test
20260923,2026-09-23 14:39:00+09:00,33.833333333333336,0,0.0,test
20260923,2026-09-23 14:42:00+09:00,29.33333333333333,0,0.0,test
20260923,2026-09-23 14:45:00+09:00,46.16666666666666,0,0.0,test
20260923,2026-09-23 14:48:00+09:00,52.66666666666666,0,0.0,test
20260923,2026-09-23 14:51:00+09:00,52.833333333333336,0,0.0,test
20260923,2026-09-23 14:54:00+09:00,53.66666666666666,0,0.0,test
20260923,2026-09-23 14:57:00+09:00,53.66666666666666,0,0.0,test
20260928,2026-09-28 09:12:00+09:00,66.16666666666667,0,0.0,test
20260928,2026-09-28 09:15:00+09:00,64.16666666666667,1,117211.0,test
20260928,2026-09-28 09:18:00+09:00,66.5,1,117211.0,test
20260928,2026-09-28 09:21:00+09:00,69.83333333333333,1,117211.0,test
20260928,2026-09-28 09:24:00+09:00,72.83333333333333,1,117211.0,test
20260928,2026-09-28 09:27:00+09:00,73.83333333333333,1,117211.0,test
20260928,2026-09-28 09:30:00+09:00,77.16666666666667,1,117211.0,test
20260928,2026-09-28 09:33:00+09:00,67.83333333333333,1,117211.0,test
20260928,2026-09-28 09:36:00+09:00,55.0,1,117211.0,test
20260928,2026-09-28 09:39:00+09:00,53.16666666666666,1,117211.0,test
20260928,2026-09-28 09:42:00+09:00,53.66666666666666,1,117211.0,test
20260928,2026-09-28 09:45:00+09:00,52.66666666666666,0,0.0,test
20260928,2026-09-28 09:48:00+09:00,49.16666666666666,0,0.0,test
20260928,2026-09-28 09:51:00+09:00,48.833333333333336,0,0.0,test
20260928,2026-09-28 09:54:00+09:00,43.833333333333336,0,0.0,test
20260928,2026-09-28 09:57:00+09:00,45.833333333333336,0,0.0,test
20260928,2026-09-28 10:00:00+09:00,40.66666666666666,0,0.0,test
20260928,2026-09-28 10:03:00+09:00,43.5,0,0.0,test
20260928,2026-09-28 10:06:00+09:00,48.5,1,-22879.0,test
20260928,2026-09-28 10:09:00+09:00,49.0,1,-22879.0,test
20260928,2026-09-28 10:12:00+09:00,47.66666666666666,1,-22879.0,test
20260928,2026-09-28 10:15:00+09:00,49.0,1,-22879.0,test
20260928,2026-09-28 10:18:00+09:00,54.66666666666666,1,-22879.0,test
20260928,2026-09-28 10:21:00+09:00,57.0,1,-22879.0,test
20260928,2026-09-28 10:24:00+09:00,56.333333333333336,1,-22879.0,test
20260928,2026-09-28 10:27:00+09:00,54.5,1,-22879.0,test
20260928,2026-09-28 10:30:00+09:00,46.5,1,-22879.0,test
20260928,2026-09-28 10:33:00+09:00,49.66666666666666,1,-22879.0,test
20260928,2026-09-28 10:36:00+09:00,61.333333333333336,0,0.0,test
20260928,2026-09-28 10:39:00+09:00,55.833333333333336,0,0.0,test
20260928,2026-09-28 10:42:00+09:00,54.333333333333336,0,0.0,test
20260928,2026-09-28 10:45:00+09:00,40.66666666666666,0,0.0,test
20260928,2026-09-28 10:48:00+09:00,40.5,0,0.0,test
20260928,2026-09-28 10:51:00+09:00,40.66666666666666,0,0.0,test
20260928,2026-09-28 10:54:00+09:00,36.16666666666666,0,0.0,test
20260928,2026-09-28 10:57:00+09:00,38.16666666666666,0,0.0,test
20260928,2026-09-28 11:00:00+09:00,29.666666666666668,0,0.0,test
20260928,2026-09-28 11:03:00+09:00,30.666666666666668,0,0.0,test
20260928,2026-09-28 11:06:00+09:00,27.5,0,0.0,test
20260928,2026-09-28 11:09:00+09:00,23.5,0,0.0,test
20260928,2026-09-28 11:12:00+09:00,27.5,0,0.0,test
20260928,2026-09-28 11:15:00+09:00,30.666666666666668,0,0.0,test
20260928,2026-09-28 11:18:00+09:00,31.666666666666668,0,0.0,test
20260928,2026-09-28 11:21:00+09:00,24.83333333333333,0,0.0,test
20260928,2026-09-28 11:24:00+09:00,25.0,0,0.0,test
20260928,2026-09-28 11:27:00+09:00,27.33333333333333,0,0.0,test
20260928,2026-09-28 11:30:00+09:00,30.666666666666668,0,0.0,test
20260928,2026-09-28 11:33:00+09:00,30.33333333333333,0,0.0,test
20260928,2026-09-28 11:36:00+09:00,35.333333333333336,0,0.0,test
20260928,2026-09-28 11:39:00+09:00,31.83333333333333,0,0.0,test
20260928,2026-09-28 11:42:00+09:00,33.0,0,0.0,test
20260928,2026-09-28 11:45:00+09:00,33.0,0,0.0,test
20260928,2026-09-28 11:48:00+09:00,30.166666666666668,0,0.0,test
20260928,2026-09-28 11:51:00+09:00,31.666666666666668,0,0.0,test
20260928,2026-09-28 11:54:00+09:00,30.83333333333333,0,0.0,test
20260928,2026-09-28 11:57:00+09:00,24.5,0,0.0,test
20260928,2026-09-28 12:00:00+09:00,30.666666666666668,0,0.0,test
20260928,2026-09-28 12:03:00+09:00,37.333333333333336,0,0.0,test
20260928,2026-09-28 12:06:00+09:00,30.666666666666668,0,0.0,test
20260928,2026-09-28 12:09:00+09:00,33.833333333333336,0,0.0,test
20260928,2026-09-28 12:12:00+09:00,35.0,0,0.0,test
20260928,2026-09-28 12:15:00+09:00,33.0,0,0.0,test
20260928,2026-09-28 12:18:00+09:00,32.333333333333336,0,0.0,test
20260928,2026-09-28 12:21:00+09:00,32.666666666666664,0,0.0,test
20260928,2026-09-28 12:24:00+09:00,33.166666666666664,0,0.0,test
20260928,2026-09-28 12:27:00+09:00,36.0,0,0.0,test
20260928,2026-09-28 12:30:00+09:00,34.0,0,0.0,test
20260928,2026-09-28 12:33:00+09:00,25.666666666666668,0,0.0,test
20260928,2026-09-28 12:36:00+09:00,22.83333333333333,0,0.0,test
20260928,2026-09-28 12:39:00+09:00,20.166666666666668,0,0.0,test
20260928,2026-09-28 12:42:00+09:00,28.0,0,0.0,test
20260928,2026-09-28 12:45:00+09:00,25.83333333333333,0,0.0,test
20260928,2026-09-28 12:48:00+09:00,30.83333333333333,0,0.0,test
20260928,2026-09-28 12:51:00+09:00,47.0,0,0.0,test
20260928,2026-09-28 12:54:00+09:00,46.16666666666666,0,0.0,test
20260928,2026-09-28 12:57:00+09:00,47.16666666666666,0,0.0,test
20260928,2026-09-28 13:00:00+09:00,55.0,0,0.0,test
20260928,2026-09-28 13:03:00+09:00,57.66666666666666,0,0.0,test
20260928,2026-09-28 13:06:00+09:00,54.0,0,0.0,test
20260928,2026-09-28 13:09:00+09:00,56.333333333333336,0,0.0,test
20260928,2026-09-28 13:12:00+09:00,51.5,0,0.0,test
20260928,2026-09-28 13:15:00+09:00,50.16666666666666,0,0.0,test
20260928,2026-09-28 13:18:00+09:00,55.0,0,0.0,test
20260928,2026-09-28 13:21:00+09:00,52.833333333333336,0,0.0,test
20260928,2026-09-28 13:24:00+09:00,54.0,0,0.0,test
20260928,2026-09-28 13:27:00+09:00,49.16666666666666,0,0.0,test
20260928,2026-09-28 13:30:00+09:00,49.0,0,0.0,test
20260928,2026-09-28 13:33:00+09:00,49.333333333333336,0,0.0,test
20260928,2026-09-28 13:36:00+09:00,49.16666666666666,0,0.0,test
20260928,2026-09-28 13:39:00+09:00,53.5,0,0.0,test
20260928,2026-09-28 13:42:00+09:00,51.66666666666666,0,0.0,test
20260928,2026-09-28 13:45:00+09:00,42.333333333333336,0,0.0,test
20260928,2026-09-28 13:48:00+09:00,43.333333333333336,0,0.0,test
20260928,2026-09-28 13:51:00+09:00,39.333333333333336,0,0.0,test
20260928,2026-09-28 13:54:00+09:00,40.0,0,0.0,test
20260928,2026-09-28 13:57:00+09:00,38.66666666666666,0,0.0,test
20260928,2026-09-28 14:00:00+09:00,38.833333333333336,0,0.0,test
20260928,2026-09-28 14:03:00+09:00,46.833333333333336,0,0.0,test
20260928,2026-09-28 14:06:00+09:00,45.16666666666666,0,0.0,test
20260928,2026-09-28 14:09:00+09:00,40.66666666666666,0,0.0,test
20260928,2026-09-28 14:12:00+09:00,46.66666666666666,0,0.0,test
20260928,2026-09-28 14:15:00+09:00,47.66666666666666,0,0.0,test
20260928,2026-09-28 14:18:00+09:00,37.0,0,0.0,test
20260928,2026-09-28 14:21:00+09:00,41.66666666666666,0,0.0,test
20260928,2026-09-28 14:24:00+09:00,39.0,0,0.0,test
20260928,2026-09-28 14:27:00+09:00,39.833333333333336,0,0.0,test
20260928,2026-09-28 14:30:00+09:00,32.166666666666664,0,0.0,test
20260928,2026-09-28 14:33:00+09:00,32.0,0,0.0,test
20260928,2026-09-28 14:36:00+09:00,33.0,0,0.0,test
20260928,2026-09-28 14:39:00+09:00,31.0,0,0.0,test
20260928,2026-09-28 14:42:00+09:00,29.5,0,0.0,test
20260928,2026-09-28 14:45:00+09:00,33.0,0,0.0,test
20260928,2026-09-28 14:48:00+09:00,30.0,0,0.0,test
20260928,2026-09-28 14:51:00+09:00,29.666666666666668,0,0.0,test
20260928,2026-09-28 14:54:00+09:00,30.5,0,0.0,test
20260928,2026-09-28 14:57:00+09:00,29.83333333333333,0,0.0,test
20260929,2026-09-29 09:12:00+09:00,70.66666666666667,0,0.0,test
20260929,2026-09-29 09:15:00+09:00,71.33333333333333,0,0.0,test
20260929,2026-09-29 09:18:00+09:00,70.83333333333333,0,0.0,test
20260929,2026-09-29 09:21:00+09:00,69.66666666666667,0,0.0,test
20260929,2026-09-29 09:24:00+09:00,73.83333333333333,1,7936.0,test
20260929,2026-09-29 09:27:00+09:00,72.5,1,7936.0,test
20260929,2026-09-29 09:30:00+09:00,71.66666666666667,1,7936.0,test
20260929,2026-09-29 09:33:00+09:00,67.33333333333333,1,7936.0,test
20260929,2026-09-29 09:36:00+09:00,67.5,1,7936.0,test
20260929,2026-09-29 09:39:00+09:00,71.83333333333333,1,7936.0,test
20260929,2026-09-29 09:42:00+09:00,68.33333333333333,1,7936.0,test
20260929,2026-09-29 09:45:00+09:00,57.66666666666666,1,7936.0,test
20260929,2026-09-29 09:48:00+09:00,61.333333333333336,1,7936.0,test
20260929,2026-09-29 09:51:00+09:00,43.833333333333336,1,7936.0,test
20260929,2026-09-29 09:54:00+09:00,63.833333333333336,0,0.0,test
20260929,2026-09-29 09:57:00+09:00,61.333333333333336,0,0.0,test
20260929,2026-09-29 10:00:00+09:00,61.5,0,0.0,test
20260929,2026-09-29 10:03:00+09:00,63.16666666666666,0,0.0,test
20260929,2026-09-29 10:06:00+09:00,44.5,1,116476.0,test
20260929,2026-09-29 10:09:00+09:00,36.0,1,116476.0,test
20260929,2026-09-29 10:12:00+09:00,32.0,1,116476.0,test
20260929,2026-09-29 10:15:00+09:00,30.666666666666668,1,116476.0,test
20260929,2026-09-29 10:18:00+09:00,25.0,1,116476.0,test
20260929,2026-09-29 10:21:00+09:00,31.166666666666668,1,116476.0,test
20260929,2026-09-29 10:24:00+09:00,36.66666666666666,1,116476.0,test
20260929,2026-09-29 10:27:00+09:00,34.0,1,116476.0,test
20260929,2026-09-29 10:30:00+09:00,37.0,1,116476.0,test
20260929,2026-09-29 10:33:00+09:00,35.166666666666664,1,116476.0,test
20260929,2026-09-29 10:36:00+09:00,45.833333333333336,0,0.0,test
20260929,2026-09-29 10:39:00+09:00,45.16666666666666,0,0.0,test
20260929,2026-09-29 10:42:00+09:00,43.0,0,0.0,test
20260929,2026-09-29 10:45:00+09:00,50.333333333333336,0,0.0,test
20260929,2026-09-29 10:48:00+09:00,54.16666666666666,0,0.0,test
20260929,2026-09-29 10:51:00+09:00,47.333333333333336,0,0.0,test
20260929,2026-09-29 10:54:00+09:00,16.833333333333332,0,0.0,test
20260929,2026-09-29 10:57:00+09:00,28.666666666666668,0,0.0,test
20260929,2026-09-29 11:00:00+09:00,27.33333333333333,0,0.0,test
20260929,2026-09-29 11:03:00+09:00,27.83333333333333,0,0.0,test
20260929,2026-09-29 11:06:00+09:00,28.5,0,0.0,test
20260929,2026-09-29 11:09:00+09:00,24.666666666666668,0,0.0,test
20260929,2026-09-29 11:12:00+09:00,37.0,0,0.0,test
20260929,2026-09-29 11:15:00+09:00,39.833333333333336,0,0.0,test
20260929,2026-09-29 11:18:00+09:00,41.333333333333336,0,0.0,test
20260929,2026-09-29 11:21:00+09:00,43.5,0,0.0,test
20260929,2026-09-29 11:24:00+09:00,44.0,0,0.0,test
20260929,2026-09-29 11:27:00+09:00,46.5,0,0.0,test
20260929,2026-09-29 11:30:00+09:00,49.66666666666666,0,0.0,test
20260929,2026-09-29 11:33:00+09:00,48.333333333333336,0,0.0,test
20260929,2026-09-29 11:36:00+09:00,50.16666666666666,0,0.0,test
20260929,2026-09-29 11:39:00+09:00,51.333333333333336,0,0.0,test
20260929,2026-09-29 11:42:00+09:00,50.16666666666666,0,0.0,test
20260929,2026-09-29 11:45:00+09:00,44.333333333333336,1,-22940.0,test
20260929,2026-09-29 11:48:00+09:00,42.0,1,-22940.0,test
20260929,2026-09-29 11:51:00+09:00,40.0,1,-22940.0,test
20260929,2026-09-29 11:54:00+09:00,42.16666666666666,1,-22940.0,test
20260929,2026-09-29 11:57:00+09:00,40.333333333333336,1,-22940.0,test
20260929,2026-09-29 12:00:00+09:00,45.16666666666666,1,-22940.0,test
20260929,2026-09-29 12:03:00+09:00,39.66666666666666,1,-22940.0,test
20260929,2026-09-29 12:06:00+09:00,47.66666666666666,1,-22940.0,test
20260929,2026-09-29 12:09:00+09:00,50.5,1,-22940.0,test
20260929,2026-09-29 12:12:00+09:00,48.833333333333336,1,-22940.0,test
20260929,2026-09-29 12:15:00+09:00,54.66666666666666,0,0.0,test
20260929,2026-09-29 12:18:00+09:00,59.66666666666666,0,0.0,test
20260929,2026-09-29 12:21:00+09:00,61.66666666666666,0,0.0,test
20260929,2026-09-29 12:24:00+09:00,63.833333333333336,0,0.0,test
20260929,2026-09-29 12:27:00+09:00,58.333333333333336,0,0.0,test
20260929,2026-09-29 12:30:00+09:00,53.66666666666666,0,0.0,test
20260929,2026-09-29 12:33:00+09:00,51.5,0,0.0,test
20260929,2026-09-29 12:36:00+09:00,44.16666666666666,0,0.0,test
20260929,2026-09-29 12:39:00+09:00,44.333333333333336,0,0.0,test
20260929,2026-09-29 12:42:00+09:00,45.16666666666666,0,0.0,test
20260929,2026-09-29 12:45:00+09:00,39.333333333333336,0,0.0,test
20260929,2026-09-29 12:48:00+09:00,45.5,0,0.0,test
20260929,2026-09-29 12:51:00+09:00,40.0,0,0.0,test
20260929,2026-09-29 12:54:00+09:00,43.0,0,0.0,test
20260929,2026-09-29 12:57:00+09:00,45.16666666666666,0,0.0,test
20260929,2026-09-29 13:00:00+09:00,50.333333333333336,0,0.0,test
20260929,2026-09-29 13:03:00+09:00,51.16666666666666,0,0.0,test
20260929,2026-09-29 13:06:00+09:00,56.0,0,0.0,test
20260929,2026-09-29 13:09:00+09:00,53.0,0,0.0,test
20260929,2026-09-29 13:12:00+09:00,53.66666666666666,0,0.0,test
20260929,2026-09-29 13:15:00+09:00,49.0,0,0.0,test
20260929,2026-09-29 13:18:00+09:00,39.833333333333336,0,0.0,test
20260929,2026-09-29 13:21:00+09:00,46.0,0,0.0,test
20260929,2026-09-29 13:24:00+09:00,46.16666666666666,0,0.0,test
20260929,2026-09-29 13:27:00+09:00,45.16666666666666,0,0.0,test
20260929,2026-09-29 13:30:00+09:00,44.66666666666666,0,0.0,test
20260929,2026-09-29 13:33:00+09:00,46.333333333333336,0,0.0,test
20260929,2026-09-29 13:36:00+09:00,49.16666666666666,0,0.0,test
20260929,2026-09-29 13:39:00+09:00,46.16666666666666,0,0.0,test
20260929,2026-09-29 13:42:00+09:00,44.833333333333336,0,0.0,test
20260929,2026-09-29 13:45:00+09:00,46.833333333333336,0,0.0,test
20260929,2026-09-29 13:48:00+09:00,46.333333333333336,0,0.0,test
20260929,2026-09-29 13:51:00+09:00,47.333333333333336,0,0.0,test
20260929,2026-09-29 13:54:00+09:00,30.0,0,0.0,test
20260929,2026-09-29 13:57:00+09:00,32.5,0,0.0,test
20260929,2026-09-29 14:00:00+09:00,33.333333333333336,0,0.0,test
20260929,2026-09-29 14:03:00+09:00,37.5,0,0.0,test
20260929,2026-09-29 14:06:00+09:00,35.833333333333336,0,0.0,test
20260929,2026-09-29 14:09:00+09:00,37.0,0,0.0,test
20260929,2026-09-29 14:12:00+09:00,39.66666666666666,0,0.0,test
20260929,2026-09-29 14:15:00+09:00,40.0,0,0.0,test
20260929,2026-09-29 14:18:00+09:00,42.0,0,0.0,test
20260929,2026-09-29 14:21:00+09:00,41.16666666666666,0,0.0,test
20260929,2026-09-29 14:24:00+09:00,37.833333333333336,0,0.0,test
20260929,2026-09-29 14:27:00+09:00,41.0,0,0.0,test
20260929,2026-09-29 14:30:00+09:00,54.833333333333336,0,0.0,test
20260929,2026-09-29 14:33:00+09:00,55.333333333333336,0,0.0,test
20260929,2026-09-29 14:36:00+09:00,43.333333333333336,0,0.0,test
20260929,2026-09-29 14:39:00+09:00,43.66666666666666,0,0.0,test
20260929,2026-09-29 14:42:00+09:00,45.0,0,0.0,test
20260929,2026-09-29 14:45:00+09:00,45.0,0,0.0,test
20260929,2026-09-29 14:48:00+09:00,45.66666666666666,0,0.0,test
20260929,2026-09-29 14:51:00+09:00,45.66666666666666,0,0.0,test
20260929,2026-09-29 14:54:00+09:00,45.66666666666666,0,0.0,test
20260929,2026-09-29 14:57:00+09:00,45.66666666666666,0,0.0,test
20260930,2026-09-30 09:12:00+09:00,68.83333333333333,0,0.0,test
20260930,2026-09-30 09:15:00+09:00,68.0,0,0.0,test
20260930,2026-09-30 09:18:00+09:00,68.66666666666667,0,0.0,test
20260930,2026-09-30 09:21:00+09:00,72.5,1,-109354.0,test
20260930,2026-09-30 09:24:00+09:00,70.16666666666667,1,-109354.0,test
20260930,2026-09-30 09:27:00+09:00,69.83333333333333,1,-109354.0,test
20260930,2026-09-30 09:30:00+09:00,71.66666666666667,1,-109354.0,test
20260930,2026-09-30 09:33:00+09:00,58.833333333333336,1,-109354.0,test
20260930,2026-09-30 09:36:00+09:00,59.16666666666666,1,-109354.0,test
20260930,2026-09-30 09:39:00+09:00,64.16666666666667,1,-109354.0,test
20260930,2026-09-30 09:42:00+09:00,59.16666666666666,1,-109354.0,test
20260930,2026-09-30 09:45:00+09:00,63.333333333333336,1,-109354.0,test
20260930,2026-09-30 09:48:00+09:00,59.5,1,-109354.0,test
20260930,2026-09-30 09:51:00+09:00,62.0,0,0.0,test
20260930,2026-09-30 09:54:00+09:00,57.5,0,0.0,test
20260930,2026-09-30 09:57:00+09:00,55.5,0,0.0,test
20260930,2026-09-30 10:00:00+09:00,58.333333333333336,0,0.0,test
20260930,2026-09-30 10:03:00+09:00,58.16666666666666,0,0.0,test
20260930,2026-09-30 10:06:00+09:00,57.0,0,0.0,test
20260930,2026-09-30 10:09:00+09:00,51.5,0,0.0,test
20260930,2026-09-30 10:12:00+09:00,54.16666666666666,0,0.0,test
20260930,2026-09-30 10:15:00+09:00,50.0,0,0.0,test
20260930,2026-09-30 10:18:00+09:00,49.833333333333336,0,0.0,test
20260930,2026-09-30 10:21:00+09:00,49.333333333333336,0,0.0,test
20260930,2026-09-30 10:24:00+09:00,48.66666666666666,0,0.0,test
20260930,2026-09-30 10:27:00+09:00,41.333333333333336,0,0.0,test
20260930,2026-09-30 10:30:00+09:00,29.33333333333333,0,0.0,test
20260930,2026-09-30 10:33:00+09:00,30.0,0,0.0,test
20260930,2026-09-30 10:36:00+09:00,30.33333333333333,0,0.0,test
20260930,2026-09-30 10:39:00+09:00,29.83333333333333,0,0.0,test
20260930,2026-09-30 10:42:00+09:00,30.33333333333333,0,0.0,test
20260930,2026-09-30 10:45:00+09:00,32.333333333333336,0,0.0,test
20260930,2026-09-30 10:48:00+09:00,33.166666666666664,0,0.0,test
20260930,2026-09-30 10:51:00+09:00,30.666666666666668,0,0.0,test
20260930,2026-09-30 10:54:00+09:00,36.333333333333336,0,0.0,test
20260930,2026-09-30 10:57:00+09:00,38.5,0,0.0,test
20260930,2026-09-30 11:00:00+09:00,30.83333333333333,0,0.0,test
20260930,2026-09-30 11:03:00+09:00,37.66666666666666,0,0.0,test
20260930,2026-09-30 11:06:00+09:00,30.5,0,0.0,test
20260930,2026-09-30 11:09:00+09:00,27.666666666666668,0,0.0,test
20260930,2026-09-30 11:12:00+09:00,32.5,0,0.0,test
20260930,2026-09-30 11:15:00+09:00,38.333333333333336,0,0.0,test
20260930,2026-09-30 11:18:00+09:00,40.0,0,0.0,test
20260930,2026-09-30 11:21:00+09:00,36.0,0,0.0,test
20260930,2026-09-30 11:24:00+09:00,35.0,0,0.0,test
20260930,2026-09-30 11:27:00+09:00,33.166666666666664,0,0.0,test
20260930,2026-09-30 11:30:00+09:00,37.333333333333336,0,0.0,test
20260930,2026-09-30 11:33:00+09:00,39.833333333333336,0,0.0,test
20260930,2026-09-30 11:36:00+09:00,45.66666666666666,0,0.0,test
20260930,2026-09-30 11:39:00+09:00,40.333333333333336,0,0.0,test
20260930,2026-09-30 11:42:00+09:00,40.333333333333336,0,0.0,test
20260930,2026-09-30 11:45:00+09:00,36.833333333333336,0,0.0,test
20260930,2026-09-30 11:48:00+09:00,40.16666666666666,0,0.0,test
20260930,2026-09-30 11:51:00+09:00,40.66666666666666,0,0.0,test
20260930,2026-09-30 11:54:00+09:00,31.666666666666668,0,0.0,test
20260930,2026-09-30 11:57:00+09:00,32.5,0,0.0,test
20260930,2026-09-30 12:00:00+09:00,30.83333333333333,0,0.0,test
20260930,2026-09-30 12:03:00+09:00,30.83333333333333,0,0.0,test
20260930,2026-09-30 12:06:00+09:00,28.666666666666668,0,0.0,test
20260930,2026-09-30 12:09:00+09:00,33.166666666666664,0,0.0,test
20260930,2026-09-30 12:12:00+09:00,32.166666666666664,0,0.0,test
20260930,2026-09-30 12:15:00+09:00,32.0,0,0.0,test
20260930,2026-09-30 12:18:00+09:00,34.166666666666664,0,0.0,test
20260930,2026-09-30 12:21:00+09:00,31.33333333333333,0,0.0,test
20260930,2026-09-30 12:24:00+09:00,34.5,0,0.0,test
20260930,2026-09-30 12:27:00+09:00,34.0,0,0.0,test
20260930,2026-09-30 12:30:00+09:00,32.666666666666664,0,0.0,test
20260930,2026-09-30 12:33:00+09:00,26.83333333333333,0,0.0,test
20260930,2026-09-30 12:36:00+09:00,28.0,0,0.0,test
20260930,2026-09-30 12:39:00+09:00,28.666666666666668,0,0.0,test
20260930,2026-09-30 12:42:00+09:00,28.5,0,0.0,test
20260930,2026-09-30 12:45:00+09:00,25.83333333333333,0,0.0,test
20260930,2026-09-30 12:48:00+09:00,29.83333333333333,0,0.0,test
20260930,2026-09-30 12:51:00+09:00,31.33333333333333,0,0.0,test
20260930,2026-09-30 12:54:00+09:00,31.666666666666668,0,0.0,test
20260930,2026-09-30 12:57:00+09:00,32.666666666666664,0,0.0,test
20260930,2026-09-30 13:00:00+09:00,32.666666666666664,0,0.0,test
20260930,2026-09-30 13:03:00+09:00,33.833333333333336,0,0.0,test
20260930,2026-09-30 13:06:00+09:00,33.666666666666664,0,0.0,test
20260930,2026-09-30 13:09:00+09:00,36.833333333333336,0,0.0,test
20260930,2026-09-30 13:12:00+09:00,35.166666666666664,0,0.0,test
20260930,2026-09-30 13:15:00+09:00,41.66666666666666,0,0.0,test
20260930,2026-09-30 13:18:00+09:00,44.833333333333336,0,0.0,test
20260930,2026-09-30 13:21:00+09:00,43.5,0,0.0,test
20260930,2026-09-30 13:24:00+09:00,48.66666666666666,0,0.0,test
20260930,2026-09-30 13:27:00+09:00,47.16666666666666,0,0.0,test
20260930,2026-09-30 13:30:00+09:00,44.333333333333336,0,0.0,test
20260930,2026-09-30 13:33:00+09:00,40.16666666666666,0,0.0,test
20260930,2026-09-30 13:36:00+09:00,37.66666666666666,0,0.0,test
20260930,2026-09-30 13:39:00+09:00,37.16666666666666,0,0.0,test
20260930,2026-09-30 13:42:00+09:00,36.16666666666666,0,0.0,test
20260930,2026-09-30 13:45:00+09:00,35.5,0,0.0,test
20260930,2026-09-30 13:48:00+09:00,34.0,0,0.0,test
20260930,2026-09-30 13:51:00+09:00,37.5,0,0.0,test
20260930,2026-09-30 13:54:00+09:00,35.0,0,0.0,test
20260930,2026-09-30 13:57:00+09:00,32.333333333333336,0,0.0,test
20260930,2026-09-30 14:00:00+09:00,31.33333333333333,0,0.0,test
20260930,2026-09-30 14:03:00+09:00,33.166666666666664,0,0.0,test
20260930,2026-09-30 14:06:00+09:00,36.16666666666666,0,0.0,test
20260930,2026-09-30 14:09:00+09:00,38.0,0,0.0,test
20260930,2026-09-30 14:12:00+09:00,38.66666666666666,0,0.0,test
20260930,2026-09-30 14:15:00+09:00,38.0,0,0.0,test
20260930,2026-09-30 14:18:00+09:00,43.66666666666666,0,0.0,test
20260930,2026-09-30 14:21:00+09:00,41.5,0,0.0,test
20260930,2026-09-30 14:24:00+09:00,41.833333333333336,0,0.0,test
20260930,2026-09-30 14:27:00+09:00,41.66666666666666,0,0.0,test
20260930,2026-09-30 14:30:00+09:00,38.5,0,0.0,test
20260930,2026-09-30 14:33:00+09:00,38.16666666666666,0,0.0,test
20260930,2026-09-30 14:36:00+09:00,44.16666666666666,0,0.0,test
20260930,2026-09-30 14:39:00+09:00,62.333333333333336,0,0.0,test
20260930,2026-09-30 14:42:00+09:00,60.16666666666666,0,0.0,test
20260930,2026-09-30 14:45:00+09:00,56.333333333333336,0,0.0,test
20260930,2026-09-30 14:48:00+09:00,59.5,0,0.0,test
20260930,2026-09-30 14:51:00+09:00,59.833333333333336,0,0.0,test
20260930,2026-09-30 14:54:00+09:00,62.0,0,0.0,test
20260930,2026-09-30 14:57:00+09:00,61.66666666666666,0,0.0,test
20261001,2026-10-01 09:12:00+09:00,56.5,1,-24539.0,test
20261001,2026-10-01 09:15:00+09:00,63.333333333333336,1,-24539.0,test
20261001,2026-10-01 09:18:00+09:00,66.0,0,0.0,test
20261001,2026-10-01 09:21:00+09:00,65.5,0,0.0,test
20261001,2026-10-01 09:24:00+09:00,64.33333333333333,0,0.0,test
20261001,2026-10-01 09:27:00+09:00,80.33333333333333,0,0.0,test
20261001,2026-10-01 09:30:00+09:00,81.0,0,0.0,test
20261001,2026-10-01 09:33:00+09:00,77.0,0,0.0,test
20261001,2026-10-01 09:36:00+09:00,77.16666666666667,0,0.0,test
20261001,2026-10-01 09:39:00+09:00,78.33333333333333,0,0.0,test
20261001,2026-10-01 09:42:00+09:00,76.16666666666667,0,0.0,test
20261001,2026-10-01 09:45:00+09:00,69.0,0,0.0,test
20261001,2026-10-01 09:48:00+09:00,69.66666666666667,0,0.0,test
20261001,2026-10-01 09:51:00+09:00,67.0,0,0.0,test
20261001,2026-10-01 09:54:00+09:00,64.66666666666667,0,0.0,test
20261001,2026-10-01 09:57:00+09:00,66.16666666666667,0,0.0,test
20261001,2026-10-01 10:00:00+09:00,66.33333333333333,1,-105996.0,test
20261001,2026-10-01 10:03:00+09:00,69.33333333333333,1,-105996.0,test
20261001,2026-10-01 10:06:00+09:00,62.16666666666666,1,-105996.0,test
20261001,2026-10-01 10:09:00+09:00,44.0,1,-105996.0,test
20261001,2026-10-01 10:12:00+09:00,37.0,1,-105996.0,test
20261001,2026-10-01 10:15:00+09:00,33.166666666666664,1,-105996.0,test
20261001,2026-10-01 10:18:00+09:00,43.5,1,-105996.0,test
20261001,2026-10-01 10:21:00+09:00,42.16666666666666,1,-105996.0,test
20261001,2026-10-01 10:24:00+09:00,41.66666666666666,1,-105996.0,test
20261001,2026-10-01 10:27:00+09:00,44.833333333333336,1,-105996.0,test
20261001,2026-10-01 10:30:00+09:00,40.5,0,0.0,test
20261001,2026-10-01 10:33:00+09:00,42.333333333333336,0,0.0,test
20261001,2026-10-01 10:36:00+09:00,44.333333333333336,0,0.0,test
20261001,2026-10-01 10:39:00+09:00,43.5,0,0.0,test
20261001,2026-10-01 10:42:00+09:00,48.333333333333336,1,87858.0,test
20261001,2026-10-01 10:45:00+09:00,36.833333333333336,1,87858.0,test
20261001,2026-10-01 10:48:00+09:00,39.16666666666666,1,87858.0,test
20261001,2026-10-01 10:51:00+09:00,40.66666666666666,1,87858.0,test
20261001,2026-10-01 10:54:00+09:00,40.0,1,87858.0,test
20261001,2026-10-01 10:57:00+09:00,41.16666666666666,1,87858.0,test
20261001,2026-10-01 11:00:00+09:00,46.333333333333336,1,87858.0,test
20261001,2026-10-01 11:03:00+09:00,41.833333333333336,1,87858.0,test
20261001,2026-10-01 11:06:00+09:00,32.666666666666664,1,87858.0,test
20261001,2026-10-01 11:09:00+09:00,27.0,1,87858.0,test
20261001,2026-10-01 11:12:00+09:00,39.66666666666666,0,0.0,test
20261001,2026-10-01 11:15:00+09:00,40.833333333333336,0,0.0,test
20261001,2026-10-01 11:18:00+09:00,40.333333333333336,0,0.0,test
20261001,2026-10-01 11:21:00+09:00,40.333333333333336,0,0.0,test
20261001,2026-10-01 11:24:00+09:00,50.0,0,0.0,test
20261001,2026-10-01 11:27:00+09:00,49.833333333333336,0,0.0,test
20261001,2026-10-01 11:30:00+09:00,28.166666666666668,0,0.0,test
20261001,2026-10-01 11:33:00+09:00,31.83333333333333,0,0.0,test
20261001,2026-10-01 11:36:00+09:00,34.5,0,0.0,test
20261001,2026-10-01 11:39:00+09:00,35.166666666666664,0,0.0,test
20261001,2026-10-01 11:42:00+09:00,35.0,0,0.0,test
20261001,2026-10-01 11:45:00+09:00,33.333333333333336,0,0.0,test
20261001,2026-10-01 11:48:00+09:00,41.5,0,0.0,test
20261001,2026-10-01 11:51:00+09:00,39.833333333333336,0,0.0,test
20261001,2026-10-01 11:54:00+09:00,26.166666666666668,0,0.0,test
20261001,2026-10-01 11:57:00+09:00,22.166666666666668,0,0.0,test
20261001,2026-10-01 12:00:00+09:00,24.5,0,0.0,test
20261001,2026-10-01 12:03:00+09:00,23.83333333333333,0,0.0,test
20261001,2026-10-01 12:06:00+09:00,27.5,0,0.0,test
20261001,2026-10-01 12:09:00+09:00,27.666666666666668,0,0.0,test
20261001,2026-10-01 12:12:00+09:00,25.83333333333333,0,0.0,test
20261001,2026-10-01 12:15:00+09:00,25.83333333333333,0,0.0,test
20261001,2026-10-01 12:18:00+09:00,18.166666666666668,0,0.0,test
20261001,2026-10-01 12:21:00+09:00,22.5,0,0.0,test
20261001,2026-10-01 12:24:00+09:00,34.666666666666664,0,0.0,test
20261001,2026-10-01 12:27:00+09:00,32.833333333333336,0,0.0,test
20261001,2026-10-01 12:30:00+09:00,40.16666666666666,0,0.0,test
20261001,2026-10-01 12:33:00+09:00,28.83333333333333,0,0.0,test
20261001,2026-10-01 12:36:00+09:00,25.83333333333333,0,0.0,test
20261001,2026-10-01 12:39:00+09:00,32.833333333333336,0,0.0,test
20261001,2026-10-01 12:42:00+09:00,29.83333333333333,0,0.0,test
20261001,2026-10-01 12:45:00+09:00,33.5,0,0.0,test
20261001,2026-10-01 12:48:00+09:00,33.666666666666664,0,0.0,test
20261001,2026-10-01 12:51:00+09:00,32.166666666666664,0,0.0,test
20261001,2026-10-01 12:54:00+09:00,32.666666666666664,0,0.0,test
20261001,2026-10-01 12:57:00+09:00,32.5,0,0.0,test
20261001,2026-10-01 13:00:00+09:00,31.0,0,0.0,test
20261001,2026-10-01 13:03:00+09:00,33.333333333333336,0,0.0,test
20261001,2026-10-01 13:06:00+09:00,47.0,0,0.0,test
20261001,2026-10-01 13:09:00+09:00,44.16666666666666,0,0.0,test
20261001,2026-10-01 13:12:00+09:00,38.833333333333336,0,0.0,test
20261001,2026-10-01 13:15:00+09:00,28.166666666666668,0,0.0,test
20261001,2026-10-01 13:18:00+09:00,42.5,0,0.0,test
20261001,2026-10-01 13:21:00+09:00,43.16666666666666,0,0.0,test
20261001,2026-10-01 13:24:00+09:00,46.5,0,0.0,test
20261001,2026-10-01 13:27:00+09:00,42.833333333333336,0,0.0,test
20261001,2026-10-01 13:30:00+09:00,37.66666666666666,0,0.0,test
20261001,2026-10-01 13:33:00+09:00,40.5,0,0.0,test
20261001,2026-10-01 13:36:00+09:00,39.0,0,0.0,test
20261001,2026-10-01 13:39:00+09:00,40.66666666666666,0,0.0,test
20261001,2026-10-01 13:42:00+09:00,38.5,0,0.0,test
20261001,2026-10-01 13:45:00+09:00,38.66666666666666,0,0.0,test
20261001,2026-10-01 13:48:00+09:00,43.0,0,0.0,test
20261001,2026-10-01 13:51:00+09:00,42.16666666666666,0,0.0,test
20261001,2026-10-01 13:54:00+09:00,40.833333333333336,0,0.0,test
20261001,2026-10-01 13:57:00+09:00,45.66666666666666,0,0.0,test
20261001,2026-10-01 14:00:00+09:00,51.333333333333336,0,0.0,test
20261001,2026-10-01 14:03:00+09:00,55.16666666666666,0,0.0,test
20261001,2026-10-01 14:06:00+09:00,40.66666666666666,0,0.0,test
20261001,2026-10-01 14:09:00+09:00,55.833333333333336,0,0.0,test
20261001,2026-10-01 14:12:00+09:00,56.333333333333336,0,0.0,test
20261001,2026-10-01 14:15:00+09:00,55.833333333333336,0,0.0,test
20261001,2026-10-01 14:18:00+09:00,53.66666666666666,0,0.0,test
20261001,2026-10-01 14:21:00+09:00,51.5,0,0.0,test
20261001,2026-10-01 14:24:00+09:00,39.333333333333336,0,0.0,test
20261001,2026-10-01 14:27:00+09:00,39.833333333333336,0,0.0,test
20261001,2026-10-01 14:30:00+09:00,29.83333333333333,0,0.0,test
20261001,2026-10-01 14:33:00+09:00,37.833333333333336,0,0.0,test
20261001,2026-10-01 14:36:00+09:00,25.33333333333333,0,0.0,test
20261001,2026-10-01 14:39:00+09:00,25.666666666666668,0,0.0,test
20261001,2026-10-01 14:42:00+09:00,26.0,0,0.0,test
20261001,2026-10-01 14:45:00+09:00,39.16666666666666,0,0.0,test
20261001,2026-10-01 14:48:00+09:00,38.16666666666666,0,0.0,test
20261001,2026-10-01 14:51:00+09:00,42.333333333333336,0,0.0,test
20261001,2026-10-01 14:54:00+09:00,42.66666666666666,0,0.0,test
20261001,2026-10-01 14:57:00+09:00,42.333333333333336,0,0.0,test
20261002,2026-10-02 09:12:00+09:00,48.333333333333336,0,0.0,1002
20261002,2026-10-02 09:15:00+09:00,51.16666666666666,0,0.0,1002
20261002,2026-10-02 09:18:00+09:00,52.66666666666666,0,0.0,1002
20261002,2026-10-02 09:21:00+09:00,53.833333333333336,0,0.0,1002
20261002,2026-10-02 09:24:00+09:00,58.5,0,0.0,1002
20261002,2026-10-02 09:27:00+09:00,60.16666666666666,0,0.0,1002
20261002,2026-10-02 09:30:00+09:00,72.83333333333333,1,-99426.0,1002
20261002,2026-10-02 09:33:00+09:00,70.16666666666667,1,-99426.0,1002
20261002,2026-10-02 09:36:00+09:00,66.83333333333333,1,-99426.0,1002
20261002,2026-10-02 09:39:00+09:00,67.16666666666667,1,-99426.0,1002
20261002,2026-10-02 09:42:00+09:00,70.33333333333333,1,-99426.0,1002
20261002,2026-10-02 09:45:00+09:00,66.83333333333333,1,-99426.0,1002
20261002,2026-10-02 09:48:00+09:00,62.5,1,-99426.0,1002
20261002,2026-10-02 09:51:00+09:00,62.0,1,-99426.0,1002
20261002,2026-10-02 09:54:00+09:00,53.333333333333336,1,-99426.0,1002
20261002,2026-10-02 09:57:00+09:00,47.333333333333336,1,-99426.0,1002
20261002,2026-10-02 10:00:00+09:00,46.66666666666666,0,0.0,1002
20261002,2026-10-02 10:03:00+09:00,47.66666666666666,0,0.0,1002
20261002,2026-10-02 10:06:00+09:00,45.16666666666666,0,0.0,1002
20261002,2026-10-02 10:09:00+09:00,45.0,0,0.0,1002
20261002,2026-10-02 10:12:00+09:00,46.333333333333336,0,0.0,1002
20261002,2026-10-02 10:15:00+09:00,43.0,0,0.0,1002
20261002,2026-10-02 10:18:00+09:00,45.333333333333336,0,0.0,1002
20261002,2026-10-02 10:21:00+09:00,47.0,0,0.0,1002
20261002,2026-10-02 10:24:00+09:00,45.16666666666666,0,0.0,1002
20261002,2026-10-02 10:27:00+09:00,48.333333333333336,0,0.0,1002
20261002,2026-10-02 10:30:00+09:00,46.5,0,0.0,1002
20261002,2026-10-02 10:33:00+09:00,45.66666666666666,0,0.0,1002
20261002,2026-10-02 10:36:00+09:00,49.5,0,0.0,1002
20261002,2026-10-02 10:39:00+09:00,59.0,0,0.0,1002
20261002,2026-10-02 10:42:00+09:00,55.5,0,0.0,1002
20261002,2026-10-02 10:45:00+09:00,54.16666666666666,0,0.0,1002
20261002,2026-10-02 10:48:00+09:00,56.16666666666666,0,0.0,1002
20261002,2026-10-02 10:51:00+09:00,58.833333333333336,0,0.0,1002
20261002,2026-10-02 10:54:00+09:00,56.66666666666666,0,0.0,1002
20261002,2026-10-02 10:57:00+09:00,53.66666666666666,0,0.0,1002
20261002,2026-10-02 11:00:00+09:00,53.333333333333336,1,-83105.0,1002
20261002,2026-10-02 11:03:00+09:00,51.333333333333336,1,-83105.0,1002
20261002,2026-10-02 11:06:00+09:00,51.833333333333336,1,-83105.0,1002
20261002,2026-10-02 11:09:00+09:00,28.5,1,-83105.0,1002
20261002,2026-10-02 11:12:00+09:00,28.83333333333333,1,-83105.0,1002
20261002,2026-10-02 11:15:00+09:00,29.5,1,-83105.0,1002
20261002,2026-10-02 11:18:00+09:00,26.5,1,-83105.0,1002
20261002,2026-10-02 11:21:00+09:00,25.166666666666668,2,-42405.0,1002
20261002,2026-10-02 11:24:00+09:00,26.83333333333333,2,-42405.0,1002
20261002,2026-10-02 11:27:00+09:00,27.166666666666668,2,-42405.0,1002
20261002,2026-10-02 11:30:00+09:00,38.5,1,40700.0,1002
20261002,2026-10-02 11:33:00+09:00,38.0,1,40700.0,1002
20261002,2026-10-02 11:36:00+09:00,37.5,1,40700.0,1002
20261002,2026-10-02 11:39:00+09:00,41.0,1,40700.0,1002
20261002,2026-10-02 11:42:00+09:00,43.16666666666666,1,40700.0,1002
20261002,2026-10-02 11:45:00+09:00,47.833333333333336,1,40700.0,1002
20261002,2026-10-02 11:48:00+09:00,44.16666666666666,1,40700.0,1002
20261002,2026-10-02 11:51:00+09:00,50.5,0,0.0,1002
20261002,2026-10-02 11:54:00+09:00,47.5,0,0.0,1002
20261002,2026-10-02 11:57:00+09:00,42.66666666666666,0,0.0,1002
20261002,2026-10-02 12:00:00+09:00,36.333333333333336,0,0.0,1002
20261002,2026-10-02 12:03:00+09:00,41.0,0,0.0,1002
20261002,2026-10-02 12:06:00+09:00,45.833333333333336,0,0.0,1002
20261002,2026-10-02 12:09:00+09:00,43.5,0,0.0,1002
20261002,2026-10-02 12:12:00+09:00,43.5,0,0.0,1002
20261002,2026-10-02 12:15:00+09:00,33.166666666666664,0,0.0,1002
20261002,2026-10-02 12:18:00+09:00,34.666666666666664,0,0.0,1002
20261002,2026-10-02 12:21:00+09:00,36.16666666666666,0,0.0,1002
20261002,2026-10-02 12:24:00+09:00,29.83333333333333,0,0.0,1002
20261002,2026-10-02 12:27:00+09:00,28.166666666666668,0,0.0,1002
20261002,2026-10-02 12:30:00+09:00,20.666666666666668,0,0.0,1002
20261002,2026-10-02 12:33:00+09:00,23.83333333333333,0,0.0,1002
20261002,2026-10-02 12:36:00+09:00,23.33333333333333,0,0.0,1002
20261002,2026-10-02 12:39:00+09:00,27.0,0,0.0,1002
20261002,2026-10-02 12:42:00+09:00,27.0,0,0.0,1002
20261002,2026-10-02 12:45:00+09:00,40.333333333333336,0,0.0,1002
20261002,2026-10-02 12:48:00+09:00,43.333333333333336,0,0.0,1002
20261002,2026-10-02 12:51:00+09:00,34.5,0,0.0,1002
20261002,2026-10-02 12:54:00+09:00,38.66666666666666,0,0.0,1002
20261002,2026-10-02 12:57:00+09:00,42.16666666666666,0,0.0,1002
20261002,2026-10-02 13:00:00+09:00,44.0,0,0.0,1002
20261002,2026-10-02 13:03:00+09:00,49.0,0,0.0,1002
20261002,2026-10-02 13:06:00+09:00,48.0,0,0.0,1002
20261002,2026-10-02 13:09:00+09:00,42.16666666666666,0,0.0,1002
20261002,2026-10-02 13:12:00+09:00,39.66666666666666,0,0.0,1002
20261002,2026-10-02 13:15:00+09:00,54.5,0,0.0,1002
20261002,2026-10-02 13:18:00+09:00,53.16666666666666,0,0.0,1002
20261002,2026-10-02 13:21:00+09:00,44.333333333333336,0,0.0,1002
20261002,2026-10-02 13:24:00+09:00,41.66666666666666,0,0.0,1002
20261002,2026-10-02 13:27:00+09:00,43.5,0,0.0,1002
20261002,2026-10-02 13:30:00+09:00,43.0,0,0.0,1002
20261002,2026-10-02 13:33:00+09:00,45.833333333333336,0,0.0,1002
20261002,2026-10-02 13:36:00+09:00,44.333333333333336,0,0.0,1002
20261002,2026-10-02 13:39:00+09:00,48.66666666666666,0,0.0,1002
20261002,2026-10-02 13:42:00+09:00,48.66666666666666,0,0.0,1002
20261002,2026-10-02 13:45:00+09:00,45.833333333333336,0,0.0,1002
20261002,2026-10-02 13:48:00+09:00,50.16666666666666,0,0.0,1002
20261002,2026-10-02 13:51:00+09:00,49.16666666666666,0,0.0,1002
20261002,2026-10-02 13:54:00+09:00,49.16666666666666,0,0.0,1002
20261002,2026-10-02 13:57:00+09:00,49.16666666666666,0,0.0,1002
20261002,2026-10-02 14:00:00+09:00,49.16666666666666,0,0.0,1002
20261002,2026-10-02 14:03:00+09:00,49.16666666666666,0,0.0,1002
20261002,2026-10-02 14:06:00+09:00,49.16666666666666,0,0.0,1002
20261002,2026-10-02 14:09:00+09:00,49.16666666666666,0,0.0,1002
20261002,2026-10-02 14:12:00+09:00,49.16666666666666,0,0.0,1002
20261002,2026-10-02 14:15:00+09:00,48.66666666666666,0,0.0,1002
20261002,2026-10-02 14:18:00+09:00,46.66666666666666,0,0.0,1002
20261002,2026-10-02 14:21:00+09:00,46.66666666666666,0,0.0,1002
20261002,2026-10-02 14:24:00+09:00,46.66666666666666,0,0.0,1002
20261002,2026-10-02 14:27:00+09:00,46.66666666666666,0,0.0,1002
20261002,2026-10-02 14:30:00+09:00,46.66666666666666,0,0.0,1002
20261002,2026-10-02 14:33:00+09:00,46.66666666666666,0,0.0,1002
20261002,2026-10-02 14:36:00+09:00,46.66666666666666,0,0.0,1002
20261002,2026-10-02 14:39:00+09:00,46.66666666666666,0,0.0,1002
20261002,2026-10-02 14:42:00+09:00,46.66666666666666,0,0.0,1002
20261002,2026-10-02 14:45:00+09:00,32.833333333333336,0,0.0,1002
20261002,2026-10-02 14:48:00+09:00,32.833333333333336,0,0.0,1002
20261002,2026-10-02 14:51:00+09:00,32.833333333333336,0,0.0,1002
20261002,2026-10-02 14:54:00+09:00,32.833333333333336,0,0.0,1002
20261002,2026-10-02 14:57:00+09:00,32.833333333333336,0,0.0,1002
