date,at,flag_at,direction,flag_ord,idx,flag_idx,approved,reason,base_approved,base_reason,tw2_cleared,slot,session,flat,held_symbol,forced,tq_score,tq_ok,teg_ok,entry_chop,chop_score,trend_ok,gap,gap_prev,gap_exp,gap_pct,e20_e50_pct,slope50,slope20,close_e20_pct,vwap_pct,vol_ratio,minute,approved_h50,reason_h50,solo_n,solo_net,solo_peak,solo_mae,solo_reason,solo_hold_min,solo_entry,solo_exit,solo_pp_fired,solo_h50_held,policy_locked,miss,win
20260527,2026-05-27T12:00:00+09:00,2026-05-27T11:54:00+09:00,DOWN_BLUE,2,58,57,False,REJECT_LOW_QUALITY_SCORE,False,REJECT_LOW_QUALITY_SCORE,False,,,True,,,2,False,False,False,2,False,481.3472239408875,78.94075243922998,402.4064715016575,0.020552827666135247,-1.22308214375245,-2030.5384933794849,-2221.432555906009,-0.9010934791250121,-3.211702683435895,0.5144150023930731,12:00,False,REJECT_LOW_QUALITY_SCORE,1,0.639333,2.618971507991661,-0.2636553161917998,TIME_WINDOW_PROFIT_LOCK_STOP,24.0,2026-05-27T12:00:00+09:00,2026-05-27T12:24:00+09:00,False,False,False,True,True
20260527,2026-05-27T13:57:00+09:00,2026-05-27T13:51:00+09:00,UP_RED,3,97,96,False,TW2_3SLOT_REJECT_TEG,False,REJECT_TIME_WINDOW,True,2.0,AFTERNOON,True,,,5,True,False,False,2,False,1613.0254446198705,1001.1150559714879,611.9103886483826,0.06976753653200132,-0.037210115806822375,128.55237363325432,422.0874769962393,0.17343559824681526,1.4127367307628613,0.662931687777417,13:57,False,TW2_3SLOT_REJECT_TEG,1,-1.515037,0.0,-1.735573659198914,TIME_WINDOW_STOP_LOSS,6.0,2026-05-27T13:57:00+09:00,2026-05-27T14:03:00+09:00,False,False,False,True,False
20260527,2026-05-27T14:09:00+09:00,2026-05-27T14:03:00+09:00,DOWN_BLUE,4,101,100,False,REJECT_MACD_GAP_NOT_EXPANDING,False,REJECT_MACD_GAP_NOT_EXPANDING,False,,,True,,,4,True,False,False,2,True,17.121964287279297,201.7506862341961,-184.6287219469168,0.0007450811265134594,0.1319181594849719,363.1349826748483,617.4029232179746,0.25523619541211023,-0.7786831679730181,0.7951188248001287,14:09,False,REJECT_MACD_GAP_NOT_EXPANDING,1,0.339795,3.778630499503804,0.0,TIME_WINDOW_PROFIT_LOCK_STOP,18.0,2026-05-27T14:09:00+09:00,2026-05-27T14:27:00+09:00,False,False,False,True,True
20260527,2026-05-27T14:33:00+09:00,2026-05-27T14:27:00+09:00,UP_RED,5,109,108,False,TW2_3SLOT_REJECT_TEG,False,REJECT_TIME_WINDOW,True,2.0,AFTERNOON,True,,,3,True,False,True,3,False,763.5127807334638,697.1826546528155,66.33012608064837,0.033384905147943324,-0.31728582349990686,-557.488914155867,-673.9106961451471,-0.27993666870913714,0.28930639582681794,0.7691535462713538,14:33,False,TW2_3SLOT_REJECT_TEG,1,-2.750148,0.501130631414159,-2.750147851800313,TIME_WINDOW_STOP_LOSS,15.0,2026-05-27T14:33:00+09:00,2026-05-27T14:48:00+09:00,False,False,False,True,False
20260528,2026-05-28T10:30:00+09:00,2026-05-28T10:24:00+09:00,DOWN_BLUE,2,154,153,False,TW2_REJECT_VWAP_VETO,True,,False,,,True,,,4,True,False,False,2,False,1659.1005584089835,803.752620786755,855.3479376222285,0.07321714732608046,-0.07057332490490287,163.8595084133558,590.9209998394363,0.2477382832513185,-1.362710498739409,0.9757340860260353,10:30,False,TW2_REJECT_VWAP_VETO,1,8.176792,8.176792452830188,-0.4986163522012579,TIME_WINDOW_TP2_FULL,129.0,2026-05-28T10:30:00+09:00,2026-05-28T12:39:00+09:00,False,False,False,True,True
20260528,2026-05-28T11:18:00+09:00,2026-05-28T11:12:00+09:00,DOWN_BLUE,4,170,169,False,TW2_3SLOT_REJECT_TEG,True,,True,3.0,AFTERNOON,True,,,4,True,False,True,3,True,746.7591500191361,43.28106195088117,703.4780880682549,0.03317455131137877,0.12357502541838272,568.5366870160215,1173.4184220763855,0.4952232345501983,-0.519219021563837,0.5014342462751611,11:18,False,TW2_3SLOT_REJECT_TEG,1,-1.298388,0.15784252944823313,-1.2983880967141972,TIME_WINDOW_STOP_LOSS,21.0,2026-05-28T11:18:00+09:00,2026-05-28T11:39:00+09:00,False,False,False,True,False
20260528,2026-05-28T11:36:00+09:00,2026-05-28T11:30:00+09:00,UP_RED,5,176,175,False,TW2_3SLOT_REJECT_SAME_DIRECTION_AFTERNOON_2ND,True,,True,,AFTERNOON,True,,,5,True,False,True,3,False,535.9632832587945,70.00334457089957,465.9599386878949,0.023652395554227473,-0.11301628733238753,88.53194186883047,497.8928049202077,0.20873705413675842,1.1646721142397474,0.45006580848126865,11:36,False,REJECT_LOW_QUALITY_SCORE,1,-1.676023,0.0,-1.6760225669957687,TIME_WINDOW_STOP_LOSS,12.0,2026-05-28T11:36:00+09:00,2026-05-28T11:48:00+09:00,False,False,False,True,False
20260528,2026-05-28T11:48:00+09:00,2026-05-28T11:42:00+09:00,DOWN_BLUE,6,180,179,False,TW2_3SLOT_REJECT_TEG,True,,True,3.0,AFTERNOON,True,,,4,True,False,False,1,True,553.8878693447266,225.4099308295181,328.4779385152085,0.024595376081026937,0.14452982333672382,434.61043847491965,778.2256969576702,0.3282923677219508,-0.5260344919026666,0.5176943951068352,11:48,False,TW2_3SLOT_REJECT_TEG,1,4.097905,4.097905113986445,-1.3216882316697474,TIME_WINDOW_AFTERNOON_TP,47.0,2026-05-28T11:48:00+09:00,2026-05-28T12:35:00+09:00,False,False,False,True,True
20260528,2026-05-28T13:33:00+09:00,2026-05-28T13:27:00+09:00,UP_RED,7,215,214,False,TW2_REJECT_VWAP_VETO,False,REJECT_TIME_WINDOW,False,,,True,,,3,True,False,False,2,False,2425.3680580091277,511.07391201432256,1914.2941459948051,0.1104951279275229,-1.1387300382734855,-772.2940249382518,639.3600767492317,0.27671620633784083,-1.3997732590239809,0.8477122389638898,13:33,False,TW2_REJECT_VWAP_VETO,1,0.726796,2.170467502850627,0.0,TIME_WINDOW_PROFIT_LOCK_STOP,9.0,2026-05-28T13:33:00+09:00,2026-05-28T13:42:00+09:00,False,False,False,True,True
20260529,2026-05-29T12:06:00+09:00,2026-05-29T12:00:00+09:00,UP_RED,2,312,311,False,TW2_REJECT_VWAP_VETO,True,,False,,,True,,,4,True,False,False,2,False,1276.224543273369,320.5951530168695,955.6293902564994,0.05512848999021032,-0.11712837588174779,114.20271761110052,579.9461561199278,0.23799086320254204,-1.0935483908243968,0.9798782432638572,12:06,False,REJECT_LOW_QUALITY_SCORE,1,-1.433468,0.6825268817204302,-1.433467741935484,TIME_WINDOW_STOP_LOSS,141.0,2026-05-29T12:06:00+09:00,2026-05-29T14:27:00+09:00,False,False,False,True,False
20260529,2026-05-29T14:03:00+09:00,2026-05-29T13:57:00+09:00,DOWN_BLUE,5,351,350,False,TW2_3SLOT_REJECT_SAME_DIRECTION_AFTERNOON_2ND,False,REJECT_TIME_WINDOW,True,,AFTERNOON,True,,,5,True,False,True,3,False,334.4700198849007,273.6561162999476,60.813903584953096,0.014441710703147698,-0.04898771557382698,-24.84155036136508,55.3618430364877,0.02270887343895369,0.8533592244818056,0.9118603124992021,14:03,False,TW2_3SLOT_REJECT_SAME_DIRECTION_AFTERNOON_2ND,1,1.89388,2.0922262652993715,-0.28838901753225277,FORCED_LIQUIDATION,57.0,2026-05-29T14:03:00+09:00,2026-05-29T15:00:00+09:00,False,False,False,True,True
20260601,2026-06-01T11:27:00+09:00,2026-06-01T11:21:00+09:00,DOWN_BLUE,3,425,424,False,REJECT_LOW_QUALITY_SCORE,False,REJECT_LOW_QUALITY_SCORE,False,,,True,,,3,True,False,False,2,False,1301.7016903654967,735.6473205216807,566.054369843816,0.05462449393057057,-0.8719751926930993,-1158.5579316914082,-800.578998375684,-0.31915654572243973,-1.7558362196533097,0.5812612624919036,11:27,False,REJECT_LOW_QUALITY_SCORE,1,0.119609,1.7267389024816497,-0.4743795875567983,TIME_WINDOW_BREAKEVEN_STOP,45.0,2026-06-01T11:27:00+09:00,2026-06-01T12:12:00+09:00,False,False,False,True,True
20260601,2026-06-01T13:21:00+09:00,2026-06-01T13:15:00+09:00,UP_RED,4,463,462,False,TW2_3SLOT_REJECT_TEG,False,REJECT_TIME_WINDOW,True,3.0,AFTERNOON,True,,,5,True,False,False,2,False,668.6571147532404,180.17638473646002,488.4807300167804,0.028249138772844972,-0.004244968585530709,107.10973070189357,286.80703248502687,0.1151105538069026,0.7983742403631573,0.6368294792110862,13:21,False,TW2_3SLOT_REJECT_TEG,1,-1.429185,1.4750605326876511,-1.8971105730427766,TIME_WINDOW_STOP_LOSS,72.0,2026-06-01T13:21:00+09:00,2026-06-01T14:33:00+09:00,False,False,False,True,False
20260601,2026-06-01T14:15:00+09:00,2026-06-01T14:09:00+09:00,DOWN_BLUE,5,481,480,False,TW2_3SLOT_REJECT_TEG,False,REJECT_TIME_WINDOW,True,3.0,AFTERNOON,True,,,4,True,False,False,2,False,491.512878366701,33.751237850347025,457.76164051635396,0.020738940015472617,-0.1486568465988635,-18.857144582550973,322.2281286441721,0.1291631739292852,-0.7970670388713406,0.9259125838066165,14:15,False,TW2_3SLOT_REJECT_TEG,1,0.323948,2.220979986197378,-0.6418219461697723,TIME_WINDOW_PROFIT_LOCK_STOP,27.0,2026-06-01T14:15:00+09:00,2026-06-01T14:42:00+09:00,False,False,False,True,True
20260602,2026-06-02T09:12:00+09:00,2026-06-02T09:06:00+09:00,DOWN_BLUE,1,506,505,False,REJECT_MACD_GAP_NOT_EXPANDING,False,REJECT_MACD_GAP_NOT_EXPANDING,False,,,True,,,5,True,False,False,0,True,4447.419306487009,4968.091416523531,-520.6721100365221,0.18941308801051995,0.14038889911690144,679.3778504608199,1405.0974721079692,0.5685019584764526,0.12679308645011353,2.8627119780146124,09:12,False,REJECT_MACD_GAP_NOT_EXPANDING,1,-2.865574,2.7858815657410507,-2.865573770491803,TIME_WINDOW_STOP_LOSS,21.0,2026-06-02T09:12:00+09:00,2026-06-02T09:33:00+09:00,False,False,False,True,False
20260602,2026-06-02T12:51:00+09:00,2026-06-02T12:45:00+09:00,UP_RED,8,579,578,False,TW2_REJECT_VWAP_VETO,True,,False,,,True,,,4,True,False,False,2,False,651.5321165549012,441.1539103093555,210.3782062455457,0.028327483328473967,-0.3351722608437438,-346.7911968403496,-82.88656033482403,-0.03423575318173465,-1.0445820526323246,1.3055361867439583,12:51,False,REJECT_LOW_QUALITY_SCORE,1,-1.29179,0.3906904843696325,-1.2917897629680521,TIME_WINDOW_STOP_LOSS,33.0,2026-06-02T12:51:00+09:00,2026-06-02T13:24:00+09:00,False,False,False,True,False
20260602,2026-06-02T13:36:00+09:00,2026-06-02T13:30:00+09:00,UP_RED,10,594,593,False,REJECT_MACD_GAP_NOT_EXPANDING,False,REJECT_MACD_GAP_NOT_EXPANDING,False,,,True,,,2,False,False,True,3,False,153.94472823606202,274.62886022377415,-120.68413198771214,0.006722477215548559,-0.3044761257900299,-476.4402920170687,-494.76672356110066,-0.2052525709096269,-1.3792749630577366,0.8394490275859494,13:36,False,REJECT_MACD_GAP_NOT_EXPANDING,1,4.069001,4.069001386962552,-0.5406033287101248,TIME_WINDOW_AFTERNOON_TP,58.0,2026-06-02T13:36:00+09:00,2026-06-02T14:34:00+09:00,False,False,False,True,True
20260602,2026-06-02T13:42:00+09:00,2026-06-02T13:36:00+09:00,DOWN_BLUE,11,596,595,False,REJECT_NOT_CONFIRMED,False,REJECT_NOT_CONFIRMED,False,,,True,,,4,True,False,False,1,True,-103.47043122187188,93.4454262905765,-196.91585751244838,-0.004514416719976958,0.30370969167795925,356.7601465336047,187.32604808500037,0.07764386809812972,1.2832217837819788,0.7526794823876436,13:42,False,REJECT_NOT_CONFIRMED,1,-1.465813,0.0,-1.4658130601792574,TIME_WINDOW_STOP_LOSS,15.0,2026-06-02T13:42:00+09:00,2026-06-02T13:57:00+09:00,False,False,False,True,False
20260602,2026-06-02T13:45:00+09:00,2026-06-02T13:39:00+09:00,UP_RED,12,597,596,False,REJECT_MACD_GAP_NOT_EXPANDING,False,REJECT_MACD_GAP_NOT_EXPANDING,False,,,True,,,2,False,False,True,3,False,57.76889421957685,103.47043122187188,-45.70153700229503,0.002523761215359408,-0.30387982873196434,-460.4166113752872,-455.1997577911243,-0.18892082564517296,-1.4079178972011894,0.6730217240233254,13:45,False,REJECT_MACD_GAP_NOT_EXPANDING,1,4.123192,4.123191673894189,-0.08999132697311361,TIME_WINDOW_AFTERNOON_TP,49.0,2026-06-02T13:45:00+09:00,2026-06-02T14:34:00+09:00,False,False,False,True,True
20260605,2026-06-05T11:48:00+09:00,2026-06-05T11:42:00+09:00,DOWN_BLUE,2,810,809,False,TW2_REJECT_VWAP_VETO,True,,False,,,True,,,3,True,False,False,2,False,1445.082544673769,489.2979112558223,955.7846334179467,0.0668710108594988,-0.04157850083227889,-58.478547065518796,-56.232947380281985,-0.024720638598350327,-1.7083750515853127,0.7792348366356193,11:48,False,REJECT_LOW_QUALITY_SCORE,1,4.093995,4.0939953810623555,-0.522863741339492,TIME_WINDOW_AFTERNOON_TP,64.0,2026-06-05T11:48:00+09:00,2026-06-05T12:52:00+09:00,False,False,False,True,True
20260605,2026-06-05T13:42:00+09:00,2026-06-05T13:36:00+09:00,UP_RED,3,848,847,False,TW2_3SLOT_REJECT_TEG,False,REJECT_TIME_WINDOW,True,2.0,AFTERNOON,True,,,4,True,False,False,2,False,1626.2027176795127,731.682606153372,894.5201115261407,0.0768526804196367,-0.6963899139915672,-493.1985061271116,279.18391367793083,0.12534249432610314,-0.4165829399310633,1.2329364448297622,13:42,False,TW2_3SLOT_REJECT_TEG,1,-0.193032,1.9499072356215212,-0.666955266955267,TIME_WINDOW_BREAKEVEN_STOP,66.0,2026-06-05T13:42:00+09:00,2026-06-05T14:48:00+09:00,False,False,False,True,False
20260608,2026-06-08T10:33:00+09:00,2026-06-08T10:27:00+09:00,DOWN_BLUE,1,917,916,False,REJECT_MACD_GAP_NOT_EXPANDING,False,REJECT_MACD_GAP_NOT_EXPANDING,False,,,True,,,3,True,False,False,2,True,806.4078736955144,1178.2467704657267,-371.8388967702124,0.04108038072824831,1.081864505393646,732.7713498640805,-345.69496518024243,-0.16730016144730295,-0.3206612420215715,0.582754212885687,10:33,False,REJECT_MACD_GAP_NOT_EXPANDING,1,-1.433657,0.13398058252427184,-1.4336569579288025,TIME_WINDOW_STOP_LOSS,9.0,2026-06-08T10:33:00+09:00,2026-06-08T10:42:00+09:00,False,False,False,True,False
20260608,2026-06-08T12:03:00+09:00,2026-06-08T11:57:00+09:00,DOWN_BLUE,3,947,946,False,TW2_REJECT_VWAP_VETO,True,,False,,,True,,,4,True,False,False,2,False,3789.012155384382,1899.6120193619245,1889.4001360224574,0.18757485917744465,-0.9107325523573615,-360.16110976040363,1007.6684598410502,0.4739034835886934,-1.9887570534301144,0.5379916087969129,12:03,False,REJECT_LOW_QUALITY_SCORE,1,-1.223095,0.9114157658845242,-1.5129976272080148,TIME_WINDOW_STOP_LOSS,21.0,2026-06-08T12:03:00+09:00,2026-06-08T12:24:00+09:00,False,False,False,True,False
20260608,2026-06-08T14:33:00+09:00,2026-06-08T14:27:00+09:00,UP_RED,4,997,996,False,REJECT_MACD_GAP_NOT_EXPANDING,False,REJECT_MACD_GAP_NOT_EXPANDING,False,,,True,,,2,False,False,False,2,False,582.1935589629338,596.6684753910085,-14.474916428074721,0.02952299994741044,-0.6604902802554359,-1006.3870904666837,-1224.3805673471652,-0.5898385086104143,-0.6237182438941393,0.48595962525376074,14:33,False,REJECT_MACD_GAP_NOT_EXPANDING,1,-1.853648,0.0,-1.8536480686695278,TIME_WINDOW_STOP_LOSS,6.0,2026-06-08T14:33:00+09:00,2026-06-08T14:39:00+09:00,False,False,False,True,False
20260609,2026-06-09T13:54:00+09:00,2026-06-09T13:48:00+09:00,DOWN_BLUE,5,1196,1195,False,TW2_REJECT_VWAP_VETO,False,REJECT_TIME_WINDOW,False,,,True,,,3,True,False,True,3,False,1361.0936104913126,8.883324305163114,1352.2102861861495,0.06301359307830151,-1.5994981140216284,-1790.4692495046183,-980.7723526312038,-0.43135821064794005,-4.167125804638352,0.9912471373675426,13:54,False,TW2_REJECT_VWAP_VETO,1,-3.194203,0.0,-3.1942028985507243,TIME_WINDOW_STOP_LOSS,9.0,2026-06-09T13:54:00+09:00,2026-06-09T14:03:00+09:00,False,False,False,True,False
20260610,2026-06-10T13:57:00+09:00,2026-06-10T13:51:00+09:00,UP_RED,5,1323,1322,False,TW2_REJECT_VWAP_VETO,False,REJECT_TIME_WINDOW,False,,,True,,,2,False,False,True,3,False,540.9759957270144,189.88779500305827,351.0882007239561,0.02676773853176716,-1.3384826897212867,-1842.5123306629248,-1904.2965202077758,-0.8951418575939742,-4.012912663902428,1.2606578047776211,13:57,False,TW2_REJECT_VWAP_VETO,1,0.242433,1.6910905203136137,-0.5174625801853172,EARLY_TAKE_PROFIT,12.0,2026-06-10T13:57:00+09:00,2026-06-10T14:09:00+09:00,False,False,False,True,True
20260611,2026-06-11T09:51:00+09:00,2026-06-11T09:45:00+09:00,DOWN_BLUE,3,1367,1366,False,REJECT_NOT_CONFIRMED,False,REJECT_NOT_CONFIRMED,False,,,True,,,0,False,False,True,3,False,-575.0206054653227,132.83959522969053,-707.8602006950132,-0.028145893561689804,0.08948177064182507,-554.1020265973639,-1621.4328658788,-0.7539702508980464,-1.3973695374970905,0.4472257348806558,09:51,False,REJECT_NOT_CONFIRMED,1,-4.368653,0.0,-4.368653276259467,TIME_WINDOW_STOP_LOSS,6.0,2026-06-11T09:51:00+09:00,2026-06-11T09:57:00+09:00,False,False,False,True,False
20260611,2026-06-11T09:54:00+09:00,2026-06-11T09:48:00+09:00,UP_RED,4,1368,1367,False,REJECT_SHORT_FLAG_INTERVAL,False,REJECT_SHORT_FLAG_INTERVAL,False,,,True,,,5,True,False,False,1,True,2673.8998837906265,575.0206054653227,2098.879278325304,0.12917390742949886,0.02990969181748035,1591.1960647699889,4038.439259604318,1.853389998369216,2.614579418556402,0.9837029705678658,09:54,False,REJECT_SHORT_FLAG_INTERVAL,1,1.973698,7.895646319569121,0.0,PP_EXIT,39.0,2026-06-11T09:54:00+09:00,2026-06-11T10:33:00+09:00,True,False,False,True,True
20260611,2026-06-11T10:36:00+09:00,2026-06-11T10:30:00+09:00,DOWN_BLUE,5,1382,1381,False,TW2_REJECT_VWAP_VETO,True,,False,,,True,,,3,True,False,False,2,False,2004.982256134892,615.1043591782363,1389.8778969566556,0.09511301025307836,-1.3453483208466543,-1646.3280544858426,-1260.5362875214778,-0.5680784976969834,-2.3944749903169757,0.8234126557915133,10:36,False,REJECT_LOW_QUALITY_SCORE,1,-3.380946,0.12007005253940456,-3.6960420315236426,TIME_WINDOW_STOP_LOSS,6.0,2026-06-11T10:36:00+09:00,2026-06-11T10:42:00+09:00,False,False,False,True,False
20260611,2026-06-11T11:54:00+09:00,2026-06-11T11:48:00+09:00,UP_RED,6,1408,1407,False,REJECT_LOW_QUALITY_SCORE,False,REJECT_LOW_QUALITY_SCORE,False,,,True,,,3,True,False,True,3,False,572.7755951950148,302.8321120026294,269.94348319238543,0.027710478722545465,-0.05587806209310642,-279.2253338913433,-598.5285407234915,-0.275085686350937,0.09051429447047989,0.5256101776479439,11:54,False,REJECT_LOW_QUALITY_SCORE,1,-1.787231,1.2225039619651348,-1.787231152365859,TIME_WINDOW_STOP_LOSS,18.0,2026-06-11T11:54:00+09:00,2026-06-11T12:12:00+09:00,False,False,False,True,False
20260611,2026-06-11T13:21:00+09:00,2026-06-11T13:15:00+09:00,DOWN_BLUE,9,1437,1436,False,REJECT_MACD_GAP_NOT_EXPANDING,False,REJECT_MACD_GAP_NOT_EXPANDING,False,,,True,,,2,False,False,False,2,False,458.09986188754374,794.9824812781053,-336.88261939056156,0.021803896329726024,-0.3816325292573366,-771.5322270935867,-1145.7305393784773,-0.5180599773486301,-1.615389442689665,1.005481200608188,13:21,False,REJECT_MACD_GAP_NOT_EXPANDING,1,-2.047203,0.7487412587412587,-2.326783216783217,TIME_WINDOW_STOP_LOSS,24.0,2026-06-11T13:21:00+09:00,2026-06-11T13:45:00+09:00,False,False,False,True,False
20260611,2026-06-11T14:00:00+09:00,2026-06-11T13:54:00+09:00,DOWN_BLUE,11,1450,1449,False,REJECT_MACD_GAP_NOT_EXPANDING,False,REJECT_MACD_GAP_NOT_EXPANDING,False,,,True,,,2,False,False,True,3,False,178.27278105766345,232.73967429763616,-54.466893239972705,0.008436951304196093,-0.5235673667377075,-840.7952733794227,-1003.8427093289793,-0.45132540173328783,-2.0797265910758065,0.8678345243375933,14:00,False,REJECT_MACD_GAP_NOT_EXPANDING,1,0.293478,1.618346703871643,-0.4386466689919777,EARLY_TAKE_PROFIT,9.0,2026-06-11T14:00:00+09:00,2026-06-11T14:09:00+09:00,False,False,False,True,True
20260612,2026-06-12T11:57:00+09:00,2026-06-12T11:51:00+09:00,UP_RED,2,1535,1534,False,TW2_3SLOT_REJECT_TEG,True,,True,2.0,AFTERNOON,True,,,4,True,False,False,1,True,430.81753819001096,121.2397826105962,309.57775557941477,0.018953697236692078,0.6314176011187698,862.0641423640773,712.468359418679,0.2977760411121871,-0.20557640250361076,0.6133874150764687,11:57,False,TW2_3SLOT_REJECT_TEG,1,0.078695,1.8970742685671418,-0.8023630907726932,TIME_WINDOW_BREAKEVEN_STOP,153.0,2026-06-12T11:57:00+09:00,2026-06-12T14:30:00+09:00,False,False,False,True,True
20260612,2026-06-12T12:24:00+09:00,2026-06-12T12:18:00+09:00,DOWN_BLUE,3,1544,1543,False,TW2_3SLOT_REJECT_TEG,True,,True,2.0,AFTERNOON,True,,,5,True,False,False,2,False,795.6335507844715,556.2279481036994,239.40560268077206,0.03509631895829164,-0.5006463846764032,-370.2967085358687,239.7246506824158,0.10045805829217683,0.45621183104787977,1.0558414692600722,12:24,False,TW2_3SLOT_REJECT_TEG,1,-1.257131,0.0,-1.4238532110091744,TIME_WINDOW_STOP_LOSS,21.0,2026-06-12T12:24:00+09:00,2026-06-12T12:45:00+09:00,False,False,False,True,False
20260612,2026-06-12T12:45:00+09:00,2026-06-12T12:39:00+09:00,UP_RED,4,1551,1550,False,TW2_3SLOT_REJECT_TEG,True,,True,2.0,AFTERNOON,True,,,4,True,False,False,2,True,254.46696951500644,84.76142648932955,169.7055430256769,0.011175536649758736,0.4325894659144381,620.9945681542158,564.6636611483991,0.23558650772544554,-0.009994695896552573,0.7956444632574569,12:45,False,TW2_3SLOT_REJECT_TEG,1,-3.058424,1.4781845349271572,-3.0584236085169967,TIME_WINDOW_STOP_LOSS,111.0,2026-06-12T12:45:00+09:00,2026-06-12T14:36:00+09:00,False,False,False,True,False
20260612,2026-06-12T13:09:00+09:00,2026-06-12T13:03:00+09:00,DOWN_BLUE,5,1559,1558,False,TW2_3SLOT_REJECT_TEG,False,REJECT_TIME_WINDOW,True,2.0,AFTERNOON,True,,,4,True,False,True,3,False,194.87881871269974,43.090536942635026,151.7882817700647,0.008566101921437351,-0.3698969059881887,-377.7241721218452,-88.32501113135368,-0.03688297168116321,0.09696341650183377,0.8273653586540575,13:09,False,TW2_3SLOT_REJECT_TEG,1,-1.479983,0.0,-1.4799831436999578,TIME_WINDOW_STOP_LOSS,18.0,2026-06-12T13:09:00+09:00,2026-06-12T13:27:00+09:00,False,False,False,True,False
20260612,2026-06-12T13:15:00+09:00,2026-06-12T13:09:00+09:00,UP_RED,6,1561,1560,False,REJECT_NOT_CONFIRMED,False,REJECT_NOT_CONFIRMED,False,,,True,,,3,True,False,True,3,True,-125.38979379656303,18.28170709718779,-143.67150089375082,-0.005509217653627549,0.3582711460011535,380.20597357302904,122.18895469000563,0.05100154084168204,-0.05392594002044289,0.7484935196094934,13:15,False,REJECT_NOT_CONFIRMED,1,-1.244718,1.2322712874976711,-1.7103037078442331,TIME_WINDOW_STOP_LOSS,78.0,2026-06-12T13:15:00+09:00,2026-06-12T14:33:00+09:00,False,False,False,True,False
20260612,2026-06-12T13:18:00+09:00,2026-06-12T13:12:00+09:00,DOWN_BLUE,7,1562,1561,False,REJECT_NOT_CONFIRMED,False,REJECT_NOT_CONFIRMED,False,,,True,,,0,False,False,True,4,False,-89.45956450208632,125.38979379656303,-214.84935829864935,-0.0039219449584430655,-0.35859795281878304,-561.3743667667732,-586.74238757696,-0.24436881551862005,-0.16454443631989446,1.3353046963480826,13:18,False,REJECT_NOT_CONFIRMED,1,-1.4442,0.0,-1.4441998306519899,TIME_WINDOW_STOP_LOSS,15.0,2026-06-12T13:18:00+09:00,2026-06-12T13:33:00+09:00,False,False,False,True,False
20260612,2026-06-12T13:21:00+09:00,2026-06-12T13:15:00+09:00,UP_RED,8,1563,1562,False,REJECT_SHORT_FLAG_INTERVAL,False,REJECT_SHORT_FLAG_INTERVAL,False,,,True,,,5,True,False,False,2,True,134.65021390632955,89.45956450208632,45.19064940424323,0.005905711136242524,0.3559254109343971,500.14399944245815,435.62406495027244,0.1815100270626952,0.1200164549317621,0.765903174060536,13:21,False,REJECT_SHORT_FLAG_INTERVAL,1,-1.410082,1.0627604166666667,-1.874888392857143,TIME_WINDOW_STOP_LOSS,72.0,2026-06-12T13:21:00+09:00,2026-06-12T14:33:00+09:00,False,False,False,True,False
20260612,2026-06-12T14:06:00+09:00,2026-06-12T14:00:00+09:00,DOWN_BLUE,9,1578,1577,False,TW2_3SLOT_REJECT_TEG,False,REJECT_TIME_WINDOW,True,2.0,AFTERNOON,True,,,5,True,False,False,2,False,1699.6934161971194,866.3927733934088,833.3006428037106,0.07467897259214057,-0.3600918703865152,47.780429772567004,985.9275262542069,0.41152510981614376,0.11876267657173686,1.1606613010904236,14:06,False,TW2_3SLOT_REJECT_TEG,1,4.760169,4.760168776371308,-1.060084388185654,TIME_WINDOW_AFTERNOON_TP,31.0,2026-06-12T14:06:00+09:00,2026-06-12T14:37:00+09:00,False,False,False,True,True
20260615,2026-06-15T11:30:00+09:00,2026-06-15T11:24:00+09:00,UP_RED,3,1652,1651,False,TW2_3SLOT_REJECT_TEG,True,,True,3.0,AFTERNOON,True,,,4,True,False,False,2,False,1045.8866840861042,69.91833614223287,975.9683479438713,0.045671907602013284,-0.011438108791157961,311.096033770591,829.8721598628908,0.3442701099869108,-0.18993625787602408,0.7845691792057136,11:30,False,TW2_3SLOT_REJECT_TEG,1,0.89067,2.0008515364679744,-0.23802295446131067,TIME_WINDOW_PROFIT_LOCK_STOP,153.0,2026-06-15T11:30:00+09:00,2026-06-15T14:03:00+09:00,False,False,False,True,True
20260615,2026-06-15T12:42:00+09:00,2026-06-15T12:36:00+09:00,DOWN_BLUE,4,1676,1675,False,TW2_3SLOT_REJECT_TEG,True,,True,3.0,AFTERNOON,True,,,5,True,False,False,2,False,610.7614801774171,366.1866826860223,244.57479749139475,0.026635912785757394,-0.1830733646476837,-135.3018471240066,92.94494703505188,0.03850750095209751,0.05435894887641784,1.5232361120613673,12:42,False,TW2_3SLOT_REJECT_TEG,1,-1.404156,0.0371501272264631,-1.4041560644614082,TIME_WINDOW_STOP_LOSS,27.0,2026-06-15T12:42:00+09:00,2026-06-15T13:09:00+09:00,False,False,False,True,False
20260616,2026-06-16T13:09:00+09:00,2026-06-16T13:03:00+09:00,DOWN_BLUE,5,1811,1810,False,TW2_3SLOT_REJECT_TEG,False,REJECT_TIME_WINDOW,True,3.0,AFTERNOON,True,,,3,True,False,False,2,False,470.13904066988016,66.38042000272253,403.75862066715763,0.019845463937099204,-0.40838598668297743,-470.32147505227476,-194.54864360624924,-0.0780165518893683,-0.6693503508872128,0.404428427720233,13:09,False,TW2_3SLOT_REJECT_TEG,1,-1.313327,0.04596554850407979,-1.358658204895739,TIME_WINDOW_STOP_LOSS,63.0,2026-06-16T13:09:00+09:00,2026-06-16T14:12:00+09:00,False,False,False,True,False
20260617,2026-06-17T14:18:00+09:00,2026-06-17T14:12:00+09:00,DOWN_BLUE,7,1960,1959,False,TW2_REJECT_VWAP_VETO,False,REJECT_TIME_WINDOW,False,,,True,,,2,False,False,True,3,False,335.37626788883426,233.11078710955007,102.26548077928419,0.013485173618368889,-0.9352765827066185,-1708.5829632300884,-1957.8898933911696,-0.7478871727871376,-2.784379658866223,0.6327931103752616,14:18,False,TW2_REJECT_VWAP_VETO,1,-2.366296,0.011234817813765183,-2.3662955465587046,TIME_WINDOW_STOP_LOSS,21.0,2026-06-17T14:18:00+09:00,2026-06-17T14:39:00+09:00,False,False,False,True,False
20260617,2026-06-17T14:27:00+09:00,2026-06-17T14:21:00+09:00,UP_RED,8,1963,1962,False,REJECT_MACD_GAP_NOT_EXPANDING,False,REJECT_MACD_GAP_NOT_EXPANDING,False,,,True,,,5,True,False,False,2,True,77.78042343297966,148.5787452431632,-70.79832181018355,0.0031162028618982236,0.9868525570372301,1842.57244228106,2159.072106551379,0.8217622200414786,3.037841238745089,0.6971763095585437,14:27,False,REJECT_MACD_GAP_NOT_EXPANDING,1,0.626523,1.498831229546517,-0.30805672432600906,FORCED_LIQUIDATION,33.0,2026-06-17T14:27:00+09:00,2026-06-17T15:00:00+09:00,False,False,False,True,True
20260617,2026-06-17T14:33:00+09:00,2026-06-17T14:27:00+09:00,DOWN_BLUE,9,1965,1964,False,TW2_REJECT_VWAP_VETO,False,REJECT_TIME_WINDOW,False,,,True,,,2,False,False,False,2,False,130.58144805644952,45.22403309388574,85.35741496256378,0.005225348061482574,-1.0043233945809427,-1816.9997823592275,-2044.047688129358,-0.7770489410654892,-3.095583166709146,0.8679638302421663,14:33,False,TW2_REJECT_VWAP_VETO,1,-2.068832,0.0,-2.0688324873096446,TIME_WINDOW_STOP_LOSS,6.0,2026-06-17T14:33:00+09:00,2026-06-17T14:39:00+09:00,False,False,False,True,False
20260618,2026-06-18T13:45:00+09:00,2026-06-18T13:39:00+09:00,DOWN_BLUE,8,2075,2074,False,TW2_REJECT_VWAP_VETO,False,REJECT_TIME_WINDOW,False,,,True,,,3,True,False,False,2,False,1267.5730138415583,487.48109503673913,780.0919188048192,0.04722701243821007,-0.8311348789742136,-1037.2024318580516,-326.71572935348377,-0.11564081329574749,-2.089774718447374,0.8527922801844665,13:45,False,TW2_REJECT_VWAP_VETO,1,-0.326509,1.5068639053254438,-1.568639053254438,TIME_WINDOW_BREAKEVEN_STOP,24.0,2026-06-18T13:45:00+09:00,2026-06-18T14:09:00+09:00,False,False,False,True,False
20260619,2026-06-19T13:15:00+09:00,2026-06-19T13:09:00+09:00,UP_RED,7,2191,2190,False,TW2_REJECT_VWAP_VETO,False,REJECT_TIME_WINDOW,False,,,True,,,4,True,False,False,2,False,3626.373979257951,952.4291306810555,2673.9448485768953,0.13086878308401123,-1.067432220582842,-1044.5247620851733,419.75685908133164,0.1439079812799793,-1.4197880676084962,0.8389881246093621,13:15,False,TW2_REJECT_VWAP_VETO,1,-0.566285,2.420141661300708,-0.5662846104314231,TIME_WINDOW_PROFIT_LOCK_STOP,18.0,2026-06-19T13:15:00+09:00,2026-06-19T13:33:00+09:00,False,False,False,True,False
20260619,2026-06-19T14:06:00+09:00,2026-06-19T14:00:00+09:00,UP_RED,9,2208,2207,False,TW2_REJECT_VWAP_VETO,False,REJECT_TIME_WINDOW,False,,,True,,,3,True,False,True,3,False,1784.3696120712993,207.93378003967155,1576.4358320316278,0.06517054828602262,-1.046585746549942,-1186.0016913409345,-42.265652348753065,-0.014664853809957874,-2.1996930699051496,0.7444039252877896,14:06,False,TW2_REJECT_VWAP_VETO,1,-1.883316,0.0,-1.8833158721843897,TIME_WINDOW_STOP_LOSS,6.0,2026-06-19T14:06:00+09:00,2026-06-19T14:12:00+09:00,False,False,False,True,False
20260619,2026-06-19T14:42:00+09:00,2026-06-19T14:36:00+09:00,DOWN_BLUE,10,2220,2219,False,REJECT_MACD_GAP_NOT_EXPANDING,False,REJECT_MACD_GAP_NOT_EXPANDING,False,,,True,,,5,True,False,False,2,True,422.22359540288744,740.0056777612026,-317.78208235831517,0.015591713271893924,0.9525886079317449,1630.5284884953871,1489.6682595107704,0.5225941087646848,3.059262978679066,1.1108284016647925,14:42,False,REJECT_MACD_GAP_NOT_EXPANDING,1,-2.721862,0.0,-2.7218616044090633,TIME_WINDOW_STOP_LOSS,6.0,2026-06-19T14:42:00+09:00,2026-06-19T14:48:00+09:00,False,False,False,True,False
20260619,2026-06-19T14:48:00+09:00,2026-06-19T14:42:00+09:00,UP_RED,11,2222,2221,False,TW2_REJECT_VWAP_VETO,False,REJECT_TIME_WINDOW,False,,,True,,,4,True,False,False,2,False,2648.2083058457174,798.972546135461,1849.2357597102564,0.09672053710174278,-0.8375477927066168,-350.21103455498815,1510.7250755485147,0.5241741496606487,-1.953637980145707,1.2449948094320036,14:48,False,TW2_REJECT_VWAP_VETO,1,2.812913,1.426267340853105,0.0,FORCED_LIQUIDATION,12.0,2026-06-19T14:48:00+09:00,2026-06-19T15:00:00+09:00,False,False,False,True,True
20260622,2026-06-22T10:39:00+09:00,2026-06-22T10:33:00+09:00,DOWN_BLUE,3,2265,2264,False,REJECT_LOW_QUALITY_SCORE,False,REJECT_LOW_QUALITY_SCORE,False,,,True,,,2,False,False,False,2,False,939.5132597196971,617.4612205797021,322.05203913999503,0.032098163980857436,-1.6547663984732268,-3491.0539910434745,-3904.82213655347,-1.2673662554581184,-3.0787919887390562,0.8220004326607537,10:39,False,REJECT_LOW_QUALITY_SCORE,1,1.666237,3.715080527086384,0.0,TIME_WINDOW_TRAILING_STOP,27.0,2026-06-22T10:39:00+09:00,2026-06-22T11:06:00+09:00,False,False,False,True,True
20260623,2026-06-23T09:54:00+09:00,2026-06-23T09:48:00+09:00,UP_RED,1,2392,2391,False,REJECT_MACD_GAP_NOT_EXPANDING,False,REJECT_MACD_GAP_NOT_EXPANDING,False,,,True,,,2,False,False,False,2,False,335.37360081498264,378.31546631795936,-42.941865502976725,0.011693640195780427,-0.5143669350680147,-1509.7996001429856,-2340.8470006054267,-0.7753851640779224,-0.5848258804704174,0.49341570385189454,09:54,False,REJECT_MACD_GAP_NOT_EXPANDING,1,-1.514381,0.0,-1.5143807148794681,TIME_WINDOW_STOP_LOSS,12.0,2026-06-23T09:54:00+09:00,2026-06-23T10:06:00+09:00,False,False,False,True,False
20260623,2026-06-23T10:00:00+09:00,2026-06-23T09:54:00+09:00,DOWN_BLUE,2,2394,2393,False,REJECT_NOT_CONFIRMED,False,REJECT_NOT_CONFIRMED,False,,,True,,,5,True,False,False,2,True,-61.724902898165965,327.0428862239951,-388.76778912216105,-0.0021536951464817154,0.5804530173667335,1453.6827527657151,1997.8362068450078,0.6622276331133463,0.6261233712672242,0.3282053202307079,10:00,False,REJECT_NOT_CONFIRMED,1,5.752818,7.63089770354906,-0.9942936673625608,PP_EXIT,75.0,2026-06-23T10:00:00+09:00,2026-06-23T11:15:00+09:00,True,False,False,True,True
20260623,2026-06-23T10:03:00+09:00,2026-06-23T09:57:00+09:00,UP_RED,3,2395,2394,False,REJECT_SHORT_FLAG_INTERVAL,False,REJECT_SHORT_FLAG_INTERVAL,False,,,True,,,2,False,False,False,2,False,67.75147695847045,61.724902898165965,6.026574060304483,0.00236893276078568,-0.6077905048052064,-1631.9697036375292,-2378.9946633358486,-0.7902255000591838,-0.8249883801043165,0.2949219499352394,10:03,False,REJECT_SHORT_FLAG_INTERVAL,1,-2.029377,0.040876086180216646,-2.029377455064873,TIME_WINDOW_STOP_LOSS,18.0,2026-06-23T10:03:00+09:00,2026-06-23T10:21:00+09:00,False,False,False,True,False
20260623,2026-06-23T12:54:00+09:00,2026-06-23T12:48:00+09:00,UP_RED,7,2452,2451,False,TW2_REJECT_VWAP_VETO,True,,False,,,True,,,4,True,False,False,2,False,3901.4873343849176,1447.5844646112055,2453.902869773712,0.14275475061781623,-1.3142977812421157,-852.1970156226307,1583.2559451148845,0.5503450961797159,-2.558662052652796,1.0506539117902096,12:54,False,REJECT_LOW_QUALITY_SCORE,1,0.082259,1.9112171837708831,-0.3815698753646247,TIME_WINDOW_BREAKEVEN_STOP,12.0,2026-06-23T12:54:00+09:00,2026-06-23T13:06:00+09:00,False,False,False,True,True
20260623,2026-06-23T13:27:00+09:00,2026-06-23T13:21:00+09:00,DOWN_BLUE,8,2463,2462,False,TW2_3SLOT_REJECT_SAME_DIRECTION_AFTERNOON_2ND,False,REJECT_TIME_WINDOW,True,,AFTERNOON,True,,,5,True,True,False,2,True,765.3463837220061,538.3360097690838,227.01037395292224,0.028335667668345284,0.9320094989987676,1634.8626979924738,1566.3746876702644,0.5509277872219357,3.4623713622314694,0.4478660052863239,13:27,False,TW2_3SLOT_REJECT_SAME_DIRECTION_AFTERNOON_2ND,1,4.100876,4.100876095118899,-0.5277847309136421,TIME_WINDOW_AFTERNOON_TP,32.0,2026-06-23T13:27:00+09:00,2026-06-23T13:59:00+09:00,False,False,False,True,True
20260624,2026-06-24T11:06:00+09:00,2026-06-24T11:00:00+09:00,DOWN_BLUE,3,2634,2633,False,TW2_3SLOT_REJECT_TEG,True,,True,3.0,AFTERNOON,True,,,5,True,False,True,3,False,999.475535021767,113.99354010639672,885.4819949153703,0.03797399449170847,-0.30657456398881067,66.3551747603342,1020.4994006124325,0.36834134900523846,0.649407813868728,0.48868001519649923,11:06,False,REJECT_LOW_QUALITY_SCORE,1,4.296168,4.296168108776268,-0.5223733003708282,TIME_WINDOW_AFTERNOON_TP,31.0,2026-06-24T11:06:00+09:00,2026-06-24T11:37:00+09:00,False,False,False,True,True
20260624,2026-06-24T12:30:00+09:00,2026-06-24T12:24:00+09:00,UP_RED,4,2662,2661,False,TW2_REJECT_VWAP_VETO,True,,False,,,True,,,3,True,False,False,2,False,4756.068937624885,1543.496000231571,3212.5729373933136,0.18873289435019383,-1.7784100569815502,-1686.2252522939816,368.780500497669,0.13902439502895705,-3.1138190703429616,0.7522656979120871,12:30,False,TW2_REJECT_VWAP_VETO,1,-1.488103,0.5540782649693541,-1.4881030960238881,TIME_WINDOW_STOP_LOSS,15.0,2026-06-24T12:30:00+09:00,2026-06-24T12:45:00+09:00,False,False,False,True,False
20260624,2026-06-24T13:39:00+09:00,2026-06-24T13:33:00+09:00,UP_RED,6,2685,2684,False,TW2_REJECT_VWAP_VETO,False,REJECT_TIME_WINDOW,False,,,True,,,4,True,False,True,3,False,2767.387348395103,873.6133338225554,1893.7740145725475,0.11078412123279036,-1.2258429982885495,-858.7596999402158,1008.6258367067203,0.3835846856970555,-3.4478096804105545,0.9173160489475923,13:39,False,TW2_REJECT_VWAP_VETO,1,4.00888,4.008879560865354,0.0,TIME_WINDOW_AFTERNOON_TP,21.0,2026-06-24T13:39:00+09:00,2026-06-24T14:00:00+09:00,False,False,False,True,True
20260624,2026-06-24T14:48:00+09:00,2026-06-24T14:42:00+09:00,DOWN_BLUE,7,2708,2707,False,TW2_REJECT_VWAP_VETO,False,REJECT_TIME_WINDOW,False,,,True,,,2,False,False,False,2,False,1614.8105138299143,648.1938969596595,966.6166168702548,0.06158697611860848,-1.1807254883909135,-2297.0413878862746,-2665.1464944845065,-0.9656327878566342,-1.2992005177731885,0.5734981113345167,14:48,False,TW2_REJECT_VWAP_VETO,1,2.734275,3.3482800982800986,0.0,FORCED_LIQUIDATION,12.0,2026-06-24T14:48:00+09:00,2026-06-24T15:00:00+09:00,False,False,False,True,True
20260625,2026-06-25T13:39:00+09:00,2026-06-25T13:33:00+09:00,UP_RED,3,2897,2896,False,TW2_REJECT_VWAP_VETO,False,REJECT_TIME_WINDOW,False,,,True,,,2,False,False,False,2,False,1766.3246216104744,47.75728141392756,1718.5673401965469,0.0638353676042817,-1.7738433823921125,-3227.4605433079414,-3156.8986231847666,-1.0838647242594595,-4.566566889872821,0.39191295691069794,13:39,False,TW2_REJECT_VWAP_VETO,1,4.053038,4.0530382293762575,-0.009577464788732394,TIME_WINDOW_AFTERNOON_TP,43.0,2026-06-25T13:39:00+09:00,2026-06-25T14:22:00+09:00,False,False,False,True,True
20260626,2026-06-26T11:57:00+09:00,2026-06-26T11:51:00+09:00,UP_RED,2,2990,2989,False,REJECT_LOW_QUALITY_SCORE,False,REJECT_LOW_QUALITY_SCORE,False,,,True,,,2,False,False,False,2,False,1757.1196189478324,518.8328162907055,1238.2868026571268,0.06719386688137026,-2.0914534347941545,-3098.4605245403945,-2233.765845407266,-0.8115019323659551,-3.894881178802423,0.8113827687018811,11:57,False,REJECT_LOW_QUALITY_SCORE,1,4.140387,4.140387212967132,0.0,TIME_WINDOW_AFTERNOON_TP,16.0,2026-06-26T11:57:00+09:00,2026-06-26T12:13:00+09:00,False,False,False,True,True
20260626,2026-06-26T13:42:00+09:00,2026-06-26T13:36:00+09:00,DOWN_BLUE,3,3025,3024,False,TW2_REJECT_VWAP_VETO,False,REJECT_TIME_WINDOW,False,,,True,,,3,True,False,False,2,False,3575.285256623516,1645.1779373954487,1930.1073192280674,0.12531669318694413,-1.8833011664742982,-3271.7632692260668,-2781.8545070029795,-0.9263097727488135,-4.157893854715235,1.257087883792212,13:42,False,TW2_REJECT_VWAP_VETO,1,4.027243,4.027243066884177,0.0,TIME_WINDOW_AFTERNOON_TP,32.0,2026-06-26T13:42:00+09:00,2026-06-26T14:14:00+09:00,False,False,False,True,True
20260629,2026-06-29T13:42:00+09:00,2026-06-29T13:36:00+09:00,DOWN_BLUE,2,3152,3151,False,TW2_REJECT_VWAP_VETO,False,REJECT_TIME_WINDOW,False,,,True,,,2,False,False,False,2,False,1325.5857512058137,397.6033132264165,927.9824379793972,0.049443705751802076,-1.281612658137348,-2364.2208967548795,-2480.355432192795,-0.8789025216645788,-3.436252088060771,1.0512430815148344,13:42,False,TW2_REJECT_VWAP_VETO,1,4.041074,4.04107371112058,-0.04737963357477631,TIME_WINDOW_AFTERNOON_TP,75.0,2026-06-29T13:42:00+09:00,2026-06-29T14:57:00+09:00,False,False,False,True,True
20260630,2026-06-30T11:57:00+09:00,2026-06-30T11:51:00+09:00,DOWN_BLUE,2,3244,3243,False,REJECT_LOW_QUALITY_SCORE,False,REJECT_LOW_QUALITY_SCORE,False,,,True,,,3,True,False,False,2,False,850.2740994647902,83.55256284642928,766.7215366183609,0.031122770844245615,-0.9425797410557145,-1446.8283903650008,-1020.6333724525757,-0.35490545528179984,-2.086852940725213,0.6290392854549416,11:57,False,REJECT_LOW_QUALITY_SCORE,1,4.04106,4.041060197663971,0.0,TIME_WINDOW_AFTERNOON_TP,22.0,2026-06-30T11:57:00+09:00,2026-06-30T12:19:00+09:00,False,False,False,True,True
20260630,2026-06-30T13:42:00+09:00,2026-06-30T13:36:00+09:00,UP_RED,3,3279,3278,False,TW2_REJECT_VWAP_VETO,False,REJECT_TIME_WINDOW,False,,,True,,,2,False,False,False,2,False,2240.8495795109848,1001.5618991569572,1239.2876803540275,0.08770448452097789,-1.7219254804904887,-2745.8437560251914,-2450.3132627462037,-0.9110753814517403,-3.7371187489191176,0.9649107237110686,13:42,False,TW2_REJECT_VWAP_VETO,1,4.078098,4.078098207326578,0.0,TIME_WINDOW_AFTERNOON_TP,55.0,2026-06-30T13:42:00+09:00,2026-06-30T14:37:00+09:00,False,False,False,True,True
20260701,2026-07-01T11:57:00+09:00,2026-07-01T11:51:00+09:00,UP_RED,2,3371,3370,False,TW2_REJECT_VWAP_VETO,True,,False,,,True,,,2,False,False,False,2,False,969.6152141603889,87.6012071230507,882.0140070373382,0.038583971912470705,-1.2204137016337184,-1767.5189446313307,-1330.0229285694659,-0.5027941831043661,-2.669081075288594,1.542470237635687,11:57,False,REJECT_LOW_QUALITY_SCORE,1,4.15616,4.156159728122345,0.0,TIME_WINDOW_AFTERNOON_TP,20.0,2026-07-01T11:57:00+09:00,2026-07-01T12:17:00+09:00,False,False,False,True,True
20260701,2026-07-01T13:42:00+09:00,2026-07-01T13:36:00+09:00,DOWN_BLUE,3,3406,3405,False,TW2_REJECT_VWAP_VETO,False,REJECT_TIME_WINDOW,False,,,True,,,3,True,False,False,2,False,3024.052968046497,1567.2059784527592,1456.8469895937378,0.11191905877300137,-1.7214306545799196,-2775.476507725194,-2261.6966476337984,-0.7951931218549106,-3.899014004522894,1.2031475376309304,13:42,False,TW2_REJECT_VWAP_VETO,1,4.066023,4.066022679546409,-0.04804703905921881,TIME_WINDOW_AFTERNOON_TP,38.0,2026-07-01T13:42:00+09:00,2026-07-01T14:20:00+09:00,False,False,False,True,True
20260702,2026-07-02T13:39:00+09:00,2026-07-02T13:33:00+09:00,DOWN_BLUE,2,3532,3531,False,TW2_REJECT_VWAP_VETO,False,REJECT_TIME_WINDOW,False,,,True,,,3,True,False,False,2,False,2523.8043887827516,336.1220384393746,2187.682350343377,0.10428943755300626,-2.043489325131494,-3089.8145945523866,-2762.9490419314243,-1.084628756130172,-5.4943475713697705,0.44725164694276437,13:39,False,TW2_REJECT_VWAP_VETO,1,4.143129,4.143128781331028,0.0,TIME_WINDOW_AFTERNOON_TP,19.0,2026-07-02T13:39:00+09:00,2026-07-02T13:58:00+09:00,False,False,False,True,True
20260703,2026-07-03T11:57:00+09:00,2026-07-03T11:51:00+09:00,DOWN_BLUE,2,3625,3624,False,REJECT_LOW_QUALITY_SCORE,False,REJECT_LOW_QUALITY_SCORE,False,,,True,,,3,True,False,False,2,False,1778.1740578028366,147.05075302708065,1631.123304775756,0.07308565794504056,-1.9069314668571522,-2571.470001722686,-1747.933942480944,-0.6825060605659065,-4.407634046696252,0.5873531524776393,11:57,False,REJECT_LOW_QUALITY_SCORE,1,4.605219,4.605219206680585,0.0,TIME_WINDOW_AFTERNOON_TP,9.0,2026-07-03T11:57:00+09:00,2026-07-03T12:06:00+09:00,False,False,False,True,True
20260703,2026-07-03T13:39:00+09:00,2026-07-03T13:33:00+09:00,UP_RED,3,3659,3658,False,TW2_REJECT_VWAP_VETO,False,REJECT_TIME_WINDOW,False,,,True,,,2,False,False,False,2,False,3826.054754989076,664.0672394049325,3161.9875155841437,0.1835918788382474,-4.336673740784489,-5529.747043281328,-4747.6338739418425,-2.1642284933996483,-8.898874881654418,0.8530081831925673,13:39,False,TW2_REJECT_VWAP_VETO,1,4.036614,4.036613844870725,0.0,TIME_WINDOW_AFTERNOON_TP,13.0,2026-07-03T13:39:00+09:00,2026-07-03T13:52:00+09:00,False,False,False,True,True
20260706,2026-07-06T12:00:00+09:00,2026-07-06T11:54:00+09:00,UP_RED,2,3753,3752,False,TW2_REJECT_VWAP_VETO,True,,False,,,True,,,3,True,False,False,2,False,1631.1190021661168,459.7428937923469,1171.37610837377,0.07061121221498341,-0.7675255415248544,-891.9655914255418,-434.03336639050394,-0.1784985705933965,-2.396620965027445,1.1450578540319007,12:00,False,REJECT_LOW_QUALITY_SCORE,1,4.165177,4.165176670923797,0.0,TIME_WINDOW_AFTERNOON_TP,20.0,2026-07-06T12:00:00+09:00,2026-07-06T12:20:00+09:00,False,False,False,True,True
20260706,2026-07-06T13:42:00+09:00,2026-07-06T13:36:00+09:00,DOWN_BLUE,3,3787,3786,False,TW2_REJECT_VWAP_VETO,False,REJECT_TIME_WINDOW,False,,,True,,,3,True,False,False,2,False,2799.7815978815743,1403.2886313840208,1396.4929664975534,0.1130311504998617,-1.8371685571979646,-2651.1676688990556,-2047.046602761373,-0.7851006348903126,-3.88001791772095,1.0071227274613588,13:42,False,TW2_REJECT_VWAP_VETO,1,4.052383,4.052382925818483,0.0,TIME_WINDOW_AFTERNOON_TP,33.0,2026-07-06T13:42:00+09:00,2026-07-06T14:15:00+09:00,False,False,False,True,True
20260707,2026-07-07T09:51:00+09:00,2026-07-07T09:45:00+09:00,UP_RED,1,3837,3836,False,TW2_REJECT_VWAP_VETO,True,,False,,,True,,,2,False,False,False,2,False,596.6878920607924,267.8504688042085,328.83742325658386,0.026793349441436565,-2.450275560530997,-4080.424902754836,-4779.239303628914,-2.038741508058929,-1.37958890470648,1.0300779418937205,09:51,False,TW2_REJECT_VWAP_VETO,1,-1.603187,0.0,-1.6031872509960161,TIME_WINDOW_STOP_LOSS,15.0,2026-07-07T09:51:00+09:00,2026-07-07T10:06:00+09:00,False,False,False,True,False
20260707,2026-07-07T13:42:00+09:00,2026-07-07T13:36:00+09:00,DOWN_BLUE,2,3914,3913,False,TW2_REJECT_VWAP_VETO,False,REJECT_TIME_WINDOW,False,,,True,,,2,False,False,False,2,False,2750.5617304627376,1090.6093500611023,1659.9523804016353,0.11835463556207992,-2.198808667056059,-3302.962051287759,-3139.1849299119785,-1.2832296400241796,-5.4790333906655855,0.7163218850384614,13:42,False,TW2_REJECT_VWAP_VETO,1,4.087004,4.087003760969495,-0.006435436690346845,TIME_WINDOW_AFTERNOON_TP,39.0,2026-07-07T13:42:00+09:00,2026-07-07T14:21:00+09:00,False,False,False,True,True
20260708,2026-07-08T13:39:00+09:00,2026-07-08T13:33:00+09:00,DOWN_BLUE,2,4040,4039,False,TW2_REJECT_VWAP_VETO,False,REJECT_TIME_WINDOW,False,,,True,,,3,True,False,False,2,False,3220.8778718980684,1201.2375314760284,2019.64034042204,0.13991650182007248,-2.660024623868851,-3567.3333536614664,-2754.30529718427,-1.1366594406277901,-7.502216417191756,1.11204097276172,13:39,False,TW2_REJECT_VWAP_VETO,1,4.173909,4.173908730158731,0.0,TIME_WINDOW_AFTERNOON_TP,16.0,2026-07-08T13:39:00+09:00,2026-07-08T13:55:00+09:00,False,False,False,True,True
20260709,2026-07-09T13:42:00+09:00,2026-07-09T13:36:00+09:00,DOWN_BLUE,4,4168,4167,False,TW2_REJECT_VWAP_VETO,False,REJECT_TIME_WINDOW,False,,,True,,,2,False,False,False,2,False,1716.2337208408644,625.4603974325291,1090.7733234083353,0.07597316161314141,-1.7024011314682699,-2459.259117853362,-2294.169139740523,-0.9647900322061561,-4.042543847931129,0.5472696597491078,13:42,False,TW2_REJECT_VWAP_VETO,1,4.081872,4.081871838111298,0.0,TIME_WINDOW_AFTERNOON_TP,64.0,2026-07-09T13:42:00+09:00,2026-07-09T14:46:00+09:00,False,False,False,True,True
20260710,2026-07-10T13:42:00+09:00,2026-07-10T13:36:00+09:00,DOWN_BLUE,4,4295,4294,False,TW2_REJECT_VWAP_VETO,False,REJECT_TIME_WINDOW,False,,,True,,,3,True,False,False,2,False,2046.3169327738724,1026.5179672277336,1019.7989655461388,0.08939785639029586,-1.219244747710251,-1594.5876539568417,-1174.6194996694103,-0.48750044765665335,-2.399519227687196,1.2321976626400375,13:42,False,TW2_REJECT_VWAP_VETO,1,4.067945,4.067944535073409,-0.008482871125611746,TIME_WINDOW_AFTERNOON_TP,44.0,2026-07-10T13:42:00+09:00,2026-07-10T14:26:00+09:00,False,False,False,True,True
20260713,2026-07-13T10:00:00+09:00,2026-07-13T09:54:00+09:00,UP_RED,1,4348,4347,False,TW2_REJECT_VWAP_VETO,True,,False,,,True,,,2,False,False,False,2,False,336.77413614049146,85.6527730178932,251.12136312259827,0.016688510215088773,-3.16603931348145,-4753.306414926425,-5533.193033646094,-2.604823281448907,-2.3380803853238823,0.7680598804886454,10:00,False,TW2_REJECT_VWAP_VETO,1,-1.731363,0.0,-1.7313628899835798,TIME_WINDOW_STOP_LOSS,9.0,2026-07-13T10:00:00+09:00,2026-07-13T10:09:00+09:00,False,False,False,True,False
20260713,2026-07-13T13:39:00+09:00,2026-07-13T13:33:00+09:00,DOWN_BLUE,2,4421,4420,False,TW2_REJECT_VWAP_VETO,False,REJECT_TIME_WINDOW,False,,,True,,,3,True,False,False,2,False,2537.443631781767,34.89657073577109,2502.547061045996,0.1202579920275719,-2.5967792799782394,-3484.015682505211,-3217.509622508893,-1.4486417731674943,-6.011105174011816,0.6976364690148796,13:39,False,TW2_REJECT_VWAP_VETO,1,4.064548,4.064547677261614,0.0,TIME_WINDOW_AFTERNOON_TP,17.0,2026-07-13T13:39:00+09:00,2026-07-13T13:56:00+09:00,False,False,False,True,True
20260714,2026-07-14T12:00:00+09:00,2026-07-14T11:54:00+09:00,DOWN_BLUE,2,4515,4514,False,TW2_REJECT_VWAP_VETO,True,,False,,,True,,,4,True,False,False,2,False,1949.6985260566853,767.2618223624486,1182.4367036942367,0.10186512675322286,-0.5079262504273346,-205.80510490131564,492.5771961156279,0.24448711405945658,-1.6690903573521696,1.1776761665195534,12:00,False,TW2_REJECT_VWAP_VETO,1,4.116199,4.116199095022624,0.0,TIME_WINDOW_AFTERNOON_TP,12.0,2026-07-14T12:00:00+09:00,2026-07-14T12:12:00+09:00,False,False,False,True,True
20260714,2026-07-14T13:39:00+09:00,2026-07-14T13:33:00+09:00,UP_RED,3,4548,4547,False,TW2_REJECT_VWAP_VETO,False,REJECT_TIME_WINDOW,False,,,True,,,3,True,False,False,2,False,2687.8233277982945,679.4506804282864,2008.372647370008,0.1578287332823426,-3.7195363846949574,-3746.6003469582647,-2994.5267230651807,-1.6704641144521315,-7.72060942934972,1.3168392005118206,13:39,False,TW2_REJECT_VWAP_VETO,1,4.018953,4.018952834270878,0.0,TIME_WINDOW_AFTERNOON_TP,16.0,2026-07-14T13:39:00+09:00,2026-07-14T13:55:00+09:00,False,False,False,True,True
20260715,2026-07-15T11:30:00+09:00,2026-07-15T11:24:00+09:00,DOWN_BLUE,3,4631,4630,False,REJECT_LOW_QUALITY_SCORE,False,REJECT_LOW_QUALITY_SCORE,False,,,True,,,2,False,False,True,3,False,1096.7900327092211,740.1625869774925,356.6274457317286,0.0516866179410566,-1.9376556740031148,-1933.323547528591,-657.8287907475606,-0.2945039355372931,-0.39177906863370343,0.6066909151257831,11:30,False,REJECT_LOW_QUALITY_SCORE,1,-1.411264,0.7142528735632184,-1.4112643678160919,TIME_WINDOW_STOP_LOSS,15.0,2026-07-15T11:30:00+09:00,2026-07-15T11:45:00+09:00,False,False,False,True,False
20260715,2026-07-15T12:33:00+09:00,2026-07-15T12:27:00+09:00,UP_RED,4,4652,4651,False,TW2_3SLOT_REJECT_SAME_DIRECTION_AFTERNOON_2ND,True,,True,,AFTERNOON,True,,,5,True,True,False,1,True,675.3416419315499,531.4149248887989,143.92671704275108,0.031558020651007004,1.0892799448889081,1400.2665426596068,1157.4673131085,0.5138289474080987,1.144660064484732,0.7012096080716974,12:33,False,TW2_3SLOT_REJECT_SAME_DIRECTION_AFTERNOON_2ND,1,0.564919,2.151915322580645,-0.26633064516129035,TIME_WINDOW_PROFIT_LOCK_STOP,54.0,2026-07-15T12:33:00+09:00,2026-07-15T13:27:00+09:00,False,False,False,True,True
20260715,2026-07-15T13:18:00+09:00,2026-07-15T13:12:00+09:00,DOWN_BLUE,5,4667,4666,False,TW2_REJECT_VWAP_VETO,False,REJECT_TIME_WINDOW,False,,,True,,,3,True,False,True,3,False,609.6372718437451,115.91257994608895,493.72469189765616,0.028210887174629575,-1.1032338471161154,-1251.03588304203,-716.7890208782628,-0.3151085468924922,-1.894428414635153,0.8719254909122365,13:18,False,TW2_REJECT_VWAP_VETO,1,0.575076,1.7241379310344827,-0.45287356321839084,EARLY_TAKE_PROFIT,18.0,2026-07-15T13:18:00+09:00,2026-07-15T13:36:00+09:00,False,False,False,True,True
20260716,2026-07-16T12:24:00+09:00,2026-07-16T12:18:00+09:00,DOWN_BLUE,3,4775,4774,False,TW2_3SLOT_REJECT_TEG,True,,True,2.0,AFTERNOON,True,,,5,True,False,True,3,True,774.2286000602373,345.81156558921293,428.4170344710244,0.04171490302048693,0.7875414603896357,831.6730029059108,606.2335859329905,0.31030275142052394,0.5068955326226352,0.8920111575187805,12:24,False,REJECT_LOW_QUALITY_SCORE,1,0.576011,1.997067969791204,-0.44522434473567307,EARLY_TAKE_PROFIT,96.0,2026-07-16T12:24:00+09:00,2026-07-16T14:00:00+09:00,False,False,False,True,True
20260716,2026-07-16T13:06:00+09:00,2026-07-16T13:00:00+09:00,UP_RED,4,4789,4788,False,TW2_3SLOT_REJECT_TEG,False,REJECT_TIME_WINDOW,True,2.0,AFTERNOON,True,,,3,True,False,True,3,False,181.86736939558705,15.4519393503424,166.41543004524465,0.009825357611863157,-0.6583763165152262,-571.8914670019876,-192.08371819509193,-0.09858429621038922,-0.7054391182849898,1.0230446834578453,13:06,False,TW2_3SLOT_REJECT_TEG,1,-1.656627,0.2164906303236797,-1.6566269165247018,TIME_WINDOW_STOP_LOSS,12.0,2026-07-16T13:06:00+09:00,2026-07-16T13:18:00+09:00,False,False,False,True,False
20260716,2026-07-16T13:12:00+09:00,2026-07-16T13:06:00+09:00,DOWN_BLUE,5,4791,4790,False,REJECT_MACD_GAP_NOT_EXPANDING,False,REJECT_MACD_GAP_NOT_EXPANDING,False,,,True,,,5,True,False,False,2,True,17.997744268164297,78.42922607481523,-60.431481806650936,0.0009739039106149511,0.6438961201977238,636.3365675783716,388.53111625509337,0.19973190500122773,0.8556680981829503,0.9888844639862593,13:12,False,REJECT_MACD_GAP_NOT_EXPANDING,1,-0.222971,1.8160532150776052,-0.4446119733924612,TIME_WINDOW_BREAKEVEN_STOP,51.0,2026-07-16T13:12:00+09:00,2026-07-16T14:03:00+09:00,False,False,False,True,False
20260716,2026-07-16T13:18:00+09:00,2026-07-16T13:12:00+09:00,UP_RED,6,4793,4792,False,REJECT_MACD_GAP_NOT_EXPANDING,False,REJECT_MACD_GAP_NOT_EXPANDING,False,,,True,,,2,False,False,False,2,False,116.47177808220931,495.6036404761421,-379.1318623939328,0.006316256945889875,-0.610338875754113,-755.0342555770185,-762.4937255512923,-0.39282485860823646,-1.060187663427207,1.1558008854428152,13:18,False,REJECT_MACD_GAP_NOT_EXPANDING,1,-1.300935,0.08300449982692973,-1.3009345794392522,TIME_WINDOW_STOP_LOSS,18.0,2026-07-16T13:18:00+09:00,2026-07-16T13:36:00+09:00,False,False,False,True,False
20260716,2026-07-16T13:24:00+09:00,2026-07-16T13:18:00+09:00,DOWN_BLUE,7,4795,4794,False,TW2_3SLOT_REJECT_TEG,False,REJECT_TIME_WINDOW,True,2.0,AFTERNOON,True,,,5,True,False,False,2,True,760.7485339412001,292.0574219889827,468.6911119522174,0.04141254947965161,0.6360327562276441,966.8732209308073,1263.6286506212782,0.653482426831876,1.4076544547473515,1.4625570213290593,13:24,False,TW2_3SLOT_REJECT_TEG,1,-1.404032,0.6108676599474147,-1.404031551270815,TIME_WINDOW_STOP_LOSS,39.0,2026-07-16T13:24:00+09:00,2026-07-16T14:03:00+09:00,False,False,False,True,False
20260716,2026-07-16T13:57:00+09:00,2026-07-16T13:51:00+09:00,UP_RED,8,4806,4805,False,TW2_REJECT_VWAP_VETO,False,REJECT_TIME_WINDOW,False,,,True,,,3,True,False,False,2,False,417.7560733276905,7.060417489791689,410.6956558378988,0.022741212483815488,-0.6671948959786803,-571.2293772799894,-183.02626360300928,-0.09465157889115138,-1.2903127129857332,0.8384283595016163,13:57,False,TW2_REJECT_VWAP_VETO,1,4.57917,4.5791695501730105,-0.4013148788927336,TIME_WINDOW_AFTERNOON_TP,23.0,2026-07-16T13:57:00+09:00,2026-07-16T14:20:00+09:00,False,False,False,True,True
20260716,2026-07-16T14:48:00+09:00,2026-07-16T14:42:00+09:00,DOWN_BLUE,9,4823,4822,False,TW2_3SLOT_REJECT_TEG,False,REJECT_TIME_WINDOW,True,2.0,AFTERNOON,True,,,3,True,False,True,4,False,825.1875193552405,539.7329850636079,285.4545342916326,0.044293479299798204,-0.1541941387192169,-229.0624657100998,-288.35722163738683,-0.1470420614897983,-0.06366442097690708,1.0184560290995697,14:48,False,TW2_3SLOT_REJECT_TEG,1,-1.38862,0.08915770609318996,-0.8960573476702508,FORCED_LIQUIDATION,12.0,2026-07-16T14:48:00+09:00,2026-07-16T15:00:00+09:00,False,False,False,True,False
20260720,2026-07-20T11:12:00+09:00,2026-07-20T11:06:00+09:00,UP_RED,5,4877,4876,False,REJECT_LOW_QUALITY_SCORE,False,REJECT_LOW_QUALITY_SCORE,False,,,True,,,2,False,False,False,2,False,1057.019067986519,968.9832127816335,88.03585520488559,0.05934975115028181,-1.2747454451186193,-1677.5465684896335,-1936.4920579402242,-1.0329407383734595,-2.3194764780345603,0.7576754826871755,11:12,False,REJECT_LOW_QUALITY_SCORE,1,-1.572997,0.0,-1.7583827893175075,TIME_WINDOW_STOP_LOSS,6.0,2026-07-20T11:12:00+09:00,2026-07-20T11:18:00+09:00,False,False,False,True,False
20260720,2026-07-20T11:24:00+09:00,2026-07-20T11:18:00+09:00,DOWN_BLUE,6,4881,4880,False,REJECT_NOT_CONFIRMED,False,REJECT_NOT_CONFIRMED,False,,,True,,,5,True,False,False,2,True,-255.44230391316523,83.84992179241453,-339.29222570557977,-0.014423619645012153,1.403034980561364,1767.1374635542743,1941.8019317197613,1.0416215895730734,2.726526197975164,1.019122523498104,11:24,False,REJECT_NOT_CONFIRMED,1,-2.031647,0.8808579522460542,-2.0316471064346415,TIME_WINDOW_STOP_LOSS,9.0,2026-07-20T11:24:00+09:00,2026-07-20T11:33:00+09:00,False,False,False,True,False
20260720,2026-07-20T11:27:00+09:00,2026-07-20T11:21:00+09:00,UP_RED,7,4882,4881,False,REJECT_NOT_CONFIRMED,False,REJECT_NOT_CONFIRMED,False,,,True,,,0,False,False,False,2,False,-543.523674594624,255.44230391316523,-798.9659785077893,-0.03100534367339555,-1.4783333329332453,-2403.720308120828,-3471.154128698865,-1.8811160423639628,-3.6491166267503683,1.3523940186033676,11:27,False,REJECT_NOT_CONFIRMED,1,0.364042,3.9581377744133235,-1.1115064345193038,TIME_WINDOW_PROFIT_LOCK_STOP,39.0,2026-07-20T11:27:00+09:00,2026-07-20T12:06:00+09:00,False,False,False,True,True
20260720,2026-07-20T11:30:00+09:00,2026-07-20T11:24:00+09:00,DOWN_BLUE,8,4883,4882,False,REJECT_SHORT_FLAG_INTERVAL,False,REJECT_SHORT_FLAG_INTERVAL,False,,,True,,,5,True,False,False,2,True,736.4526502040499,543.523674594624,192.92897560942583,0.04196311397174073,1.5176210691151275,2231.025394076947,2950.0918307276443,1.596915805806987,3.494051281976801,0.9414877994395041,11:30,False,REJECT_SHORT_FLAG_INTERVAL,1,-1.39551,0.03240816326530612,-1.3955102040816325,TIME_WINDOW_STOP_LOSS,6.0,2026-07-20T11:30:00+09:00,2026-07-20T11:36:00+09:00,False,False,False,True,False
20260720,2026-07-20T11:36:00+09:00,2026-07-20T11:30:00+09:00,UP_RED,9,4885,4884,False,REJECT_LOW_QUALITY_SCORE,False,REJECT_LOW_QUALITY_SCORE,False,,,True,,,3,True,False,False,2,False,2204.7705693728985,930.0690747818153,1274.7014945910832,0.12372449884247468,-1.3911585499163022,-1039.0972591997124,-70.25657798792236,-0.037454404651255824,-1.9695873738440142,0.6461932181701855,11:36,False,REJECT_LOW_QUALITY_SCORE,1,-2.155498,1.3484870848708486,-2.1554981549815495,TIME_WINDOW_STOP_LOSS,30.0,2026-07-20T11:36:00+09:00,2026-07-20T12:06:00+09:00,False,False,False,True,False
20260721,2026-07-21T10:57:00+09:00,2026-07-21T10:51:00+09:00,DOWN_BLUE,2,4998,4997,False,REJECT_LOW_QUALITY_SCORE,False,REJECT_LOW_QUALITY_SCORE,False,,,True,,,3,True,False,False,2,False,1288.1923107469283,288.28932724378683,999.9029835031415,0.07077979729378728,-0.8668884933696405,-702.2807295555249,-150.3691889240872,-0.07848941180110489,-1.6845070352084954,0.618840468375049,10:57,False,REJECT_LOW_QUALITY_SCORE,1,-1.345927,1.599046793760832,-1.649046793760832,TIME_WINDOW_STOP_LOSS,39.0,2026-07-21T10:57:00+09:00,2026-07-21T11:36:00+09:00,False,False,False,True,False
20260721,2026-07-21T13:15:00+09:00,2026-07-21T13:09:00+09:00,DOWN_BLUE,4,5044,5043,False,TW2_REJECT_VWAP_VETO,False,REJECT_TIME_WINDOW,False,,,True,,,2,False,False,False,2,False,733.1592535848995,314.44919164633393,418.71006193856556,0.03903936387566025,-1.1060950052657281,-1264.141840382712,-1073.5800937353633,-0.5430783221771379,-3.604266340907205,0.5923869433560003,13:15,False,TW2_REJECT_VWAP_VETO,1,0.522925,2.5974528301886792,-0.27858490566037736,TIME_WINDOW_PROFIT_LOCK_STOP,33.0,2026-07-21T13:15:00+09:00,2026-07-21T13:48:00+09:00,False,False,False,True,True
20260722,2026-07-22T12:33:00+09:00,2026-07-22T12:27:00+09:00,UP_RED,2,5156,5155,False,REJECT_LOW_QUALITY_SCORE,False,REJECT_LOW_QUALITY_SCORE,False,,,True,,,2,False,False,True,3,False,505.42872034907305,381.5324532429204,123.89626710615266,0.026039604345650336,-0.33778549210448633,-697.0201754446607,-1107.4292522785254,-0.5420184387762814,-1.943546958458899,0.7393590162473639,12:33,False,REJECT_LOW_QUALITY_SCORE,1,0.06598,1.8754057428214732,-0.5579275905118601,TIME_WINDOW_BREAKEVEN_STOP,57.0,2026-07-22T12:33:00+09:00,2026-07-22T13:30:00+09:00,False,False,False,True,True
20260723,2026-07-23T11:48:00+09:00,2026-07-23T11:42:00+09:00,UP_RED,2,5267,5266,False,TW2_REJECT_VWAP_VETO,True,,False,,,True,,,3,True,False,False,2,False,1679.6868309466608,113.0848878610941,1566.6019430855667,0.08939259345112617,-0.800224603239661,-384.7760545609053,590.4428376979195,0.2985208599325349,-1.355123081467997,1.0027942532831198,11:48,False,TW2_REJECT_VWAP_VETO,1,-1.351511,0.20876785121222186,-1.3515111258718036,TIME_WINDOW_STOP_LOSS,15.0,2026-07-23T11:48:00+09:00,2026-07-23T12:03:00+09:00,False,False,False,True,False
20260723,2026-07-23T13:09:00+09:00,2026-07-23T13:03:00+09:00,DOWN_BLUE,3,5294,5293,False,TW2_3SLOT_REJECT_TEG,False,REJECT_TIME_WINDOW,True,2.0,AFTERNOON,True,,,5,True,False,True,3,False,585.9071015605841,191.83053923353418,394.07656232704994,0.030885983213525786,-0.1848665306873867,-221.09491421212442,-201.0428748484701,-0.1006804064870235,0.28537643042528804,1.3699935824706677,13:09,False,TW2_3SLOT_REJECT_TEG,1,-1.973245,0.0,-2.114460668864814,TIME_WINDOW_STOP_LOSS,6.0,2026-07-23T13:09:00+09:00,2026-07-23T13:15:00+09:00,False,False,False,True,False
20260723,2026-07-23T13:54:00+09:00,2026-07-23T13:48:00+09:00,DOWN_BLUE,5,5309,5308,False,TW2_3SLOT_REJECT_TEG,False,REJECT_TIME_WINDOW,True,3.0,AFTERNOON,True,,,4,True,False,False,2,False,1152.5984743418767,379.01323248546487,773.5852418564118,0.06034546986083124,-0.48523286121184284,-295.89015770261176,212.48829320375808,0.10568789452541114,-0.3167535094462437,1.2190676188536955,13:54,False,TW2_3SLOT_REJECT_TEG,1,0.393137,2.905268245529241,-0.5730304494925085,TIME_WINDOW_PROFIT_LOCK_STOP,27.0,2026-07-23T13:54:00+09:00,2026-07-23T14:21:00+09:00,False,False,False,True,True
20260723,2026-07-23T14:33:00+09:00,2026-07-23T14:27:00+09:00,UP_RED,6,5322,5321,False,TW2_3SLOT_REJECT_SAME_DIRECTION_AFTERNOON_2ND,False,REJECT_TIME_WINDOW,True,,AFTERNOON,True,,,5,True,True,False,1,True,1385.315249529956,600.534369624115,784.780879905841,0.0718524507017612,0.319893063243594,887.8555734099355,1640.5182409689296,0.8083466436310104,1.211681518014797,1.946218939735765,14:33,False,TW2_3SLOT_REJECT_SAME_DIRECTION_AFTERNOON_2ND,1,-1.592389,0.0,-1.5923888711224816,TIME_WINDOW_STOP_LOSS,6.0,2026-07-23T14:33:00+09:00,2026-07-23T14:39:00+09:00,False,False,False,True,False
20260724,2026-07-24T11:57:00+09:00,2026-07-24T11:51:00+09:00,UP_RED,1,5396,5395,False,REJECT_LOW_QUALITY_SCORE,False,REJECT_LOW_QUALITY_SCORE,False,,,True,,,2,False,False,False,2,False,954.6470342999419,258.2119693053064,696.4350649946355,0.054241308767042154,-1.8099543394047544,-1804.3664627571125,-1300.1875751607586,-0.701805793410683,-3.3325645666428345,0.7680991278668015,11:57,False,REJECT_LOW_QUALITY_SCORE,1,4.005841,4.005841325196164,0.0,TIME_WINDOW_AFTERNOON_TP,22.0,2026-07-24T11:57:00+09:00,2026-07-24T12:19:00+09:00,False,False,False,True,True
20260724,2026-07-24T13:42:00+09:00,2026-07-24T13:36:00+09:00,DOWN_BLUE,2,5431,5430,False,TW2_REJECT_VWAP_VETO,False,REJECT_TIME_WINDOW,False,,,True,,,3,True,False,False,2,False,2140.9190215824965,1042.6722512339293,1098.2467703485672,0.11412148302678553,-1.3441273693453029,-1443.4387707400601,-1068.25478254864,-0.540960577516536,-2.728243489156229,0.9506669823979793,13:42,False,TW2_REJECT_VWAP_VETO,1,4.089827,4.089827100924809,-0.009650180940892641,TIME_WINDOW_AFTERNOON_TP,35.0,2026-07-24T13:42:00+09:00,2026-07-24T14:17:00+09:00,False,False,False,True,True
20260727,2026-07-27T13:39:00+09:00,2026-07-27T13:33:00+09:00,UP_RED,3,5557,5556,False,TW2_REJECT_VWAP_VETO,False,REJECT_TIME_WINDOW,False,,,True,,,3,True,False,False,2,False,1534.6751404990355,641.4034639702768,893.2716765287587,0.08927720421751224,-1.7464904643006571,-1713.9793659015559,-1260.034040343482,-0.6963538908238868,-4.183236361570835,0.8327806946969943,13:39,False,TW2_REJECT_VWAP_VETO,1,4.126984,4.1269841269841265,-0.0065998329156223895,TIME_WINDOW_AFTERNOON_TP,34.0,2026-07-27T13:39:00+09:00,2026-07-27T14:13:00+09:00,False,False,False,True,True
20260728,2026-07-28T13:42:00+09:00,2026-07-28T13:36:00+09:00,DOWN_BLUE,3,5685,5684,False,TW2_REJECT_VWAP_VETO,False,REJECT_TIME_WINDOW,False,,,True,,,3,True,False,False,2,False,1924.7408248444772,985.7925349452707,938.9482898992064,0.11608810765045097,-1.2366617306274899,-1197.8889616304077,-930.9924280147534,-0.5334395697310318,-2.8564449982530307,1.0512430815148344,13:42,False,TW2_REJECT_VWAP_VETO,1,4.081669,4.081669394435352,0.0,TIME_WINDOW_AFTERNOON_TP,29.0,2026-07-28T13:42:00+09:00,2026-07-28T14:11:00+09:00,False,False,False,True,True
20260729,2026-07-29T11:57:00+09:00,2026-07-29T11:51:00+09:00,UP_RED,1,5777,5776,False,REJECT_LOW_QUALITY_SCORE,False,REJECT_LOW_QUALITY_SCORE,False,,,True,,,2,False,False,False,2,False,2196.9110019711807,556.0283569814637,1640.882644989717,0.1735316747212623,-5.730870139507148,-4048.9691228952724,-2804.9397415553685,-2.1048126022729767,-9.815968906141029,0.6290392854549416,11:57,False,REJECT_LOW_QUALITY_SCORE,1,4.182541,4.182540638169777,0.0,TIME_WINDOW_AFTERNOON_TP,5.0,2026-07-29T11:57:00+09:00,2026-07-29T12:02:00+09:00,False,False,False,True,True
20260729,2026-07-29T13:42:00+09:00,2026-07-29T13:36:00+09:00,DOWN_BLUE,2,5812,5811,False,TW2_REJECT_VWAP_VETO,False,REJECT_TIME_WINDOW,False,,,True,,,2,False,False,False,2,False,4032.226753006369,1589.4668331326175,2442.7599198737516,0.2535991668557465,-4.594505816721474,-4631.982412467478,-4255.887012587162,-2.542825573558404,-11.135632138132925,0.9649107237110686,13:42,False,TW2_REJECT_VWAP_VETO,1,4.125177,4.12517745302714,0.0,TIME_WINDOW_AFTERNOON_TP,17.0,2026-07-29T13:42:00+09:00,2026-07-29T13:59:00+09:00,False,False,False,True,True
20260730,2026-07-30T13:39:00+09:00,2026-07-30T13:33:00+09:00,DOWN_BLUE,2,5938,5937,False,TW2_REJECT_VWAP_VETO,False,REJECT_TIME_WINDOW,False,,,True,,,2,False,False,False,2,False,1590.571481804811,298.9764392209254,1291.5950425838855,0.11015037962637195,-2.5961792383762687,-2354.11255622725,-2124.939939517295,-1.3979868023140662,-7.2513107656054645,1.0827764627953629,13:39,False,TW2_REJECT_VWAP_VETO,1,4.09414,4.094139534883721,0.0,TIME_WINDOW_AFTERNOON_TP,21.0,2026-07-30T13:39:00+09:00,2026-07-30T14:00:00+09:00,False,False,False,True,True
20260731,2026-07-31T12:06:00+09:00,2026-07-31T12:00:00+09:00,UP_RED,3,6034,6033,False,TW2_REJECT_VWAP_VETO,True,,False,,,True,,,4,True,False,False,2,True,1335.6475104738483,537.9656630394147,797.6818474344336,0.08332174113997806,0.29459261464337627,292.69027148769237,257.7465303905774,0.15275059505362884,-2.1043666613527856,0.9099505785575511,12:06,False,REJECT_LOW_QUALITY_SCORE,1,4.024024,4.024023519529609,0.0,TIME_WINDOW_AFTERNOON_TP,25.0,2026-07-31T12:06:00+09:00,2026-07-31T12:31:00+09:00,False,False,False,True,True
20260731,2026-07-31T13:42:00+09:00,2026-07-31T13:36:00+09:00,DOWN_BLUE,4,6066,6065,False,TW2_REJECT_VWAP_VETO,False,REJECT_TIME_WINDOW,False,,,True,,,2,False,False,False,2,False,840.2349602718532,206.4719778728504,633.7629823990028,0.04965927661181166,-1.6950908569665708,-1774.7039838051423,-1557.8221371946856,-0.8746637295123689,-2.8688316532254174,1.0449013304097898,13:42,False,TW2_REJECT_VWAP_VETO,1,3.384559,3.182538399353274,-0.04963621665319321,FORCED_LIQUIDATION,78.0,2026-07-31T13:42:00+09:00,2026-07-31T15:00:00+09:00,False,False,False,True,True
20260803,2026-08-03T10:48:00+09:00,2026-08-03T10:42:00+09:00,UP_RED,3,6135,6134,False,REJECT_MACD_GAP_NOT_EXPANDING,False,REJECT_MACD_GAP_NOT_EXPANDING,False,,,True,,,2,False,False,True,3,False,160.26534890946368,428.02445312710825,-267.75910421764456,0.010136960715336096,-1.066190594818916,-1212.8598143972922,-1353.536015646765,-0.8133201865051242,-1.1798456373303507,0.6936129096343655,10:48,False,REJECT_MACD_GAP_NOT_EXPANDING,1,3.97629,4.087100213219616,0.0,TIME_WINDOW_TP2_FULL,17.0,2026-08-03T10:48:00+09:00,2026-08-03T11:05:00+09:00,False,False,False,True,True
20260803,2026-08-03T11:36:00+09:00,2026-08-03T11:30:00+09:00,DOWN_BLUE,4,6151,6150,False,TW2_3SLOT_REJECT_TEG,True,,True,3.0,AFTERNOON,True,,,5,True,False,False,2,True,193.9435478555273,182.2260027523446,11.717545103182687,0.012136642544150644,0.43068430019154713,316.99287249916233,93.05160622857511,0.0553185393723883,0.10392828308609058,0.4927779618640239,11:36,False,REJECT_LOW_QUALITY_SCORE,1,-1.270999,1.3056928034371644,-1.2709989258861438,TIME_WINDOW_STOP_LOSS,105.0,2026-08-03T11:36:00+09:00,2026-08-03T13:21:00+09:00,False,False,False,True,False
20260803,2026-08-03T11:45:00+09:00,2026-08-03T11:39:00+09:00,UP_RED,5,6154,6153,False,REJECT_MACD_GAP_NOT_EXPANDING,False,REJECT_MACD_GAP_NOT_EXPANDING,False,,,True,,,3,True,False,True,3,False,7.215592212109186,201.2092487412392,-193.99365652913002,0.0004518216789047706,-0.3777961808954714,-328.1686112934258,-211.23431239835918,-0.12565597794517297,-0.16592308950340956,0.912127677418959,11:45,False,REJECT_MACD_GAP_NOT_EXPANDING,1,-1.390114,0.7421436004162331,-1.390114464099896,TIME_WINDOW_STOP_LOSS,36.0,2026-08-03T11:45:00+09:00,2026-08-03T12:21:00+09:00,False,False,False,True,False
20260803,2026-08-03T11:51:00+09:00,2026-08-03T11:45:00+09:00,DOWN_BLUE,6,6156,6155,False,REJECT_MACD_GAP_NOT_EXPANDING,False,REJECT_MACD_GAP_NOT_EXPANDING,False,,,True,,,5,True,False,False,2,True,223.60109885960344,303.47281112069606,-79.87171226109263,0.013992559377947649,0.3672497273385187,259.10528093623,50.466183165088296,0.030001798502399177,0.10124189183637097,0.5243544795043108,11:51,False,REJECT_MACD_GAP_NOT_EXPANDING,1,-0.090054,1.9630270270270274,-0.41416216216216223,TIME_WINDOW_BREAKEVEN_STOP,60.0,2026-08-03T11:51:00+09:00,2026-08-03T12:51:00+09:00,False,False,False,True,False
20260803,2026-08-03T12:09:00+09:00,2026-08-03T12:03:00+09:00,UP_RED,7,6162,6161,False,REJECT_NOT_CONFIRMED,False,REJECT_NOT_CONFIRMED,False,,,True,,,3,True,False,True,4,False,-8.047976957043488,159.54494530339048,-167.59292226043397,-0.000504259207834805,-0.29713644329909256,-285.33129791449755,-236.6651751419995,-0.1408721280606921,-0.2234170200731934,0.7097546684329861,12:09,False,REJECT_NOT_CONFIRMED,1,-1.441394,0.0,-1.44139365574623,TIME_WINDOW_STOP_LOSS,12.0,2026-08-03T12:09:00+09:00,2026-08-03T12:21:00+09:00,False,False,False,True,False
20260803,2026-08-03T12:12:00+09:00,2026-08-03T12:06:00+09:00,DOWN_BLUE,8,6163,6162,False,TW2_3SLOT_REJECT_TEG,True,,True,3.0,AFTERNOON,True,,,5,True,False,False,2,True,363.34767676060335,8.047976957043488,355.29969980355986,0.022823346530188655,0.30818913758222843,431.00458034919575,595.0780156047549,0.35510308720124945,0.47142269784716945,0.8731659994104871,12:12,False,TW2_3SLOT_REJECT_TEG,1,-1.270999,1.3056928034371644,-1.2709989258861438,TIME_WINDOW_STOP_LOSS,69.0,2026-08-03T12:12:00+09:00,2026-08-03T13:21:00+09:00,False,False,False,True,False
20260803,2026-08-03T12:48:00+09:00,2026-08-03T12:42:00+09:00,UP_RED,9,6175,6174,False,REJECT_LOW_QUALITY_SCORE,False,REJECT_LOW_QUALITY_SCORE,False,,,True,,,4,True,False,True,3,False,400.77716340296,207.54072952624438,193.23643387671564,0.02522197378243927,-0.40665425459464255,-304.06872611655854,-103.9944930896163,-0.06217417774397863,-0.6064125914476083,0.6716840252264534,12:48,False,REJECT_LOW_QUALITY_SCORE,1,-1.295543,1.2203460933403252,-1.5576297850026222,TIME_WINDOW_STOP_LOSS,15.0,2026-08-03T12:48:00+09:00,2026-08-03T13:03:00+09:00,False,False,False,True,False
20260804,2026-08-04T10:24:00+09:00,2026-08-04T10:18:00+09:00,UP_RED,3,6257,6256,False,TW2_REJECT_VWAP_VETO,True,,False,,,True,,,3,True,False,False,2,False,1884.413003306814,938.5717394295789,945.8412638772352,0.1247955631329016,-1.704270751211092,-1403.8077319269069,-911.4527462027036,-0.5734305356903655,-2.6315766617024194,0.5340820523095785,10:24,False,REJECT_LOW_QUALITY_SCORE,1,1.485118,3.1075829383886253,-0.9781990521327013,TIME_WINDOW_AFTER_TP1_STOP,15.0,2026-08-04T10:24:00+09:00,2026-08-04T10:39:00+09:00,False,False,False,True,True
20260804,2026-08-04T11:21:00+09:00,2026-08-04T11:15:00+09:00,DOWN_BLUE,4,6276,6275,False,TW2_3SLOT_REJECT_TEG,True,,True,3.0,AFTERNOON,True,,,5,True,False,False,2,True,1249.8803942505892,549.6826306260973,700.1977636244919,0.0813724215006894,0.192705554554459,333.08896381338127,547.444452154683,0.33858869111127204,0.8161840587262101,0.7747017083486784,11:21,False,TW2_3SLOT_REJECT_TEG,1,-1.780796,0.5066666666666667,-1.7807960199004973,TIME_WINDOW_STOP_LOSS,12.0,2026-08-04T11:21:00+09:00,2026-08-04T11:33:00+09:00,False,False,False,True,False
20260804,2026-08-04T12:36:00+09:00,2026-08-04T12:30:00+09:00,UP_RED,5,6301,6300,False,TW2_3SLOT_REJECT_TEG,True,,True,3.0,AFTERNOON,True,,,4,True,False,False,2,False,1358.67522128858,474.7673193169794,883.9079019716005,0.08839786735774756,-0.3892403272780721,105.67202701489441,902.2724728558678,0.5576830508868181,-0.5986082176439528,0.7115092711092592,12:36,False,REJECT_LOW_QUALITY_SCORE,1,-1.465596,0.0,-1.4655963302752293,TIME_WINDOW_STOP_LOSS,6.0,2026-08-04T12:36:00+09:00,2026-08-04T12:42:00+09:00,False,False,False,True,False
20260804,2026-08-04T13:30:00+09:00,2026-08-04T13:24:00+09:00,UP_RED,7,6319,6318,False,TW2_REJECT_VWAP_VETO,False,REJECT_TIME_WINDOW,False,,,True,,,4,True,False,True,3,False,651.1221924174124,288.32928529329456,362.79290712411785,0.04292170022527438,-0.5131257917325123,-320.740534780547,-7.792088583111763,-0.0048796863242800866,-1.741248365363423,0.822566015235993,13:30,False,TW2_REJECT_VWAP_VETO,1,-1.317544,0.20222222222222222,-1.317543859649123,TIME_WINDOW_STOP_LOSS,6.0,2026-08-04T13:30:00+09:00,2026-08-04T13:36:00+09:00,False,False,False,True,False
20260804,2026-08-04T13:57:00+09:00,2026-08-04T13:51:00+09:00,UP_RED,9,6328,6327,False,TW2_REJECT_VWAP_VETO,False,REJECT_TIME_WINDOW,False,,,True,,,3,True,False,False,2,False,634.0454929776188,135.40321428813877,498.64227868948,0.04187883044766306,-0.5157666478865371,-246.2639816638548,186.8673156038858,0.11725492062324859,-1.849097608467987,1.3758249176192634,13:57,False,TW2_REJECT_VWAP_VETO,1,-2.099704,0.5601419278533413,-2.099704316972206,TIME_WINDOW_STOP_LOSS,15.0,2026-08-04T13:57:00+09:00,2026-08-04T14:12:00+09:00,False,False,False,True,False
20260804,2026-08-04T14:24:00+09:00,2026-08-04T14:18:00+09:00,UP_RED,11,6337,6336,False,TW2_REJECT_VWAP_VETO,False,REJECT_TIME_WINDOW,False,,,True,,,4,True,False,False,2,False,499.38996902774625,116.73738061747918,382.6525884102671,0.033050295766230725,-0.4538486771977708,-216.97026636009105,162.30336701427586,0.10204381116052312,-1.8728018114596536,0.858557515691557,14:24,False,TW2_REJECT_VWAP_VETO,1,4.97842,4.978419811320755,-0.031014150943396223,TIME_WINDOW_AFTERNOON_TP,12.0,2026-08-04T14:24:00+09:00,2026-08-04T14:36:00+09:00,False,False,False,True,True
20260805,2026-08-05T11:12:00+09:00,2026-08-05T11:06:00+09:00,DOWN_BLUE,3,6399,6398,False,TW2_3SLOT_REJECT_TEG,True,,True,3.0,AFTERNOON,True,,,5,True,False,True,3,False,820.2961475608045,220.5322239661018,599.7639235947026,0.0490607743756462,-1.3342817664448603,-890.431453121826,51.96005615522154,0.02952275917905441,0.304017853062116,0.7707776763710912,11:12,False,REJECT_LOW_QUALITY_SCORE,1,0.633917,2.8659022329511163,0.0,TIME_WINDOW_PROFIT_LOCK_STOP,42.0,2026-08-05T11:12:00+09:00,2026-08-05T11:54:00+09:00,False,False,False,True,True
20260805,2026-08-05T12:06:00+09:00,2026-08-05T12:00:00+09:00,UP_RED,4,6417,6416,False,TW2_3SLOT_REJECT_SAME_DIRECTION_AFTERNOON_2ND,True,,True,,AFTERNOON,True,,,4,True,False,False,2,True,945.6682946838089,463.3088103963089,482.3594842875,0.05652530153519479,0.5090119606842556,645.211618674919,767.5699531878345,0.4358586105967839,-0.13208262638348556,0.8694701594297123,12:06,False,TW2_3SLOT_REJECT_SAME_DIRECTION_AFTERNOON_2ND,1,-0.138143,1.688888888888889,-0.13814333814333815,TIME_WINDOW_BREAKEVEN_STOP,75.0,2026-08-05T12:06:00+09:00,2026-08-05T13:21:00+09:00,False,False,False,True,False
20260805,2026-08-05T13:18:00+09:00,2026-08-05T13:12:00+09:00,DOWN_BLUE,5,6441,6440,False,TW2_3SLOT_REJECT_TEG,False,REJECT_TIME_WINDOW,True,3.0,AFTERNOON,True,,,4,True,False,False,2,False,679.3032402981189,290.76558055846544,388.53765973965346,0.04041066271850796,-0.5429405206346947,-339.02668619458564,86.38698316900991,0.048820722195447815,-0.29749330542085034,0.6530005125645312,13:18,False,TW2_3SLOT_REJECT_TEG,1,-1.299335,0.877555958862674,-1.2993345432546886,TIME_WINDOW_STOP_LOSS,18.0,2026-08-05T13:18:00+09:00,2026-08-05T13:36:00+09:00,False,False,False,True,False
20260805,2026-08-05T13:45:00+09:00,2026-08-05T13:39:00+09:00,UP_RED,6,6450,6449,False,TW2_3SLOT_REJECT_SAME_DIRECTION_AFTERNOON_2ND,False,REJECT_TIME_WINDOW,True,,AFTERNOON,True,,,5,True,True,False,2,True,805.3256677874901,223.40913499095245,581.9165327965377,0.04753988593786837,0.4173155266731794,754.3736603455618,1201.3504901709966,0.6737207589506632,1.0403719067767996,1.9380783636352845,13:45,False,TW2_3SLOT_REJECT_SAME_DIRECTION_AFTERNOON_2ND,1,-1.497746,0.09765258215962441,-1.4977464788732393,TIME_WINDOW_STOP_LOSS,45.0,2026-08-05T13:45:00+09:00,2026-08-05T14:30:00+09:00,False,False,False,True,False
20260805,2026-08-05T14:24:00+09:00,2026-08-05T14:18:00+09:00,DOWN_BLUE,7,6463,6462,False,TW2_3SLOT_REJECT_TEG,False,REJECT_TIME_WINDOW,True,3.0,AFTERNOON,True,,,3,True,False,False,2,False,357.82698438608077,69.80547089540596,288.0215134906748,0.02117319434237164,-0.43367791513923404,-314.991442902945,-40.856166870798916,-0.022966484335614865,-0.7222869064388665,0.7617640533290305,14:24,False,TW2_3SLOT_REJECT_TEG,1,0.895379,2.003943314849045,-0.2133086876155268,TIME_WINDOW_PROFIT_LOCK_STOP,18.0,2026-08-05T14:24:00+09:00,2026-08-05T14:42:00+09:00,False,False,False,True,True
20260806,2026-08-06T10:06:00+09:00,2026-08-06T10:00:00+09:00,UP_RED,2,6503,6502,False,TW2_REJECT_VWAP_VETO,True,,False,,,True,,,2,False,False,False,2,False,301.8290655853707,274.2585772800412,27.57048830532949,0.019935869589522502,-3.152687763538774,-3701.311529198196,-4521.098918461474,-2.8368850545167383,-2.8586982667576604,1.0290353019014913,10:06,False,TW2_REJECT_VWAP_VETO,1,3.863185,4.052575488454707,-1.155239786856128,TIME_WINDOW_TP2_FULL,90.0,2026-08-06T10:06:00+09:00,2026-08-06T11:36:00+09:00,False,False,False,True,True
20260806,2026-08-06T14:39:00+09:00,2026-08-06T14:33:00+09:00,DOWN_BLUE,7,6594,6593,False,TW2_3SLOT_REJECT_SAME_DIRECTION_AFTERNOON_2ND,False,REJECT_TIME_WINDOW,True,,AFTERNOON,True,,,5,True,True,False,2,True,682.586036047709,192.19523549405486,490.3908005536541,0.04538470984359767,0.30387706776931966,494.79537756508216,794.965858009411,0.502139338503308,1.8805679198846896,0.5308724882855828,14:39,False,TW2_3SLOT_REJECT_SAME_DIRECTION_AFTERNOON_2ND,1,0.81407,0.914572864321608,-0.391356783919598,FORCED_LIQUIDATION,21.0,2026-08-06T14:39:00+09:00,2026-08-06T15:00:00+09:00,False,False,False,True,True
20260807,2026-08-07T10:03:00+09:00,2026-08-07T09:57:00+09:00,UP_RED,3,6628,6627,False,TW2_REJECT_VWAP_VETO,True,,False,,,True,,,2,False,False,True,3,False,112.0640774925796,24.732365986983496,87.3317115055961,0.00762859615334102,-0.9109789035890227,-1005.4891211704817,-1184.44246052159,-0.7659770847484914,-1.7247803266699169,0.8302096797662982,10:03,False,TW2_REJECT_VWAP_VETO,1,-2.11055,0.8571067593177513,-2.173720783322805,TIME_WINDOW_STOP_LOSS,9.0,2026-08-07T10:03:00+09:00,2026-08-07T10:12:00+09:00,False,False,False,True,False
20260807,2026-08-07T13:24:00+09:00,2026-08-07T13:18:00+09:00,UP_RED,7,6695,6694,False,TW2_REJECT_VWAP_VETO,False,REJECT_TIME_WINDOW,False,,,True,,,4,True,False,False,2,False,782.6694106097943,78.20098008257946,704.4684305272149,0.05473212661606953,-0.5230031777690393,-72.36450204392895,600.6331728447694,0.39902203790387597,-1.8204762731619941,1.1811819636166565,13:24,False,TW2_REJECT_VWAP_VETO,1,-1.430718,0.0,-1.4307176391683434,TIME_WINDOW_STOP_LOSS,21.0,2026-08-07T13:24:00+09:00,2026-08-07T13:45:00+09:00,False,False,False,True,False
20260807,2026-08-07T14:06:00+09:00,2026-08-07T14:00:00+09:00,UP_RED,9,6709,6708,False,TW2_REJECT_VWAP_VETO,False,REJECT_TIME_WINDOW,False,,,True,,,4,True,False,True,3,False,448.6689109350591,216.24891781679344,232.41999311826567,0.031551962794307956,-0.41017038575321196,-192.97677426505834,116.2833595694974,0.07768578874199414,-2.1881147316279503,0.8917210271169129,14:06,False,TW2_REJECT_VWAP_VETO,1,-0.967973,1.2608108108108107,-1.103108108108108,FORCED_LIQUIDATION,54.0,2026-08-07T14:06:00+09:00,2026-08-07T15:00:00+09:00,False,False,False,True,False
20260810,2026-08-10T14:12:00+09:00,2026-08-10T14:06:00+09:00,UP_RED,8,6837,6836,False,TW2_REJECT_VWAP_VETO,False,REJECT_TIME_WINDOW,False,,,True,,,4,True,False,False,2,False,1537.9309158892675,872.1969741926669,665.7339416966006,0.10800076656525753,-0.5293433683044558,-140.96099847811274,429.92685283580795,0.2868191785071166,-1.1309803668845364,1.0008925182350707,14:12,False,TW2_REJECT_VWAP_VETO,1,-1.373243,0.8555405405405405,-1.3732432432432433,TIME_WINDOW_STOP_LOSS,21.0,2026-08-10T14:12:00+09:00,2026-08-10T14:33:00+09:00,False,False,False,True,False
20260811,2026-08-11T11:21:00+09:00,2026-08-11T11:15:00+09:00,DOWN_BLUE,3,6906,6905,False,REJECT_LOW_QUALITY_SCORE,False,REJECT_LOW_QUALITY_SCORE,False,,,True,,,3,True,False,False,2,False,759.1940293283915,426.1687452045453,333.0252841238462,0.05384354817931854,-0.21613952306564896,-127.41110477689654,-7.78997808508575,-0.005248566794932443,-0.8182797186963926,0.5509074111163514,11:21,False,REJECT_LOW_QUALITY_SCORE,1,-1.553416,0.2204081632653061,-1.553416149068323,TIME_WINDOW_STOP_LOSS,21.0,2026-08-11T11:21:00+09:00,2026-08-11T11:42:00+09:00,False,False,False,True,False
20260811,2026-08-11T13:36:00+09:00,2026-08-11T13:30:00+09:00,UP_RED,8,6951,6950,False,REJECT_NOT_CONFIRMED,False,REJECT_NOT_CONFIRMED,False,,,True,,,5,True,False,False,2,True,-29.509972352312616,13.276871957861658,-42.786844310174274,-0.0020408003009898075,0.6665598947069039,657.6122557967901,681.3730725848582,0.4476517420164039,2.567123701657617,0.6779815979985538,13:36,False,REJECT_NOT_CONFIRMED,1,-1.326432,0.23528645833333336,-1.3264322916666667,TIME_WINDOW_STOP_LOSS,21.0,2026-08-11T13:36:00+09:00,2026-08-11T13:57:00+09:00,False,False,False,True,False
20260811,2026-08-11T13:39:00+09:00,2026-08-11T13:33:00+09:00,DOWN_BLUE,9,6952,6951,False,REJECT_NOT_CONFIRMED,False,REJECT_NOT_CONFIRMED,False,,,True,,,0,False,False,False,2,False,-153.34008394907323,29.509972352312616,-182.85005630138585,-0.01057517820338436,-0.6791174187888551,-788.6862849812023,-997.4327799577732,-0.6534904420413398,-2.8322233848723,0.7290183541524099,13:39,False,REJECT_NOT_CONFIRMED,1,3.496601,3.8270066100094424,-0.3731822474032106,FORCED_LIQUIDATION,81.0,2026-08-11T13:39:00+09:00,2026-08-11T15:00:00+09:00,False,False,False,True,True
20260811,2026-08-11T13:42:00+09:00,2026-08-11T13:36:00+09:00,UP_RED,10,6953,6952,False,REJECT_MACD_GAP_NOT_EXPANDING,False,REJECT_MACD_GAP_NOT_EXPANDING,False,,,True,,,5,True,False,False,2,True,20.956536351360228,153.34008394907323,-132.383547597713,0.0014482747996793523,0.6789092685800895,640.1103522367775,616.724896152271,0.4048988606390571,2.6019418757955077,0.7157264276119312,13:42,False,REJECT_MACD_GAP_NOT_EXPANDING,1,-1.395689,0.5627694317439581,-1.395689092096669,TIME_WINDOW_STOP_LOSS,21.0,2026-08-11T13:42:00+09:00,2026-08-11T14:03:00+09:00,False,False,False,True,False
20260811,2026-08-11T13:48:00+09:00,2026-08-11T13:42:00+09:00,DOWN_BLUE,11,6955,6954,False,REJECT_MACD_GAP_NOT_EXPANDING,False,REJECT_MACD_GAP_NOT_EXPANDING,False,,,True,,,2,False,False,False,2,False,79.71097007173739,174.48199931187082,-94.77102924013343,0.005497308280809476,-0.675885027861592,-710.0749541409314,-799.6319444694091,-0.5238967912040715,-2.7801225406379912,0.6587013704423782,13:48,False,REJECT_MACD_GAP_NOT_EXPANDING,1,4.122159,4.122159090909091,-0.08996212121212122,TIME_WINDOW_AFTERNOON_TP,41.0,2026-08-11T13:48:00+09:00,2026-08-11T14:29:00+09:00,False,False,False,True,True
20260811,2026-08-11T13:54:00+09:00,2026-08-11T13:48:00+09:00,UP_RED,12,6957,6956,False,REJECT_NOT_CONFIRMED,False,REJECT_NOT_CONFIRMED,False,,,True,,,2,False,False,False,1,True,-214.63864425224074,64.53608799156791,-279.17473224380865,-0.014833354820472752,0.6751618853295203,534.7520049565937,350.7191200759262,0.23025788809401293,2.5270835010623105,0.5254228301786755,13:54,False,REJECT_NOT_CONFIRMED,1,-1.331242,0.0,-1.3312418300653595,TIME_WINDOW_STOP_LOSS,9.0,2026-08-11T13:54:00+09:00,2026-08-11T14:03:00+09:00,False,False,False,True,False
20260811,2026-08-11T13:57:00+09:00,2026-08-11T13:51:00+09:00,DOWN_BLUE,13,6958,6957,False,TW2_REJECT_VWAP_VETO,False,REJECT_TIME_WINDOW,False,,,True,,,3,True,False,True,3,False,552.6289544983119,214.63864425224074,337.9903102460712,0.038244218304381454,-0.6547462715440394,-435.3499655467458,-126.84110863995738,-0.08339034824085882,-2.3749856057142495,0.540886756459911,13:57,False,TW2_REJECT_VWAP_VETO,1,2.050559,2.37635009310987,-0.08994413407821229,FORCED_LIQUIDATION,63.0,2026-08-11T13:57:00+09:00,2026-08-11T15:00:00+09:00,False,False,False,True,True
20260812,2026-08-12T12:30:00+09:00,2026-08-12T12:24:00+09:00,DOWN_BLUE,5,7055,7054,False,REJECT_LOW_QUALITY_SCORE,False,REJECT_LOW_QUALITY_SCORE,False,,,True,,,2,False,False,True,3,False,520.8491793564681,241.99607405312963,278.85310530333845,0.03384335148515062,-1.5414623444447417,-1548.4289585843217,-1496.1477899271995,-0.9235480184735497,-3.6968311527877438,0.43248942360287185,12:30,False,REJECT_LOW_QUALITY_SCORE,1,0.716129,2.596989247311828,-0.3586021505376344,TIME_WINDOW_PROFIT_LOCK_STOP,39.0,2026-08-12T12:30:00+09:00,2026-08-12T13:09:00+09:00,False,False,False,True,True
20260812,2026-08-12T14:36:00+09:00,2026-08-12T14:30:00+09:00,UP_RED,6,7097,7096,False,TW2_3SLOT_REJECT_TEG,False,REJECT_TIME_WINDOW,True,2.0,AFTERNOON,True,,,5,True,False,False,2,False,835.5254698898825,98.03458052759379,737.4908893622887,0.05551664251760017,-0.28056276033335426,-95.0481153326109,199.34639130160213,0.12583327025684074,0.8648428704304727,0.9996628861759252,14:36,False,TW2_3SLOT_REJECT_TEG,1,-0.089945,0.5190737355271177,-0.5163924436319317,FORCED_LIQUIDATION,24.0,2026-08-12T14:36:00+09:00,2026-08-12T15:00:00+09:00,False,False,False,True,False
20260813,2026-08-13T13:24:00+09:00,2026-08-13T13:18:00+09:00,DOWN_BLUE,5,7199,7198,False,TW2_3SLOT_REJECT_TEG,False,REJECT_TIME_WINDOW,True,3.0,AFTERNOON,True,,,4,True,False,False,2,False,1083.7642919324912,476.9184171648949,606.8458747675963,0.06718935473853015,-0.3669348969517168,39.02566811977886,723.6619743963238,0.4262113302396709,-0.10943458297976141,1.8092843882090954,13:24,False,TW2_3SLOT_REJECT_TEG,1,4.077308,3.6009529481834424,-0.9829660512209648,FORCED_LIQUIDATION,96.0,2026-08-13T13:24:00+09:00,2026-08-13T15:00:00+09:00,False,False,False,True,True
20260813,2026-08-13T14:03:00+09:00,2026-08-13T13:57:00+09:00,UP_RED,6,7212,7211,False,TW2_3SLOT_REJECT_SAME_DIRECTION_AFTERNOON_2ND,False,REJECT_TIME_WINDOW,True,,AFTERNOON,True,,,3,True,False,False,2,False,14.38509389410865,5.5516784604071745,8.833415433701475,0.0008918223120960105,0.08012716660262487,-10.310724312439561,-162.63830978469923,-0.09578821717012877,0.10711612165893247,1.0153011133928687,14:03,False,TW2_3SLOT_REJECT_SAME_DIRECTION_AFTERNOON_2ND,1,-1.785056,0.17477477477477477,-1.7850556438791731,TIME_WINDOW_STOP_LOSS,30.0,2026-08-13T14:03:00+09:00,2026-08-13T14:33:00+09:00,False,False,False,True,False
20260814,2026-08-14T11:09:00+09:00,2026-08-14T11:03:00+09:00,UP_RED,2,7280,7279,False,TW2_REJECT_VWAP_VETO,True,,False,,,True,,,4,True,False,False,2,False,736.1496902511681,193.03630601815348,543.1133842330146,0.04480521547481242,-0.026234820116497234,35.901326063554734,137.96006137598306,0.07976996853751511,-1.3304889120070944,0.5258945199508658,11:09,False,REJECT_LOW_QUALITY_SCORE,1,0.936723,2.066255778120185,0.0,TIME_WINDOW_PROFIT_LOCK_STOP,30.0,2026-08-14T11:09:00+09:00,2026-08-14T11:39:00+09:00,False,False,False,True,True
20260814,2026-08-14T11:57:00+09:00,2026-08-14T11:51:00+09:00,DOWN_BLUE,3,7296,7295,False,TW2_3SLOT_REJECT_TEG,True,,True,2.0,AFTERNOON,True,,,5,True,False,False,2,False,761.7482845414115,148.047486961314,613.7007975800975,0.046448066130573874,-0.11960976551680133,226.62451822683215,790.93693168764,0.4581646860386642,1.391491169552984,0.49981401825482363,11:57,False,REJECT_LOW_QUALITY_SCORE,1,-1.929571,0.8912883435582821,-2.1136196319018405,TIME_WINDOW_STOP_LOSS,81.0,2026-08-14T11:57:00+09:00,2026-08-14T13:18:00+09:00,False,False,False,True,False
20260814,2026-08-14T12:30:00+09:00,2026-08-14T12:24:00+09:00,UP_RED,4,7307,7306,False,TW2_REJECT_VWAP_VETO,True,,False,,,True,,,4,True,False,True,3,False,257.26148443380544,53.048738829444346,204.2127456043611,0.01564850878551128,-0.04030862305108843,12.76406874647364,102.67299444694072,0.05933050165721045,-1.037825663389795,0.8092834538705361,12:30,False,REJECT_LOW_QUALITY_SCORE,1,0.886934,2.583641975308642,-0.8613168724279835,TIME_WINDOW_PROFIT_LOCK_STOP,90.0,2026-08-14T12:30:00+09:00,2026-08-14T14:00:00+09:00,False,False,False,True,True
20260814,2026-08-14T13:18:00+09:00,2026-08-14T13:12:00+09:00,UP_RED,6,7323,7322,False,TW2_3SLOT_REJECT_TEG,False,REJECT_TIME_WINDOW,True,3.0,AFTERNOON,True,,,4,True,False,False,1,True,859.699605653302,205.72944211081744,653.9701635424846,0.052008445593061225,0.0027729216045674658,385.08423860627227,988.287100181682,0.5679810920584731,-0.3998882588788111,1.8657402425714418,13:18,False,TW2_3SLOT_REJECT_TEG,1,-1.203342,0.9727594936708861,-1.3046075949367089,TIME_WINDOW_STOP_LOSS,45.0,2026-08-14T13:18:00+09:00,2026-08-14T14:03:00+09:00,False,False,False,True,False
20260814,2026-08-14T14:00:00+09:00,2026-08-14T13:54:00+09:00,DOWN_BLUE,7,7337,7336,False,TW2_3SLOT_REJECT_SAME_DIRECTION_AFTERNOON_2ND,False,REJECT_TIME_WINDOW,True,,AFTERNOON,True,,,5,True,False,False,2,False,684.4434326802502,373.0853222712326,311.3581104090176,0.04145629513508481,-0.2232223635958536,-89.62184198340401,156.80695730261505,0.09022810989540964,0.49970272363206275,1.0953105838622388,14:00,False,TW2_3SLOT_REJECT_SAME_DIRECTION_AFTERNOON_2ND,1,-0.02804,1.770223325062035,-0.40012406947890816,TIME_WINDOW_BREAKEVEN_STOP,21.0,2026-08-14T14:00:00+09:00,2026-08-14T14:21:00+09:00,False,False,False,True,False
20260814,2026-08-14T14:39:00+09:00,2026-08-14T14:33:00+09:00,UP_RED,8,7350,7349,False,TW2_3SLOT_REJECT_TEG,False,REJECT_TIME_WINDOW,True,3.0,AFTERNOON,True,,,4,True,False,False,2,True,848.587005503723,318.6295019465797,529.9575035571434,0.05127413930536091,0.026761140688744536,319.05452139722183,776.2040942981839,0.4455552202920793,-0.1842359308799008,1.1603011684170133,14:39,False,TW2_3SLOT_REJECT_TEG,1,-1.050582,0.0,-1.1517450682852808,FORCED_LIQUIDATION,21.0,2026-08-14T14:39:00+09:00,2026-08-14T15:00:00+09:00,False,False,False,True,False
20260818,2026-08-18T12:06:00+09:00,2026-08-18T12:00:00+09:00,UP_RED,3,7425,7424,False,REJECT_LOW_QUALITY_SCORE,False,REJECT_LOW_QUALITY_SCORE,False,,,True,,,2,False,False,False,2,False,919.8285365372758,534.5647003024169,385.2638362348589,0.05478430831073709,-0.9521118840723127,-1232.6384504290763,-1496.1772107302677,-0.846556492074919,-3.4207318896755177,0.5214998559623805,12:06,False,REJECT_LOW_QUALITY_SCORE,1,-2.10773,0.0,-2.107730182176268,TIME_WINDOW_STOP_LOSS,15.0,2026-08-18T12:06:00+09:00,2026-08-18T12:21:00+09:00,False,False,False,True,False
20260818,2026-08-18T12:39:00+09:00,2026-08-18T12:33:00+09:00,DOWN_BLUE,4,7436,7435,False,REJECT_NOT_CONFIRMED,False,REJECT_NOT_CONFIRMED,False,,,True,,,5,True,False,False,2,True,-416.9924264608817,40.91820992891371,-457.9106363897954,-0.025104902255320995,1.202688367708787,1319.7759928752203,1300.827161873458,0.7440010859602126,4.122837582772751,1.0472713066989245,12:39,False,REJECT_NOT_CONFIRMED,1,-1.480961,0.352561669829222,-1.4809614168247944,TIME_WINDOW_STOP_LOSS,15.0,2026-08-18T12:39:00+09:00,2026-08-18T12:54:00+09:00,False,False,False,True,False
20260818,2026-08-18T12:42:00+09:00,2026-08-18T12:36:00+09:00,UP_RED,5,7437,7436,False,REJECT_SHORT_FLAG_INTERVAL,False,REJECT_SHORT_FLAG_INTERVAL,False,,,True,,,3,True,False,False,2,False,1252.6378767134956,416.9924264608817,835.645450252614,0.07509819404757168,-1.1686700068378337,-993.5102676642127,-510.27219407632947,-0.29062265250136704,-3.692934486022665,0.8960899781721213,12:42,False,REJECT_SHORT_FLAG_INTERVAL,1,4.524134,4.524134470647265,-0.14009031610637232,TIME_WINDOW_AFTERNOON_TP,73.0,2026-08-18T12:42:00+09:00,2026-08-18T13:55:00+09:00,False,False,False,True,True
20260818,2026-08-18T14:15:00+09:00,2026-08-18T14:09:00+09:00,DOWN_BLUE,6,7468,7467,False,TW2_3SLOT_REJECT_TEG,False,REJECT_TIME_WINDOW,True,3.0,AFTERNOON,True,,,5,True,False,False,2,True,1106.232349069539,392.2080877573826,714.0242613121563,0.06598463161762833,0.09464341722885156,392.07130795530975,844.1105426382273,0.4783209159000214,2.7481461001600516,0.6911510456870206,14:15,False,TW2_3SLOT_REJECT_TEG,1,2.829128,2.76521070833867,0.0,FORCED_LIQUIDATION,45.0,2026-08-18T14:15:00+09:00,2026-08-18T15:00:00+09:00,False,False,False,True,True
20260820,2026-08-20T10:27:00+09:00,2026-08-20T10:21:00+09:00,DOWN_BLUE,2,7762,7761,False,TW2_REJECT_VWAP_VETO,True,,False,,,True,,,3,True,False,False,2,False,809.6986698500441,134.18430477492439,675.5143650751197,0.048806429767935144,-0.898218312653005,-864.5791324947495,-661.131256758701,-0.3785863133941004,-1.4393502302213308,0.4916687159786517,10:27,False,REJECT_LOW_QUALITY_SCORE,1,-2.018762,0.0,-2.351164337990685,TIME_WINDOW_STOP_LOSS,6.0,2026-08-20T10:27:00+09:00,2026-08-20T10:33:00+09:00,False,False,False,True,False
20260821,2026-08-21T12:09:00+09:00,2026-08-21T12:03:00+09:00,DOWN_BLUE,6,8024,8023,False,TW2_REJECT_VWAP_VETO,True,,False,,,True,,,4,True,False,False,2,False,646.2819042115598,254.11689862598814,392.16500558557163,0.03678326148045303,-0.5410268729886435,-339.7772753632162,124.3472538960632,0.06723385953401916,-1.0829002899936584,1.053142709626661,12:09,False,TW2_REJECT_VWAP_VETO,1,4.116297,3.96327467482785,-0.5488905891354247,FORCED_LIQUIDATION,171.0,2026-08-21T12:09:00+09:00,2026-08-21T15:00:00+09:00,False,False,False,True,True
20260824,2026-08-24T11:33:00+09:00,2026-08-24T11:27:00+09:00,UP_RED,3,8240,8239,False,REJECT_LOW_QUALITY_SCORE,False,REJECT_LOW_QUALITY_SCORE,False,,,True,,,3,True,False,False,2,False,1071.0520406066462,265.2529477750668,805.7990928315794,0.06223428475343674,-0.8268976218597303,-671.5470078855287,-233.89406536705792,-0.12911061132992338,-1.3896073985425155,0.43873624353538077,11:33,False,REJECT_LOW_QUALITY_SCORE,1,-1.235036,0.10090692124105013,-1.235035799522673,TIME_WINDOW_STOP_LOSS,9.0,2026-08-24T11:33:00+09:00,2026-08-24T11:42:00+09:00,False,False,False,True,False
20260824,2026-08-24T11:57:00+09:00,2026-08-24T11:51:00+09:00,DOWN_BLUE,4,8248,8247,False,REJECT_NOT_CONFIRMED,False,REJECT_NOT_CONFIRMED,False,,,True,,,5,True,False,False,2,True,-85.8602052426395,105.55074464664176,-191.41094988928126,-0.005026944100857114,0.8184107382700421,918.2633421239443,896.7364707768429,0.49877028526826617,2.0006826513241034,0.7939527204388614,11:57,False,REJECT_NOT_CONFIRMED,1,0.701007,3.505611510791367,-0.017985611510791366,TIME_WINDOW_PROFIT_LOCK_STOP,81.0,2026-08-24T11:57:00+09:00,2026-08-24T13:18:00+09:00,False,False,False,True,True
20260824,2026-08-24T12:00:00+09:00,2026-08-24T11:54:00+09:00,UP_RED,5,8249,8248,False,REJECT_SHORT_FLAG_INTERVAL,False,REJECT_SHORT_FLAG_INTERVAL,False,,,True,,,2,False,False,False,2,False,209.64610100071695,85.8602052426395,123.78589575807746,0.012281552489790097,-0.81801744587017,-921.4687012562063,-906.5710926076863,-0.5045357574560223,-2.0471807224983265,0.4667877910205097,12:00,False,REJECT_SHORT_FLAG_INTERVAL,1,-1.595627,0.0,-1.5956268221574346,TIME_WINDOW_STOP_LOSS,9.0,2026-08-24T12:00:00+09:00,2026-08-24T12:09:00+09:00,False,False,False,True,False
20260824,2026-08-24T12:06:00+09:00,2026-08-24T12:00:00+09:00,DOWN_BLUE,6,8251,8250,False,TW2_3SLOT_REJECT_TEG,True,,True,3.0,AFTERNOON,True,,,5,True,False,False,1,True,288.12955570396116,226.46227467022982,61.66728103373134,0.016948797394350654,0.8599131083985627,1111.2827188449446,1327.1477651505265,0.7416413981724147,2.4259770024463165,0.48235106213065004,12:06,False,TW2_3SLOT_REJECT_TEG,1,0.906838,2.472934472934473,0.0,TIME_WINDOW_PROFIT_LOCK_STOP,36.0,2026-08-24T12:06:00+09:00,2026-08-24T12:42:00+09:00,False,False,False,True,True
20260824,2026-08-24T12:42:00+09:00,2026-08-24T12:36:00+09:00,UP_RED,7,8263,8262,False,REJECT_LOW_QUALITY_SCORE,False,REJECT_LOW_QUALITY_SCORE,False,,,True,,,3,True,False,False,2,False,996.4671337549462,151.90573878666328,844.5613949682829,0.058997462034040625,-1.1030953154468532,-870.7912210894283,-284.53737250482664,-0.1600417429718033,-2.6307215504536976,0.6984884425270614,12:42,False,REJECT_LOW_QUALITY_SCORE,1,-1.282306,0.0,-1.2823061630218688,TIME_WINDOW_STOP_LOSS,12.0,2026-08-24T12:42:00+09:00,2026-08-24T12:54:00+09:00,False,False,False,True,False
20260824,2026-08-24T14:03:00+09:00,2026-08-24T13:57:00+09:00,DOWN_BLUE,8,8290,8289,False,TW2_3SLOT_REJECT_TEG,False,REJECT_TIME_WINDOW,True,3.0,AFTERNOON,True,,,5,True,False,False,2,True,674.5021883101131,197.48435081645403,477.01783749365904,0.03995866044491191,0.2919947487601163,448.9097425462678,638.8860350856557,0.35956263822948636,2.3965233896185416,0.85675430643699,14:03,False,TW2_3SLOT_REJECT_TEG,1,-1.431215,0.05127118644067797,-1.784039548022599,TIME_WINDOW_STOP_LOSS,9.0,2026-08-24T14:03:00+09:00,2026-08-24T14:12:00+09:00,False,False,False,True,False
20260824,2026-08-24T14:15:00+09:00,2026-08-24T14:09:00+09:00,UP_RED,9,8294,8293,False,TW2_REJECT_VWAP_VETO,False,REJECT_TIME_WINDOW,False,,,True,,,4,True,False,False,2,False,671.1498056098809,511.3528855054161,159.7969201044648,0.039433008555222145,-0.17372341829573146,112.7961559840478,602.1345685264096,0.3360915629260765,-1.563356350096433,0.7815918375249269,14:15,False,TW2_REJECT_VWAP_VETO,1,-1.710118,0.0,-1.7101178781925346,TIME_WINDOW_STOP_LOSS,9.0,2026-08-24T14:15:00+09:00,2026-08-24T14:24:00+09:00,False,False,False,True,False
20260824,2026-08-24T14:24:00+09:00,2026-08-24T14:18:00+09:00,DOWN_BLUE,10,8297,8296,False,TW2_3SLOT_REJECT_TEG,False,REJECT_TIME_WINDOW,True,3.0,AFTERNOON,True,,,5,True,False,False,1,True,868.5267429091475,206.1680722113781,662.3586706977694,0.051514041690934015,0.20557354222183544,501.62942642439157,928.8369500567205,0.5233660157497316,2.4667370483954083,1.3167674302512618,14:24,False,TW2_3SLOT_REJECT_TEG,1,0.190596,0.8919298245614036,-0.3004912280701755,FORCED_LIQUIDATION,36.0,2026-08-24T14:24:00+09:00,2026-08-24T15:00:00+09:00,False,False,False,True,True
20260825,2026-08-25T11:21:00+09:00,2026-08-25T11:15:00+09:00,DOWN_BLUE,3,8391,8390,False,REJECT_NOT_CONFIRMED,False,REJECT_NOT_CONFIRMED,False,,,True,,,2,False,False,False,2,True,-36.345906471838816,7.882476535153501,-44.22838300699232,-0.002278740217670145,0.3961119363916203,154.42032467201352,-266.8092032610439,-0.1589145724751569,-0.6470320465583592,0.46399196886172706,11:21,False,REJECT_NOT_CONFIRMED,1,-1.548604,0.8614213197969542,-1.5486040609137057,TIME_WINDOW_STOP_LOSS,60.0,2026-08-25T11:21:00+09:00,2026-08-25T12:21:00+09:00,False,False,False,True,False
20260825,2026-08-25T11:24:00+09:00,2026-08-25T11:18:00+09:00,UP_RED,4,8392,8391,False,TW2_3SLOT_REJECT_TEG,True,,True,3.0,AFTERNOON,True,,,5,True,False,False,2,False,115.54641836844803,36.345906471838816,79.20051189660921,0.007239750524338849,-0.36793230249793596,-109.14893939089961,336.6368981883861,0.2003791060645593,0.7084917752436548,0.2018004954383421,11:24,False,TW2_3SLOT_REJECT_TEG,1,-1.751247,0.0,-1.7512465373961221,TIME_WINDOW_STOP_LOSS,21.0,2026-08-25T11:24:00+09:00,2026-08-25T11:45:00+09:00,False,False,False,True,False
20260825,2026-08-25T11:30:00+09:00,2026-08-25T11:24:00+09:00,DOWN_BLUE,5,8394,8393,False,TW2_3SLOT_REJECT_TEG,True,,True,3.0,AFTERNOON,True,,,2,False,False,False,2,True,86.93065383573366,43.01904750626204,43.911606329471624,0.005453616928214157,0.3352537272986021,174.5738575460855,-112.30367402732372,-0.06693129882428542,-0.5759139125786714,0.4438434770808495,11:30,False,REJECT_LOW_QUALITY_SCORE,1,-1.360839,1.053782581055308,-1.3608391608391608,TIME_WINDOW_STOP_LOSS,51.0,2026-08-25T11:30:00+09:00,2026-08-25T12:21:00+09:00,False,False,False,True,False
20260825,2026-08-25T11:36:00+09:00,2026-08-25T11:30:00+09:00,UP_RED,6,8396,8395,False,TW2_3SLOT_REJECT_TEG,True,,True,3.0,AFTERNOON,True,,,5,True,False,False,2,False,329.292801264804,262.6089283804645,66.68387288433951,0.020606558276896367,-0.2694929646010317,-13.514737396268174,418.46173769584857,0.2487726225350425,0.8216201741371452,0.3613804920596417,11:36,False,TW2_3SLOT_REJECT_TEG,1,-1.532926,0.0,-1.5329261521377011,TIME_WINDOW_STOP_LOSS,9.0,2026-08-25T11:36:00+09:00,2026-08-25T11:45:00+09:00,False,False,False,True,False
20260825,2026-08-25T11:42:00+09:00,2026-08-25T11:36:00+09:00,DOWN_BLUE,7,8398,8397,False,REJECT_MACD_GAP_NOT_EXPANDING,False,REJECT_MACD_GAP_NOT_EXPANDING,False,,,True,,,3,True,False,False,2,True,63.56797270498282,104.64632743251309,-41.07835472753027,0.0039829556832696004,0.2513379349644771,80.14182410179637,-215.56618437240832,-0.12831320498349613,-0.6897356329061287,0.34071484322085827,11:42,False,REJECT_MACD_GAP_NOT_EXPANDING,1,0.101533,1.5057471264367817,0.0,TIME_WINDOW_BREAKEVEN_STOP,30.0,2026-08-25T11:42:00+09:00,2026-08-25T12:12:00+09:00,False,False,False,True,True
20260825,2026-08-25T13:54:00+09:00,2026-08-25T13:48:00+09:00,DOWN_BLUE,11,8442,8441,False,TW2_REJECT_VWAP_VETO,False,REJECT_TIME_WINDOW,False,,,True,,,3,True,False,False,2,False,916.8531432069813,128.7591889526193,788.093954254362,0.05597394036672657,-0.8593965194265384,-665.7062060574535,-235.04074317938648,-0.1363178913433489,-2.563839776228928,0.6754000928121661,13:54,False,TW2_REJECT_VWAP_VETO,1,-1.222119,0.043037974683544304,-1.4218520986009326,TIME_WINDOW_STOP_LOSS,9.0,2026-08-25T13:54:00+09:00,2026-08-25T14:03:00+09:00,False,False,False,True,False
20260826,2026-08-26T11:03:00+09:00,2026-08-26T10:57:00+09:00,UP_RED,5,8517,8516,False,REJECT_NOT_CONFIRMED,False,REJECT_NOT_CONFIRMED,False,,,True,,,2,False,False,True,3,False,-89.90211953950075,20.99182451142724,-110.89394405092798,-0.005360889656499746,0.0011613110580593214,-205.65184200555086,-532.4152963771485,-0.30160675704136014,-0.8017366758862409,0.5549074058859294,11:03,False,REJECT_NOT_CONFIRMED,1,4.177298,4.177297840281266,-0.34103465595178306,TIME_WINDOW_AFTERNOON_TP,34.0,2026-08-26T11:03:00+09:00,2026-08-26T11:37:00+09:00,False,False,False,True,True
20260826,2026-08-26T11:06:00+09:00,2026-08-26T11:00:00+09:00,DOWN_BLUE,6,8518,8517,False,REJECT_MACD_GAP_NOT_EXPANDING,False,REJECT_MACD_GAP_NOT_EXPANDING,False,,,True,,,5,True,False,False,1,True,67.78866442912022,89.90211953950075,-22.113455110380528,0.004039848893272957,0.012432921238363464,158.37137761316262,386.47098243655637,0.2188006158013738,0.7385904232612847,0.4561767959533521,11:06,False,REJECT_MACD_GAP_NOT_EXPANDING,1,-1.974581,0.0,-1.9745810055865922,TIME_WINDOW_STOP_LOSS,9.0,2026-08-26T11:06:00+09:00,2026-08-26T11:15:00+09:00,False,False,False,True,False
20260827,2026-08-27T11:57:00+09:00,2026-08-27T11:51:00+09:00,UP_RED,8,8592,8591,False,TW2_3SLOT_REJECT_TEG,True,,True,3.0,AFTERNOON,True,,,5,True,False,False,2,True,608.0325257482173,398.82320633509426,209.209319413123,0.03464572796286138,0.4441240168882513,693.4473247835413,967.9034695590381,0.5239363510433738,0.46266470362929035,0.9616412233736025,11:57,False,REJECT_DUPLICATE_POSITION,1,-1.659003,0.3715604801477378,-1.6590027700831025,TIME_WINDOW_STOP_LOSS,51.0,2026-08-27T11:57:00+09:00,2026-08-27T12:48:00+09:00,False,False,False,True,False
20260827,2026-08-27T12:15:00+09:00,2026-08-27T12:09:00+09:00,DOWN_BLUE,9,8598,8597,False,TW2_3SLOT_REJECT_TEG,True,,True,3.0,AFTERNOON,True,,,5,True,False,False,2,False,546.6419395714911,155.00072090606,391.6412186654311,0.03129032281462456,-0.4177287694621851,-253.31599639123306,114.89259904413484,0.06247737211912004,0.006354638738617628,0.978396183803197,12:15,False,TW2_3SLOT_REJECT_TEG,1,4.179558,4.17955758962624,-0.47124332570556826,TIME_WINDOW_AFTERNOON_TP,140.0,2026-08-27T12:15:00+09:00,2026-08-27T14:35:00+09:00,False,False,False,True,True
20260827,2026-08-27T13:27:00+09:00,2026-08-27T13:21:00+09:00,UP_RED,10,8622,8621,False,TW2_3SLOT_REJECT_TEG,False,REJECT_TIME_WINDOW,True,3.0,AFTERNOON,True,,,4,True,False,False,2,True,455.3892011397661,301.8216027267224,153.5675984130437,0.026111766120399435,0.03695937087544435,77.68003361718729,132.48309426847845,0.07216682313937949,-0.15195856560824572,0.8487159444052544,13:27,False,TW2_3SLOT_REJECT_TEG,1,-1.255012,0.0,-1.394778554778555,TIME_WINDOW_STOP_LOSS,15.0,2026-08-27T13:27:00+09:00,2026-08-27T13:42:00+09:00,False,False,False,True,False
20260828,2026-08-28T14:03:00+09:00,2026-08-28T13:57:00+09:00,UP_RED,14,8760,8759,False,REJECT_NOT_CONFIRMED,False,REJECT_NOT_CONFIRMED,False,,,True,,,1,False,False,True,3,False,-80.04221072416567,19.810135119643746,-99.85234584380942,-0.004764417305009861,-0.3185272387085327,-398.77705427841283,-465.1347599492874,-0.2630226321142566,-1.1106092817693551,1.068592008559094,14:03,False,REJECT_NOT_CONFIRMED,1,-1.492932,0.0,-1.4929323308270677,TIME_WINDOW_STOP_LOSS,36.0,2026-08-28T14:03:00+09:00,2026-08-28T14:39:00+09:00,False,False,False,True,False
20260828,2026-08-28T14:06:00+09:00,2026-08-28T14:00:00+09:00,DOWN_BLUE,15,8761,8760,False,REJECT_MACD_GAP_NOT_EXPANDING,False,REJECT_MACD_GAP_NOT_EXPANDING,False,,,True,,,5,True,False,False,1,True,53.544781266866266,80.04221072416567,-26.497429457299404,0.0031852933531746736,0.3172476308327362,343.9230521498248,325.59811614477076,0.18400845350236408,1.0440268375095516,0.9955336959351152,14:06,False,REJECT_MACD_GAP_NOT_EXPANDING,1,0.542235,1.0338721011946592,-0.01981728742094167,FORCED_LIQUIDATION,54.0,2026-08-28T14:06:00+09:00,2026-08-28T15:00:00+09:00,False,False,False,True,True
20260828,2026-08-28T14:33:00+09:00,2026-08-28T14:27:00+09:00,UP_RED,16,8770,8769,False,TW2_REJECT_VWAP_VETO,False,REJECT_TIME_WINDOW,False,,,True,,,2,False,False,True,3,False,64.90562274802687,20.16964961136955,44.73597313665732,0.0038714955411885995,-0.34882406245889586,-371.96498478623107,-343.6954442251008,-0.1947573349322977,-1.1887899347955315,1.104760487353927,14:33,False,TW2_REJECT_VWAP_VETO,1,-0.089889,0.011122345803842266,-0.7468149646107178,FORCED_LIQUIDATION,27.0,2026-08-28T14:33:00+09:00,2026-08-28T15:00:00+09:00,False,False,False,True,False
20260831,2026-08-31T12:39:00+09:00,2026-08-31T12:33:00+09:00,DOWN_BLUE,7,8874,8873,False,REJECT_MACD_GAP_NOT_EXPANDING,False,REJECT_MACD_GAP_NOT_EXPANDING,False,,,True,,,2,False,False,True,3,False,1.2261409032225856,4.149098882111048,-2.922957978888462,7.531578029622762e-05,-0.22316660812554803,-364.61554935597815,-557.8872188357636,-0.32554843850981297,-1.2551322946842909,0.7879083862404047,12:39,False,REJECT_MACD_GAP_NOT_EXPANDING,1,-0.089888,1.7598149372108394,-0.15598149372108394,TIME_WINDOW_BREAKEVEN_STOP,60.0,2026-08-31T12:39:00+09:00,2026-08-31T13:39:00+09:00,False,False,False,True,False
20260831,2026-08-31T14:39:00+09:00,2026-08-31T14:33:00+09:00,DOWN_BLUE,9,8914,8913,False,TW2_REJECT_VWAP_VETO,False,REJECT_TIME_WINDOW,False,,,True,,,3,True,False,False,2,False,640.663443764246,31.656410102899827,609.0070336613462,0.03880456957990588,-0.7048442447493739,-610.4080223278143,-349.265059602214,-0.20097020388984752,-2.0442716646795778,0.3846022807470103,14:39,False,TW2_REJECT_VWAP_VETO,1,0.181399,0.5887304820095044,-0.7684996605566871,FORCED_LIQUIDATION,21.0,2026-08-31T14:39:00+09:00,2026-08-31T15:00:00+09:00,False,False,False,True,True
20260904,2026-09-04T12:45:00+09:00,2026-09-04T12:39:00+09:00,UP_RED,6,9128,9127,False,REJECT_NOT_CONFIRMED,False,REJECT_NOT_CONFIRMED,False,,,True,,,5,True,False,False,2,True,-10.885569056870736,22.15633262647043,-33.041901683341166,-0.0006625422432666304,0.16904452028019695,194.6560667459853,209.64970179717056,0.12122167784980556,0.3614082120465035,0.6803594351732991,12:45,False,REJECT_NOT_CONFIRMED,1,4.035026,4.035026455026455,-0.14296296296296296,TIME_WINDOW_AFTERNOON_TP,93.0,2026-09-04T12:45:00+09:00,2026-09-04T14:18:00+09:00,False,False,False,True,True
20260904,2026-09-04T12:48:00+09:00,2026-09-04T12:42:00+09:00,DOWN_BLUE,7,9129,9128,False,REJECT_NOT_CONFIRMED,False,REJECT_NOT_CONFIRMED,False,,,True,,,2,False,False,False,2,False,-17.295964960454057,10.885569056870736,-28.181534017324793,-0.001052065995161439,-0.17251121929421548,-226.23818177566864,-284.92115876893513,-0.16464422191626338,-0.42155368138340266,0.44099789087965235,12:48,False,REJECT_NOT_CONFIRMED,1,-1.996458,0.0,-2.132697547683924,TIME_WINDOW_STOP_LOSS,27.0,2026-09-04T12:48:00+09:00,2026-09-04T13:15:00+09:00,False,False,False,True,False
20260904,2026-09-04T12:51:00+09:00,2026-09-04T12:45:00+09:00,UP_RED,8,9130,9129,False,REJECT_SHORT_FLAG_INTERVAL,False,REJECT_SHORT_FLAG_INTERVAL,False,,,True,,,5,True,False,False,2,True,82.33441879617249,17.295964960454057,65.03845383571843,0.005005131841712613,0.17826909229540094,256.58178249024786,353.02390555269085,0.20387398800915985,0.4809753332733668,0.6748831279218019,12:51,False,REJECT_SHORT_FLAG_INTERVAL,1,4.244315,4.244315177154945,-0.09000528820729772,TIME_WINDOW_AFTERNOON_TP,88.0,2026-09-04T12:51:00+09:00,2026-09-04T14:19:00+09:00,False,False,False,True,True
20260904,2026-09-04T13:54:00+09:00,2026-09-04T13:48:00+09:00,DOWN_BLUE,9,9151,9150,False,TW2_REJECT_VWAP_VETO,False,REJECT_TIME_WINDOW,False,,,True,,,2,False,False,False,2,False,71.39718366766647,40.117113775088,31.280069892578467,0.004290696133874187,-0.47381982009972906,-584.3299479542766,-677.0233598337509,-0.3865217499050302,-1.3325343432083825,0.32059120633739163,13:54,False,TW2_REJECT_VWAP_VETO,1,-1.69986,0.26008403361344534,-1.699859943977591,TIME_WINDOW_STOP_LOSS,18.0,2026-09-04T13:54:00+09:00,2026-09-04T14:12:00+09:00,False,False,False,True,False
20260904,2026-09-04T14:03:00+09:00,2026-09-04T13:57:00+09:00,UP_RED,10,9154,9153,False,REJECT_NOT_CONFIRMED,False,REJECT_NOT_CONFIRMED,False,,,True,,,3,True,False,False,2,True,-231.70793762574522,16.525200014764778,-248.23313764051,-0.013933129141656357,0.48494820782130166,472.93902079062536,370.77024350501597,0.21180500981939193,1.2194735534444228,0.4274122278460673,14:03,False,REJECT_NOT_CONFIRMED,1,0.064673,1.714285714285714,0.0,TIME_WINDOW_BREAKEVEN_STOP,39.0,2026-09-04T14:03:00+09:00,2026-09-04T14:42:00+09:00,False,False,False,True,True
20260904,2026-09-04T14:06:00+09:00,2026-09-04T14:00:00+09:00,DOWN_BLUE,11,9155,9154,False,REJECT_MACD_GAP_NOT_EXPANDING,False,REJECT_MACD_GAP_NOT_EXPANDING,False,,,True,,,2,False,False,False,2,False,165.49794793542242,231.70793762574522,-66.2099896903228,0.009927891297865771,-0.4900926653353858,-611.2551376223564,-716.4111726949923,-0.40827271389331105,-1.4526642584646763,0.5333448856322408,14:06,False,REJECT_MACD_GAP_NOT_EXPANDING,1,-1.284951,0.0,-1.2849507735583685,TIME_WINDOW_STOP_LOSS,6.0,2026-09-04T14:06:00+09:00,2026-09-04T14:12:00+09:00,False,False,False,True,False
20260904,2026-09-04T14:12:00+09:00,2026-09-04T14:06:00+09:00,UP_RED,12,9157,9156,False,TW2_3SLOT_REJECT_SAME_DIRECTION_AFTERNOON_2ND,False,REJECT_TIME_WINDOW,True,,AFTERNOON,True,,,5,True,False,False,2,True,371.51701289128414,158.52293224134428,212.99408064993986,0.0222066355583553,0.527885395601585,791.8583565670997,1112.5270597343333,0.6317398127601095,1.7314404044525615,0.7784955853825095,14:12,False,TW2_3SLOT_REJECT_SAME_DIRECTION_AFTERNOON_2ND,1,-1.311971,0.47009679062659193,-1.4138563423331636,TIME_WINDOW_STOP_LOSS,33.0,2026-09-04T14:12:00+09:00,2026-09-04T14:45:00+09:00,False,False,False,True,False
20260904,2026-09-04T14:36:00+09:00,2026-09-04T14:30:00+09:00,DOWN_BLUE,13,9165,9164,False,TW2_REJECT_VWAP_VETO,False,REJECT_TIME_WINDOW,False,,,True,,,2,False,False,True,3,False,435.3958807322351,200.98526545906861,234.4106152731665,0.026009311871698637,-0.601957928097452,-581.0774785291869,-437.8550008011516,-0.24848402076537957,-1.5989416376726937,0.9396231076462758,14:36,False,TW2_REJECT_VWAP_VETO,1,2.032272,1.7491861288039632,-0.3021939136588818,FORCED_LIQUIDATION,24.0,2026-09-04T14:36:00+09:00,2026-09-04T15:00:00+09:00,False,False,False,True,True
20260907,2026-09-07T09:06:00+09:00,2026-09-07T09:00:00+09:00,UP_RED,1,9258,9257,False,REJECT_MACD_GAP_NOT_EXPANDING,False,REJECT_MACD_GAP_NOT_EXPANDING,False,,,True,,,4,True,False,False,0,True,34.20094400510425,249.62068781368725,-215.419743808583,0.0019701004611235163,1.4100817866332362,1854.6564798918553,2206.3225201473106,1.207376955149758,-0.1595731298978927,1.1123674736803038,09:06,False,REJECT_MACD_GAP_NOT_EXPANDING,1,3.221391,3.883672503549456,-0.9414103170847137,FORCED_LIQUIDATION,354.0,2026-09-07T09:06:00+09:00,2026-09-07T15:00:00+09:00,False,False,False,True,True
20260907,2026-09-07T14:06:00+09:00,2026-09-07T14:00:00+09:00,DOWN_BLUE,6,9358,9357,False,TW2_3SLOT_REJECT_TEG,False,REJECT_TIME_WINDOW,True,3.0,AFTERNOON,True,,,4,True,False,False,2,False,1231.6566916867505,656.5217304620164,575.1349612247341,0.06986141189374649,-0.5114699694412664,-241.76737592206337,325.67524749040604,0.1754914833329432,-0.8139025192996948,0.5970216538686943,14:06,False,TW2_3SLOT_REJECT_TEG,1,-0.968211,0.5487220447284346,-1.207667731629393,FORCED_LIQUIDATION,54.0,2026-09-07T14:06:00+09:00,2026-09-07T15:00:00+09:00,False,False,False,True,False
20260908,2026-09-08T09:09:00+09:00,2026-09-08T09:03:00+09:00,DOWN_BLUE,1,9410,9409,False,REJECT_MACD_GAP_NOT_EXPANDING,False,REJECT_MACD_GAP_NOT_EXPANDING,False,,,True,,,2,False,False,False,0,False,68.52097101744766,237.96531541939476,-169.4443444019471,0.0038237149005272138,-0.3871483320554424,-526.5638628941961,-627.6964768921025,-0.33276319924520326,-0.2444385952947223,0.8225548500780494,09:09,False,REJECT_MACD_GAP_NOT_EXPANDING,1,-2.976403,0.0,-2.9764026402640265,TIME_WINDOW_STOP_LOSS,6.0,2026-09-08T09:09:00+09:00,2026-09-08T09:15:00+09:00,False,False,False,True,False
20260909,2026-09-09T11:57:00+09:00,2026-09-09T11:51:00+09:00,DOWN_BLUE,4,9628,9627,False,REJECT_LOW_QUALITY_SCORE,False,REJECT_LOW_QUALITY_SCORE,False,,,True,,,3,True,False,True,3,False,517.4440549894725,22.029440595712003,495.41461439376053,0.027685610218805376,-0.6118619774039331,-541.0740535082296,-191.64357402874157,-0.0974111264458558,-1.2312500026939375,0.8158747274453579,11:57,False,REJECT_LOW_QUALITY_SCORE,1,0.542005,1.5353206865401987,-0.2706413730803975,EARLY_TAKE_PROFIT,36.0,2026-09-09T11:57:00+09:00,2026-09-09T12:33:00+09:00,False,False,False,True,True
20260909,2026-09-09T13:30:00+09:00,2026-09-09T13:24:00+09:00,UP_RED,5,9659,9658,False,TW2_3SLOT_REJECT_TEG,False,REJECT_TIME_WINDOW,True,2.0,AFTERNOON,True,,,5,True,False,True,3,False,759.1969631452898,162.37865989013108,596.8183032551588,0.040905008790155704,-0.11441698308158736,61.332220575073734,381.7072221140843,0.19537815787081292,0.4202874889143657,1.060866124469968,13:30,False,TW2_3SLOT_REJECT_SAME_DIRECTION_AFTERNOON_2ND,1,0.709259,1.5085858585858587,0.0,EARLY_TAKE_PROFIT,30.0,2026-09-09T13:30:00+09:00,2026-09-09T14:00:00+09:00,False,False,False,True,True
20260909,2026-09-09T14:15:00+09:00,2026-09-09T14:09:00+09:00,DOWN_BLUE,6,9674,9673,False,TW2_3SLOT_REJECT_TEG,False,REJECT_TIME_WINDOW,True,2.0,AFTERNOON,True,,,4,True,False,False,2,False,393.38043268482875,210.59366902256988,182.78676366225886,0.02118365281016848,-0.06969954127558158,11.697909774025902,166.41255483729765,0.08513297097231866,-0.41071643502978,0.4870480152153845,14:15,False,TW2_3SLOT_REJECT_TEG,1,-0.707502,1.0568402471315093,-0.7957634598411298,FORCED_LIQUIDATION,45.0,2026-09-09T14:15:00+09:00,2026-09-09T15:00:00+09:00,False,False,False,True,False
20260910,2026-09-10T10:39:00+09:00,2026-09-10T10:33:00+09:00,UP_RED,1,9830,9829,False,TW2_REJECT_VWAP_VETO,True,,False,,,True,,,3,True,False,False,2,False,740.6385578652626,42.42099595951913,698.2175619057434,0.04064975619458082,-0.7041241777998177,-691.514812449459,-432.94425110542215,-0.2257393186334209,-1.3402839815905754,0.613717134925827,10:39,False,REJECT_LOW_QUALITY_SCORE,1,3.984475,4.938074588031223,0.0,FORCED_LIQUIDATION,261.0,2026-09-10T10:39:00+09:00,2026-09-10T15:00:00+09:00,False,False,False,True,True
20260910,2026-09-10T12:18:00+09:00,2026-09-10T12:12:00+09:00,DOWN_BLUE,2,9863,9862,False,TW2_3SLOT_REJECT_TEG,True,,True,1.0,AFTERNOON,True,,,3,True,False,False,2,False,793.1573764299155,238.81795647241142,554.3394199575041,0.042896559028118744,-0.2527024658777252,-106.08127411734313,218.26077665342018,0.11214047475432622,-0.14807432823818686,0.8644993193495031,12:18,False,REJECT_LOW_QUALITY_SCORE,1,-1.322819,0.5263436123348018,-1.3228193832599118,TIME_WINDOW_STOP_LOSS,81.0,2026-09-10T12:18:00+09:00,2026-09-10T13:39:00+09:00,False,False,False,True,False
20260910,2026-09-10T13:21:00+09:00,2026-09-10T13:15:00+09:00,UP_RED,3,9884,9883,False,TW2_3SLOT_REJECT_TEG,False,REJECT_TIME_WINDOW,True,1.0,AFTERNOON,True,,,4,True,False,False,2,True,230.4105010881077,218.06614819227104,12.344352895836664,0.012481608943017752,0.011671302011105377,8.907437543617561,0.292629967443645,0.00015059505369340677,-0.009934318368967727,0.7835345804592072,13:21,False,TW2_3SLOT_REJECT_TEG,1,0.417252,2.3190697674418606,-0.13217758985200845,TIME_WINDOW_PROFIT_LOCK_STOP,90.0,2026-09-10T13:21:00+09:00,2026-09-10T14:51:00+09:00,False,False,False,True,True
20260910,2026-09-10T14:15:00+09:00,2026-09-10T14:09:00+09:00,DOWN_BLUE,4,9902,9901,False,TW2_3SLOT_REJECT_TEG,False,REJECT_TIME_WINDOW,True,1.0,AFTERNOON,True,,,3,True,False,False,2,False,382.66831974821844,235.85288290244898,146.81543684576945,0.020629019932518512,-0.19009472614956263,-170.1172112566419,-67.53836902230978,-0.03458838305722249,-0.4144087163817816,0.4970501995972728,14:15,False,TW2_3SLOT_REJECT_TEG,1,-1.600356,0.0,-1.6003555555555555,TIME_WINDOW_STOP_LOSS,18.0,2026-09-10T14:15:00+09:00,2026-09-10T14:33:00+09:00,False,False,False,True,False
20260911,2026-09-11T09:09:00+09:00,2026-09-11T09:03:00+09:00,DOWN_BLUE,1,10028,10027,False,REJECT_MACD_GAP_NOT_EXPANDING,False,REJECT_MACD_GAP_NOT_EXPANDING,False,,,True,,,5,True,False,False,0,True,82.83878356197238,203.2160130617849,-120.37722949981253,0.004661721078332717,1.1003962472838769,1503.0101672292221,1817.8639771456365,0.9718462455195815,0.0803137341076405,0.5551861359926052,09:09,False,REJECT_MACD_GAP_NOT_EXPANDING,1,-1.568283,0.7313064913722268,-1.5682826622843058,TIME_WINDOW_STOP_LOSS,18.0,2026-09-11T09:09:00+09:00,2026-09-11T09:27:00+09:00,False,False,False,True,False
20260911,2026-09-11T12:00:00+09:00,2026-09-11T11:54:00+09:00,UP_RED,6,10085,10084,False,REJECT_NOT_CONFIRMED,False,REJECT_NOT_CONFIRMED,False,,,True,,,3,True,False,False,2,False,-26.854873634264777,11.29134407156971,-38.14621770583449,-0.0015036323423440526,-0.09933420449241366,-52.809708105167374,50.554846700746566,0.02689087590465243,0.24390863585510036,0.3982113131181252,12:00,False,REJECT_NOT_CONFIRMED,1,0.8191,3.0463847203274215,-1.089949977262392,TIME_WINDOW_PROFIT_LOCK_STOP,123.0,2026-09-11T12:00:00+09:00,2026-09-11T14:03:00+09:00,False,False,False,True,True
20260911,2026-09-11T12:03:00+09:00,2026-09-11T11:57:00+09:00,DOWN_BLUE,7,10086,10085,False,REJECT_LOW_QUALITY_SCORE,False,REJECT_LOW_QUALITY_SCORE,False,,,True,,,3,True,False,False,2,True,55.3071012076698,26.854873634264777,28.452227573405025,0.0030967021952782647,0.09393225384539532,50.73873915988952,-45.740099395858124,-0.024329840104212446,-0.24332992861128272,0.3301256574608061,12:03,False,REJECT_LOW_QUALITY_SCORE,1,-1.500083,1.154356846473029,-1.500082987551867,TIME_WINDOW_STOP_LOSS,96.0,2026-09-11T12:03:00+09:00,2026-09-11T13:39:00+09:00,False,False,False,True,False
20260911,2026-09-11T12:45:00+09:00,2026-09-11T12:39:00+09:00,UP_RED,8,10100,10099,False,TW2_3SLOT_REJECT_TEG,True,,True,2.0,AFTERNOON,True,,,5,True,False,False,2,False,506.77414242978466,51.71686700381406,455.0572754259706,0.028374812006146957,-0.14884017417380746,74.98053158866242,473.1903720702976,0.2516970064203189,0.2610897865331247,1.1026783528374873,12:45,False,TW2_3SLOT_REJECT_TEG,1,0.907302,2.7658956916099773,-1.132607709750567,TIME_WINDOW_PROFIT_LOCK_STOP,75.0,2026-09-11T12:45:00+09:00,2026-09-11T14:00:00+09:00,False,False,False,True,True
20260911,2026-09-11T14:06:00+09:00,2026-09-11T14:00:00+09:00,DOWN_BLUE,9,10127,10126,False,TW2_3SLOT_REJECT_TEG,False,REJECT_TIME_WINDOW,True,2.0,AFTERNOON,True,,,4,True,False,True,3,False,623.638579235163,274.99587614290976,348.6427030922532,0.03472375162779304,-0.2766409968411009,-229.6794835506007,-69.33421512902714,-0.03667455700037893,-0.5895353592360713,1.367628171751883,14:06,False,TW2_3SLOT_REJECT_TEG,1,-2.432134,0.160836820083682,-2.432133891213389,TIME_WINDOW_STOP_LOSS,48.0,2026-09-11T14:06:00+09:00,2026-09-11T14:54:00+09:00,False,False,False,True,False
20260914,2026-09-14T11:42:00+09:00,2026-09-14T11:36:00+09:00,DOWN_BLUE,2,10306,10305,False,TW2_3SLOT_REJECT_TEG,True,,True,2.0,AFTERNOON,True,,,4,True,False,False,2,True,548.0889541047168,87.16095204983185,460.9280020548849,0.03169976599795933,0.13511669468915682,141.01341309933923,117.75378629053012,0.06469988257733555,-0.7004400419513909,0.9803340738912203,11:42,False,TW2_3SLOT_REJECT_TEG,1,3.499297,3.499297423887588,-0.7141295862607339,FORCED_LIQUIDATION,198.0,2026-09-14T11:42:00+09:00,2026-09-14T15:00:00+09:00,False,False,False,True,True
20260914,2026-09-14T13:33:00+09:00,2026-09-14T13:27:00+09:00,UP_RED,3,10343,10342,False,REJECT_NOT_CONFIRMED,False,REJECT_NOT_CONFIRMED,False,,,True,,,2,False,False,False,2,False,-71.54914021051627,6.36351329382569,-77.91265350434196,-0.004184160246229022,-0.3509796137264276,-490.5864860934671,-633.4334225859493,-0.3519074569922485,-0.43067257662316755,0.9989270386266095,13:33,False,REJECT_NOT_CONFIRMED,1,-1.328246,0.3062438057482656,-1.3282457879088208,TIME_WINDOW_STOP_LOSS,48.0,2026-09-14T13:33:00+09:00,2026-09-14T14:21:00+09:00,False,False,False,True,False
20260914,2026-09-14T13:36:00+09:00,2026-09-14T13:30:00+09:00,DOWN_BLUE,4,10344,10343,False,REJECT_NOT_CONFIRMED,False,REJECT_NOT_CONFIRMED,False,,,True,,,3,True,False,False,2,True,-43.50643466877091,71.54914021051627,-115.05557487928718,-0.0025412637072880205,0.3499687620554507,392.916427815333,382.6302394827362,0.21232402307737813,0.3123032745674297,0.8273827395793898,13:36,False,REJECT_NOT_CONFIRMED,1,1.751036,1.7510360706062933,-0.0900997697620875,FORCED_LIQUIDATION,84.0,2026-09-14T13:36:00+09:00,2026-09-14T15:00:00+09:00,False,False,False,True,True
20260914,2026-09-14T13:39:00+09:00,2026-09-14T13:33:00+09:00,UP_RED,5,10345,10344,False,REJECT_SHORT_FLAG_INTERVAL,False,REJECT_SHORT_FLAG_INTERVAL,False,,,True,,,2,False,False,False,2,False,209.5625295448922,43.50643466877091,166.05609487612128,0.012233656132217875,-0.34466573971218195,-338.29225417552516,-250.95116905588657,-0.13917315271621875,-0.25361941016680145,0.28456491805934286,13:39,False,REJECT_SHORT_FLAG_INTERVAL,1,-1.32526,0.0087988136431043,-1.3252595155709344,TIME_WINDOW_STOP_LOSS,36.0,2026-09-14T13:39:00+09:00,2026-09-14T14:15:00+09:00,False,False,False,True,False
20260914,2026-09-14T14:00:00+09:00,2026-09-14T13:54:00+09:00,DOWN_BLUE,6,10352,10351,False,REJECT_NOT_CONFIRMED,False,REJECT_NOT_CONFIRMED,False,,,True,,,3,True,False,False,2,True,-103.11922485744117,16.99667400250337,-120.11589885994454,-0.006030364026750946,0.34536117316580417,349.8230474742595,280.52511599846184,0.15584728666592104,0.41312631291152363,0.6617880128443654,14:00,False,REJECT_NOT_CONFIRMED,1,1.517152,1.5171516079632466,0.0,FORCED_LIQUIDATION,60.0,2026-09-14T14:00:00+09:00,2026-09-14T15:00:00+09:00,False,False,False,True,True
20260914,2026-09-14T14:03:00+09:00,2026-09-14T13:57:00+09:00,UP_RED,7,10353,10352,False,REJECT_MACD_GAP_NOT_EXPANDING,False,REJECT_MACD_GAP_NOT_EXPANDING,False,,,True,,,2,False,False,False,2,False,9.973308147970783,103.11922485744117,-93.14591670947038,0.000584259411128927,-0.3509928078334735,-453.7515554165002,-539.5227239986416,-0.3002616214404574,-0.5854282777780894,0.9252080720556378,14:03,False,REJECT_MACD_GAP_NOT_EXPANDING,1,-1.381023,0.20794833581718827,-1.4307004470938898,TIME_WINDOW_STOP_LOSS,21.0,2026-09-14T14:03:00+09:00,2026-09-14T14:24:00+09:00,False,False,False,True,False
20260914,2026-09-14T14:15:00+09:00,2026-09-14T14:09:00+09:00,DOWN_BLUE,8,10357,10356,False,TW2_3SLOT_REJECT_TEG,False,REJECT_TIME_WINDOW,True,2.0,AFTERNOON,True,,,5,True,False,False,1,True,181.6969838113614,67.72672020866321,113.9702636026982,0.010662968533530598,0.36572688489099153,504.0638734041713,643.9556610374711,0.35901283919349414,0.7433040809950734,2.004352435689973,14:15,False,TW2_3SLOT_REJECT_TEG,1,0.668793,0.6687927107061503,-0.393621867881549,FORCED_LIQUIDATION,45.0,2026-09-14T14:15:00+09:00,2026-09-14T15:00:00+09:00,False,False,False,True,True
20260914,2026-09-14T14:42:00+09:00,2026-09-14T14:36:00+09:00,UP_RED,9,10366,10365,False,TW2_3SLOT_REJECT_TEG,False,REJECT_TIME_WINDOW,True,2.0,AFTERNOON,True,,,3,True,False,False,2,False,486.00471368101535,336.6896222958467,149.31509138516867,0.028538151126307417,-0.40378075132632646,-354.6319632001687,-190.74704245454632,-0.10640615991298141,-0.7053816353459191,0.6190351107608791,14:42,False,TW2_3SLOT_REJECT_TEG,1,-0.941283,0.0,-0.8911823647294589,FORCED_LIQUIDATION,18.0,2026-09-14T14:42:00+09:00,2026-09-14T15:00:00+09:00,False,False,False,True,False
20260915,2026-09-15T09:09:00+09:00,2026-09-15T09:03:00+09:00,DOWN_BLUE,1,10483,10482,False,REJECT_MACD_GAP_NOT_EXPANDING,False,REJECT_MACD_GAP_NOT_EXPANDING,False,,,True,,,3,True,False,False,0,False,308.406199136798,581.1001614018492,-272.69396226505114,0.018141541125694,-0.2363564737223308,-428.7135775045026,-682.6760626921896,-0.3814954467985286,-0.2439648326629578,0.5455479535835732,09:09,False,REJECT_MACD_GAP_NOT_EXPANDING,1,-1.450983,0.5904689863842663,-1.450983358547655,TIME_WINDOW_STOP_LOSS,12.0,2026-09-15T09:09:00+09:00,2026-09-15T09:21:00+09:00,False,False,False,True,False
20260915,2026-09-15T12:09:00+09:00,2026-09-15T12:03:00+09:00,DOWN_BLUE,7,10543,10542,False,REJECT_LOW_QUALITY_SCORE,False,REJECT_LOW_QUALITY_SCORE,False,,,True,,,2,False,False,False,2,False,293.3790551867446,154.34313733783983,139.03591784890477,0.017037111218742428,-0.3545601964822341,-344.84949591802433,-246.66169121814892,-0.1360793302306185,-0.65429046056031,0.41586151368760066,12:09,False,REJECT_LOW_QUALITY_SCORE,1,4.094109,4.094108527131783,-0.09007751937984496,TIME_WINDOW_AFTERNOON_TP,110.0,2026-09-15T12:09:00+09:00,2026-09-15T13:59:00+09:00,False,False,False,True,True
20260915,2026-09-15T13:48:00+09:00,2026-09-15T13:42:00+09:00,UP_RED,8,10576,10575,False,TW2_3SLOT_REJECT_TEG,False,REJECT_TIME_WINDOW,True,3.0,AFTERNOON,True,,,3,True,False,False,2,False,345.5374676004694,53.87619854587683,291.6612690545926,0.020349674181417518,-0.33067842595907504,-343.2176086555701,-294.0959725556895,-0.16454132740155195,-0.6547407716584674,0.5000833781104667,13:48,False,TW2_3SLOT_REJECT_TEG,1,-1.245327,0.0,-1.245326633165829,TIME_WINDOW_STOP_LOSS,9.0,2026-09-15T13:48:00+09:00,2026-09-15T13:57:00+09:00,False,False,False,True,False
20260916,2026-09-16T11:15:00+09:00,2026-09-16T11:09:00+09:00,UP_RED,3,10753,10752,False,REJECT_NOT_CONFIRMED,False,REJECT_NOT_CONFIRMED,False,,,True,,,0,False,False,True,4,False,-253.9423365428511,20.109175934057212,-274.05151247690833,-0.014850429037593631,0.12556182968707982,-74.7340384090785,-418.74644512380473,-0.23263691395763528,-0.3268302760754636,0.9986630238911818,11:15,False,REJECT_NOT_CONFIRMED,1,4.109738,4.109738012852199,-0.04063272367770638,TIME_WINDOW_AFTERNOON_TP,125.0,2026-09-16T11:15:00+09:00,2026-09-16T13:20:00+09:00,False,False,False,True,True
20260916,2026-09-16T11:18:00+09:00,2026-09-16T11:12:00+09:00,DOWN_BLUE,4,10754,10753,False,REJECT_MACD_GAP_NOT_EXPANDING,False,REJECT_MACD_GAP_NOT_EXPANDING,False,,,True,,,3,True,False,True,3,False,28.694987347046123,253.9423365428511,-225.247349195805,0.0016722020598511726,-0.1268169698096206,-163.49082584213465,-192.56274012615904,-0.10660524657332623,-0.023188495846102233,0.3445305770887166,11:18,False,REJECT_MACD_GAP_NOT_EXPANDING,1,-1.247722,0.21884169884169882,-1.247722007722008,TIME_WINDOW_STOP_LOSS,42.0,2026-09-16T11:18:00+09:00,2026-09-16T12:00:00+09:00,False,False,False,True,False
20260916,2026-09-16T11:24:00+09:00,2026-09-16T11:18:00+09:00,UP_RED,5,10756,10755,False,TW2_3SLOT_REJECT_TEG,True,,True,2.0,AFTERNOON,True,,,4,True,False,True,3,True,99.08477486957656,51.03713202742918,48.04764284214738,0.00577753789326977,0.12218787752395989,113.24162739212625,71.4629233230371,0.039585875893329375,-0.034733566031851855,0.49353386980743813,11:24,False,REJECT_LOW_QUALITY_SCORE,1,2.757466,3.4446954813359527,-0.6791748526522593,FORCED_LIQUIDATION,216.0,2026-09-16T11:24:00+09:00,2026-09-16T15:00:00+09:00,False,False,False,True,True
20260916,2026-09-16T12:36:00+09:00,2026-09-16T12:30:00+09:00,DOWN_BLUE,6,10780,10779,False,TW2_3SLOT_REJECT_TEG,True,,True,2.0,AFTERNOON,True,,,3,True,False,False,2,False,481.4076342643166,214.4118578870457,266.9957763772709,0.027923876697466158,-0.2757700534220871,-180.71818753681146,34.387381720589474,0.01894896324511116,-0.34072975443376546,0.462680936036293,12:36,False,REJECT_LOW_QUALITY_SCORE,1,-1.574824,0.06630179827990618,-1.5748240813135261,TIME_WINDOW_STOP_LOSS,21.0,2026-09-16T12:36:00+09:00,2026-09-16T12:57:00+09:00,False,False,False,True,False
20260916,2026-09-16T14:39:00+09:00,2026-09-16T14:33:00+09:00,UP_RED,9,10821,10820,False,REJECT_NOT_CONFIRMED,False,REJECT_NOT_CONFIRMED,False,,,True,,,4,True,False,False,2,True,-24.08878790820046,2.951696853269482,-27.04048476146994,-0.0013868041397927726,0.16377107993054602,108.51431605708785,-19.5897805262357,-0.010714042314277854,0.6622224338379334,0.4510410415031624,14:39,False,REJECT_NOT_CONFIRMED,1,0.341487,0.5811990407673862,0.0,FORCED_LIQUIDATION,21.0,2026-09-16T14:39:00+09:00,2026-09-16T15:00:00+09:00,False,False,False,True,True
20260916,2026-09-16T14:42:00+09:00,2026-09-16T14:36:00+09:00,DOWN_BLUE,10,10822,10821,False,REJECT_NOT_CONFIRMED,False,REJECT_NOT_CONFIRMED,False,,,True,,,0,False,False,True,3,False,-404.88745146729025,24.08878790820046,-428.9762393754907,-0.02321602359330793,-0.17860536590101594,-378.76865660375915,-648.9425795238931,-0.35349509779111815,-1.0561698667758828,2.0906541330879826,14:42,False,REJECT_NOT_CONFIRMED,1,-0.169808,0.0,-0.40942492012779547,FORCED_LIQUIDATION,18.0,2026-09-16T14:42:00+09:00,2026-09-16T15:00:00+09:00,False,False,False,True,False
20260916,2026-09-16T14:45:00+09:00,2026-09-16T14:39:00+09:00,UP_RED,11,10823,10822,False,TW2_3SLOT_REJECT_SAME_DIRECTION_AFTERNOON_2ND,False,REJECT_TIME_WINDOW,True,,AFTERNOON,True,,,5,True,False,False,1,True,713.3696923939136,404.88745146729025,308.4822409266234,0.04088078466440766,0.19450564646491658,403.13067007018253,682.3766195692588,0.3714944347225124,1.1045123228989882,1.53916919471246,14:45,False,TW2_3SLOT_REJECT_SAME_DIRECTION_AFTERNOON_2ND,1,-0.185401,0.0,-0.3284351145038168,FORCED_LIQUIDATION,15.0,2026-09-16T14:45:00+09:00,2026-09-16T15:00:00+09:00,False,False,False,True,False
20260917,2026-09-17T11:45:00+09:00,2026-09-17T11:39:00+09:00,UP_RED,4,10991,10990,False,TW2_3SLOT_REJECT_TEG,True,,True,3.0,AFTERNOON,True,,,4,True,False,False,2,False,435.9785203231495,242.81303956755391,193.16548075559558,0.024970132893651173,-0.18154780106017054,-121.31374130840413,20.80399415269494,0.011319469899738704,-0.3578727872027697,0.3535532372729006,11:45,False,REJECT_LOW_QUALITY_SCORE,1,0.815641,3.1036719122556033,-0.5190271816881259,TIME_WINDOW_PROFIT_LOCK_STOP,165.0,2026-09-17T11:45:00+09:00,2026-09-17T14:30:00+09:00,False,False,False,True,True
20260917,2026-09-17T13:42:00+09:00,2026-09-17T13:36:00+09:00,DOWN_BLUE,5,11030,11029,False,REJECT_NOT_CONFIRMED,False,REJECT_NOT_CONFIRMED,False,,,True,,,0,False,False,False,2,False,-208.22800685024822,45.61288366086046,-253.84089051110868,-0.011784267507088185,-0.25722845862391625,-516.2379617509432,-852.9055998963304,-0.4585513977937392,-0.7972840657568347,3.603485362207882,13:42,False,REJECT_NOT_CONFIRMED,1,2.620378,2.7025472473294987,-0.6649137222678718,FORCED_LIQUIDATION,78.0,2026-09-17T13:42:00+09:00,2026-09-17T15:00:00+09:00,False,False,False,True,True
20260917,2026-09-17T13:45:00+09:00,2026-09-17T13:39:00+09:00,UP_RED,6,11031,11030,False,REJECT_SHORT_FLAG_INTERVAL,False,REJECT_SHORT_FLAG_INTERVAL,False,,,True,,,5,True,False,False,1,True,388.9663738342151,208.22800685024822,180.7383669839669,0.022000360510985018,0.27584459458103006,535.2090220744722,866.9145903824829,0.4658194914385118,0.8404395760135075,2.1426333691371284,13:45,False,REJECT_SHORT_FLAG_INTERVAL,1,-1.299302,0.6077245230339693,-1.2993020009306655,TIME_WINDOW_STOP_LOSS,39.0,2026-09-17T13:45:00+09:00,2026-09-17T14:24:00+09:00,False,False,False,True,False
20260917,2026-09-17T14:06:00+09:00,2026-09-17T14:00:00+09:00,DOWN_BLUE,7,11038,11037,False,TW2_3SLOT_REJECT_TEG,False,REJECT_TIME_WINDOW,True,3.0,AFTERNOON,True,,,4,True,False,False,2,False,581.1686022941335,218.96902634207345,362.19957595206006,0.03296475339161279,-0.31313072008284687,-206.48614702210762,48.58778873900883,0.026181735281971975,-0.49206808418838693,0.5007029206118668,14:06,False,TW2_3SLOT_REJECT_TEG,1,2.03317,2.1148692810457517,-0.7433006535947713,FORCED_LIQUIDATION,54.0,2026-09-17T14:06:00+09:00,2026-09-17T15:00:00+09:00,False,False,False,True,True
20260918,2026-09-18T09:27:00+09:00,2026-09-18T09:21:00+09:00,DOWN_BLUE,3,11173,11172,False,REJECT_MACD_GAP_NOT_EXPANDING,False,REJECT_MACD_GAP_NOT_EXPANDING,False,,,True,,,2,False,False,False,2,False,54.8740121325518,192.52725161752096,-137.65323948496916,0.0030051485286172945,-0.9336715429792025,-1307.6519065033644,-1577.7504562665708,-0.8208449799853336,-0.4709407274694215,1.130705581542955,09:27,False,REJECT_MACD_GAP_NOT_EXPANDING,1,-1.589762,1.2333627537511034,-1.5897616946160635,TIME_WINDOW_STOP_LOSS,174.0,2026-09-18T09:27:00+09:00,2026-09-18T12:21:00+09:00,False,False,False,True,False
20260918,2026-09-18T11:51:00+09:00,2026-09-18T11:45:00+09:00,UP_RED,4,11221,11220,False,REJECT_NOT_CONFIRMED,False,REJECT_NOT_CONFIRMED,False,,,True,,,2,False,False,False,1,True,-57.535435866040075,1.8569817679970129,-59.39241763403709,-0.003157817555765097,0.22656990624882453,166.53524924488738,-5.051587932277471,-0.0026339234553587254,0.12922462768504708,0.5397996148950752,11:51,False,REJECT_NOT_CONFIRMED,1,1.311656,2.9761612620508324,-0.0023663453111305876,FORCED_LIQUIDATION,189.0,2026-09-18T11:51:00+09:00,2026-09-18T15:00:00+09:00,False,False,False,True,True
20260918,2026-09-18T11:54:00+09:00,2026-09-18T11:48:00+09:00,DOWN_BLUE,5,11222,11221,False,REJECT_MACD_GAP_NOT_EXPANDING,False,REJECT_MACD_GAP_NOT_EXPANDING,False,,,True,,,2,False,False,True,3,False,33.63349454528611,57.535435866040075,-23.901941320753963,0.0018449530743437253,-0.22049101269010807,-199.22014143131673,-90.66761091840453,-0.04724861786752383,-0.18354136415967323,0.915321252059308,11:54,False,REJECT_MACD_GAP_NOT_EXPANDING,1,-1.409859,0.0,-1.585739436619718,TIME_WINDOW_STOP_LOSS,21.0,2026-09-18T11:54:00+09:00,2026-09-18T12:15:00+09:00,False,False,False,True,False
20260918,2026-09-18T12:00:00+09:00,2026-09-18T11:54:00+09:00,UP_RED,6,11224,11223,False,TW2_3SLOT_REJECT_TEG,True,,True,2.0,AFTERNOON,True,,,5,True,False,False,1,True,116.88644234371202,105.11707938347035,11.769362960241665,0.006408247935510528,0.21674874545025985,220.04135316284373,151.31747741857544,0.07881118615545699,0.22735902726342938,1.8735821360259777,12:00,False,TW2_3SLOT_REJECT_TEG,1,0.957467,2.616244541484716,-0.09004366812227074,FORCED_LIQUIDATION,180.0,2026-09-18T12:00:00+09:00,2026-09-18T15:00:00+09:00,False,False,False,True,True
20260918,2026-09-18T13:24:00+09:00,2026-09-18T13:18:00+09:00,DOWN_BLUE,7,11252,11251,False,TW2_REJECT_VWAP_VETO,False,REJECT_TIME_WINDOW,False,,,True,,,2,False,False,False,2,False,171.95176790887308,5.388711785079977,166.5630561237931,0.00930474934571824,-0.4796885991450883,-552.1672171656974,-490.8896324583329,-0.25235127209706154,-1.147125322807101,0.6595284913251019,13:24,False,TW2_REJECT_VWAP_VETO,1,1.08481,1.0848101265822785,-0.7226039783001809,FORCED_LIQUIDATION,96.0,2026-09-18T13:24:00+09:00,2026-09-18T15:00:00+09:00,False,False,False,True,True
