date,at,flag_at,direction,flag_ord,idx,flag_idx,approved,reason,base_approved,base_reason,tw2_cleared,slot,session,flat,held_symbol,forced,tq_score,tq_ok,teg_ok,entry_chop,chop_score,trend_ok,gap,gap_prev,gap_exp,gap_pct,e20_e50_pct,slope50,slope20,close_e20_pct,vwap_pct,vol_ratio,minute,approved_h50,reason_h50,solo_n,solo_net,solo_peak,solo_mae,solo_reason,solo_hold_min,solo_entry,solo_exit,solo_pp_fired,solo_h50_held
20260527,2026-05-27T10:27:00+09:00,2026-05-27T10:21:00+09:00,UP_RED,1,27,26,True,TIME_WINDOW_APPROVED,True,,True,1.0,MORNING,True,,,5,True,True,False,2,False,1022.6707363512378,571.7972456445,450.8734907067378,0.04531106496904022,0.09235531393643659,484.587267966941,1030.3082768050954,0.43366985510179323,0.5689887947794829,0.8493806962100772,10:27,True,TIME_WINDOW_APPROVED,1,3.961894,4.184449549390352,-0.19597101961477295,TIME_WINDOW_TP2_FULL,55.0,2026-05-27T10:27:00+09:00,2026-05-27T11:22:00+09:00,False,False
20260527,2026-05-27T12:00:00+09:00,2026-05-27T11:54:00+09:00,DOWN_BLUE,2,58,57,False,REJECT_LOW_QUALITY_SCORE,False,REJECT_LOW_QUALITY_SCORE,False,,,True,,,2,False,False,False,2,False,481.3472239408875,78.94075243922998,402.4064715016575,0.020552827666135247,-1.22308214375245,-2030.5384933794849,-2221.432555906009,-0.9010934791250121,-3.211702683435895,0.5144150023930731,12:00,False,REJECT_LOW_QUALITY_SCORE,1,0.639333,2.618971507991661,-0.2636553161917998,TIME_WINDOW_PROFIT_LOCK_STOP,24.0,2026-05-27T12:00:00+09:00,2026-05-27T12:24:00+09:00,False,False
20260527,2026-05-27T13:57:00+09:00,2026-05-27T13:51:00+09:00,UP_RED,3,97,96,False,TW2_3SLOT_REJECT_TEG,False,REJECT_TIME_WINDOW,True,2.0,AFTERNOON,True,,,5,True,False,False,2,False,1613.0254446198705,1001.1150559714879,611.9103886483826,0.06976753653200132,-0.037210115806822375,128.55237363325432,422.0874769962393,0.17343559824681526,1.4127367307628613,0.662931687777417,13:57,False,TW2_3SLOT_REJECT_TEG,1,-1.515037,0.0,-1.735573659198914,TIME_WINDOW_STOP_LOSS,6.0,2026-05-27T13:57:00+09:00,2026-05-27T14:03:00+09:00,False,False
20260527,2026-05-27T14:09:00+09:00,2026-05-27T14:03:00+09:00,DOWN_BLUE,4,101,100,False,REJECT_MACD_GAP_NOT_EXPANDING,False,REJECT_MACD_GAP_NOT_EXPANDING,False,,,True,,,4,True,False,False,2,True,17.121964287279297,201.7506862341961,-184.6287219469168,0.0007450811265134594,0.1319181594849719,363.1349826748483,617.4029232179746,0.25523619541211023,-0.7786831679730181,0.7951188248001287,14:09,False,REJECT_MACD_GAP_NOT_EXPANDING,1,0.339795,3.778630499503804,0.0,TIME_WINDOW_PROFIT_LOCK_STOP,18.0,2026-05-27T14:09:00+09:00,2026-05-27T14:27:00+09:00,False,False
20260527,2026-05-27T14:33:00+09:00,2026-05-27T14:27:00+09:00,UP_RED,5,109,108,False,TW2_3SLOT_REJECT_TEG,False,REJECT_TIME_WINDOW,True,2.0,AFTERNOON,True,,,3,True,False,True,3,False,763.5127807334638,697.1826546528155,66.33012608064837,0.033384905147943324,-0.31728582349990686,-557.488914155867,-673.9106961451471,-0.27993666870913714,0.28930639582681794,0.7691535462713538,14:33,False,TW2_3SLOT_REJECT_TEG,1,-2.750148,0.501130631414159,-2.750147851800313,TIME_WINDOW_STOP_LOSS,15.0,2026-05-27T14:33:00+09:00,2026-05-27T14:48:00+09:00,False,False
20260527,2026-05-27T14:51:00+09:00,2026-05-27T14:45:00+09:00,DOWN_BLUE,6,115,114,False,TW2_3SLOT_REJECT_OUTSIDE_WINDOW,False,REJECT_TIME_WINDOW,True,,,True,,,5,True,True,True,3,True,1534.195904713807,110.58267143081594,1423.6132332829911,0.06803529510925974,0.4571141105454556,1646.2929143812507,3160.65823258413,1.331541162286049,1.0937511974352336,2.915560532728144,14:51,False,TW2_3SLOT_REJECT_OUTSIDE_WINDOW,0,,,,,,,,,
20260528,2026-05-28T09:27:00+09:00,2026-05-28T09:21:00+09:00,UP_RED,1,133,132,True,TIME_WINDOW_APPROVED,True,,True,1.0,MORNING,True,,,5,True,False,False,2,False,2577.8151937295297,397.34304744430847,2180.4721462852212,0.11497837616991657,-1.1550300212071238,-829.4717775820754,586.7067920728587,0.2486045729122594,1.7579341124684278,0.9530512004612702,09:27,True,TIME_WINDOW_APPROVED,1,3.904571,4.085316455696202,-0.7226401446654611,TIME_WINDOW_TP2_FULL,15.0,2026-05-28T09:27:00+09:00,2026-05-28T09:42:00+09:00,False,False
20260528,2026-05-28T10:30:00+09:00,2026-05-28T10:24:00+09:00,DOWN_BLUE,2,154,153,False,TW2_REJECT_VWAP_VETO,True,,False,,,True,,,4,True,False,False,2,False,1659.1005584089835,803.752620786755,855.3479376222285,0.07321714732608046,-0.07057332490490287,163.8595084133558,590.9209998394363,0.2477382832513185,-1.362710498739409,0.9757340860260353,10:30,False,TW2_REJECT_VWAP_VETO,1,8.176792,8.176792452830188,-0.4986163522012579,TIME_WINDOW_TP2_FULL,129.0,2026-05-28T10:30:00+09:00,2026-05-28T12:39:00+09:00,False,False
20260528,2026-05-28T11:06:00+09:00,2026-05-28T11:00:00+09:00,UP_RED,3,166,165,True,TIME_WINDOW_APPROVED,True,,True,2.0,AFTERNOON,True,,,5,True,True,True,3,False,850.9877914747846,278.9515630587316,572.036228416053,0.037455448568432415,-0.08110289921388474,240.1160137988627,813.2105482323095,0.3400308190231723,1.479095868122001,0.5310933895167426,11:06,True,TIME_WINDOW_APPROVED,1,-1.317705,0.0,-1.3177048605018424,TIME_WINDOW_STOP_LOSS,9.0,2026-05-28T11:06:00+09:00,2026-05-28T11:15:00+09:00,False,False
20260528,2026-05-28T11:18:00+09:00,2026-05-28T11:12:00+09:00,DOWN_BLUE,4,170,169,False,TW2_3SLOT_REJECT_TEG,True,,True,3.0,AFTERNOON,True,,,4,True,False,True,3,True,746.7591500191361,43.28106195088117,703.4780880682549,0.03317455131137877,0.12357502541838272,568.5366870160215,1173.4184220763855,0.4952232345501983,-0.519219021563837,0.5014342462751611,11:18,False,TW2_3SLOT_REJECT_TEG,1,-1.298388,0.15784252944823313,-1.2983880967141972,TIME_WINDOW_STOP_LOSS,21.0,2026-05-28T11:18:00+09:00,2026-05-28T11:39:00+09:00,False,False
20260528,2026-05-28T11:36:00+09:00,2026-05-28T11:30:00+09:00,UP_RED,5,176,175,False,TW2_3SLOT_REJECT_SAME_DIRECTION_AFTERNOON_2ND,True,,True,,AFTERNOON,True,,,5,True,False,True,3,False,535.9632832587945,70.00334457089957,465.9599386878949,0.023652395554227473,-0.11301628733238753,88.53194186883047,497.8928049202077,0.20873705413675842,1.1646721142397474,0.45006580848126865,11:36,False,REJECT_LOW_QUALITY_SCORE,1,-1.676023,0.0,-1.6760225669957687,TIME_WINDOW_STOP_LOSS,12.0,2026-05-28T11:36:00+09:00,2026-05-28T11:48:00+09:00,False,False
20260528,2026-05-28T11:48:00+09:00,2026-05-28T11:42:00+09:00,DOWN_BLUE,6,180,179,False,TW2_3SLOT_REJECT_TEG,True,,True,3.0,AFTERNOON,True,,,4,True,False,False,1,True,553.8878693447266,225.4099308295181,328.4779385152085,0.024595376081026937,0.14452982333672382,434.61043847491965,778.2256969576702,0.3282923677219508,-0.5260344919026666,0.5176943951068352,11:48,False,TW2_3SLOT_REJECT_TEG,1,4.097905,4.097905113986445,-1.3216882316697474,TIME_WINDOW_AFTERNOON_TP,47.0,2026-05-28T11:48:00+09:00,2026-05-28T12:35:00+09:00,False,False
20260528,2026-05-28T13:33:00+09:00,2026-05-28T13:27:00+09:00,UP_RED,7,215,214,False,TW2_REJECT_VWAP_VETO,False,REJECT_TIME_WINDOW,False,,,True,,,3,True,False,False,2,False,2425.3680580091277,511.07391201432256,1914.2941459948051,0.1104951279275229,-1.1387300382734855,-772.2940249382518,639.3600767492317,0.27671620633784083,-1.3997732590239809,0.8477122389638898,13:33,False,TW2_REJECT_VWAP_VETO,1,0.726796,2.170467502850627,0.0,TIME_WINDOW_PROFIT_LOCK_STOP,9.0,2026-05-28T13:33:00+09:00,2026-05-28T13:42:00+09:00,False,False
20260529,2026-05-29T09:42:00+09:00,2026-05-29T09:36:00+09:00,DOWN_BLUE,1,264,263,True,TIME_WINDOW_APPROVED,True,,True,1.0,MORNING,True,,,3,True,False,False,2,False,1968.973169123059,403.724470343499,1565.24869877956,0.08367926770603737,-1.939088640840826,-2734.1927064750344,-2248.5226936470717,-0.9078183421016307,-0.014615899612321268,0.3350736774861161,09:42,True,TIME_WINDOW_APPROVED,1,2.130454,3.450343878954608,-0.8461485557083906,TIME_WINDOW_AFTER_TP1_STOP,24.0,2026-05-29T09:42:00+09:00,2026-05-29T10:06:00+09:00,False,False
20260529,2026-05-29T12:06:00+09:00,2026-05-29T12:00:00+09:00,UP_RED,2,312,311,False,TW2_REJECT_VWAP_VETO,True,,False,,,True,,,4,True,False,False,2,False,1276.224543273369,320.5951530168695,955.6293902564994,0.05512848999021032,-0.11712837588174779,114.20271761110052,579.9461561199278,0.23799086320254204,-1.0935483908243968,0.9798782432638572,12:06,False,REJECT_LOW_QUALITY_SCORE,1,-1.433468,0.6825268817204302,-1.433467741935484,TIME_WINDOW_STOP_LOSS,141.0,2026-05-29T12:06:00+09:00,2026-05-29T14:27:00+09:00,False,False
20260529,2026-05-29T13:12:00+09:00,2026-05-29T13:06:00+09:00,DOWN_BLUE,3,334,333,True,TIME_WINDOW_APPROVED,False,REJECT_TIME_WINDOW,True,2.0,AFTERNOON,True,,,5,True,True,False,2,True,518.6417593438481,218.46765371182988,300.1741056320182,0.02246174791441525,0.0009150156022028109,201.95446661114693,518.6059707081877,0.21337188054243206,1.2330423809816229,1.6774431072965323,13:12,True,TIME_WINDOW_APPROVED,1,1.591359,1.7891160949868077,-1.3756596306068603,FORCED_LIQUIDATION,108.0,2026-05-29T13:12:00+09:00,2026-05-29T15:00:00+09:00,False,False
20260529,2026-05-29T13:36:00+09:00,2026-05-29T13:30:00+09:00,UP_RED,4,342,341,False,TW2_3SLOT_REJECT_TEG,False,REJECT_TIME_WINDOW,True,3.0,AFTERNOON,False,0197X0,,4,True,False,False,2,True,789.4175360227792,123.28066815143069,666.1368678713486,0.03396805232456021,0.018301312854311552,402.40874130744487,993.020173820667,0.40592476984911974,-0.5451480041949816,2.389322424883352,13:36,False,TW2_3SLOT_REJECT_TEG,1,-1.394612,0.24451137884872826,-1.3946117804551539,TIME_WINDOW_STOP_LOSS,45.0,2026-05-29T13:36:00+09:00,2026-05-29T14:21:00+09:00,False,False
20260529,2026-05-29T14:03:00+09:00,2026-05-29T13:57:00+09:00,DOWN_BLUE,5,351,350,False,TW2_3SLOT_REJECT_SAME_DIRECTION_AFTERNOON_2ND,False,REJECT_TIME_WINDOW,True,,AFTERNOON,True,,,5,True,False,True,3,False,334.4700198849007,273.6561162999476,60.813903584953096,0.014441710703147698,-0.04898771557382698,-24.84155036136508,55.3618430364877,0.02270887343895369,0.8533592244818056,0.9118603124992021,14:03,False,TW2_3SLOT_REJECT_SAME_DIRECTION_AFTERNOON_2ND,1,1.89388,2.0922262652993715,-0.28838901753225277,FORCED_LIQUIDATION,57.0,2026-05-29T14:03:00+09:00,2026-05-29T15:00:00+09:00,False,False
20260601,2026-06-01T09:21:00+09:00,2026-06-01T09:15:00+09:00,DOWN_BLUE,1,383,382,True,TIME_WINDOW_APPROVED,True,,True,1.0,MORNING,True,,,5,True,True,False,2,True,1083.3048460869522,327.44816301465426,755.856683072298,0.04703885567029754,0.00010342667990574823,410.6329315123148,1058.7499900646508,0.4367401174820808,0.5246940336980941,1.2187862421589957,09:21,True,TIME_WINDOW_APPROVED,1,-1.305291,0.10706539599079855,-1.3052908314163654,TIME_WINDOW_STOP_LOSS,18.0,2026-06-01T09:21:00+09:00,2026-06-01T09:39:00+09:00,False,False
20260601,2026-06-01T09:42:00+09:00,2026-06-01T09:36:00+09:00,UP_RED,2,390,389,True,TIME_WINDOW_APPROVED,True,,True,2.0,MORNING,True,,,5,True,True,True,3,True,1455.0323068934144,683.245209851608,771.7870970418064,0.06244773849327959,0.06392524041247438,650.8114126180299,1521.6233165822923,0.6204043565464482,0.6321029971379835,0.9187098871478591,09:42,True,TIME_WINDOW_APPROVED,1,4.049834,5.778942115768464,-1.1706919494344645,PP_EXIT,102.0,2026-06-01T09:42:00+09:00,2026-06-01T11:24:00+09:00,True,False
20260601,2026-06-01T11:27:00+09:00,2026-06-01T11:21:00+09:00,DOWN_BLUE,3,425,424,False,REJECT_LOW_QUALITY_SCORE,False,REJECT_LOW_QUALITY_SCORE,False,,,True,,,3,True,False,False,2,False,1301.7016903654967,735.6473205216807,566.054369843816,0.05462449393057057,-0.8719751926930993,-1158.5579316914082,-800.578998375684,-0.31915654572243973,-1.7558362196533097,0.5812612624919036,11:27,False,REJECT_LOW_QUALITY_SCORE,1,0.119609,1.7267389024816497,-0.4743795875567983,TIME_WINDOW_BREAKEVEN_STOP,45.0,2026-06-01T11:27:00+09:00,2026-06-01T12:12:00+09:00,False,False
20260601,2026-06-01T13:21:00+09:00,2026-06-01T13:15:00+09:00,UP_RED,4,463,462,False,TW2_3SLOT_REJECT_TEG,False,REJECT_TIME_WINDOW,True,3.0,AFTERNOON,True,,,5,True,False,False,2,False,668.6571147532404,180.17638473646002,488.4807300167804,0.028249138772844972,-0.004244968585530709,107.10973070189357,286.80703248502687,0.1151105538069026,0.7983742403631573,0.6368294792110862,13:21,False,TW2_3SLOT_REJECT_TEG,1,-1.429185,1.4750605326876511,-1.8971105730427766,TIME_WINDOW_STOP_LOSS,72.0,2026-06-01T13:21:00+09:00,2026-06-01T14:33:00+09:00,False,False
20260601,2026-06-01T14:15:00+09:00,2026-06-01T14:09:00+09:00,DOWN_BLUE,5,481,480,False,TW2_3SLOT_REJECT_TEG,False,REJECT_TIME_WINDOW,True,3.0,AFTERNOON,True,,,4,True,False,False,2,False,491.512878366701,33.751237850347025,457.76164051635396,0.020738940015472617,-0.1486568465988635,-18.857144582550973,322.2281286441721,0.1291631739292852,-0.7970670388713406,0.9259125838066165,14:15,False,TW2_3SLOT_REJECT_TEG,1,0.323948,2.220979986197378,-0.6418219461697723,TIME_WINDOW_PROFIT_LOCK_STOP,27.0,2026-06-01T14:15:00+09:00,2026-06-01T14:42:00+09:00,False,False
20260601,2026-06-01T14:54:00+09:00,2026-06-01T14:48:00+09:00,UP_RED,6,494,493,False,TW2_3SLOT_REJECT_OUTSIDE_WINDOW,False,REJECT_TIME_WINDOW,True,,,True,,,5,True,False,True,4,False,467.48799023559377,226.45150936355367,241.0364808720401,0.019775295695245082,-0.08161837844764687,-69.39598130295053,24.132307851221412,0.009697839449370176,0.5103823102701204,0.8450140099653046,14:54,False,TW2_3SLOT_REJECT_OUTSIDE_WINDOW,0,,,,,,,,,
20260602,2026-06-02T09:12:00+09:00,2026-06-02T09:06:00+09:00,DOWN_BLUE,1,506,505,False,REJECT_MACD_GAP_NOT_EXPANDING,False,REJECT_MACD_GAP_NOT_EXPANDING,False,,,True,,,5,True,False,False,0,True,4447.419306487009,4968.091416523531,-520.6721100365221,0.18941308801051995,0.14038889911690144,679.3778504608199,1405.0974721079692,0.5685019584764526,0.12679308645011353,2.8627119780146124,09:12,False,REJECT_MACD_GAP_NOT_EXPANDING,1,-2.865574,2.7858815657410507,-2.865573770491803,TIME_WINDOW_STOP_LOSS,21.0,2026-06-02T09:12:00+09:00,2026-06-02T09:33:00+09:00,False,False
20260602,2026-06-02T09:39:00+09:00,2026-06-02T09:33:00+09:00,UP_RED,2,515,514,True,TIME_WINDOW_APPROVED,True,,True,1.0,MORNING,True,,,5,True,False,False,2,False,2937.8115807682416,2047.7542089736253,890.0573717946163,0.12437813635767322,-0.2831275300751302,180.66076196962968,1169.8590451190248,0.4705190909666046,0.7314861313651568,0.6687000033249751,09:39,True,TIME_WINDOW_APPROVED,1,-1.529841,0.20451792437387462,-1.529841217875266,TIME_WINDOW_STOP_LOSS,6.0,2026-06-02T09:39:00+09:00,2026-06-02T09:45:00+09:00,False,False
20260602,2026-06-02T09:54:00+09:00,2026-06-02T09:48:00+09:00,DOWN_BLUE,3,520,519,True,TIME_WINDOW_APPROVED,True,,True,2.0,MORNING,True,,,5,True,True,False,2,True,1105.1085565209696,19.800247001965545,1085.308309519004,0.04757247337584889,0.37391496727716544,1264.1047199126333,2345.739047158975,0.9592992229017321,0.9070534996799912,0.4907471321040002,09:54,True,TIME_WINDOW_APPROVED,1,-2.220197,2.105704918032787,-2.2201967213114755,TIME_WINDOW_STOP_LOSS,39.0,2026-06-02T09:54:00+09:00,2026-06-02T10:33:00+09:00,False,False
20260602,2026-06-02T10:21:00+09:00,2026-06-02T10:15:00+09:00,UP_RED,4,529,528,True,TIME_WINDOW_APPROVED,True,,True,3.0,MORNING,False,0197X0,,3,True,False,True,3,False,1080.906945840783,124.24479119217904,956.662154648604,0.046490621326485286,-0.6470613039468806,-660.40733586438,-119.55835914891213,-0.048851802662976326,-0.5177500761404532,0.567635776780626,10:21,False,REJECT_LOW_QUALITY_SCORE,1,0.128908,1.661253369272237,-0.9824460916442047,EARLY_TAKE_PROFIT,18.0,2026-06-02T10:21:00+09:00,2026-06-02T10:39:00+09:00,False,False
20260602,2026-06-02T10:51:00+09:00,2026-06-02T10:45:00+09:00,DOWN_BLUE,5,539,538,False,TW2_3SLOT_REJECT_DAILY_SLOT_CAP,True,,True,,MORNING,True,,,5,True,True,False,2,True,951.2097990945713,45.77227340228728,905.437525692284,0.041410962085092345,0.6111807005441616,1465.0422865445726,2300.4963504048064,0.9514460308596688,1.603878116621157,0.9573816795072817,10:51,True,TIME_WINDOW_APPROVED,1,-1.605419,2.4250322580645163,-1.6054193548387097,TIME_WINDOW_STOP_LOSS,42.0,2026-06-02T10:51:00+09:00,2026-06-02T11:33:00+09:00,False,False
20260602,2026-06-02T11:24:00+09:00,2026-06-02T11:18:00+09:00,UP_RED,6,550,549,False,TW2_3SLOT_REJECT_DAILY_SLOT_CAP,True,,True,,AFTERNOON,True,,,4,True,False,False,2,False,2449.6670537008886,1553.4984551797352,896.1685985211534,0.10623014109717643,-0.7291693919964082,-499.3854137468152,482.07405711943284,0.1985994597845844,-0.9386830971145556,1.3373055701323115,11:24,False,TW2_3SLOT_REJECT_DAILY_SLOT_CAP,1,0.201406,2.5670039444349166,-0.07281769850797462,TIME_WINDOW_PROFIT_LOCK_STOP,45.0,2026-06-02T11:24:00+09:00,2026-06-02T12:09:00+09:00,False,False
20260602,2026-06-02T12:12:00+09:00,2026-06-02T12:06:00+09:00,DOWN_BLUE,7,566,565,False,TW2_3SLOT_REJECT_DAILY_SLOT_CAP,True,,True,,AFTERNOON,True,,,5,True,False,False,2,True,962.5388344005462,99.95756274098107,862.5812716595651,0.04179499932264638,0.19643957089105823,577.8137595583685,1013.9403991112486,0.41825591800075235,1.0210279314949966,0.9707618645319839,12:12,False,TW2_3SLOT_REJECT_DAILY_SLOT_CAP,1,-1.220685,1.2669036845507435,-1.2206851971557855,TIME_WINDOW_STOP_LOSS,111.0,2026-06-02T12:12:00+09:00,2026-06-02T14:03:00+09:00,False,False
20260602,2026-06-02T12:51:00+09:00,2026-06-02T12:45:00+09:00,UP_RED,8,579,578,False,TW2_REJECT_VWAP_VETO,True,,False,,,True,,,4,True,False,False,2,False,651.5321165549012,441.1539103093555,210.3782062455457,0.028327483328473967,-0.3351722608437438,-346.7911968403496,-82.88656033482403,-0.03423575318173465,-1.0445820526323246,1.3055361867439583,12:51,False,REJECT_LOW_QUALITY_SCORE,1,-1.29179,0.3906904843696325,-1.2917897629680521,TIME_WINDOW_STOP_LOSS,33.0,2026-06-02T12:51:00+09:00,2026-06-02T13:24:00+09:00,False,False
20260602,2026-06-02T13:21:00+09:00,2026-06-02T13:15:00+09:00,DOWN_BLUE,9,589,588,False,TW2_3SLOT_REJECT_DAILY_SLOT_CAP,False,REJECT_TIME_WINDOW,True,,AFTERNOON,True,,,5,True,True,False,1,True,137.29393512398337,34.11625213893558,103.1776829850478,0.005992751424006258,0.31600205722746255,526.315625407733,595.2763885706663,0.24684092935041776,1.3675258478831709,0.6837591008530783,13:21,False,TW2_3SLOT_REJECT_DAILY_SLOT_CAP,1,-1.310119,0.4558946353999357,-1.4385480244137487,TIME_WINDOW_STOP_LOSS,39.0,2026-06-02T13:21:00+09:00,2026-06-02T14:00:00+09:00,False,False
20260602,2026-06-02T13:36:00+09:00,2026-06-02T13:30:00+09:00,UP_RED,10,594,593,False,REJECT_MACD_GAP_NOT_EXPANDING,False,REJECT_MACD_GAP_NOT_EXPANDING,False,,,True,,,2,False,False,True,3,False,153.94472823606202,274.62886022377415,-120.68413198771214,0.006722477215548559,-0.3044761257900299,-476.4402920170687,-494.76672356110066,-0.2052525709096269,-1.3792749630577366,0.8394490275859494,13:36,False,REJECT_MACD_GAP_NOT_EXPANDING,1,4.069001,4.069001386962552,-0.5406033287101248,TIME_WINDOW_AFTERNOON_TP,58.0,2026-06-02T13:36:00+09:00,2026-06-02T14:34:00+09:00,False,False
20260602,2026-06-02T13:42:00+09:00,2026-06-02T13:36:00+09:00,DOWN_BLUE,11,596,595,False,REJECT_NOT_CONFIRMED,False,REJECT_NOT_CONFIRMED,False,,,True,,,4,True,False,False,1,True,-103.47043122187188,93.4454262905765,-196.91585751244838,-0.004514416719976958,0.30370969167795925,356.7601465336047,187.32604808500037,0.07764386809812972,1.2832217837819788,0.7526794823876436,13:42,False,REJECT_NOT_CONFIRMED,1,-1.465813,0.0,-1.4658130601792574,TIME_WINDOW_STOP_LOSS,15.0,2026-06-02T13:42:00+09:00,2026-06-02T13:57:00+09:00,False,False
20260602,2026-06-02T13:45:00+09:00,2026-06-02T13:39:00+09:00,UP_RED,12,597,596,False,REJECT_MACD_GAP_NOT_EXPANDING,False,REJECT_MACD_GAP_NOT_EXPANDING,False,,,True,,,2,False,False,True,3,False,57.76889421957685,103.47043122187188,-45.70153700229503,0.002523761215359408,-0.30387982873196434,-460.4166113752872,-455.1997577911243,-0.18892082564517296,-1.4079178972011894,0.6730217240233254,13:45,False,REJECT_MACD_GAP_NOT_EXPANDING,1,4.123192,4.123191673894189,-0.08999132697311361,TIME_WINDOW_AFTERNOON_TP,49.0,2026-06-02T13:45:00+09:00,2026-06-02T14:34:00+09:00,False,False
20260604,2026-06-04T09:39:00+09:00,2026-06-04T09:33:00+09:00,UP_RED,1,641,640,True,TIME_WINDOW_APPROVED,True,,True,1.0,MORNING,True,,,5,True,False,False,2,False,1920.035256382621,1098.5484519882393,821.4868043943816,0.0828315468672399,-0.10966610240043285,207.86191927734762,803.650239571929,0.3293648522836377,1.2413973767351159,0.810442518288952,09:39,True,TIME_WINDOW_APPROVED,1,-2.107037,0.0,-2.1070374766830593,TIME_WINDOW_STOP_LOSS,12.0,2026-06-04T09:39:00+09:00,2026-06-04T09:51:00+09:00,False,False
20260604,2026-06-04T09:57:00+09:00,2026-06-04T09:51:00+09:00,DOWN_BLUE,2,647,646,True,TIME_WINDOW_APPROVED,True,,True,2.0,MORNING,True,,,5,True,True,False,2,True,1055.2170927871684,180.69807713440514,874.5190156527633,0.04613979417521506,0.204017235327082,954.9195606005378,1971.5426381877623,0.8189617430163318,0.21682421924290812,0.5562938532673716,09:57,True,TIME_WINDOW_APPROVED,1,-1.398085,0.03766358123204597,-1.398084902649218,TIME_WINDOW_STOP_LOSS,15.0,2026-06-04T09:57:00+09:00,2026-06-04T10:12:00+09:00,False,False
20260604,2026-06-04T10:36:00+09:00,2026-06-04T10:30:00+09:00,UP_RED,3,660,659,True,TIME_WINDOW_APPROVED,True,,True,3.0,MORNING,True,,,5,True,False,True,3,False,1804.474796547148,540.2029881982171,1264.2718083489308,0.07814962306397348,-0.2857486683901943,239.27727144630626,1311.6031477442011,0.5396375012373485,0.7377261094368915,1.0369707461635516,10:36,True,TIME_WINDOW_APPROVED,1,-1.885577,0.25204448246364414,-1.8855774165953805,TIME_WINDOW_STOP_LOSS,9.0,2026-06-04T10:36:00+09:00,2026-06-04T10:45:00+09:00,False,False
20260604,2026-06-04T10:57:00+09:00,2026-06-04T10:51:00+09:00,DOWN_BLUE,4,667,666,False,TW2_3SLOT_REJECT_DAILY_SLOT_CAP,True,,True,,MORNING,True,,,5,True,True,False,2,True,432.3590854811837,208.1084753316104,224.25061014957328,0.01892990742036706,0.30794138049383873,651.8024836513214,940.6083914716728,0.39123378804645903,0.3543240344883372,0.47347374033591044,10:57,False,TW2_3SLOT_REJECT_DAILY_SLOT_CAP,1,-1.401344,1.605312,-1.401344,TIME_WINDOW_STOP_LOSS,72.0,2026-06-04T10:57:00+09:00,2026-06-04T12:09:00+09:00,False,False
20260604,2026-06-04T11:30:00+09:00,2026-06-04T11:24:00+09:00,UP_RED,5,678,677,False,TW2_3SLOT_REJECT_DAILY_SLOT_CAP,True,,True,,AFTERNOON,True,,,4,True,False,False,2,False,1003.3950980524833,481.96086501182435,521.4342330406589,0.04393148415291083,-0.4010236358234982,-322.9723361819051,131.21659007994458,0.054577828623434355,-0.27618546670350524,0.6932937543562062,11:30,False,REJECT_LOW_QUALITY_SCORE,1,0.955711,2.698657367044464,-0.17715780296425457,TIME_WINDOW_PROFIT_LOCK_STOP,78.0,2026-06-04T11:30:00+09:00,2026-06-04T12:48:00+09:00,False,False
20260604,2026-06-04T12:48:00+09:00,2026-06-04T12:42:00+09:00,DOWN_BLUE,6,704,703,False,TW2_3SLOT_REJECT_DAILY_SLOT_CAP,True,,True,,AFTERNOON,True,,,4,True,False,False,2,False,1198.6396941363741,473.9516307501963,724.6880633861779,0.052251076466276115,-0.129215466942043,129.8325960142538,646.8527804212645,0.26787713225805077,-0.10206545579663592,0.7002329187335128,12:48,False,REJECT_LOW_QUALITY_SCORE,1,-1.473793,0.6823567289117837,-1.4737926593689632,TIME_WINDOW_STOP_LOSS,78.0,2026-06-04T12:48:00+09:00,2026-06-04T14:06:00+09:00,False,False
20260604,2026-06-04T13:45:00+09:00,2026-06-04T13:39:00+09:00,UP_RED,7,723,722,False,TW2_3SLOT_REJECT_DAILY_SLOT_CAP,False,REJECT_TIME_WINDOW,True,,AFTERNOON,True,,,5,True,False,True,3,False,338.63527703687805,5.779821552711837,332.8554554841662,0.014736086903258401,-0.026893615831229498,98.3489780430682,318.6910793525167,0.13174783524145672,0.2671745898951944,0.8962253387428748,13:45,False,TW2_3SLOT_REJECT_DAILY_SLOT_CAP,1,-0.434615,1.3573866574728495,-1.2099982761592827,FORCED_LIQUIDATION,75.0,2026-06-04T13:45:00+09:00,2026-06-04T15:00:00+09:00,False,False
20260604,2026-06-04T14:24:00+09:00,2026-06-04T14:18:00+09:00,DOWN_BLUE,8,736,735,False,TW2_3SLOT_REJECT_DAILY_SLOT_CAP,False,REJECT_TIME_WINDOW,True,,AFTERNOON,True,,,3,True,False,True,3,False,212.4987053899381,115.04854229631678,97.45016309362131,0.009239074147388613,-0.07290180903770355,-76.92689906200394,-21.891307279467583,-0.009042061702429277,-0.3185058892923641,0.9931113272085575,14:24,False,TW2_3SLOT_REJECT_DAILY_SLOT_CAP,1,0.26471,1.103032258064516,-0.7993548387096774,FORCED_LIQUIDATION,36.0,2026-06-04T14:24:00+09:00,2026-06-04T15:00:00+09:00,False,False
20260604,2026-06-04T14:45:00+09:00,2026-06-04T14:39:00+09:00,UP_RED,9,743,742,False,TW2_3SLOT_REJECT_DAILY_SLOT_CAP,False,REJECT_TIME_WINDOW,True,,AFTERNOON,True,,,5,True,True,False,2,True,440.4524369298458,340.8922040498554,99.5602328799904,0.019108565593485716,0.08303813885285272,247.91108009265736,437.8728801799007,0.1804682152585981,0.5225319929258243,1.2155148949964678,14:45,False,TW2_3SLOT_REJECT_DAILY_SLOT_CAP,1,-1.27564,0.0,-1.4130995358432181,TIME_WINDOW_STOP_LOSS,9.0,2026-06-04T14:45:00+09:00,2026-06-04T14:54:00+09:00,False,False
20260604,2026-06-04T14:51:00+09:00,2026-06-04T14:45:00+09:00,DOWN_BLUE,10,745,744,False,TW2_3SLOT_REJECT_OUTSIDE_WINDOW,False,REJECT_TIME_WINDOW,True,,,True,,,5,True,False,False,1,False,932.3074163952932,167.8584794791061,764.4489369161871,0.04072990023570525,-0.03583853946398177,383.2239510565996,1074.6664178119972,0.44601708035000637,0.1760721048941028,1.655260541600456,14:51,False,TW2_3SLOT_REJECT_OUTSIDE_WINDOW,0,,,,,,,,,
20260605,2026-06-05T09:45:00+09:00,2026-06-05T09:39:00+09:00,UP_RED,1,769,768,True,TIME_WINDOW_APPROVED,True,,True,1.0,MORNING,True,,,2,False,False,False,2,False,2335.708650449509,610.2491961119667,1725.4594543375424,0.11059226564628358,-2.919123351511415,-4071.6863668099977,-4010.992716097273,-1.8041870645323248,-0.24569899694864622,0.8832374735744329,09:45,True,TIME_WINDOW_APPROVED,1,-1.635711,0.4251958762886598,-1.6357113402061856,TIME_WINDOW_STOP_LOSS,6.0,2026-06-05T09:45:00+09:00,2026-06-05T09:51:00+09:00,False,False
20260605,2026-06-05T11:48:00+09:00,2026-06-05T11:42:00+09:00,DOWN_BLUE,2,810,809,False,TW2_REJECT_VWAP_VETO,True,,False,,,True,,,3,True,False,False,2,False,1445.082544673769,489.2979112558223,955.7846334179467,0.0668710108594988,-0.04157850083227889,-58.478547065518796,-56.232947380281985,-0.024720638598350327,-1.7083750515853127,0.7792348366356193,11:48,False,REJECT_LOW_QUALITY_SCORE,1,4.093995,4.0939953810623555,-0.522863741339492,TIME_WINDOW_AFTERNOON_TP,64.0,2026-06-05T11:48:00+09:00,2026-06-05T12:52:00+09:00,False,False
20260605,2026-06-05T13:42:00+09:00,2026-06-05T13:36:00+09:00,UP_RED,3,848,847,False,TW2_3SLOT_REJECT_TEG,False,REJECT_TIME_WINDOW,True,2.0,AFTERNOON,True,,,4,True,False,False,2,False,1626.2027176795127,731.682606153372,894.5201115261407,0.0768526804196367,-0.6963899139915672,-493.1985061271116,279.18391367793083,0.12534249432610314,-0.4165829399310633,1.2329364448297622,13:42,False,TW2_3SLOT_REJECT_TEG,1,-0.193032,1.9499072356215212,-0.666955266955267,TIME_WINDOW_BREAKEVEN_STOP,66.0,2026-06-05T13:42:00+09:00,2026-06-05T14:48:00+09:00,False,False
20260605,2026-06-05T14:51:00+09:00,2026-06-05T14:45:00+09:00,DOWN_BLUE,4,871,870,False,TW2_3SLOT_REJECT_OUTSIDE_WINDOW,False,REJECT_TIME_WINDOW,True,,,True,,,5,True,True,False,1,True,853.4527409448925,62.7529795975056,790.6997613473869,0.0405440732040329,0.24414580465582,668.9175486410968,1184.1274477583356,0.5344043113398996,0.8961844320564019,1.609275786529083,14:51,False,TW2_3SLOT_REJECT_OUTSIDE_WINDOW,0,,,,,,,,,
20260608,2026-06-08T10:33:00+09:00,2026-06-08T10:27:00+09:00,DOWN_BLUE,1,917,916,False,REJECT_MACD_GAP_NOT_EXPANDING,False,REJECT_MACD_GAP_NOT_EXPANDING,False,,,True,,,3,True,False,False,2,True,806.4078736955144,1178.2467704657267,-371.8388967702124,0.04108038072824831,1.081864505393646,732.7713498640805,-345.69496518024243,-0.16730016144730295,-0.3206612420215715,0.582754212885687,10:33,False,REJECT_MACD_GAP_NOT_EXPANDING,1,-1.433657,0.13398058252427184,-1.4336569579288025,TIME_WINDOW_STOP_LOSS,9.0,2026-06-08T10:33:00+09:00,2026-06-08T10:42:00+09:00,False,False
20260608,2026-06-08T10:48:00+09:00,2026-06-08T10:42:00+09:00,UP_RED,2,922,921,True,TIME_WINDOW_APPROVED,True,,True,1.0,MORNING,True,,,5,True,True,True,3,False,2101.9887157135045,1512.7967425252264,589.1919731882781,0.10605392107535341,-0.7308015756243365,110.6383152436465,1810.0132581412327,0.8675643770101126,1.2133495560125032,1.1049387253615046,10:48,True,TIME_WINDOW_APPROVED,1,3.911,4.061098076020647,-1.0515720319099016,TIME_WINDOW_TP2_FULL,16.0,2026-06-08T10:48:00+09:00,2026-06-08T11:04:00+09:00,False,False
20260608,2026-06-08T12:03:00+09:00,2026-06-08T11:57:00+09:00,DOWN_BLUE,3,947,946,False,TW2_REJECT_VWAP_VETO,True,,False,,,True,,,4,True,False,False,2,False,3789.012155384382,1899.6120193619245,1889.4001360224574,0.18757485917744465,-0.9107325523573615,-360.16110976040363,1007.6684598410502,0.4739034835886934,-1.9887570534301144,0.5379916087969129,12:03,False,REJECT_LOW_QUALITY_SCORE,1,-1.223095,0.9114157658845242,-1.5129976272080148,TIME_WINDOW_STOP_LOSS,21.0,2026-06-08T12:03:00+09:00,2026-06-08T12:24:00+09:00,False,False
20260608,2026-06-08T14:33:00+09:00,2026-06-08T14:27:00+09:00,UP_RED,4,997,996,False,REJECT_MACD_GAP_NOT_EXPANDING,False,REJECT_MACD_GAP_NOT_EXPANDING,False,,,True,,,2,False,False,False,2,False,582.1935589629338,596.6684753910085,-14.474916428074721,0.02952299994741044,-0.6604902802554359,-1006.3870904666837,-1224.3805673471652,-0.5898385086104143,-0.6237182438941393,0.48595962525376074,14:33,False,REJECT_MACD_GAP_NOT_EXPANDING,1,-1.853648,0.0,-1.8536480686695278,TIME_WINDOW_STOP_LOSS,6.0,2026-06-08T14:33:00+09:00,2026-06-08T14:39:00+09:00,False,False
20260608,2026-06-08T14:42:00+09:00,2026-06-08T14:36:00+09:00,DOWN_BLUE,5,1000,999,True,TIME_WINDOW_APPROVED,False,REJECT_TIME_WINDOW,True,2.0,AFTERNOON,True,,,5,True,True,False,1,True,1228.2331234749618,454.643803817944,773.5893196570178,0.06298631402435702,0.7930073436392973,1723.382671870524,2816.7612905122805,1.3722683210187614,1.7056760417372263,1.8278344037715544,14:42,True,TIME_WINDOW_APPROVED,1,-0.04098,2.163872549019608,-0.7514705882352941,FORCED_LIQUIDATION,18.0,2026-06-08T14:42:00+09:00,2026-06-08T15:00:00+09:00,False,False
20260609,2026-06-09T09:39:00+09:00,2026-06-09T09:33:00+09:00,DOWN_BLUE,1,1111,1110,True,TIME_WINDOW_APPROVED,True,,True,1.0,MORNING,True,,,4,True,False,False,2,False,1982.8849993791591,1202.803695119237,780.081304259922,0.09796862645153949,-1.125281555744246,-1255.2795948632993,-839.8580406191759,-0.39420214357121897,0.8628310224112279,0.6740380094341053,09:39,True,TIME_WINDOW_APPROVED,1,4.227361,4.529747899159664,-1.5739495798319327,TIME_WINDOW_TP2_FULL,39.0,2026-06-09T09:39:00+09:00,2026-06-09T10:18:00+09:00,False,False
20260609,2026-06-09T10:39:00+09:00,2026-06-09T10:33:00+09:00,UP_RED,2,1131,1130,True,TIME_WINDOW_APPROVED,True,,True,2.0,MORNING,True,,,5,True,True,False,1,True,2486.2413637823374,1697.5159751741394,788.725388608198,0.12092613637073625,0.8112812944662989,1700.8517994736321,2630.6237550394144,1.215511949069808,0.9326863968520288,1.1400008249293656,10:39,True,TIME_WINDOW_APPROVED,1,-1.594069,0.6178358043815003,-1.7046691745961497,TIME_WINDOW_STOP_LOSS,60.0,2026-06-09T10:39:00+09:00,2026-06-09T11:39:00+09:00,False,False
20260609,2026-06-09T11:15:00+09:00,2026-06-09T11:09:00+09:00,DOWN_BLUE,3,1143,1142,False,TW2_REJECT_VWAP_VETO,True,,False,,,False,0193T0,,2,False,False,False,2,False,738.9088632071471,577.4924795399511,161.416383667196,0.03579984802360209,-0.9933316694553166,-1264.678976516705,-1103.3967649582773,-0.5078618830960612,-1.083007590179812,0.8538512532922438,11:15,False,REJECT_LOW_QUALITY_SCORE,1,0.143474,1.9236788321167886,-0.6153576642335766,TIME_WINDOW_BREAKEVEN_STOP,45.0,2026-06-09T11:15:00+09:00,2026-06-09T12:00:00+09:00,False,False
20260609,2026-06-09T12:12:00+09:00,2026-06-09T12:06:00+09:00,UP_RED,4,1162,1161,True,TIME_WINDOW_APPROVED,True,,True,3.0,AFTERNOON,True,,,5,True,True,False,1,True,461.9146563003046,45.23696097897164,416.677695321333,0.022357921408533623,0.539767379511805,841.725262488937,996.9131442378275,0.45840633447528367,1.0913428713768876,0.7433072839831746,12:12,True,TIME_WINDOW_APPROVED,1,4.234922,4.234922029431145,-0.28759059960465627,TIME_WINDOW_AFTERNOON_TP,27.0,2026-06-09T12:12:00+09:00,2026-06-09T12:39:00+09:00,False,False
20260609,2026-06-09T13:54:00+09:00,2026-06-09T13:48:00+09:00,DOWN_BLUE,5,1196,1195,False,TW2_REJECT_VWAP_VETO,False,REJECT_TIME_WINDOW,False,,,True,,,3,True,False,True,3,False,1361.0936104913126,8.883324305163114,1352.2102861861495,0.06301359307830151,-1.5994981140216284,-1790.4692495046183,-980.7723526312038,-0.43135821064794005,-4.167125804638352,0.9912471373675426,13:54,False,TW2_REJECT_VWAP_VETO,1,-3.194203,0.0,-3.1942028985507243,TIME_WINDOW_STOP_LOSS,9.0,2026-06-09T13:54:00+09:00,2026-06-09T14:03:00+09:00,False,False
20260609,2026-06-09T14:39:00+09:00,2026-06-09T14:33:00+09:00,UP_RED,6,1211,1210,False,TW2_3SLOT_REJECT_DAILY_SLOT_CAP,False,REJECT_TIME_WINDOW,True,,AFTERNOON,True,,,5,True,True,False,1,True,1724.0998559823147,959.0673985418271,765.0324574404876,0.07794303146393829,1.4494917064262252,2683.516252816189,3545.6201734570786,1.522757307768721,5.956511638858038,1.3144512024279151,14:39,False,TW2_3SLOT_REJECT_DAILY_SLOT_CAP,1,-1.509866,0.8047090873710839,-1.509865732632808,TIME_WINDOW_STOP_LOSS,15.0,2026-06-09T14:39:00+09:00,2026-06-09T14:54:00+09:00,False,False
20260610,2026-06-10T10:15:00+09:00,2026-06-10T10:09:00+09:00,UP_RED,1,1249,1248,True,TIME_WINDOW_APPROVED,True,,True,1.0,MORNING,True,,,3,True,False,False,2,False,1085.4670549211787,420.0706073164165,665.3964476047622,0.050913088879980244,-0.5127953184492481,-732.8064348967746,-739.0485753291287,-0.3293133895697883,-0.5330526179006282,0.5895019761172866,10:15,True,TIME_WINDOW_APPROVED,1,-1.393019,2.137720773759462,-1.3930193439865433,TIME_WINDOW_STOP_LOSS,36.0,2026-06-10T10:15:00+09:00,2026-06-10T10:51:00+09:00,False,False
20260610,2026-06-10T10:57:00+09:00,2026-06-10T10:51:00+09:00,DOWN_BLUE,2,1263,1262,True,TIME_WINDOW_APPROVED,True,,True,2.0,MORNING,True,,,5,True,True,False,1,True,565.3777157556178,423.47160441054893,141.9061113450689,0.02668134571758461,0.4910004248199154,933.1532099517062,1311.3636465147138,0.5879166890935179,1.029148315615761,0.6514487324392598,10:57,True,TIME_WINDOW_APPROVED,1,8.110563,8.110563380281691,0.0,TIME_WINDOW_TP2_FULL,160.0,2026-06-10T10:57:00+09:00,2026-06-10T13:37:00+09:00,False,False
20260610,2026-06-10T11:48:00+09:00,2026-06-10T11:42:00+09:00,UP_RED,3,1280,1279,False,TW2_REJECT_VWAP_VETO,True,,False,,,False,0197X0,,3,True,False,False,2,False,2089.184950245959,1006.9911263932536,1082.1938238527055,0.09948499763075995,-0.9043302523660517,-690.3394495481625,218.6967142908834,0.09893422789335074,-1.481232795446886,0.788700208514469,11:48,False,TW2_REJECT_VWAP_VETO,1,-1.434006,1.1022337887659943,-1.434005638690089,TIME_WINDOW_STOP_LOSS,48.0,2026-06-10T11:48:00+09:00,2026-06-10T12:36:00+09:00,False,False
20260610,2026-06-10T12:39:00+09:00,2026-06-10T12:33:00+09:00,DOWN_BLUE,4,1297,1296,True,TIME_WINDOW_APPROVED,True,,True,3.0,AFTERNOON,True,,,5,True,True,False,1,True,622.3077083143535,387.8622287296623,234.44547958469116,0.02974702238596336,0.45660762047946246,687.6265902919695,767.854741234798,0.3486912065836909,1.700353904181586,0.8761523487714401,12:39,True,TIME_WINDOW_APPROVED,1,4.445651,4.445651426607081,0.0,TIME_WINDOW_AFTERNOON_TP,49.0,2026-06-10T12:39:00+09:00,2026-06-10T13:28:00+09:00,False,False
20260610,2026-06-10T13:57:00+09:00,2026-06-10T13:51:00+09:00,UP_RED,5,1323,1322,False,TW2_REJECT_VWAP_VETO,False,REJECT_TIME_WINDOW,False,,,True,,,2,False,False,True,3,False,540.9759957270144,189.88779500305827,351.0882007239561,0.02676773853176716,-1.3384826897212867,-1842.5123306629248,-1904.2965202077758,-0.8951418575939742,-4.012912663902428,1.2606578047776211,13:57,False,TW2_REJECT_VWAP_VETO,1,0.242433,1.6910905203136137,-0.5174625801853172,EARLY_TAKE_PROFIT,12.0,2026-06-10T13:57:00+09:00,2026-06-10T14:09:00+09:00,False,False
20260611,2026-06-11T09:09:00+09:00,2026-06-11T09:03:00+09:00,DOWN_BLUE,1,1353,1352,True,TIME_WINDOW_APPROVED,True,,True,1.0,MORNING,True,,,4,True,False,False,0,True,1791.4997167568781,1283.5864439313464,507.91327282553175,0.08997989536699538,0.8706526648911115,1454.299943069229,1925.8583207593765,0.9189178326074432,-0.45302060566238384,1.4565313203676546,09:09,True,TIME_WINDOW_APPROVED,1,-3.642213,0.0,-3.64221260815822,TIME_WINDOW_STOP_LOSS,6.0,2026-06-11T09:09:00+09:00,2026-06-11T09:15:00+09:00,False,False
20260611,2026-06-11T09:21:00+09:00,2026-06-11T09:15:00+09:00,UP_RED,2,1357,1356,True,TIME_WINDOW_APPROVED,True,,True,2.0,MORNING,True,,,5,True,True,False,2,False,4212.970430631585,1548.4900372713146,2664.4803933602707,0.20541055244425085,-0.5941490553914188,1032.315556314541,3945.0240269245114,1.8272905049138686,2.654784633238371,1.5182348356580397,09:21,True,TIME_WINDOW_APPROVED,1,-1.959409,1.663957515585315,-1.9594089124913414,TIME_WINDOW_STOP_LOSS,15.0,2026-06-11T09:21:00+09:00,2026-06-11T09:36:00+09:00,False,False
20260611,2026-06-11T09:51:00+09:00,2026-06-11T09:45:00+09:00,DOWN_BLUE,3,1367,1366,False,REJECT_NOT_CONFIRMED,False,REJECT_NOT_CONFIRMED,False,,,True,,,0,False,False,True,3,False,-575.0206054653227,132.83959522969053,-707.8602006950132,-0.028145893561689804,0.08948177064182507,-554.1020265973639,-1621.4328658788,-0.7539702508980464,-1.3973695374970905,0.4472257348806558,09:51,False,REJECT_NOT_CONFIRMED,1,-4.368653,0.0,-4.368653276259467,TIME_WINDOW_STOP_LOSS,6.0,2026-06-11T09:51:00+09:00,2026-06-11T09:57:00+09:00,False,False
20260611,2026-06-11T09:54:00+09:00,2026-06-11T09:48:00+09:00,UP_RED,4,1368,1367,False,REJECT_SHORT_FLAG_INTERVAL,False,REJECT_SHORT_FLAG_INTERVAL,False,,,True,,,5,True,False,False,1,True,2673.8998837906265,575.0206054653227,2098.879278325304,0.12917390742949886,0.02990969181748035,1591.1960647699889,4038.439259604318,1.853389998369216,2.614579418556402,0.9837029705678658,09:54,False,REJECT_SHORT_FLAG_INTERVAL,1,1.973698,7.895646319569121,0.0,PP_EXIT,39.0,2026-06-11T09:54:00+09:00,2026-06-11T10:33:00+09:00,True,False
20260611,2026-06-11T10:36:00+09:00,2026-06-11T10:30:00+09:00,DOWN_BLUE,5,1382,1381,False,TW2_REJECT_VWAP_VETO,True,,False,,,True,,,3,True,False,False,2,False,2004.982256134892,615.1043591782363,1389.8778969566556,0.09511301025307836,-1.3453483208466543,-1646.3280544858426,-1260.5362875214778,-0.5680784976969834,-2.3944749903169757,0.8234126557915133,10:36,False,REJECT_LOW_QUALITY_SCORE,1,-3.380946,0.12007005253940456,-3.6960420315236426,TIME_WINDOW_STOP_LOSS,6.0,2026-06-11T10:36:00+09:00,2026-06-11T10:42:00+09:00,False,False
20260611,2026-06-11T11:54:00+09:00,2026-06-11T11:48:00+09:00,UP_RED,6,1408,1407,False,REJECT_LOW_QUALITY_SCORE,False,REJECT_LOW_QUALITY_SCORE,False,,,True,,,3,True,False,True,3,False,572.7755951950148,302.8321120026294,269.94348319238543,0.027710478722545465,-0.05587806209310642,-279.2253338913433,-598.5285407234915,-0.275085686350937,0.09051429447047989,0.5256101776479439,11:54,False,REJECT_LOW_QUALITY_SCORE,1,-1.787231,1.2225039619651348,-1.787231152365859,TIME_WINDOW_STOP_LOSS,18.0,2026-06-11T11:54:00+09:00,2026-06-11T12:12:00+09:00,False,False
20260611,2026-06-11T12:18:00+09:00,2026-06-11T12:12:00+09:00,DOWN_BLUE,7,1416,1415,True,TIME_WINDOW_APPROVED,True,,True,3.0,AFTERNOON,True,,,5,True,True,False,2,True,764.0562375239942,656.2817077967229,107.77452972727133,0.037180352190948625,0.19621776505134356,654.1112299428787,1262.468427557731,0.5836228740534013,0.4865404996974558,0.5691703431203065,12:18,True,TIME_WINDOW_APPROVED,1,-1.879019,0.07563805104408353,-1.8790188929400067,TIME_WINDOW_STOP_LOSS,6.0,2026-06-11T12:18:00+09:00,2026-06-11T12:24:00+09:00,False,False
20260611,2026-06-11T12:30:00+09:00,2026-06-11T12:24:00+09:00,UP_RED,8,1420,1419,False,TW2_3SLOT_REJECT_DAILY_SLOT_CAP,True,,True,,AFTERNOON,True,,,5,True,False,False,2,False,869.9811266123406,209.26119432820633,660.7199322841343,0.04208907240504793,-0.21647091133002533,-100.98518469533883,210.55965391080827,0.09677390963495602,0.09989835983709727,0.5495580772081884,12:30,False,REJECT_LOW_QUALITY_SCORE,1,4.430755,4.4307553143374045,0.0,TIME_WINDOW_AFTERNOON_TP,30.0,2026-06-11T12:30:00+09:00,2026-06-11T13:00:00+09:00,False,False
20260611,2026-06-11T13:21:00+09:00,2026-06-11T13:15:00+09:00,DOWN_BLUE,9,1437,1436,False,REJECT_MACD_GAP_NOT_EXPANDING,False,REJECT_MACD_GAP_NOT_EXPANDING,False,,,True,,,2,False,False,False,2,False,458.09986188754374,794.9824812781053,-336.88261939056156,0.021803896329726024,-0.3816325292573366,-771.5322270935867,-1145.7305393784773,-0.5180599773486301,-1.615389442689665,1.005481200608188,13:21,False,REJECT_MACD_GAP_NOT_EXPANDING,1,-2.047203,0.7487412587412587,-2.326783216783217,TIME_WINDOW_STOP_LOSS,24.0,2026-06-11T13:21:00+09:00,2026-06-11T13:45:00+09:00,False,False
20260611,2026-06-11T13:48:00+09:00,2026-06-11T13:42:00+09:00,UP_RED,10,1446,1445,False,TW2_3SLOT_REJECT_DAILY_SLOT_CAP,False,REJECT_TIME_WINDOW,True,,AFTERNOON,True,,,5,True,True,False,1,True,1986.6643113115188,1083.3197403924241,903.3445709190946,0.09340217730660644,0.533571931607984,1526.416787719354,2741.909085665364,1.224642045783745,2.7908096558068847,1.1198622331400208,13:48,False,TW2_3SLOT_REJECT_DAILY_SLOT_CAP,1,-1.244578,0.0,-1.9928983957219248,TIME_WINDOW_STOP_LOSS,6.0,2026-06-11T13:48:00+09:00,2026-06-11T13:54:00+09:00,False,False
20260611,2026-06-11T14:00:00+09:00,2026-06-11T13:54:00+09:00,DOWN_BLUE,11,1450,1449,False,REJECT_MACD_GAP_NOT_EXPANDING,False,REJECT_MACD_GAP_NOT_EXPANDING,False,,,True,,,2,False,False,True,3,False,178.27278105766345,232.73967429763616,-54.466893239972705,0.008436951304196093,-0.5235673667377075,-840.7952733794227,-1003.8427093289793,-0.45132540173328783,-2.0797265910758065,0.8678345243375933,14:00,False,REJECT_MACD_GAP_NOT_EXPANDING,1,0.293478,1.618346703871643,-0.4386466689919777,EARLY_TAKE_PROFIT,9.0,2026-06-11T14:00:00+09:00,2026-06-11T14:09:00+09:00,False,False
20260611,2026-06-11T14:48:00+09:00,2026-06-11T14:42:00+09:00,UP_RED,12,1466,1465,False,TW2_3SLOT_REJECT_DAILY_SLOT_CAP,False,REJECT_TIME_WINDOW,True,,AFTERNOON,True,,,5,True,False,False,2,True,548.6728700775666,328.19137562601986,220.48149445154672,0.026177140747975506,0.09949448371471799,177.11982177570462,237.26644787797704,0.10753965910504358,1.189674399990052,0.9087168004743975,14:48,False,TW2_3SLOT_REJECT_DAILY_SLOT_CAP,1,-0.616188,0.04154419828909849,-1.0108357095854354,FORCED_LIQUIDATION,12.0,2026-06-11T14:48:00+09:00,2026-06-11T15:00:00+09:00,False,False
20260612,2026-06-12T09:48:00+09:00,2026-06-12T09:42:00+09:00,DOWN_BLUE,1,1492,1491,True,TIME_WINDOW_APPROVED,True,,True,1.0,MORNING,True,,,3,True,False,False,2,False,2657.428965906467,986.5127110952017,1670.9162548112654,0.11634977959310276,-2.7823585312514427,-4094.1605426468886,-3869.2488885330968,-1.6093635919905103,0.07073313948846685,0.5399555368367178,09:48,True,TIME_WINDOW_APPROVED,1,4.281131,4.466779231743352,-1.0604474461798228,TIME_WINDOW_TP2_FULL,53.0,2026-06-12T09:48:00+09:00,2026-06-12T10:41:00+09:00,False,False
20260612,2026-06-12T11:57:00+09:00,2026-06-12T11:51:00+09:00,UP_RED,2,1535,1534,False,TW2_3SLOT_REJECT_TEG,True,,True,2.0,AFTERNOON,True,,,4,True,False,False,1,True,430.81753819001096,121.2397826105962,309.57775557941477,0.018953697236692078,0.6314176011187698,862.0641423640773,712.468359418679,0.2977760411121871,-0.20557640250361076,0.6133874150764687,11:57,False,TW2_3SLOT_REJECT_TEG,1,0.078695,1.8970742685671418,-0.8023630907726932,TIME_WINDOW_BREAKEVEN_STOP,153.0,2026-06-12T11:57:00+09:00,2026-06-12T14:30:00+09:00,False,False
20260612,2026-06-12T12:24:00+09:00,2026-06-12T12:18:00+09:00,DOWN_BLUE,3,1544,1543,False,TW2_3SLOT_REJECT_TEG,True,,True,2.0,AFTERNOON,True,,,5,True,False,False,2,False,795.6335507844715,556.2279481036994,239.40560268077206,0.03509631895829164,-0.5006463846764032,-370.2967085358687,239.7246506824158,0.10045805829217683,0.45621183104787977,1.0558414692600722,12:24,False,TW2_3SLOT_REJECT_TEG,1,-1.257131,0.0,-1.4238532110091744,TIME_WINDOW_STOP_LOSS,21.0,2026-06-12T12:24:00+09:00,2026-06-12T12:45:00+09:00,False,False
20260612,2026-06-12T12:45:00+09:00,2026-06-12T12:39:00+09:00,UP_RED,4,1551,1550,False,TW2_3SLOT_REJECT_TEG,True,,True,2.0,AFTERNOON,True,,,4,True,False,False,2,True,254.46696951500644,84.76142648932955,169.7055430256769,0.011175536649758736,0.4325894659144381,620.9945681542158,564.6636611483991,0.23558650772544554,-0.009994695896552573,0.7956444632574569,12:45,False,TW2_3SLOT_REJECT_TEG,1,-3.058424,1.4781845349271572,-3.0584236085169967,TIME_WINDOW_STOP_LOSS,111.0,2026-06-12T12:45:00+09:00,2026-06-12T14:36:00+09:00,False,False
20260612,2026-06-12T13:09:00+09:00,2026-06-12T13:03:00+09:00,DOWN_BLUE,5,1559,1558,False,TW2_3SLOT_REJECT_TEG,False,REJECT_TIME_WINDOW,True,2.0,AFTERNOON,True,,,4,True,False,True,3,False,194.87881871269974,43.090536942635026,151.7882817700647,0.008566101921437351,-0.3698969059881887,-377.7241721218452,-88.32501113135368,-0.03688297168116321,0.09696341650183377,0.8273653586540575,13:09,False,TW2_3SLOT_REJECT_TEG,1,-1.479983,0.0,-1.4799831436999578,TIME_WINDOW_STOP_LOSS,18.0,2026-06-12T13:09:00+09:00,2026-06-12T13:27:00+09:00,False,False
20260612,2026-06-12T13:15:00+09:00,2026-06-12T13:09:00+09:00,UP_RED,6,1561,1560,False,REJECT_NOT_CONFIRMED,False,REJECT_NOT_CONFIRMED,False,,,True,,,3,True,False,True,3,True,-125.38979379656303,18.28170709718779,-143.67150089375082,-0.005509217653627549,0.3582711460011535,380.20597357302904,122.18895469000563,0.05100154084168204,-0.05392594002044289,0.7484935196094934,13:15,False,REJECT_NOT_CONFIRMED,1,-1.244718,1.2322712874976711,-1.7103037078442331,TIME_WINDOW_STOP_LOSS,78.0,2026-06-12T13:15:00+09:00,2026-06-12T14:33:00+09:00,False,False
20260612,2026-06-12T13:18:00+09:00,2026-06-12T13:12:00+09:00,DOWN_BLUE,7,1562,1561,False,REJECT_NOT_CONFIRMED,False,REJECT_NOT_CONFIRMED,False,,,True,,,0,False,False,True,4,False,-89.45956450208632,125.38979379656303,-214.84935829864935,-0.0039219449584430655,-0.35859795281878304,-561.3743667667732,-586.74238757696,-0.24436881551862005,-0.16454443631989446,1.3353046963480826,13:18,False,REJECT_NOT_CONFIRMED,1,-1.4442,0.0,-1.4441998306519899,TIME_WINDOW_STOP_LOSS,15.0,2026-06-12T13:18:00+09:00,2026-06-12T13:33:00+09:00,False,False
20260612,2026-06-12T13:21:00+09:00,2026-06-12T13:15:00+09:00,UP_RED,8,1563,1562,False,REJECT_SHORT_FLAG_INTERVAL,False,REJECT_SHORT_FLAG_INTERVAL,False,,,True,,,5,True,False,False,2,True,134.65021390632955,89.45956450208632,45.19064940424323,0.005905711136242524,0.3559254109343971,500.14399944245815,435.62406495027244,0.1815100270626952,0.1200164549317621,0.765903174060536,13:21,False,REJECT_SHORT_FLAG_INTERVAL,1,-1.410082,1.0627604166666667,-1.874888392857143,TIME_WINDOW_STOP_LOSS,72.0,2026-06-12T13:21:00+09:00,2026-06-12T14:33:00+09:00,False,False
20260612,2026-06-12T14:06:00+09:00,2026-06-12T14:00:00+09:00,DOWN_BLUE,9,1578,1577,False,TW2_3SLOT_REJECT_TEG,False,REJECT_TIME_WINDOW,True,2.0,AFTERNOON,True,,,5,True,False,False,2,False,1699.6934161971194,866.3927733934088,833.3006428037106,0.07467897259214057,-0.3600918703865152,47.780429772567004,985.9275262542069,0.41152510981614376,0.11876267657173686,1.1606613010904236,14:06,False,TW2_3SLOT_REJECT_TEG,1,4.760169,4.760168776371308,-1.060084388185654,TIME_WINDOW_AFTERNOON_TP,31.0,2026-06-12T14:06:00+09:00,2026-06-12T14:37:00+09:00,False,False
20260615,2026-06-15T09:06:00+09:00,2026-06-15T09:00:00+09:00,UP_RED,1,1604,1603,True,TIME_WINDOW_APPROVED,True,,True,1.0,MORNING,True,,,5,True,False,False,0,False,10334.512135115889,5509.775216766946,4824.736918348943,0.45128873952471127,-0.7873107510816925,1865.0122738508508,6707.6017799070105,2.7826295593500903,0.45034722605324584,1.3689972012426566,09:06,True,TIME_WINDOW_APPROVED,1,1.04777,3.6590035454375816,-0.05269639858182496,TIME_WINDOW_TRAILING_STOP,87.0,2026-06-15T09:06:00+09:00,2026-06-15T10:33:00+09:00,False,False
20260615,2026-06-15T09:57:00+09:00,2026-06-15T09:51:00+09:00,DOWN_BLUE,2,1621,1620,True,TIME_WINDOW_APPROVED,True,,True,2.0,MORNING,False,0193T0,,2,False,False,False,2,False,409.0656223554324,97.48773886079289,311.57788349463954,0.017700805813735718,-0.750932843273458,-1488.1504551982507,-2011.1187520320527,-0.8267255795891274,-0.6290127441725047,0.41015038425912753,09:57,True,TIME_WINDOW_APPROVED,1,3.954806,4.179033649698016,-0.5643658326143226,TIME_WINDOW_TP2_FULL,59.0,2026-06-15T09:57:00+09:00,2026-06-15T10:56:00+09:00,False,False
20260615,2026-06-15T11:30:00+09:00,2026-06-15T11:24:00+09:00,UP_RED,3,1652,1651,False,TW2_3SLOT_REJECT_TEG,True,,True,3.0,AFTERNOON,True,,,4,True,False,False,2,False,1045.8866840861042,69.91833614223287,975.9683479438713,0.045671907602013284,-0.011438108791157961,311.096033770591,829.8721598628908,0.3442701099869108,-0.18993625787602408,0.7845691792057136,11:30,False,TW2_3SLOT_REJECT_TEG,1,0.89067,2.0008515364679744,-0.23802295446131067,TIME_WINDOW_PROFIT_LOCK_STOP,153.0,2026-06-15T11:30:00+09:00,2026-06-15T14:03:00+09:00,False,False
20260615,2026-06-15T12:42:00+09:00,2026-06-15T12:36:00+09:00,DOWN_BLUE,4,1676,1675,False,TW2_3SLOT_REJECT_TEG,True,,True,3.0,AFTERNOON,True,,,5,True,False,False,2,False,610.7614801774171,366.1866826860223,244.57479749139475,0.026635912785757394,-0.1830733646476837,-135.3018471240066,92.94494703505188,0.03850750095209751,0.05435894887641784,1.5232361120613673,12:42,False,TW2_3SLOT_REJECT_TEG,1,-1.404156,0.0371501272264631,-1.4041560644614082,TIME_WINDOW_STOP_LOSS,27.0,2026-06-15T12:42:00+09:00,2026-06-15T13:09:00+09:00,False,False
20260615,2026-06-15T13:15:00+09:00,2026-06-15T13:09:00+09:00,UP_RED,5,1687,1686,True,TIME_WINDOW_APPROVED,False,REJECT_TIME_WINDOW,True,3.0,AFTERNOON,True,,,5,True,True,False,1,True,530.0942308839658,297.35290820946284,232.74132267450295,0.02299758051557335,0.2005019453619637,489.99291195487604,777.1848949790001,0.32031481571802606,0.456643042228631,0.8247950101618894,13:15,True,TIME_WINDOW_APPROVED,1,-2.290611,0.2555312954876274,-2.2906113537117903,TIME_WINDOW_STOP_LOSS,81.0,2026-06-15T13:15:00+09:00,2026-06-15T14:36:00+09:00,False,False
20260615,2026-06-15T13:42:00+09:00,2026-06-15T13:36:00+09:00,DOWN_BLUE,6,1696,1695,False,TW2_3SLOT_REJECT_DAILY_SLOT_CAP,False,REJECT_TIME_WINDOW,True,,AFTERNOON,False,0193T0,,4,True,False,True,3,False,347.51309357141054,92.43106071749799,255.08203285391255,0.015083033575148027,-0.25251241432472143,-275.6376841268502,-98.44602474430576,-0.04059189388315443,-0.37958967917143777,0.5660668904457719,13:42,False,TW2_3SLOT_REJECT_DAILY_SLOT_CAP,1,2.54038,2.9716134598792063,-0.17627264883520274,FORCED_LIQUIDATION,78.0,2026-06-15T13:42:00+09:00,2026-06-15T15:00:00+09:00,False,False
20260616,2026-06-16T09:45:00+09:00,2026-06-16T09:39:00+09:00,DOWN_BLUE,1,1743,1742,True,TIME_WINDOW_APPROVED,True,,True,1.0,MORNING,True,,,4,True,False,False,2,False,1619.9832797803647,430.52463164840447,1189.4586481319602,0.06884756820146047,-0.9012370572826967,-1048.3779997355305,-471.4897932270542,-0.1903592450344556,0.7961137559181559,0.648782405681026,09:45,True,TIME_WINDOW_APPROVED,1,4.050708,4.273318485523386,-0.6242316258351892,TIME_WINDOW_TP2_FULL,21.0,2026-06-16T09:45:00+09:00,2026-06-16T10:06:00+09:00,False,False
20260616,2026-06-16T10:36:00+09:00,2026-06-16T10:30:00+09:00,UP_RED,2,1760,1759,True,TIME_WINDOW_APPROVED,True,,True,2.0,MORNING,True,,,4,True,False,False,2,True,1139.6448462144472,529.5566843041452,610.088161910302,0.048765290809347335,0.16288714884917038,443.85213883733377,743.9689192525111,0.30242638993997545,-0.5561057948581012,0.6315607952197037,10:36,True,TIME_WINDOW_APPROVED,1,2.222962,4.215663937344251,0.0,FORCED_LIQUIDATION,264.0,2026-06-16T10:36:00+09:00,2026-06-16T15:00:00+09:00,False,False
20260616,2026-06-16T11:45:00+09:00,2026-06-16T11:39:00+09:00,DOWN_BLUE,3,1783,1782,False,REJECT_LOW_QUALITY_SCORE,False,REJECT_LOW_QUALITY_SCORE,False,,,False,0193T0,,3,True,False,False,2,False,524.6273011520061,97.88389667024876,426.74340448175735,0.02229610289638785,-0.4032268222699657,-424.33377063879743,-95.60528975119814,-0.03859967074544583,-0.11045118625928382,0.6070724223954732,11:45,False,REJECT_LOW_QUALITY_SCORE,1,-1.960784,0.4891265597147951,-1.9607843137254901,TIME_WINDOW_STOP_LOSS,45.0,2026-06-16T11:45:00+09:00,2026-06-16T12:30:00+09:00,False,False
20260616,2026-06-16T12:30:00+09:00,2026-06-16T12:24:00+09:00,UP_RED,4,1798,1797,False,REJECT_DUPLICATE_POSITION,False,REJECT_DUPLICATE_POSITION,False,,,False,0193T0,,5,True,True,False,1,True,886.0543235364987,93.85649974640273,792.197823790096,0.03743364273495981,0.26286371081993126,802.2436907887459,1413.9985672859475,0.5675110430594605,0.6903515430663133,2.814719121859629,12:30,False,REJECT_DUPLICATE_POSITION,1,-0.832188,1.100984285960974,-0.8839578656536003,FORCED_LIQUIDATION,150.0,2026-06-16T12:30:00+09:00,2026-06-16T15:00:00+09:00,False,False
20260616,2026-06-16T13:09:00+09:00,2026-06-16T13:03:00+09:00,DOWN_BLUE,5,1811,1810,False,TW2_3SLOT_REJECT_TEG,False,REJECT_TIME_WINDOW,True,3.0,AFTERNOON,True,,,3,True,False,False,2,False,470.13904066988016,66.38042000272253,403.75862066715763,0.019845463937099204,-0.40838598668297743,-470.32147505227476,-194.54864360624924,-0.0780165518893683,-0.6693503508872128,0.404428427720233,13:09,False,TW2_3SLOT_REJECT_TEG,1,-1.313327,0.04596554850407979,-1.358658204895739,TIME_WINDOW_STOP_LOSS,63.0,2026-06-16T13:09:00+09:00,2026-06-16T14:12:00+09:00,False,False
20260616,2026-06-16T14:12:00+09:00,2026-06-16T14:06:00+09:00,UP_RED,6,1832,1831,True,TIME_WINDOW_APPROVED,False,REJECT_TIME_WINDOW,True,3.0,AFTERNOON,True,,,5,True,True,False,1,True,348.3362505372197,16.374058162276015,331.9621923749437,0.014642129068399316,0.25670696148974176,535.8265329813585,739.0201520216651,0.29511103170251335,0.9973389833860445,2.4249799216335273,14:12,True,TIME_WINDOW_APPROVED,1,-1.270558,0.21800753166723724,-1.4758644299897297,TIME_WINDOW_STOP_LOSS,39.0,2026-06-16T14:12:00+09:00,2026-06-16T14:51:00+09:00,False,False
20260616,2026-06-16T14:36:00+09:00,2026-06-16T14:30:00+09:00,DOWN_BLUE,7,1840,1839,False,TW2_3SLOT_REJECT_DAILY_SLOT_CAP,False,REJECT_TIME_WINDOW,True,,AFTERNOON,False,0193T0,,4,True,False,False,2,False,1007.5420863694794,97.63024876677719,909.9118376027022,0.042602202383487504,-0.23531865542031918,162.80291561735794,1005.6797508755699,0.40397283861813305,-0.3494368280454843,1.924037116027189,14:36,False,TW2_3SLOT_REJECT_DAILY_SLOT_CAP,1,0.590917,0.7271571298819255,-0.5438692098092643,FORCED_LIQUIDATION,24.0,2026-06-16T14:36:00+09:00,2026-06-16T15:00:00+09:00,False,False
20260617,2026-06-17T09:42:00+09:00,2026-06-17T09:36:00+09:00,DOWN_BLUE,1,1868,1867,True,TIME_WINDOW_APPROVED,True,,True,1.0,MORNING,True,,,4,True,False,True,3,False,670.2121676143433,164.83593415424457,505.3762334600988,0.028054088221613368,-0.3562573080700181,-382.45632982999086,-90.44136747764423,-0.03596454545987677,-0.10304539838389719,0.6653680807016926,09:42,True,TIME_WINDOW_APPROVED,1,-1.335919,1.3406278855032319,-1.3359187442289935,TIME_WINDOW_STOP_LOSS,39.0,2026-06-17T09:42:00+09:00,2026-06-17T10:21:00+09:00,False,False
20260617,2026-06-17T10:18:00+09:00,2026-06-17T10:12:00+09:00,UP_RED,2,1880,1879,True,TIME_WINDOW_APPROVED,True,,True,2.0,MORNING,False,0197X0,,5,True,True,False,2,True,480.2905192696967,186.39035878208415,293.90016048761254,0.019995442101153067,0.3149702308995907,698.0082694776356,1003.749226947315,0.3969865801831014,0.6015914822023941,0.6437910449382662,10:18,True,TIME_WINDOW_APPROVED,1,8.098885,8.098885135135134,-0.377027027027027,TIME_WINDOW_TP2_FULL,242.0,2026-06-17T10:18:00+09:00,2026-06-17T14:20:00+09:00,False,False
20260617,2026-06-17T10:48:00+09:00,2026-06-17T10:42:00+09:00,DOWN_BLUE,3,1890,1889,True,TIME_WINDOW_APPROVED,True,,True,3.0,MORNING,False,0193T0,,4,True,False,False,2,False,1103.2773773147146,497.4230254318545,605.8543518828601,0.04597946977765012,-0.3933893673498029,-281.53651914186776,267.5508579555899,0.10592761619428336,-0.3472277513916914,0.8208400348037018,10:48,True,TIME_WINDOW_APPROVED,1,-1.345209,0.3284651162790698,-1.4847441860465116,TIME_WINDOW_STOP_LOSS,36.0,2026-06-17T10:48:00+09:00,2026-06-17T11:24:00+09:00,False,False
20260617,2026-06-17T11:30:00+09:00,2026-06-17T11:24:00+09:00,UP_RED,4,1904,1903,False,REJECT_MACD_GAP_NOT_EXPANDING,False,REJECT_MACD_GAP_NOT_EXPANDING,False,,,False,0193T0,,5,True,False,False,1,True,45.002881039685235,72.3708133776754,-27.36793233799017,0.0018634733349766142,0.3695100044450042,588.5137643222697,578.4126966893673,0.22753294486741443,0.9206608468244787,0.8295082738977944,11:30,False,REJECT_MACD_GAP_NOT_EXPANDING,1,4.13182,4.131819699499165,-0.7407679465776295,TIME_WINDOW_AFTERNOON_TP,118.0,2026-06-17T11:30:00+09:00,2026-06-17T13:28:00+09:00,False,False
20260617,2026-06-17T11:36:00+09:00,2026-06-17T11:30:00+09:00,DOWN_BLUE,5,1906,1905,False,REJECT_LOW_QUALITY_SCORE,False,REJECT_LOW_QUALITY_SCORE,False,,,False,0193T0,,3,True,False,False,2,False,550.319822075408,267.5172913165343,282.8025307588737,0.022834847389021078,-0.34596306843518887,-353.33392854221165,-33.575926315039396,-0.01323532365106,-0.7010009329919942,0.7997103897671051,11:36,False,REJECT_LOW_QUALITY_SCORE,1,-1.500376,0.7563499529633114,-1.500376293508937,TIME_WINDOW_STOP_LOSS,93.0,2026-06-17T11:36:00+09:00,2026-06-17T13:09:00+09:00,False,False
20260617,2026-06-17T12:51:00+09:00,2026-06-17T12:45:00+09:00,UP_RED,6,1931,1930,True,TIME_WINDOW_APPROVED,True,,True,3.0,AFTERNOON,True,,,5,True,True,False,2,True,364.86350535192753,120.94458415872933,243.9189211931982,0.015120742036963428,0.11819981251091809,264.1534792515449,381.01039639674127,0.15000409306966037,0.7396213996430256,1.3155837723982793,12:51,True,TIME_WINDOW_APPROVED,1,4.187146,4.187146187146188,-0.22314352314352315,TIME_WINDOW_AFTERNOON_TP,38.0,2026-06-17T12:51:00+09:00,2026-06-17T13:29:00+09:00,False,False
20260617,2026-06-17T14:18:00+09:00,2026-06-17T14:12:00+09:00,DOWN_BLUE,7,1960,1959,False,TW2_REJECT_VWAP_VETO,False,REJECT_TIME_WINDOW,False,,,True,,,2,False,False,True,3,False,335.37626788883426,233.11078710955007,102.26548077928419,0.013485173618368889,-0.9352765827066185,-1708.5829632300884,-1957.8898933911696,-0.7478871727871376,-2.784379658866223,0.6327931103752616,14:18,False,TW2_REJECT_VWAP_VETO,1,-2.366296,0.011234817813765183,-2.3662955465587046,TIME_WINDOW_STOP_LOSS,21.0,2026-06-17T14:18:00+09:00,2026-06-17T14:39:00+09:00,False,False
20260617,2026-06-17T14:27:00+09:00,2026-06-17T14:21:00+09:00,UP_RED,8,1963,1962,False,REJECT_MACD_GAP_NOT_EXPANDING,False,REJECT_MACD_GAP_NOT_EXPANDING,False,,,True,,,5,True,False,False,2,True,77.78042343297966,148.5787452431632,-70.79832181018355,0.0031162028618982236,0.9868525570372301,1842.57244228106,2159.072106551379,0.8217622200414786,3.037841238745089,0.6971763095585437,14:27,False,REJECT_MACD_GAP_NOT_EXPANDING,1,0.626523,1.498831229546517,-0.30805672432600906,FORCED_LIQUIDATION,33.0,2026-06-17T14:27:00+09:00,2026-06-17T15:00:00+09:00,False,False
20260617,2026-06-17T14:33:00+09:00,2026-06-17T14:27:00+09:00,DOWN_BLUE,9,1965,1964,False,TW2_REJECT_VWAP_VETO,False,REJECT_TIME_WINDOW,False,,,True,,,2,False,False,False,2,False,130.58144805644952,45.22403309388574,85.35741496256378,0.005225348061482574,-1.0043233945809427,-1816.9997823592275,-2044.047688129358,-0.7770489410654892,-3.095583166709146,0.8679638302421663,14:33,False,TW2_REJECT_VWAP_VETO,1,-2.068832,0.0,-2.0688324873096446,TIME_WINDOW_STOP_LOSS,6.0,2026-06-17T14:33:00+09:00,2026-06-17T14:39:00+09:00,False,False
20260617,2026-06-17T14:42:00+09:00,2026-06-17T14:36:00+09:00,UP_RED,10,1968,1967,False,TW2_3SLOT_REJECT_DAILY_SLOT_CAP,False,REJECT_TIME_WINDOW,True,,AFTERNOON,True,,,5,True,False,False,2,True,698.8303495820401,177.6517850993896,521.1785644826505,0.027775451096265502,1.0569361768849121,2261.1982374410145,3032.2992217768915,1.1449460495581305,3.5964845018570557,1.1586471422165188,14:42,False,TW2_3SLOT_REJECT_DAILY_SLOT_CAP,1,-1.256349,0.0,-1.2563488407799785,TIME_WINDOW_STOP_LOSS,9.0,2026-06-17T14:42:00+09:00,2026-06-17T14:51:00+09:00,False,False
20260617,2026-06-17T14:54:00+09:00,2026-06-17T14:48:00+09:00,DOWN_BLUE,11,1972,1971,False,TW2_REJECT_VWAP_VETO,False,REJECT_TIME_WINDOW,False,,,True,,,3,True,False,False,2,False,1339.1768518140416,234.83609507953042,1104.3407567345112,0.053609962042195425,-1.0470946077102856,-1246.3094386104494,-460.85873109009117,-0.17526653103923368,-2.7021629459276864,1.2242977280732654,14:54,False,TW2_REJECT_VWAP_VETO,0,,,,,,,,,
20260618,2026-06-18T09:06:00+09:00,2026-06-18T09:00:00+09:00,UP_RED,1,1982,1981,True,TIME_WINDOW_APPROVED,True,,True,1.0,MORNING,True,,,5,True,True,False,0,True,7291.51711698385,4159.146920036828,3132.370196947022,0.2803351448282911,1.24269495852795,4586.85565558169,8426.891335835215,3.077872652457995,0.4165753062892187,1.9061440208205356,09:06,True,TIME_WINDOW_APPROVED,1,-1.439977,1.700483366505544,-1.6389252203582598,TIME_WINDOW_STOP_LOSS,51.0,2026-06-18T09:06:00+09:00,2026-06-18T09:57:00+09:00,False,False
20260618,2026-06-18T09:51:00+09:00,2026-06-18T09:45:00+09:00,DOWN_BLUE,2,1997,1996,True,TIME_WINDOW_APPROVED,True,,True,2.0,MORNING,False,0193T0,,2,False,False,False,2,False,1356.4610523945703,50.764448421428824,1305.6966039731415,0.051635365527010674,-1.998965559771914,-3181.376390067395,-2676.936452782713,-0.968058481211797,-0.6190364598955287,0.7303444230285762,09:51,True,TIME_WINDOW_APPROVED,1,-1.379361,2.4887268648345486,-1.4354458777341559,TIME_WINDOW_STOP_LOSS,111.0,2026-06-18T09:51:00+09:00,2026-06-18T11:42:00+09:00,False,False
20260618,2026-06-18T11:12:00+09:00,2026-06-18T11:06:00+09:00,UP_RED,3,2024,2023,True,TIME_WINDOW_APPROVED,True,,True,3.0,AFTERNOON,False,0197X0,,5,True,True,False,1,True,216.18239015964264,133.19579135241747,82.98659880722516,0.008251236265635214,0.8472845548472921,1266.9353207852691,930.6378970774822,0.33744503901656436,0.4342493364311533,0.8619238166731343,11:12,True,TIME_WINDOW_APPROVED,1,4.391515,4.391515323496027,-0.1467366628830874,TIME_WINDOW_AFTERNOON_TP,116.0,2026-06-18T11:12:00+09:00,2026-06-18T13:08:00+09:00,False,False
20260618,2026-06-18T11:33:00+09:00,2026-06-18T11:27:00+09:00,DOWN_BLUE,4,2031,2030,False,TW2_3SLOT_REJECT_DAILY_SLOT_CAP,True,,True,,AFTERNOON,False,0193T0,,2,False,False,True,3,False,272.4338636684324,236.92281424988687,35.511049418545554,0.010382388097120138,-0.7594179365753939,-1085.325104874093,-701.4040435450152,-0.25393820174071063,-0.5595692316414683,0.8883796786691359,11:33,False,REJECT_LOW_QUALITY_SCORE,1,-1.337911,0.36379114642451754,-1.337911464245176,TIME_WINDOW_STOP_LOSS,21.0,2026-06-18T11:33:00+09:00,2026-06-18T11:54:00+09:00,False,False
20260618,2026-06-18T11:51:00+09:00,2026-06-18T11:45:00+09:00,UP_RED,5,2037,2036,False,REJECT_DUPLICATE_POSITION,False,REJECT_DUPLICATE_POSITION,False,,,False,0193T0,,5,True,True,False,1,True,642.0791882562389,205.36435952863303,436.7148287276059,0.024339620479766448,0.7133243779396925,1377.0356209813617,1570.513223578222,0.5655752700528976,1.056367112280345,0.9793904328111697,11:51,False,REJECT_DUPLICATE_POSITION,1,4.051404,4.051404494382022,0.0,TIME_WINDOW_AFTERNOON_TP,82.0,2026-06-18T11:51:00+09:00,2026-06-18T13:13:00+09:00,False,False
20260618,2026-06-18T12:21:00+09:00,2026-06-18T12:15:00+09:00,DOWN_BLUE,6,2047,2046,False,REJECT_LOW_QUALITY_SCORE,False,REJECT_LOW_QUALITY_SCORE,False,,,False,0193T0,,2,False,False,True,3,False,502.08986567291413,305.40452499262665,196.68534068028748,0.019004158428195084,-0.6989074882486501,-1025.194049234502,-700.2229859693907,-0.2517834355302414,-1.0780290397655177,1.2399841986408298,12:21,False,REJECT_LOW_QUALITY_SCORE,1,-1.478356,0.14131944444444447,-1.7096064814814818,TIME_WINDOW_STOP_LOSS,12.0,2026-06-18T12:21:00+09:00,2026-06-18T12:33:00+09:00,False,False
20260618,2026-06-18T12:33:00+09:00,2026-06-18T12:27:00+09:00,UP_RED,7,2051,2050,False,REJECT_DUPLICATE_POSITION,False,REJECT_DUPLICATE_POSITION,False,,,False,0193T0,,5,True,True,False,1,True,1158.2477694280933,405.8475140394321,752.4002553886612,0.04346145476278024,0.7307131270273968,1733.5706182597205,2420.9447696921416,0.8630009497964745,1.8871304859824827,1.859909290023583,12:33,False,REJECT_DUPLICATE_POSITION,1,0.362723,2.5851770518803185,-0.6524567664013177,TIME_WINDOW_PROFIT_LOCK_STOP,72.0,2026-06-18T12:33:00+09:00,2026-06-18T13:45:00+09:00,False,False
20260618,2026-06-18T13:45:00+09:00,2026-06-18T13:39:00+09:00,DOWN_BLUE,8,2075,2074,False,TW2_REJECT_VWAP_VETO,False,REJECT_TIME_WINDOW,False,,,True,,,3,True,False,False,2,False,1267.5730138415583,487.48109503673913,780.0919188048192,0.04722701243821007,-0.8311348789742136,-1037.2024318580516,-326.71572935348377,-0.11564081329574749,-2.089774718447374,0.8527922801844665,13:45,False,TW2_REJECT_VWAP_VETO,1,-0.326509,1.5068639053254438,-1.568639053254438,TIME_WINDOW_BREAKEVEN_STOP,24.0,2026-06-18T13:45:00+09:00,2026-06-18T14:09:00+09:00,False,False
20260618,2026-06-18T14:27:00+09:00,2026-06-18T14:21:00+09:00,UP_RED,9,2089,2088,False,TW2_3SLOT_REJECT_DAILY_SLOT_CAP,False,REJECT_TIME_WINDOW,True,,AFTERNOON,True,,,5,True,True,False,1,True,651.5532147933764,606.2821439133304,45.271070880045954,0.02423031665278454,0.5063873736757727,867.1463850340806,802.9821005454287,0.2836864988911653,2.0489688415602703,0.7705597880092746,14:27,False,TW2_3SLOT_REJECT_DAILY_SLOT_CAP,1,2.922952,3.7336307110029736,0.0,FORCED_LIQUIDATION,33.0,2026-06-18T14:27:00+09:00,2026-06-18T15:00:00+09:00,False,False
20260619,2026-06-19T09:06:00+09:00,2026-06-19T09:00:00+09:00,UP_RED,1,2108,2107,True,TIME_WINDOW_APPROVED,True,,True,1.0,MORNING,True,,,5,True,True,False,0,True,10153.33629672778,5750.186898818116,4403.149397909665,0.35763777022641,1.0985528878388187,5546.5484254984185,11021.317888312042,3.6880070425840814,0.24103994458889427,2.105645055571893,09:06,True,TIME_WINDOW_APPROVED,1,-2.203256,0.0,-2.203256379100851,TIME_WINDOW_STOP_LOSS,6.0,2026-06-19T09:06:00+09:00,2026-06-19T09:12:00+09:00,False,False
20260619,2026-06-19T09:42:00+09:00,2026-06-19T09:36:00+09:00,DOWN_BLUE,2,2120,2119,True,TIME_WINDOW_APPROVED,True,,True,2.0,MORNING,True,,,2,False,False,True,3,False,169.9190274411485,76.95142442332872,92.96760301781978,0.006002085038542864,-1.6313431793987503,-3450.896507292986,-4038.2777915676124,-1.355126775693805,-0.3410459016507,0.5301286308575526,09:42,True,TIME_WINDOW_APPROVED,1,-1.780785,0.18051420838971582,-1.7807848443843028,TIME_WINDOW_STOP_LOSS,21.0,2026-06-19T09:42:00+09:00,2026-06-19T10:03:00+09:00,False,False
20260619,2026-06-19T10:24:00+09:00,2026-06-19T10:18:00+09:00,UP_RED,3,2134,2133,True,TIME_WINDOW_APPROVED,True,,True,3.0,MORNING,True,,,5,True,True,False,1,True,854.3898787609251,297.713762812662,556.676115948263,0.029635444979567292,1.6860400707553167,3730.437914170325,4503.915121821221,1.4841204875928489,1.844846045260733,1.4544742175310028,10:24,True,TIME_WINDOW_APPROVED,1,-1.644803,0.36938486919632335,-1.6448032052792834,TIME_WINDOW_STOP_LOSS,30.0,2026-06-19T10:24:00+09:00,2026-06-19T10:54:00+09:00,False,False
20260619,2026-06-19T10:39:00+09:00,2026-06-19T10:33:00+09:00,DOWN_BLUE,4,2139,2138,False,REJECT_LOW_QUALITY_SCORE,False,REJECT_LOW_QUALITY_SCORE,False,,,False,0193T0,,2,False,False,False,2,False,1411.130740955712,757.2418046391722,653.8889363165399,0.04903164492549383,-1.6784350791346583,-2865.788158456795,-2305.941926810425,-0.7611691558267597,-1.4542247895265228,0.9001873815834395,10:39,False,REJECT_LOW_QUALITY_SCORE,1,3.933464,4.115708274894811,-0.8610098176718093,TIME_WINDOW_TP2_FULL,39.0,2026-06-19T10:39:00+09:00,2026-06-19T11:18:00+09:00,False,False
20260619,2026-06-19T11:48:00+09:00,2026-06-19T11:42:00+09:00,UP_RED,5,2162,2161,False,TW2_3SLOT_REJECT_DAILY_SLOT_CAP,True,,True,,AFTERNOON,True,,,5,True,True,False,1,True,348.8299539883201,15.94073816115906,332.889215827161,0.012175565584234558,0.6824538454071929,1112.5308103389107,811.0212823571637,0.2689250325442765,0.8131565093418567,0.4303088354812493,11:48,False,TW2_3SLOT_REJECT_DAILY_SLOT_CAP,1,-1.399547,0.21950929013816103,-1.4948070509766553,TIME_WINDOW_STOP_LOSS,24.0,2026-06-19T11:48:00+09:00,2026-06-19T12:12:00+09:00,False,False
20260619,2026-06-19T12:06:00+09:00,2026-06-19T12:00:00+09:00,DOWN_BLUE,6,2168,2167,False,TW2_3SLOT_REJECT_DAILY_SLOT_CAP,True,,True,,AFTERNOON,True,,,3,True,False,True,3,False,388.6461267616801,119.71331514048052,268.93281162119956,0.013593778480646383,-0.5750167753545149,-654.7468407065608,41.94021158758551,0.01393606191251496,-0.5711419424288006,0.6466332497530236,12:06,False,REJECT_LOW_QUALITY_SCORE,1,4.163132,4.163132363132363,0.0,TIME_WINDOW_AFTERNOON_TP,16.0,2026-06-19T12:06:00+09:00,2026-06-19T12:22:00+09:00,False,False
20260619,2026-06-19T13:15:00+09:00,2026-06-19T13:09:00+09:00,UP_RED,7,2191,2190,False,TW2_REJECT_VWAP_VETO,False,REJECT_TIME_WINDOW,False,,,True,,,4,True,False,False,2,False,3626.373979257951,952.4291306810555,2673.9448485768953,0.13086878308401123,-1.067432220582842,-1044.5247620851733,419.75685908133164,0.1439079812799793,-1.4197880676084962,0.8389881246093621,13:15,False,TW2_REJECT_VWAP_VETO,1,-0.566285,2.420141661300708,-0.5662846104314231,TIME_WINDOW_PROFIT_LOCK_STOP,18.0,2026-06-19T13:15:00+09:00,2026-06-19T13:33:00+09:00,False,False
20260619,2026-06-19T13:48:00+09:00,2026-06-19T13:42:00+09:00,DOWN_BLUE,8,2202,2201,False,TW2_3SLOT_REJECT_DAILY_SLOT_CAP,False,REJECT_TIME_WINDOW,True,,AFTERNOON,True,,,5,True,True,False,1,True,2544.515642376924,719.4457734491807,1825.0698689277433,0.09413672372833608,1.0343632763563138,3117.728424000088,5097.421792431269,1.791546689903607,3.591330719918415,1.115977308537919,13:48,False,TW2_3SLOT_REJECT_DAILY_SLOT_CAP,1,-1.503012,0.8315918869084205,-2.24019668100799,TIME_WINDOW_STOP_LOSS,18.0,2026-06-19T13:48:00+09:00,2026-06-19T14:06:00+09:00,False,False
20260619,2026-06-19T14:06:00+09:00,2026-06-19T14:00:00+09:00,UP_RED,9,2208,2207,False,TW2_REJECT_VWAP_VETO,False,REJECT_TIME_WINDOW,False,,,True,,,3,True,False,True,3,False,1784.3696120712993,207.93378003967155,1576.4358320316278,0.06517054828602262,-1.046585746549942,-1186.0016913409345,-42.265652348753065,-0.014664853809957874,-2.1996930699051496,0.7444039252877896,14:06,False,TW2_REJECT_VWAP_VETO,1,-1.883316,0.0,-1.8833158721843897,TIME_WINDOW_STOP_LOSS,6.0,2026-06-19T14:06:00+09:00,2026-06-19T14:12:00+09:00,False,False
20260619,2026-06-19T14:42:00+09:00,2026-06-19T14:36:00+09:00,DOWN_BLUE,10,2220,2219,False,REJECT_MACD_GAP_NOT_EXPANDING,False,REJECT_MACD_GAP_NOT_EXPANDING,False,,,True,,,5,True,False,False,2,True,422.22359540288744,740.0056777612026,-317.78208235831517,0.015591713271893924,0.9525886079317449,1630.5284884953871,1489.6682595107704,0.5225941087646848,3.059262978679066,1.1108284016647925,14:42,False,REJECT_MACD_GAP_NOT_EXPANDING,1,-2.721862,0.0,-2.7218616044090633,TIME_WINDOW_STOP_LOSS,6.0,2026-06-19T14:42:00+09:00,2026-06-19T14:48:00+09:00,False,False
20260619,2026-06-19T14:48:00+09:00,2026-06-19T14:42:00+09:00,UP_RED,11,2222,2221,False,TW2_REJECT_VWAP_VETO,False,REJECT_TIME_WINDOW,False,,,True,,,4,True,False,False,2,False,2648.2083058457174,798.972546135461,1849.2357597102564,0.09672053710174278,-0.8375477927066168,-350.21103455498815,1510.7250755485147,0.5241741496606487,-1.953637980145707,1.2449948094320036,14:48,False,TW2_REJECT_VWAP_VETO,1,2.812913,1.426267340853105,0.0,FORCED_LIQUIDATION,12.0,2026-06-19T14:48:00+09:00,2026-06-19T15:00:00+09:00,False,False
20260622,2026-06-22T09:15:00+09:00,2026-06-22T09:09:00+09:00,DOWN_BLUE,1,2237,2236,True,TIME_WINDOW_APPROVED,True,,True,1.0,MORNING,True,,,5,True,False,False,2,False,1998.5519034952304,991.6986786919169,1006.8532248033134,0.07246381085914541,-0.10428122368038777,30.49398980801925,381.3872525682673,0.131369793306556,0.09106575926357233,0.9478148182325163,09:15,True,TIME_WINDOW_APPROVED,1,-2.33693,0.42363519588953114,-2.336929993577393,TIME_WINDOW_STOP_LOSS,12.0,2026-06-22T09:15:00+09:00,2026-06-22T09:27:00+09:00,False,False
20260622,2026-06-22T09:30:00+09:00,2026-06-22T09:24:00+09:00,UP_RED,2,2242,2241,True,TIME_WINDOW_APPROVED,True,,True,2.0,MORNING,True,,,5,True,True,False,2,True,1775.1889905042462,368.9717049700539,1406.2172855341923,0.06328659502688934,0.2745297899194321,1696.6670553516597,3565.029710407369,1.2074075668046014,1.3825115845027593,0.6841070555226647,09:30,True,TIME_WINDOW_APPROVED,1,8.283901,8.283900507362949,0.0,TIME_WINDOW_TP2_FULL,52.0,2026-06-22T09:30:00+09:00,2026-06-22T10:22:00+09:00,False,False
20260622,2026-06-22T10:39:00+09:00,2026-06-22T10:33:00+09:00,DOWN_BLUE,3,2265,2264,False,REJECT_LOW_QUALITY_SCORE,False,REJECT_LOW_QUALITY_SCORE,False,,,True,,,2,False,False,False,2,False,939.5132597196971,617.4612205797021,322.05203913999503,0.032098163980857436,-1.6547663984732268,-3491.0539910434745,-3904.82213655347,-1.2673662554581184,-3.0787919887390562,0.8220004326607537,10:39,False,REJECT_LOW_QUALITY_SCORE,1,1.666237,3.715080527086384,0.0,TIME_WINDOW_TRAILING_STOP,27.0,2026-06-22T10:39:00+09:00,2026-06-22T11:06:00+09:00,False,False
20260622,2026-06-22T12:21:00+09:00,2026-06-22T12:15:00+09:00,UP_RED,4,2299,2298,True,TIME_WINDOW_APPROVED,True,,True,3.0,AFTERNOON,True,,,5,True,True,False,1,True,803.0455828791496,118.39151831413801,684.6540645650116,0.027501561057505123,0.5867390687275703,1284.648219964467,1509.589534977451,0.49113358158509773,2.1657417217447748,0.7759274602933797,12:21,True,TIME_WINDOW_APPROVED,1,-2.281382,0.931129476584022,-2.8550275482093666,TIME_WINDOW_STOP_LOSS,54.0,2026-06-22T12:21:00+09:00,2026-06-22T13:15:00+09:00,False,False
20260622,2026-06-22T12:57:00+09:00,2026-06-22T12:51:00+09:00,DOWN_BLUE,5,2311,2310,False,TW2_REJECT_VWAP_VETO,True,,False,,,False,0193T0,,4,True,False,False,2,False,1045.0653499439904,165.37970510783907,879.6856448361514,0.03586360157666405,-0.5544018037375906,-491.07204756652936,434.105620582588,0.1415237953169361,-1.7624283661626838,1.0897808706765078,12:57,False,REJECT_LOW_QUALITY_SCORE,1,0.485324,2.714532374100719,-0.9528057553956835,TIME_WINDOW_PROFIT_LOCK_STOP,24.0,2026-06-22T12:57:00+09:00,2026-06-22T13:21:00+09:00,False,False
20260622,2026-06-22T14:06:00+09:00,2026-06-22T14:00:00+09:00,UP_RED,6,2334,2333,False,TW2_3SLOT_REJECT_DAILY_SLOT_CAP,False,REJECT_TIME_WINDOW,True,,AFTERNOON,True,,,3,True,False,True,3,False,429.3605827137053,45.00232282178149,384.3582598919238,0.014918713784353903,-0.23568567876499197,-553.6150855366141,-713.7406063983217,-0.23559887980491495,0.36646656563128327,0.9467378295119693,14:06,False,TW2_3SLOT_REJECT_DAILY_SLOT_CAP,1,0.320968,1.3072477387524961,-0.3365676024903089,FORCED_LIQUIDATION,54.0,2026-06-22T14:06:00+09:00,2026-06-22T15:00:00+09:00,False,False
20260622,2026-06-22T15:00:00+09:00,2026-06-22T14:54:00+09:00,DOWN_BLUE,7,2352,2351,False,REJECT_TIME_WINDOW,False,REJECT_TIME_WINDOW,False,,,True,,,4,True,False,False,1,True,916.9412496939228,457.832365758708,459.1088839352148,0.03183823783659454,0.07790122354040957,452.82712206430733,931.6536055393517,0.3073162934938348,-0.3624206899599381,1.0184752640304837,15:00,False,REJECT_TIME_WINDOW,0,,,,,,,,,
20260623,2026-06-23T09:54:00+09:00,2026-06-23T09:48:00+09:00,UP_RED,1,2392,2391,False,REJECT_MACD_GAP_NOT_EXPANDING,False,REJECT_MACD_GAP_NOT_EXPANDING,False,,,True,,,2,False,False,False,2,False,335.37360081498264,378.31546631795936,-42.941865502976725,0.011693640195780427,-0.5143669350680147,-1509.7996001429856,-2340.8470006054267,-0.7753851640779224,-0.5848258804704174,0.49341570385189454,09:54,False,REJECT_MACD_GAP_NOT_EXPANDING,1,-1.514381,0.0,-1.5143807148794681,TIME_WINDOW_STOP_LOSS,12.0,2026-06-23T09:54:00+09:00,2026-06-23T10:06:00+09:00,False,False
20260623,2026-06-23T10:00:00+09:00,2026-06-23T09:54:00+09:00,DOWN_BLUE,2,2394,2393,False,REJECT_NOT_CONFIRMED,False,REJECT_NOT_CONFIRMED,False,,,True,,,5,True,False,False,2,True,-61.724902898165965,327.0428862239951,-388.76778912216105,-0.0021536951464817154,0.5804530173667335,1453.6827527657151,1997.8362068450078,0.6622276331133463,0.6261233712672242,0.3282053202307079,10:00,False,REJECT_NOT_CONFIRMED,1,5.752818,7.63089770354906,-0.9942936673625608,PP_EXIT,75.0,2026-06-23T10:00:00+09:00,2026-06-23T11:15:00+09:00,True,False
20260623,2026-06-23T10:03:00+09:00,2026-06-23T09:57:00+09:00,UP_RED,3,2395,2394,False,REJECT_SHORT_FLAG_INTERVAL,False,REJECT_SHORT_FLAG_INTERVAL,False,,,True,,,2,False,False,False,2,False,67.75147695847045,61.724902898165965,6.026574060304483,0.00236893276078568,-0.6077905048052064,-1631.9697036375292,-2378.9946633358486,-0.7902255000591838,-0.8249883801043165,0.2949219499352394,10:03,False,REJECT_SHORT_FLAG_INTERVAL,1,-2.029377,0.040876086180216646,-2.029377455064873,TIME_WINDOW_STOP_LOSS,18.0,2026-06-23T10:03:00+09:00,2026-06-23T10:21:00+09:00,False,False
20260623,2026-06-23T10:33:00+09:00,2026-06-23T10:27:00+09:00,DOWN_BLUE,4,2405,2404,True,TIME_WINDOW_APPROVED,True,,True,1.0,MORNING,True,,,5,True,True,False,1,True,1443.7964125822655,68.36982286341845,1375.426589718847,0.0512166162675511,0.8270269826290956,2608.8252975447103,4273.929384162184,1.4403096541162559,2.0131765699186075,2.312768433958972,10:33,True,TIME_WINDOW_APPROVED,1,4.435,5.988378378378378,-0.4952702702702702,PP_EXIT,72.0,2026-06-23T10:33:00+09:00,2026-06-23T11:45:00+09:00,True,False
20260623,2026-06-23T11:18:00+09:00,2026-06-23T11:12:00+09:00,UP_RED,5,2420,2419,False,TW2_REJECT_VWAP_VETO,True,,False,,,False,0197X0,,2,False,False,True,3,False,857.9245017873836,514.3911394638417,343.53336232354195,0.031140635273589245,-1.6120454312080919,-3153.827640928328,-3458.623744522687,-1.1926288774216078,-3.1641254937691565,0.8528004363672427,11:18,False,REJECT_LOW_QUALITY_SCORE,1,-1.501295,0.4926424870466321,-1.5012953367875648,TIME_WINDOW_STOP_LOSS,18.0,2026-06-23T11:18:00+09:00,2026-06-23T11:36:00+09:00,False,False
20260623,2026-06-23T12:30:00+09:00,2026-06-23T12:24:00+09:00,DOWN_BLUE,6,2444,2443,True,TIME_WINDOW_APPROVED,True,,True,2.0,AFTERNOON,True,,,5,True,True,False,1,True,954.1749212598861,127.15254318416919,827.0223780757169,0.03526145311381693,1.335122697310008,2799.657294354867,3417.177212893497,1.1996741878230495,4.065178671065665,1.6935109257240366,12:30,True,TIME_WINDOW_APPROVED,1,0.160728,1.853826850690088,0.0,TIME_WINDOW_BREAKEVEN_STOP,12.0,2026-06-23T12:30:00+09:00,2026-06-23T12:42:00+09:00,False,False
20260623,2026-06-23T12:54:00+09:00,2026-06-23T12:48:00+09:00,UP_RED,7,2452,2451,False,TW2_REJECT_VWAP_VETO,True,,False,,,True,,,4,True,False,False,2,False,3901.4873343849176,1447.5844646112055,2453.902869773712,0.14275475061781623,-1.3142977812421157,-852.1970156226307,1583.2559451148845,0.5503450961797159,-2.558662052652796,1.0506539117902096,12:54,False,REJECT_LOW_QUALITY_SCORE,1,0.082259,1.9112171837708831,-0.3815698753646247,TIME_WINDOW_BREAKEVEN_STOP,12.0,2026-06-23T12:54:00+09:00,2026-06-23T13:06:00+09:00,False,False
20260623,2026-06-23T13:27:00+09:00,2026-06-23T13:21:00+09:00,DOWN_BLUE,8,2463,2462,False,TW2_3SLOT_REJECT_SAME_DIRECTION_AFTERNOON_2ND,False,REJECT_TIME_WINDOW,True,,AFTERNOON,True,,,5,True,True,False,2,True,765.3463837220061,538.3360097690838,227.01037395292224,0.028335667668345284,0.9320094989987676,1634.8626979924738,1566.3746876702644,0.5509277872219357,3.4623713622314694,0.4478660052863239,13:27,False,TW2_3SLOT_REJECT_SAME_DIRECTION_AFTERNOON_2ND,1,4.100876,4.100876095118899,-0.5277847309136421,TIME_WINDOW_AFTERNOON_TP,32.0,2026-06-23T13:27:00+09:00,2026-06-23T13:59:00+09:00,False,False
20260624,2026-06-24T10:00:00+09:00,2026-06-24T09:54:00+09:00,DOWN_BLUE,1,2612,2611,True,TIME_WINDOW_APPROVED,True,,True,1.0,MORNING,True,,,3,True,False,False,2,False,2142.6734109356184,1204.4191472468774,938.254263688741,0.08028000790317041,-1.0381462765549636,-1638.9556133779697,-1310.1356217376888,-0.466327778437901,-0.4711861045244075,0.310628337139606,10:00,True,TIME_WINDOW_APPROVED,1,4.342761,4.530043722673329,-0.08994378513429106,TIME_WINDOW_TP2_FULL,10.0,2026-06-24T10:00:00+09:00,2026-06-24T10:10:00+09:00,False,False
20260624,2026-06-24T10:39:00+09:00,2026-06-24T10:33:00+09:00,UP_RED,2,2625,2624,True,TIME_WINDOW_APPROVED,True,,True,2.0,MORNING,True,,,5,True,True,False,2,True,1805.4120080763787,771.2501125371011,1034.1618955392776,0.06792370233545443,0.3949559524129064,1169.9943468216807,1912.3086612629704,0.6834812747176695,0.32270148441889573,0.492440193987475,10:39,True,TIME_WINDOW_APPROVED,1,-2.27527,0.0,-2.2752697331061897,TIME_WINDOW_STOP_LOSS,9.0,2026-06-24T10:39:00+09:00,2026-06-24T10:48:00+09:00,False,False
20260624,2026-06-24T11:06:00+09:00,2026-06-24T11:00:00+09:00,DOWN_BLUE,3,2634,2633,False,TW2_3SLOT_REJECT_TEG,True,,True,3.0,AFTERNOON,True,,,5,True,False,True,3,False,999.475535021767,113.99354010639672,885.4819949153703,0.03797399449170847,-0.30657456398881067,66.3551747603342,1020.4994006124325,0.36834134900523846,0.649407813868728,0.48868001519649923,11:06,False,REJECT_LOW_QUALITY_SCORE,1,4.296168,4.296168108776268,-0.5223733003708282,TIME_WINDOW_AFTERNOON_TP,31.0,2026-06-24T11:06:00+09:00,2026-06-24T11:37:00+09:00,False,False
20260624,2026-06-24T12:30:00+09:00,2026-06-24T12:24:00+09:00,UP_RED,4,2662,2661,False,TW2_REJECT_VWAP_VETO,True,,False,,,True,,,3,True,False,False,2,False,4756.068937624885,1543.496000231571,3212.5729373933136,0.18873289435019383,-1.7784100569815502,-1686.2252522939816,368.780500497669,0.13902439502895705,-3.1138190703429616,0.7522656979120871,12:30,False,TW2_REJECT_VWAP_VETO,1,-1.488103,0.5540782649693541,-1.4881030960238881,TIME_WINDOW_STOP_LOSS,15.0,2026-06-24T12:30:00+09:00,2026-06-24T12:45:00+09:00,False,False
20260624,2026-06-24T13:18:00+09:00,2026-06-24T13:12:00+09:00,DOWN_BLUE,5,2678,2677,True,TIME_WINDOW_APPROVED,False,REJECT_TIME_WINDOW,True,3.0,AFTERNOON,True,,,5,True,True,False,1,True,1215.3644538369426,580.1676881807416,635.196765656201,0.0491453479109156,1.28960667918907,2477.118767498061,3031.3091186690144,1.1644737819392155,4.591456144429523,0.6885908558362446,13:18,True,TIME_WINDOW_APPROVED,1,-1.228974,0.7236028214867065,-1.5543136190992946,TIME_WINDOW_STOP_LOSS,15.0,2026-06-24T13:18:00+09:00,2026-06-24T13:33:00+09:00,False,False
20260624,2026-06-24T13:39:00+09:00,2026-06-24T13:33:00+09:00,UP_RED,6,2685,2684,False,TW2_REJECT_VWAP_VETO,False,REJECT_TIME_WINDOW,False,,,True,,,4,True,False,True,3,False,2767.387348395103,873.6133338225554,1893.7740145725475,0.11078412123279036,-1.2258429982885495,-858.7596999402158,1008.6258367067203,0.3835846856970555,-3.4478096804105545,0.9173160489475923,13:39,False,TW2_REJECT_VWAP_VETO,1,4.00888,4.008879560865354,0.0,TIME_WINDOW_AFTERNOON_TP,21.0,2026-06-24T13:39:00+09:00,2026-06-24T14:00:00+09:00,False,False
20260624,2026-06-24T14:48:00+09:00,2026-06-24T14:42:00+09:00,DOWN_BLUE,7,2708,2707,False,TW2_REJECT_VWAP_VETO,False,REJECT_TIME_WINDOW,False,,,True,,,2,False,False,False,2,False,1614.8105138299143,648.1938969596595,966.6166168702548,0.06158697611860848,-1.1807254883909135,-2297.0413878862746,-2665.1464944845065,-0.9656327878566342,-1.2992005177731885,0.5734981113345167,14:48,False,TW2_REJECT_VWAP_VETO,1,2.734275,3.3482800982800986,0.0,FORCED_LIQUIDATION,12.0,2026-06-24T14:48:00+09:00,2026-06-24T15:00:00+09:00,False,False
20260625,2026-06-25T09:06:00+09:00,2026-06-25T09:00:00+09:00,UP_RED,1,2806,2805,True,TIME_WINDOW_APPROVED,True,,True,1.0,MORNING,True,,,5,True,True,False,0,True,20720.43329983886,12898.054943705578,7822.378356133282,0.7224697803291095,0.93139349961302,8169.351078772452,18256.49851168692,6.04730599236493,0.05702623881097365,3.096103205367234,09:06,True,TIME_WINDOW_APPROVED,1,8.039805,8.039805097451275,-0.015067466266866565,TIME_WINDOW_TP2_FULL,156.0,2026-06-25T09:06:00+09:00,2026-06-25T11:42:00+09:00,False,False
20260625,2026-06-25T09:51:00+09:00,2026-06-25T09:45:00+09:00,DOWN_BLUE,2,2821,2820,True,TIME_WINDOW_APPROVED,True,,True,2.0,MORNING,False,0193T0,,2,False,False,False,2,False,2356.480120270062,1119.2353789039335,1237.2447413661284,0.08122992486280806,-2.7321976936367713,-5474.956954073627,-5776.3568718316965,-1.8916025605792857,-0.6124340713996274,1.2923286351256564,09:51,True,TIME_WINDOW_APPROVED,1,-1.394695,0.0,-1.3946947368421054,TIME_WINDOW_STOP_LOSS,27.0,2026-06-25T09:51:00+09:00,2026-06-25T10:18:00+09:00,False,False
20260625,2026-06-25T13:39:00+09:00,2026-06-25T13:33:00+09:00,UP_RED,3,2897,2896,False,TW2_REJECT_VWAP_VETO,False,REJECT_TIME_WINDOW,False,,,True,,,2,False,False,False,2,False,1766.3246216104744,47.75728141392756,1718.5673401965469,0.0638353676042817,-1.7738433823921125,-3227.4605433079414,-3156.8986231847666,-1.0838647242594595,-4.566566889872821,0.39191295691069794,13:39,False,TW2_REJECT_VWAP_VETO,1,4.053038,4.0530382293762575,-0.009577464788732394,TIME_WINDOW_AFTERNOON_TP,43.0,2026-06-25T13:39:00+09:00,2026-06-25T14:22:00+09:00,False,False
20260626,2026-06-26T09:06:00+09:00,2026-06-26T09:00:00+09:00,DOWN_BLUE,1,2933,2932,True,TIME_WINDOW_APPROVED,True,,True,1.0,MORNING,True,,,5,True,False,False,0,False,5364.653444085736,1877.4419689384522,3487.2114751472836,0.18876331611842845,-0.5449275462077452,566.2656131563708,3090.562987952493,1.033087557549231,0.1404850499764744,1.0841863660613877,09:06,True,TIME_WINDOW_APPROVED,1,8.144886,8.144886363636363,-0.008847402597402599,TIME_WINDOW_TP2_FULL,76.0,2026-06-26T09:06:00+09:00,2026-06-26T10:22:00+09:00,False,False
20260626,2026-06-26T11:57:00+09:00,2026-06-26T11:51:00+09:00,UP_RED,2,2990,2989,False,REJECT_LOW_QUALITY_SCORE,False,REJECT_LOW_QUALITY_SCORE,False,,,True,,,2,False,False,False,2,False,1757.1196189478324,518.8328162907055,1238.2868026571268,0.06719386688137026,-2.0914534347941545,-3098.4605245403945,-2233.765845407266,-0.8115019323659551,-3.894881178802423,0.8113827687018811,11:57,False,REJECT_LOW_QUALITY_SCORE,1,4.140387,4.140387212967132,0.0,TIME_WINDOW_AFTERNOON_TP,16.0,2026-06-26T11:57:00+09:00,2026-06-26T12:13:00+09:00,False,False
20260626,2026-06-26T13:42:00+09:00,2026-06-26T13:36:00+09:00,DOWN_BLUE,3,3025,3024,False,TW2_REJECT_VWAP_VETO,False,REJECT_TIME_WINDOW,False,,,True,,,3,True,False,False,2,False,3575.285256623516,1645.1779373954487,1930.1073192280674,0.12531669318694413,-1.8833011664742982,-3271.7632692260668,-2781.8545070029795,-0.9263097727488135,-4.157893854715235,1.257087883792212,13:42,False,TW2_REJECT_VWAP_VETO,1,4.027243,4.027243066884177,0.0,TIME_WINDOW_AFTERNOON_TP,32.0,2026-06-26T13:42:00+09:00,2026-06-26T14:14:00+09:00,False,False
20260629,2026-06-29T09:36:00+09:00,2026-06-29T09:30:00+09:00,UP_RED,1,3070,3069,True,TIME_WINDOW_APPROVED,True,,True,1.0,MORNING,True,,,2,False,False,False,2,False,894.1890371491681,229.80061873764498,664.3884184115232,0.03423388350494518,-1.9040763432700736,-3633.0571850300767,-4134.25546810776,-1.5036534053226076,-0.477787410231027,1.33920155807095,09:36,True,TIME_WINDOW_APPROVED,1,-1.31785,0.0,-1.3178502879078695,TIME_WINDOW_STOP_LOSS,27.0,2026-06-29T09:36:00+09:00,2026-06-29T10:03:00+09:00,False,False
20260629,2026-06-29T13:42:00+09:00,2026-06-29T13:36:00+09:00,DOWN_BLUE,2,3152,3151,False,TW2_REJECT_VWAP_VETO,False,REJECT_TIME_WINDOW,False,,,True,,,2,False,False,False,2,False,1325.5857512058137,397.6033132264165,927.9824379793972,0.049443705751802076,-1.281612658137348,-2364.2208967548795,-2480.355432192795,-0.8789025216645788,-3.436252088060771,1.0512430815148344,13:42,False,TW2_REJECT_VWAP_VETO,1,4.041074,4.04107371112058,-0.04737963357477631,TIME_WINDOW_AFTERNOON_TP,75.0,2026-06-29T13:42:00+09:00,2026-06-29T14:57:00+09:00,False,False
20260630,2026-06-30T09:27:00+09:00,2026-06-30T09:21:00+09:00,UP_RED,1,3194,3193,True,TIME_WINDOW_APPROVED,True,,True,1.0,MORNING,True,,,4,True,False,False,2,False,1170.727711900493,479.9645364328535,690.7631754676395,0.0445312937200644,-0.21101083048911942,-228.91001359047368,-6.402168359141797,-0.002313449958583057,0.39437906896840735,1.104589706409433,09:27,True,TIME_WINDOW_APPROVED,1,8.106642,8.106641929499071,-0.05291280148423006,TIME_WINDOW_TP2_FULL,127.0,2026-06-30T09:27:00+09:00,2026-06-30T11:34:00+09:00,False,False
20260630,2026-06-30T11:57:00+09:00,2026-06-30T11:51:00+09:00,DOWN_BLUE,2,3244,3243,False,REJECT_LOW_QUALITY_SCORE,False,REJECT_LOW_QUALITY_SCORE,False,,,True,,,3,True,False,False,2,False,850.2740994647902,83.55256284642928,766.7215366183609,0.031122770844245615,-0.9425797410557145,-1446.8283903650008,-1020.6333724525757,-0.35490545528179984,-2.086852940725213,0.6290392854549416,11:57,False,REJECT_LOW_QUALITY_SCORE,1,4.04106,4.041060197663971,0.0,TIME_WINDOW_AFTERNOON_TP,22.0,2026-06-30T11:57:00+09:00,2026-06-30T12:19:00+09:00,False,False
20260630,2026-06-30T13:42:00+09:00,2026-06-30T13:36:00+09:00,UP_RED,3,3279,3278,False,TW2_REJECT_VWAP_VETO,False,REJECT_TIME_WINDOW,False,,,True,,,2,False,False,False,2,False,2240.8495795109848,1001.5618991569572,1239.2876803540275,0.08770448452097789,-1.7219254804904887,-2745.8437560251914,-2450.3132627462037,-0.9110753814517403,-3.7371187489191176,0.9649107237110686,13:42,False,TW2_REJECT_VWAP_VETO,1,4.078098,4.078098207326578,0.0,TIME_WINDOW_AFTERNOON_TP,55.0,2026-06-30T13:42:00+09:00,2026-06-30T14:37:00+09:00,False,False
20260701,2026-07-01T09:21:00+09:00,2026-07-01T09:15:00+09:00,DOWN_BLUE,1,3319,3318,True,TIME_WINDOW_APPROVED,True,,True,1.0,MORNING,True,,,4,True,False,False,2,False,1186.3809644882986,373.0502623363209,813.3307021519777,0.044836771144682486,-0.5071124105580688,-837.2530570272356,-746.7900540851988,-0.2681219015044328,0.3645237989416053,1.0456424425453534,09:21,True,TIME_WINDOW_APPROVED,1,8.031858,8.031858407079646,0.0,TIME_WINDOW_TP2_FULL,119.0,2026-07-01T09:21:00+09:00,2026-07-01T11:20:00+09:00,False,False
20260701,2026-07-01T11:57:00+09:00,2026-07-01T11:51:00+09:00,UP_RED,2,3371,3370,False,TW2_REJECT_VWAP_VETO,True,,False,,,True,,,2,False,False,False,2,False,969.6152141603889,87.6012071230507,882.0140070373382,0.038583971912470705,-1.2204137016337184,-1767.5189446313307,-1330.0229285694659,-0.5027941831043661,-2.669081075288594,1.542470237635687,11:57,False,REJECT_LOW_QUALITY_SCORE,1,4.15616,4.156159728122345,0.0,TIME_WINDOW_AFTERNOON_TP,20.0,2026-07-01T11:57:00+09:00,2026-07-01T12:17:00+09:00,False,False
20260701,2026-07-01T13:42:00+09:00,2026-07-01T13:36:00+09:00,DOWN_BLUE,3,3406,3405,False,TW2_REJECT_VWAP_VETO,False,REJECT_TIME_WINDOW,False,,,True,,,3,True,False,False,2,False,3024.052968046497,1567.2059784527592,1456.8469895937378,0.11191905877300137,-1.7214306545799196,-2775.476507725194,-2261.6966476337984,-0.7951931218549106,-3.899014004522894,1.2031475376309304,13:42,False,TW2_REJECT_VWAP_VETO,1,4.066023,4.066022679546409,-0.04804703905921881,TIME_WINDOW_AFTERNOON_TP,38.0,2026-07-01T13:42:00+09:00,2026-07-01T14:20:00+09:00,False,False
20260702,2026-07-02T09:45:00+09:00,2026-07-02T09:39:00+09:00,UP_RED,1,3454,3453,True,TIME_WINDOW_APPROVED,True,,True,1.0,MORNING,True,,,2,False,False,False,2,False,2059.148476252958,220.2532747335208,1838.8952015194373,0.08917923240593148,-4.427685886533667,-7270.007709693629,-7987.360186045524,-3.286267724877846,-0.9230987031737763,0.9155817864706615,09:45,True,TIME_WINDOW_APPROVED,1,-1.332634,0.0,-1.3326340326340325,TIME_WINDOW_STOP_LOSS,12.0,2026-07-02T09:45:00+09:00,2026-07-02T09:57:00+09:00,False,False
20260702,2026-07-02T13:39:00+09:00,2026-07-02T13:33:00+09:00,DOWN_BLUE,2,3532,3531,False,TW2_REJECT_VWAP_VETO,False,REJECT_TIME_WINDOW,False,,,True,,,3,True,False,False,2,False,2523.8043887827516,336.1220384393746,2187.682350343377,0.10428943755300626,-2.043489325131494,-3089.8145945523866,-2762.9490419314243,-1.084628756130172,-5.4943475713697705,0.44725164694276437,13:39,False,TW2_REJECT_VWAP_VETO,1,4.143129,4.143128781331028,0.0,TIME_WINDOW_AFTERNOON_TP,19.0,2026-07-02T13:39:00+09:00,2026-07-02T13:58:00+09:00,False,False
20260703,2026-07-03T09:12:00+09:00,2026-07-03T09:06:00+09:00,UP_RED,1,3570,3569,True,TIME_WINDOW_APPROVED,True,,True,1.0,MORNING,True,,,4,True,False,False,0,False,2557.7470947726106,954.5248649951973,1603.2222297774133,0.11557826908145552,-2.0128289134459845,-2728.520046411548,-2347.87760868622,-1.0079004646416323,0.387941896687409,0.7582443023247863,09:12,True,TIME_WINDOW_APPROVED,1,3.905251,4.111651917404129,0.0,TIME_WINDOW_TP2_FULL,32.0,2026-07-03T09:12:00+09:00,2026-07-03T09:44:00+09:00,False,False
20260703,2026-07-03T11:57:00+09:00,2026-07-03T11:51:00+09:00,DOWN_BLUE,2,3625,3624,False,REJECT_LOW_QUALITY_SCORE,False,REJECT_LOW_QUALITY_SCORE,False,,,True,,,3,True,False,False,2,False,1778.1740578028366,147.05075302708065,1631.123304775756,0.07308565794504056,-1.9069314668571522,-2571.470001722686,-1747.933942480944,-0.6825060605659065,-4.407634046696252,0.5873531524776393,11:57,False,REJECT_LOW_QUALITY_SCORE,1,4.605219,4.605219206680585,0.0,TIME_WINDOW_AFTERNOON_TP,9.0,2026-07-03T11:57:00+09:00,2026-07-03T12:06:00+09:00,False,False
20260703,2026-07-03T13:39:00+09:00,2026-07-03T13:33:00+09:00,UP_RED,3,3659,3658,False,TW2_REJECT_VWAP_VETO,False,REJECT_TIME_WINDOW,False,,,True,,,2,False,False,False,2,False,3826.054754989076,664.0672394049325,3161.9875155841437,0.1835918788382474,-4.336673740784489,-5529.747043281328,-4747.6338739418425,-2.1642284933996483,-8.898874881654418,0.8530081831925673,13:39,False,TW2_REJECT_VWAP_VETO,1,4.036614,4.036613844870725,0.0,TIME_WINDOW_AFTERNOON_TP,13.0,2026-07-03T13:39:00+09:00,2026-07-03T13:52:00+09:00,False,False
20260706,2026-07-06T09:21:00+09:00,2026-07-06T09:15:00+09:00,DOWN_BLUE,1,3700,3699,True,TIME_WINDOW_APPROVED,True,,True,1.0,MORNING,True,,,3,True,False,False,2,False,3035.071476784302,1234.6831891526745,1800.3882876316275,0.12479734690724925,-2.885549129174749,-4689.563398987055,-4707.131416174583,-1.8387232094432346,0.3515264199188801,1.2792345492257793,09:21,True,TIME_WINDOW_APPROVED,1,3.836088,4.036392785571143,0.0,TIME_WINDOW_TP2_FULL,52.0,2026-07-06T09:21:00+09:00,2026-07-06T10:13:00+09:00,False,False
20260706,2026-07-06T12:00:00+09:00,2026-07-06T11:54:00+09:00,UP_RED,2,3753,3752,False,TW2_REJECT_VWAP_VETO,True,,False,,,True,,,3,True,False,False,2,False,1631.1190021661168,459.7428937923469,1171.37610837377,0.07061121221498341,-0.7675255415248544,-891.9655914255418,-434.03336639050394,-0.1784985705933965,-2.396620965027445,1.1450578540319007,12:00,False,REJECT_LOW_QUALITY_SCORE,1,4.165177,4.165176670923797,0.0,TIME_WINDOW_AFTERNOON_TP,20.0,2026-07-06T12:00:00+09:00,2026-07-06T12:20:00+09:00,False,False
20260706,2026-07-06T13:42:00+09:00,2026-07-06T13:36:00+09:00,DOWN_BLUE,3,3787,3786,False,TW2_REJECT_VWAP_VETO,False,REJECT_TIME_WINDOW,False,,,True,,,3,True,False,False,2,False,2799.7815978815743,1403.2886313840208,1396.4929664975534,0.1130311504998617,-1.8371685571979646,-2651.1676688990556,-2047.046602761373,-0.7851006348903126,-3.88001791772095,1.0071227274613588,13:42,False,TW2_REJECT_VWAP_VETO,1,4.052383,4.052382925818483,0.0,TIME_WINDOW_AFTERNOON_TP,33.0,2026-07-06T13:42:00+09:00,2026-07-06T14:15:00+09:00,False,False
20260707,2026-07-07T09:51:00+09:00,2026-07-07T09:45:00+09:00,UP_RED,1,3837,3836,False,TW2_REJECT_VWAP_VETO,True,,False,,,True,,,2,False,False,False,2,False,596.6878920607924,267.8504688042085,328.83742325658386,0.026793349441436565,-2.450275560530997,-4080.424902754836,-4779.239303628914,-2.038741508058929,-1.37958890470648,1.0300779418937205,09:51,False,TW2_REJECT_VWAP_VETO,1,-1.603187,0.0,-1.6031872509960161,TIME_WINDOW_STOP_LOSS,15.0,2026-07-07T09:51:00+09:00,2026-07-07T10:06:00+09:00,False,False
20260707,2026-07-07T13:42:00+09:00,2026-07-07T13:36:00+09:00,DOWN_BLUE,2,3914,3913,False,TW2_REJECT_VWAP_VETO,False,REJECT_TIME_WINDOW,False,,,True,,,2,False,False,False,2,False,2750.5617304627376,1090.6093500611023,1659.9523804016353,0.11835463556207992,-2.198808667056059,-3302.962051287759,-3139.1849299119785,-1.2832296400241796,-5.4790333906655855,0.7163218850384614,13:42,False,TW2_REJECT_VWAP_VETO,1,4.087004,4.087003760969495,-0.006435436690346845,TIME_WINDOW_AFTERNOON_TP,39.0,2026-07-07T13:42:00+09:00,2026-07-07T14:21:00+09:00,False,False
20260708,2026-07-08T09:42:00+09:00,2026-07-08T09:36:00+09:00,UP_RED,1,3961,3960,True,TIME_WINDOW_APPROVED,True,,True,1.0,MORNING,True,,,2,False,False,False,2,False,1661.1901693034451,789.9644129196531,871.225756383792,0.07884148881364239,-2.241320525602348,-3335.021384120919,-3629.8316248976626,-1.6366113163989418,-0.256972552706663,1.0820660788473884,09:42,True,TIME_WINDOW_APPROVED,1,-1.343237,0.0999240121580547,-1.3432370820668693,TIME_WINDOW_STOP_LOSS,51.0,2026-07-08T09:42:00+09:00,2026-07-08T10:33:00+09:00,False,False
20260708,2026-07-08T13:39:00+09:00,2026-07-08T13:33:00+09:00,DOWN_BLUE,2,4040,4039,False,TW2_REJECT_VWAP_VETO,False,REJECT_TIME_WINDOW,False,,,True,,,3,True,False,False,2,False,3220.8778718980684,1201.2375314760284,2019.64034042204,0.13991650182007248,-2.660024623868851,-3567.3333536614664,-2754.30529718427,-1.1366594406277901,-7.502216417191756,1.11204097276172,13:39,False,TW2_REJECT_VWAP_VETO,1,4.173909,4.173908730158731,0.0,TIME_WINDOW_AFTERNOON_TP,16.0,2026-07-08T13:39:00+09:00,2026-07-08T13:55:00+09:00,False,False
20260709,2026-07-09T09:06:00+09:00,2026-07-09T09:00:00+09:00,UP_RED,1,4076,4075,True,TIME_WINDOW_APPROVED,True,,True,1.0,MORNING,True,,,4,True,False,False,0,False,12539.58561321962,6293.05141100589,6246.53420221373,0.5638302883641916,-1.1767678588724246,1850.581567466259,7527.427956236992,3.2154031287881266,-0.08596878197762278,1.1002371346247648,09:06,True,TIME_WINDOW_APPROVED,1,-1.447378,0.0,-1.4473783477932856,TIME_WINDOW_STOP_LOSS,15.0,2026-07-09T09:06:00+09:00,2026-07-09T09:21:00+09:00,False,False
20260709,2026-07-09T09:54:00+09:00,2026-07-09T09:48:00+09:00,DOWN_BLUE,2,4092,4091,True,TIME_WINDOW_APPROVED,True,,True,2.0,MORNING,True,,,5,True,False,False,2,True,1162.9137059421673,398.58548629672896,764.3282196454384,0.0532225952376278,0.007320404789438236,182.18182885367423,453.0004170802422,0.19695670307829158,0.9569518903204184,1.0022621460640733,09:54,True,TIME_WINDOW_APPROVED,1,6.064078,7.7496470588235296,-0.08996078431372549,PP_EXIT,126.0,2026-07-09T09:54:00+09:00,2026-07-09T12:00:00+09:00,True,False
20260709,2026-07-09T12:00:00+09:00,2026-07-09T11:54:00+09:00,UP_RED,3,4134,4133,False,TW2_REJECT_VWAP_VETO,True,,False,,,False,0197X0,,3,True,False,False,2,False,1606.0753499212533,671.8322086961525,934.2431412251008,0.0762618874606483,-1.1447029267737583,-1157.9135472234339,-448.57244938146323,-0.20234749615968517,-2.2916370492951286,1.1782045471712366,12:00,False,REJECT_LOW_QUALITY_SCORE,1,4.088851,4.088851351351351,0.0,TIME_WINDOW_AFTERNOON_TP,21.0,2026-07-09T12:00:00+09:00,2026-07-09T12:21:00+09:00,False,False
20260709,2026-07-09T13:42:00+09:00,2026-07-09T13:36:00+09:00,DOWN_BLUE,4,4168,4167,False,TW2_REJECT_VWAP_VETO,False,REJECT_TIME_WINDOW,False,,,True,,,2,False,False,False,2,False,1716.2337208408644,625.4603974325291,1090.7733234083353,0.07597316161314141,-1.7024011314682699,-2459.259117853362,-2294.169139740523,-0.9647900322061561,-4.042543847931129,0.5472696597491078,13:42,False,TW2_REJECT_VWAP_VETO,1,4.081872,4.081871838111298,0.0,TIME_WINDOW_AFTERNOON_TP,64.0,2026-07-09T13:42:00+09:00,2026-07-09T14:46:00+09:00,False,False
20260710,2026-07-10T09:06:00+09:00,2026-07-10T09:00:00+09:00,UP_RED,1,4203,4202,True,TIME_WINDOW_APPROVED,True,,True,1.0,MORNING,True,,,4,True,False,False,0,True,9298.304384396359,5164.020545066966,4134.283839329392,0.40568518256528613,0.23454997713629233,3099.3319300562143,7427.131243200973,3.0784357247124654,-0.10082318541408063,0.8256784445581187,09:06,True,TIME_WINDOW_APPROVED,1,-1.411711,0.0,-1.411711371363808,TIME_WINDOW_STOP_LOSS,21.0,2026-07-10T09:06:00+09:00,2026-07-10T09:27:00+09:00,False,False
20260710,2026-07-10T09:45:00+09:00,2026-07-10T09:39:00+09:00,DOWN_BLUE,2,4216,4215,True,TIME_WINDOW_APPROVED,True,,True,2.0,MORNING,True,,,4,True,False,False,2,False,1717.7565620001606,838.4567025471715,879.299859452989,0.07593972422635546,-0.84070882107799,-903.0237184665166,-327.07869154121727,-0.13736726656238277,0.7289780545656837,1.096642808065844,09:45,True,TIME_WINDOW_APPROVED,1,5.724495,7.385833003561536,-0.010922041946972693,PP_EXIT,138.0,2026-07-10T09:45:00+09:00,2026-07-10T12:03:00+09:00,True,False
20260710,2026-07-10T12:00:00+09:00,2026-07-10T11:54:00+09:00,UP_RED,3,4261,4260,False,REJECT_LOW_QUALITY_SCORE,False,REJECT_LOW_QUALITY_SCORE,False,,,False,0197X0,,3,True,False,False,2,False,1187.064204203085,358.66058814401003,828.4036160590749,0.05450248871455854,-0.9108950419513734,-1048.3808699669316,-615.3723474196158,-0.2684130991959587,-2.1794963666966067,0.9384416298577661,12:00,False,REJECT_LOW_QUALITY_SCORE,1,4.064422,4.064422277639236,0.0,TIME_WINDOW_AFTERNOON_TP,31.0,2026-07-10T12:00:00+09:00,2026-07-10T12:31:00+09:00,False,False
20260710,2026-07-10T13:42:00+09:00,2026-07-10T13:36:00+09:00,DOWN_BLUE,4,4295,4294,False,TW2_REJECT_VWAP_VETO,False,REJECT_TIME_WINDOW,False,,,True,,,3,True,False,False,2,False,2046.3169327738724,1026.5179672277336,1019.7989655461388,0.08939785639029586,-1.219244747710251,-1594.5876539568417,-1174.6194996694103,-0.48750044765665335,-2.399519227687196,1.2321976626400375,13:42,False,TW2_REJECT_VWAP_VETO,1,4.067945,4.067944535073409,-0.008482871125611746,TIME_WINDOW_AFTERNOON_TP,44.0,2026-07-10T13:42:00+09:00,2026-07-10T14:26:00+09:00,False,False
20260713,2026-07-13T10:00:00+09:00,2026-07-13T09:54:00+09:00,UP_RED,1,4348,4347,False,TW2_REJECT_VWAP_VETO,True,,False,,,True,,,2,False,False,False,2,False,336.77413614049146,85.6527730178932,251.12136312259827,0.016688510215088773,-3.16603931348145,-4753.306414926425,-5533.193033646094,-2.604823281448907,-2.3380803853238823,0.7680598804886454,10:00,False,TW2_REJECT_VWAP_VETO,1,-1.731363,0.0,-1.7313628899835798,TIME_WINDOW_STOP_LOSS,9.0,2026-07-13T10:00:00+09:00,2026-07-13T10:09:00+09:00,False,False
20260713,2026-07-13T13:39:00+09:00,2026-07-13T13:33:00+09:00,DOWN_BLUE,2,4421,4420,False,TW2_REJECT_VWAP_VETO,False,REJECT_TIME_WINDOW,False,,,True,,,3,True,False,False,2,False,2537.443631781767,34.89657073577109,2502.547061045996,0.1202579920275719,-2.5967792799782394,-3484.015682505211,-3217.509622508893,-1.4486417731674943,-6.011105174011816,0.6976364690148796,13:39,False,TW2_REJECT_VWAP_VETO,1,4.064548,4.064547677261614,0.0,TIME_WINDOW_AFTERNOON_TP,17.0,2026-07-13T13:39:00+09:00,2026-07-13T13:56:00+09:00,False,False
20260714,2026-07-14T09:21:00+09:00,2026-07-14T09:15:00+09:00,UP_RED,1,4462,4461,True,TIME_WINDOW_APPROVED,True,,True,1.0,MORNING,True,,,3,True,False,False,2,False,2350.5862184703656,892.7575524091153,1457.8286660612503,0.12781871769822542,-3.1944148357054383,-3835.027076312341,-3706.618372740457,-1.9147838249610527,0.38524287106142446,0.6277666276169273,09:21,True,TIME_WINDOW_APPROVED,1,3.850419,4.05779918488329,-0.01593182660244535,TIME_WINDOW_TP2_FULL,56.0,2026-07-14T09:21:00+09:00,2026-07-14T10:17:00+09:00,False,False
20260714,2026-07-14T12:00:00+09:00,2026-07-14T11:54:00+09:00,DOWN_BLUE,2,4515,4514,False,TW2_REJECT_VWAP_VETO,True,,False,,,True,,,4,True,False,False,2,False,1949.6985260566853,767.2618223624486,1182.4367036942367,0.10186512675322286,-0.5079262504273346,-205.80510490131564,492.5771961156279,0.24448711405945658,-1.6690903573521696,1.1776761665195534,12:00,False,TW2_REJECT_VWAP_VETO,1,4.116199,4.116199095022624,0.0,TIME_WINDOW_AFTERNOON_TP,12.0,2026-07-14T12:00:00+09:00,2026-07-14T12:12:00+09:00,False,False
20260714,2026-07-14T13:39:00+09:00,2026-07-14T13:33:00+09:00,UP_RED,3,4548,4547,False,TW2_REJECT_VWAP_VETO,False,REJECT_TIME_WINDOW,False,,,True,,,3,True,False,False,2,False,2687.8233277982945,679.4506804282864,2008.372647370008,0.1578287332823426,-3.7195363846949574,-3746.6003469582647,-2994.5267230651807,-1.6704641144521315,-7.72060942934972,1.3168392005118206,13:39,False,TW2_REJECT_VWAP_VETO,1,4.018953,4.018952834270878,0.0,TIME_WINDOW_AFTERNOON_TP,16.0,2026-07-14T13:39:00+09:00,2026-07-14T13:55:00+09:00,False,False
20260715,2026-07-15T09:45:00+09:00,2026-07-15T09:39:00+09:00,DOWN_BLUE,1,4596,4595,True,TIME_WINDOW_APPROVED,True,,True,1.0,MORNING,True,,,2,False,False,False,2,False,4112.295588214067,1513.0719739568012,2599.2236142572656,0.19397620699122956,-4.974468194859153,-6920.647945182631,-6747.068307996029,-3.0234504210360056,-0.3321891264795698,0.6356237747332022,09:45,True,TIME_WINDOW_APPROVED,1,-3.229583,0.0,-3.229583095374072,TIME_WINDOW_STOP_LOSS,6.0,2026-07-15T09:45:00+09:00,2026-07-15T09:51:00+09:00,False,False
20260715,2026-07-15T11:18:00+09:00,2026-07-15T11:12:00+09:00,UP_RED,2,4627,4626,True,TIME_WINDOW_APPROVED,True,,True,2.0,AFTERNOON,True,,,5,True,True,False,1,True,788.8649274131585,453.8500497129662,335.0148777001923,0.03698382219470973,2.157292194524725,2724.3917694753036,2182.374299256131,0.9719904286419929,0.9301954030870563,0.8469357693881967,11:18,True,TIME_WINDOW_APPROVED,1,-1.259629,0.0,-1.259628593233274,TIME_WINDOW_STOP_LOSS,6.0,2026-07-15T11:18:00+09:00,2026-07-15T11:24:00+09:00,False,False
20260715,2026-07-15T11:30:00+09:00,2026-07-15T11:24:00+09:00,DOWN_BLUE,3,4631,4630,False,REJECT_LOW_QUALITY_SCORE,False,REJECT_LOW_QUALITY_SCORE,False,,,True,,,2,False,False,True,3,False,1096.7900327092211,740.1625869774925,356.6274457317286,0.0516866179410566,-1.9376556740031148,-1933.323547528591,-657.8287907475606,-0.2945039355372931,-0.39177906863370343,0.6066909151257831,11:30,False,REJECT_LOW_QUALITY_SCORE,1,-1.411264,0.7142528735632184,-1.4112643678160919,TIME_WINDOW_STOP_LOSS,15.0,2026-07-15T11:30:00+09:00,2026-07-15T11:45:00+09:00,False,False
20260715,2026-07-15T12:33:00+09:00,2026-07-15T12:27:00+09:00,UP_RED,4,4652,4651,False,TW2_3SLOT_REJECT_SAME_DIRECTION_AFTERNOON_2ND,True,,True,,AFTERNOON,True,,,5,True,True,False,1,True,675.3416419315499,531.4149248887989,143.92671704275108,0.031558020651007004,1.0892799448889081,1400.2665426596068,1157.4673131085,0.5138289474080987,1.144660064484732,0.7012096080716974,12:33,False,TW2_3SLOT_REJECT_SAME_DIRECTION_AFTERNOON_2ND,1,0.564919,2.151915322580645,-0.26633064516129035,TIME_WINDOW_PROFIT_LOCK_STOP,54.0,2026-07-15T12:33:00+09:00,2026-07-15T13:27:00+09:00,False,False
20260715,2026-07-15T13:18:00+09:00,2026-07-15T13:12:00+09:00,DOWN_BLUE,5,4667,4666,False,TW2_REJECT_VWAP_VETO,False,REJECT_TIME_WINDOW,False,,,True,,,3,True,False,True,3,False,609.6372718437451,115.91257994608895,493.72469189765616,0.028210887174629575,-1.1032338471161154,-1251.03588304203,-716.7890208782628,-0.3151085468924922,-1.894428414635153,0.8719254909122365,13:18,False,TW2_REJECT_VWAP_VETO,1,0.575076,1.7241379310344827,-0.45287356321839084,EARLY_TAKE_PROFIT,18.0,2026-07-15T13:18:00+09:00,2026-07-15T13:36:00+09:00,False,False
20260715,2026-07-15T14:57:00+09:00,2026-07-15T14:51:00+09:00,UP_RED,6,4700,4699,False,REJECT_TIME_WINDOW,False,REJECT_TIME_WINDOW,False,,,True,,,3,True,False,False,2,False,1351.1786349503036,79.70029035975313,1271.4783445905505,0.0640976582044736,-0.5640758190887443,-487.0895400997251,-4.523733268957585,-0.002038684348064162,-0.592454200700406,0.7714973907989943,14:57,False,REJECT_TIME_WINDOW,0,,,,,,,,,
20260716,2026-07-16T09:06:00+09:00,2026-07-16T09:00:00+09:00,DOWN_BLUE,1,4709,4708,True,TIME_WINDOW_APPROVED,True,,True,1.0,MORNING,True,,,4,True,False,False,0,True,18423.27357196978,11078.710995871841,7344.56257609794,0.9676089060908499,1.5758930476655681,8024.810439270455,17537.142329954775,8.750149796983681,-0.0845846451912113,1.1533002735978113,09:06,True,TIME_WINDOW_APPROVED,1,3.558353,6.037342068320075,0.0,PP_EXIT,57.0,2026-07-16T09:06:00+09:00,2026-07-16T10:03:00+09:00,True,False
20260716,2026-07-16T09:54:00+09:00,2026-07-16T09:48:00+09:00,UP_RED,2,4725,4724,False,TW2_REJECT_VWAP_VETO,True,,False,,,False,0197X0,,2,False,False,False,2,False,2666.7654124179535,609.6597942995868,2057.1056181183667,0.1435288165994593,-4.551614040052415,-5458.617970489198,-5175.489622401772,-2.646240657309734,-1.3144674285981157,0.5594311302879122,09:54,False,TW2_REJECT_VWAP_VETO,1,-1.95807,2.0157662249405366,-1.9580699966021065,TIME_WINDOW_STOP_LOSS,18.0,2026-07-16T09:54:00+09:00,2026-07-16T10:12:00+09:00,False,False
20260716,2026-07-16T12:24:00+09:00,2026-07-16T12:18:00+09:00,DOWN_BLUE,3,4775,4774,False,TW2_3SLOT_REJECT_TEG,True,,True,2.0,AFTERNOON,True,,,5,True,False,True,3,True,774.2286000602373,345.81156558921293,428.4170344710244,0.04171490302048693,0.7875414603896357,831.6730029059108,606.2335859329905,0.31030275142052394,0.5068955326226352,0.8920111575187805,12:24,False,REJECT_LOW_QUALITY_SCORE,1,0.576011,1.997067969791204,-0.44522434473567307,EARLY_TAKE_PROFIT,96.0,2026-07-16T12:24:00+09:00,2026-07-16T14:00:00+09:00,False,False
20260716,2026-07-16T13:06:00+09:00,2026-07-16T13:00:00+09:00,UP_RED,4,4789,4788,False,TW2_3SLOT_REJECT_TEG,False,REJECT_TIME_WINDOW,True,2.0,AFTERNOON,True,,,3,True,False,True,3,False,181.86736939558705,15.4519393503424,166.41543004524465,0.009825357611863157,-0.6583763165152262,-571.8914670019876,-192.08371819509193,-0.09858429621038922,-0.7054391182849898,1.0230446834578453,13:06,False,TW2_3SLOT_REJECT_TEG,1,-1.656627,0.2164906303236797,-1.6566269165247018,TIME_WINDOW_STOP_LOSS,12.0,2026-07-16T13:06:00+09:00,2026-07-16T13:18:00+09:00,False,False
20260716,2026-07-16T13:12:00+09:00,2026-07-16T13:06:00+09:00,DOWN_BLUE,5,4791,4790,False,REJECT_MACD_GAP_NOT_EXPANDING,False,REJECT_MACD_GAP_NOT_EXPANDING,False,,,True,,,5,True,False,False,2,True,17.997744268164297,78.42922607481523,-60.431481806650936,0.0009739039106149511,0.6438961201977238,636.3365675783716,388.53111625509337,0.19973190500122773,0.8556680981829503,0.9888844639862593,13:12,False,REJECT_MACD_GAP_NOT_EXPANDING,1,-0.222971,1.8160532150776052,-0.4446119733924612,TIME_WINDOW_BREAKEVEN_STOP,51.0,2026-07-16T13:12:00+09:00,2026-07-16T14:03:00+09:00,False,False
20260716,2026-07-16T13:18:00+09:00,2026-07-16T13:12:00+09:00,UP_RED,6,4793,4792,False,REJECT_MACD_GAP_NOT_EXPANDING,False,REJECT_MACD_GAP_NOT_EXPANDING,False,,,True,,,2,False,False,False,2,False,116.47177808220931,495.6036404761421,-379.1318623939328,0.006316256945889875,-0.610338875754113,-755.0342555770185,-762.4937255512923,-0.39282485860823646,-1.060187663427207,1.1558008854428152,13:18,False,REJECT_MACD_GAP_NOT_EXPANDING,1,-1.300935,0.08300449982692973,-1.3009345794392522,TIME_WINDOW_STOP_LOSS,18.0,2026-07-16T13:18:00+09:00,2026-07-16T13:36:00+09:00,False,False
20260716,2026-07-16T13:24:00+09:00,2026-07-16T13:18:00+09:00,DOWN_BLUE,7,4795,4794,False,TW2_3SLOT_REJECT_TEG,False,REJECT_TIME_WINDOW,True,2.0,AFTERNOON,True,,,5,True,False,False,2,True,760.7485339412001,292.0574219889827,468.6911119522174,0.04141254947965161,0.6360327562276441,966.8732209308073,1263.6286506212782,0.653482426831876,1.4076544547473515,1.4625570213290593,13:24,False,TW2_3SLOT_REJECT_TEG,1,-1.404032,0.6108676599474147,-1.404031551270815,TIME_WINDOW_STOP_LOSS,39.0,2026-07-16T13:24:00+09:00,2026-07-16T14:03:00+09:00,False,False
20260716,2026-07-16T13:57:00+09:00,2026-07-16T13:51:00+09:00,UP_RED,8,4806,4805,False,TW2_REJECT_VWAP_VETO,False,REJECT_TIME_WINDOW,False,,,True,,,3,True,False,False,2,False,417.7560733276905,7.060417489791689,410.6956558378988,0.022741212483815488,-0.6671948959786803,-571.2293772799894,-183.02626360300928,-0.09465157889115138,-1.2903127129857332,0.8384283595016163,13:57,False,TW2_REJECT_VWAP_VETO,1,4.57917,4.5791695501730105,-0.4013148788927336,TIME_WINDOW_AFTERNOON_TP,23.0,2026-07-16T13:57:00+09:00,2026-07-16T14:20:00+09:00,False,False
20260716,2026-07-16T14:48:00+09:00,2026-07-16T14:42:00+09:00,DOWN_BLUE,9,4823,4822,False,TW2_3SLOT_REJECT_TEG,False,REJECT_TIME_WINDOW,True,2.0,AFTERNOON,True,,,3,True,False,True,4,False,825.1875193552405,539.7329850636079,285.4545342916326,0.044293479299798204,-0.1541941387192169,-229.0624657100998,-288.35722163738683,-0.1470420614897983,-0.06366442097690708,1.0184560290995697,14:48,False,TW2_3SLOT_REJECT_TEG,1,-1.38862,0.08915770609318996,-0.8960573476702508,FORCED_LIQUIDATION,12.0,2026-07-16T14:48:00+09:00,2026-07-16T15:00:00+09:00,False,False
20260720,2026-07-20T09:18:00+09:00,2026-07-20T09:12:00+09:00,UP_RED,1,4839,4838,True,TIME_WINDOW_APPROVED,True,,True,1.0,MORNING,True,,,5,True,True,False,1,False,3970.698586912812,1024.1716966070062,2946.526890305806,0.21020108983127644,-0.1285881358853681,1502.3190731124487,4130.089176645502,2.0770697288582833,4.121712160426029,1.2698556416336093,09:18,True,TIME_WINDOW_APPROVED,1,-2.492123,1.4112817089452603,-2.4921228304405876,TIME_WINDOW_STOP_LOSS,12.0,2026-07-20T09:18:00+09:00,2026-07-20T09:30:00+09:00,False,False
20260720,2026-07-20T09:54:00+09:00,2026-07-20T09:48:00+09:00,DOWN_BLUE,2,4851,4850,True,TIME_WINDOW_APPROVED,True,,True,2.0,MORNING,True,,,4,True,False,False,2,False,1325.249254563695,128.06952371734906,1197.179730846346,0.07171262200019995,-0.1438940255827743,381.72159027680755,1264.3516373212915,0.6499643157225318,-0.7933799313317493,0.3308393428774148,09:54,True,TIME_WINDOW_APPROVED,1,9.437952,9.437952338923212,-1.148631950573698,TIME_WINDOW_TP2_FULL,60.0,2026-07-20T09:54:00+09:00,2026-07-20T10:54:00+09:00,False,False
20260720,2026-07-20T10:30:00+09:00,2026-07-20T10:24:00+09:00,UP_RED,3,4863,4862,False,REJECT_NOT_CONFIRMED,False,REJECT_NOT_CONFIRMED,False,,,False,0197X0,,2,False,False,True,4,False,-258.2085201083937,152.58349156830445,-410.79201167669817,-0.014086662308150229,-0.2864652427448269,-679.9417582568713,-1200.8068608187605,-0.6223494368673399,-0.058501296419135325,0.6494859231032971,10:30,False,REJECT_NOT_CONFIRMED,1,-2.633934,0.0,-3.6586072817249913,TIME_WINDOW_STOP_LOSS,6.0,2026-07-20T10:30:00+09:00,2026-07-20T10:36:00+09:00,False,False
20260720,2026-07-20T10:33:00+09:00,2026-07-20T10:27:00+09:00,DOWN_BLUE,4,4864,4863,False,REJECT_DUPLICATE_POSITION,False,REJECT_DUPLICATE_POSITION,False,,,False,0197X0,,5,True,False,False,2,True,2057.1855819251587,258.2085201083937,1798.977061816765,0.1137823883808163,0.39184928377588024,1633.6695324426983,3467.396683597937,1.8219175052090932,1.3841941444722698,1.7065091608340466,10:33,False,REJECT_DUPLICATE_POSITION,1,1.124895,4.141072925398156,-0.46697401508801345,TIME_WINDOW_TRAILING_STOP,27.0,2026-07-20T10:33:00+09:00,2026-07-20T11:00:00+09:00,False,False
20260720,2026-07-20T11:12:00+09:00,2026-07-20T11:06:00+09:00,UP_RED,5,4877,4876,False,REJECT_LOW_QUALITY_SCORE,False,REJECT_LOW_QUALITY_SCORE,False,,,True,,,2,False,False,False,2,False,1057.019067986519,968.9832127816335,88.03585520488559,0.05934975115028181,-1.2747454451186193,-1677.5465684896335,-1936.4920579402242,-1.0329407383734595,-2.3194764780345603,0.7576754826871755,11:12,False,REJECT_LOW_QUALITY_SCORE,1,-1.572997,0.0,-1.7583827893175075,TIME_WINDOW_STOP_LOSS,6.0,2026-07-20T11:12:00+09:00,2026-07-20T11:18:00+09:00,False,False
20260720,2026-07-20T11:24:00+09:00,2026-07-20T11:18:00+09:00,DOWN_BLUE,6,4881,4880,False,REJECT_NOT_CONFIRMED,False,REJECT_NOT_CONFIRMED,False,,,True,,,5,True,False,False,2,True,-255.44230391316523,83.84992179241453,-339.29222570557977,-0.014423619645012153,1.403034980561364,1767.1374635542743,1941.8019317197613,1.0416215895730734,2.726526197975164,1.019122523498104,11:24,False,REJECT_NOT_CONFIRMED,1,-2.031647,0.8808579522460542,-2.0316471064346415,TIME_WINDOW_STOP_LOSS,9.0,2026-07-20T11:24:00+09:00,2026-07-20T11:33:00+09:00,False,False
20260720,2026-07-20T11:27:00+09:00,2026-07-20T11:21:00+09:00,UP_RED,7,4882,4881,False,REJECT_NOT_CONFIRMED,False,REJECT_NOT_CONFIRMED,False,,,True,,,0,False,False,False,2,False,-543.523674594624,255.44230391316523,-798.9659785077893,-0.03100534367339555,-1.4783333329332453,-2403.720308120828,-3471.154128698865,-1.8811160423639628,-3.6491166267503683,1.3523940186033676,11:27,False,REJECT_NOT_CONFIRMED,1,0.364042,3.9581377744133235,-1.1115064345193038,TIME_WINDOW_PROFIT_LOCK_STOP,39.0,2026-07-20T11:27:00+09:00,2026-07-20T12:06:00+09:00,False,False
20260720,2026-07-20T11:30:00+09:00,2026-07-20T11:24:00+09:00,DOWN_BLUE,8,4883,4882,False,REJECT_SHORT_FLAG_INTERVAL,False,REJECT_SHORT_FLAG_INTERVAL,False,,,True,,,5,True,False,False,2,True,736.4526502040499,543.523674594624,192.92897560942583,0.04196311397174073,1.5176210691151275,2231.025394076947,2950.0918307276443,1.596915805806987,3.494051281976801,0.9414877994395041,11:30,False,REJECT_SHORT_FLAG_INTERVAL,1,-1.39551,0.03240816326530612,-1.3955102040816325,TIME_WINDOW_STOP_LOSS,6.0,2026-07-20T11:30:00+09:00,2026-07-20T11:36:00+09:00,False,False
20260720,2026-07-20T11:36:00+09:00,2026-07-20T11:30:00+09:00,UP_RED,9,4885,4884,False,REJECT_LOW_QUALITY_SCORE,False,REJECT_LOW_QUALITY_SCORE,False,,,True,,,3,True,False,False,2,False,2204.7705693728985,930.0690747818153,1274.7014945910832,0.12372449884247468,-1.3911585499163022,-1039.0972591997124,-70.25657798792236,-0.037454404651255824,-1.9695873738440142,0.6461932181701855,11:36,False,REJECT_LOW_QUALITY_SCORE,1,-2.155498,1.3484870848708486,-2.1554981549815495,TIME_WINDOW_STOP_LOSS,30.0,2026-07-20T11:36:00+09:00,2026-07-20T12:06:00+09:00,False,False
20260720,2026-07-20T13:18:00+09:00,2026-07-20T13:12:00+09:00,DOWN_BLUE,10,4919,4918,True,TIME_WINDOW_APPROVED,False,REJECT_TIME_WINDOW,True,3.0,AFTERNOON,True,,,5,True,True,False,2,True,1877.468953926363,712.1516831748478,1165.317270751515,0.10673501727836059,0.4518562901073499,1113.5215481254272,2035.065872219624,1.0990975432680716,2.931091166220321,1.7880899755708077,13:18,True,TIME_WINDOW_APPROVED,1,-1.661855,0.0,-1.6618548387096774,TIME_WINDOW_STOP_LOSS,6.0,2026-07-20T13:18:00+09:00,2026-07-20T13:24:00+09:00,False,False
20260720,2026-07-20T13:36:00+09:00,2026-07-20T13:30:00+09:00,UP_RED,11,4925,4924,False,TW2_3SLOT_REJECT_DAILY_SLOT_CAP,False,REJECT_TIME_WINDOW,True,,AFTERNOON,True,,,4,True,False,True,3,False,2263.501639093326,1236.770167847231,1026.731471246095,0.12581999105577132,-0.25784836337459544,549.3786710707936,1905.102052457165,1.0060294329263182,-0.6634105735638552,1.8134249411336465,13:36,False,TW2_3SLOT_REJECT_DAILY_SLOT_CAP,1,0.78908,3.24309270795163,0.0,TIME_WINDOW_PROFIT_LOCK_STOP,24.0,2026-07-20T13:36:00+09:00,2026-07-20T14:00:00+09:00,False,False
20260720,2026-07-20T14:09:00+09:00,2026-07-20T14:03:00+09:00,DOWN_BLUE,12,4936,4935,False,TW2_3SLOT_REJECT_DAILY_SLOT_CAP,False,REJECT_TIME_WINDOW,True,,AFTERNOON,True,,,5,True,False,False,2,False,1201.7586518291228,219.51525419412974,982.243397634993,0.06728771846747607,-0.1329644061284753,194.91550339991227,752.6499080793001,0.40034569578682266,1.354426154407453,0.9147058392034154,14:09,False,TW2_3SLOT_REJECT_DAILY_SLOT_CAP,1,0.90298,1.4821192052980132,-0.5864238410596027,FORCED_LIQUIDATION,51.0,2026-07-20T14:09:00+09:00,2026-07-20T15:00:00+09:00,False,False
20260721,2026-07-21T09:21:00+09:00,2026-07-21T09:15:00+09:00,UP_RED,1,4966,4965,True,TIME_WINDOW_APPROVED,True,,True,1.0,MORNING,True,,,5,True,False,False,2,False,1147.0635625076102,854.1881059574189,292.8754565501913,0.06487916077531732,-0.43109282831972456,-314.81732124392875,-9.610859556356445,-0.005164206209547746,0.5159651902160195,0.5774529428585846,09:21,True,TIME_WINDOW_APPROVED,1,5.95209,7.593134328358209,-0.9478358208955224,PP_EXIT,93.0,2026-07-21T09:21:00+09:00,2026-07-21T10:54:00+09:00,True,False
20260721,2026-07-21T10:57:00+09:00,2026-07-21T10:51:00+09:00,DOWN_BLUE,2,4998,4997,False,REJECT_LOW_QUALITY_SCORE,False,REJECT_LOW_QUALITY_SCORE,False,,,True,,,3,True,False,False,2,False,1288.1923107469283,288.28932724378683,999.9029835031415,0.07077979729378728,-0.8668884933696405,-702.2807295555249,-150.3691889240872,-0.07848941180110489,-1.6845070352084954,0.618840468375049,10:57,False,REJECT_LOW_QUALITY_SCORE,1,-1.345927,1.599046793760832,-1.649046793760832,TIME_WINDOW_STOP_LOSS,39.0,2026-07-21T10:57:00+09:00,2026-07-21T11:36:00+09:00,False,False
20260721,2026-07-21T11:48:00+09:00,2026-07-21T11:42:00+09:00,UP_RED,3,5015,5014,True,TIME_WINDOW_APPROVED,True,,True,2.0,AFTERNOON,True,,,5,True,True,False,1,True,809.3735663464149,514.2497638643081,295.12380248210684,0.04422806373477677,0.5032639849998306,781.3769582773093,1045.6846897155046,0.542841778814047,2.018765178346995,0.45472670614818866,11:48,True,TIME_WINDOW_APPROVED,1,4.080645,4.080645161290322,-1.0012622720897617,TIME_WINDOW_AFTERNOON_TP,50.0,2026-07-21T11:48:00+09:00,2026-07-21T12:38:00+09:00,False,False
20260721,2026-07-21T13:15:00+09:00,2026-07-21T13:09:00+09:00,DOWN_BLUE,4,5044,5043,False,TW2_REJECT_VWAP_VETO,False,REJECT_TIME_WINDOW,False,,,True,,,2,False,False,False,2,False,733.1592535848995,314.44919164633393,418.71006193856556,0.03903936387566025,-1.1060950052657281,-1264.141840382712,-1073.5800937353633,-0.5430783221771379,-3.604266340907205,0.5923869433560003,13:15,False,TW2_REJECT_VWAP_VETO,1,0.522925,2.5974528301886792,-0.27858490566037736,TIME_WINDOW_PROFIT_LOCK_STOP,33.0,2026-07-21T13:15:00+09:00,2026-07-21T13:48:00+09:00,False,False
20260721,2026-07-21T14:51:00+09:00,2026-07-21T14:45:00+09:00,UP_RED,5,5076,5075,False,TW2_3SLOT_REJECT_OUTSIDE_WINDOW,False,REJECT_TIME_WINDOW,True,,,True,,,4,True,False,False,2,False,640.2792236936111,496.389812010435,143.88941168317615,0.034665902744645975,-0.07499617976097428,-155.73930170712993,-255.83510017232038,-0.13158816738691007,1.401158332845547,1.2620495713820306,14:51,False,TW2_3SLOT_REJECT_OUTSIDE_WINDOW,0,,,,,,,,,
20260722,2026-07-22T09:45:00+09:00,2026-07-22T09:39:00+09:00,DOWN_BLUE,1,5100,5099,True,TIME_WINDOW_APPROVED,True,,True,1.0,MORNING,True,,,3,True,False,True,3,False,1810.8729962984798,487.9153467906581,1322.9576495078218,0.09127384053923789,-2.2468821587699024,-2881.1674966234714,-2737.943330240203,-1.311011171233845,0.12396381784950537,0.48037040226268624,09:45,True,TIME_WINDOW_APPROVED,1,-1.519492,1.3922669491525426,-1.5194915254237287,TIME_WINDOW_STOP_LOSS,30.0,2026-07-22T09:45:00+09:00,2026-07-22T10:15:00+09:00,False,False
20260722,2026-07-22T12:33:00+09:00,2026-07-22T12:27:00+09:00,UP_RED,2,5156,5155,False,REJECT_LOW_QUALITY_SCORE,False,REJECT_LOW_QUALITY_SCORE,False,,,True,,,2,False,False,True,3,False,505.42872034907305,381.5324532429204,123.89626710615266,0.026039604345650336,-0.33778549210448633,-697.0201754446607,-1107.4292522785254,-0.5420184387762814,-1.943546958458899,0.7393590162473639,12:33,False,REJECT_LOW_QUALITY_SCORE,1,0.06598,1.8754057428214732,-0.5579275905118601,TIME_WINDOW_BREAKEVEN_STOP,57.0,2026-07-22T12:33:00+09:00,2026-07-22T13:30:00+09:00,False,False
20260722,2026-07-22T13:39:00+09:00,2026-07-22T13:33:00+09:00,DOWN_BLUE,3,5178,5177,True,TIME_WINDOW_APPROVED,False,REJECT_TIME_WINDOW,True,2.0,AFTERNOON,True,,,5,True,True,False,1,True,525.8754279892867,14.033531256948208,511.84189673233845,0.027093015352358918,0.17828131449707035,493.35033646482043,908.067676737206,0.44444322148395543,1.8108319675020503,0.760929062196188,13:39,True,TIME_WINDOW_APPROVED,1,4.373708,4.373707977922729,-0.3406924234821877,TIME_WINDOW_AFTERNOON_TP,27.0,2026-07-22T13:39:00+09:00,2026-07-22T14:06:00+09:00,False,False
20260722,2026-07-22T14:57:00+09:00,2026-07-22T14:51:00+09:00,UP_RED,4,5204,5203,False,REJECT_TIME_WINDOW,False,REJECT_TIME_WINDOW,False,,,True,,,2,False,False,False,2,False,309.3203104993445,0.5024224103108281,308.81788808903366,0.01663906995693085,-1.5112414324557686,-2024.7968642492779,-2264.5836783952545,-1.1572643864848648,-4.7644867933700885,0.7054282613592153,14:57,False,REJECT_TIME_WINDOW,0,,,,,,,,,
20260723,2026-07-23T10:27:00+09:00,2026-07-23T10:21:00+09:00,DOWN_BLUE,1,5240,5239,True,TIME_WINDOW_APPROVED,True,,True,1.0,MORNING,True,,,5,True,False,False,2,False,2203.5932684650725,1151.0803445789606,1052.5129238861118,0.11501008708064053,-0.4260732521229236,-83.95648748101667,642.8031123566907,0.31871761833967704,0.26615825344979865,0.9055154253838678,10:27,False,REJECT_LOW_QUALITY_SCORE,1,4.75281,7.900581395348838,-0.09001937984496122,PP_EXIT,78.0,2026-07-23T10:27:00+09:00,2026-07-23T11:45:00+09:00,True,False
20260723,2026-07-23T11:48:00+09:00,2026-07-23T11:42:00+09:00,UP_RED,2,5267,5266,False,TW2_REJECT_VWAP_VETO,True,,False,,,True,,,3,True,False,False,2,False,1679.6868309466608,113.0848878610941,1566.6019430855667,0.08939259345112617,-0.800224603239661,-384.7760545609053,590.4428376979195,0.2985208599325349,-1.355123081467997,1.0027942532831198,11:48,False,TW2_REJECT_VWAP_VETO,1,-1.351511,0.20876785121222186,-1.3515111258718036,TIME_WINDOW_STOP_LOSS,15.0,2026-07-23T11:48:00+09:00,2026-07-23T12:03:00+09:00,False,False
20260723,2026-07-23T13:09:00+09:00,2026-07-23T13:03:00+09:00,DOWN_BLUE,3,5294,5293,False,TW2_3SLOT_REJECT_TEG,False,REJECT_TIME_WINDOW,True,2.0,AFTERNOON,True,,,5,True,False,True,3,False,585.9071015605841,191.83053923353418,394.07656232704994,0.030885983213525786,-0.1848665306873867,-221.09491421212442,-201.0428748484701,-0.1006804064870235,0.28537643042528804,1.3699935824706677,13:09,False,TW2_3SLOT_REJECT_TEG,1,-1.973245,0.0,-2.114460668864814,TIME_WINDOW_STOP_LOSS,6.0,2026-07-23T13:09:00+09:00,2026-07-23T13:15:00+09:00,False,False
20260723,2026-07-23T13:24:00+09:00,2026-07-23T13:18:00+09:00,UP_RED,4,5299,5298,True,TIME_WINDOW_APPROVED,False,REJECT_TIME_WINDOW,True,2.0,AFTERNOON,True,,,5,True,True,False,2,True,788.2023674133243,127.95404474961288,660.2483226637114,0.041095013942300536,0.3060761835985954,954.3899352014996,1843.3697064223234,0.9130350474980043,0.8052205840329051,1.4124377519563671,13:24,True,TIME_WINDOW_APPROVED,1,-1.209472,0.54976,-1.2094719999999999,TIME_WINDOW_STOP_LOSS,18.0,2026-07-23T13:24:00+09:00,2026-07-23T13:42:00+09:00,False,False
20260723,2026-07-23T13:54:00+09:00,2026-07-23T13:48:00+09:00,DOWN_BLUE,5,5309,5308,False,TW2_3SLOT_REJECT_TEG,False,REJECT_TIME_WINDOW,True,3.0,AFTERNOON,True,,,4,True,False,False,2,False,1152.5984743418767,379.01323248546487,773.5852418564118,0.06034546986083124,-0.48523286121184284,-295.89015770261176,212.48829320375808,0.10568789452541114,-0.3167535094462437,1.2190676188536955,13:54,False,TW2_3SLOT_REJECT_TEG,1,0.393137,2.905268245529241,-0.5730304494925085,TIME_WINDOW_PROFIT_LOCK_STOP,27.0,2026-07-23T13:54:00+09:00,2026-07-23T14:21:00+09:00,False,False
20260723,2026-07-23T14:33:00+09:00,2026-07-23T14:27:00+09:00,UP_RED,6,5322,5321,False,TW2_3SLOT_REJECT_SAME_DIRECTION_AFTERNOON_2ND,False,REJECT_TIME_WINDOW,True,,AFTERNOON,True,,,5,True,True,False,1,True,1385.315249529956,600.534369624115,784.780879905841,0.0718524507017612,0.319893063243594,887.8555734099355,1640.5182409689296,0.8083466436310104,1.211681518014797,1.946218939735765,14:33,False,TW2_3SLOT_REJECT_SAME_DIRECTION_AFTERNOON_2ND,1,-1.592389,0.0,-1.5923888711224816,TIME_WINDOW_STOP_LOSS,6.0,2026-07-23T14:33:00+09:00,2026-07-23T14:39:00+09:00,False,False
20260723,2026-07-23T14:48:00+09:00,2026-07-23T14:42:00+09:00,DOWN_BLUE,7,5327,5326,True,TIME_WINDOW_APPROVED,False,REJECT_TIME_WINDOW,True,3.0,AFTERNOON,True,,,5,True,True,True,3,False,1231.960795626254,450.6600382787001,781.3007573475538,0.06480593348901914,-0.2263570154561337,239.81257483386435,1071.4163102370221,0.535426351775404,0.22135994966533093,1.1947847750467568,14:48,True,TIME_WINDOW_APPROVED,1,-0.56168,0.19301557338367153,-0.9863142991977347,FORCED_LIQUIDATION,12.0,2026-07-23T14:48:00+09:00,2026-07-23T15:00:00+09:00,False,False
20260724,2026-07-24T11:57:00+09:00,2026-07-24T11:51:00+09:00,UP_RED,1,5396,5395,False,REJECT_LOW_QUALITY_SCORE,False,REJECT_LOW_QUALITY_SCORE,False,,,True,,,2,False,False,False,2,False,954.6470342999419,258.2119693053064,696.4350649946355,0.054241308767042154,-1.8099543394047544,-1804.3664627571125,-1300.1875751607586,-0.701805793410683,-3.3325645666428345,0.7680991278668015,11:57,False,REJECT_LOW_QUALITY_SCORE,1,4.005841,4.005841325196164,0.0,TIME_WINDOW_AFTERNOON_TP,22.0,2026-07-24T11:57:00+09:00,2026-07-24T12:19:00+09:00,False,False
20260724,2026-07-24T13:42:00+09:00,2026-07-24T13:36:00+09:00,DOWN_BLUE,2,5431,5430,False,TW2_REJECT_VWAP_VETO,False,REJECT_TIME_WINDOW,False,,,True,,,3,True,False,False,2,False,2140.9190215824965,1042.6722512339293,1098.2467703485672,0.11412148302678553,-1.3441273693453029,-1443.4387707400601,-1068.25478254864,-0.540960577516536,-2.728243489156229,0.9506669823979793,13:42,False,TW2_REJECT_VWAP_VETO,1,4.089827,4.089827100924809,-0.009650180940892641,TIME_WINDOW_AFTERNOON_TP,35.0,2026-07-24T13:42:00+09:00,2026-07-24T14:17:00+09:00,False,False
20260727,2026-07-27T09:06:00+09:00,2026-07-27T09:00:00+09:00,UP_RED,1,5466,5465,True,TIME_WINDOW_APPROVED,True,,True,1.0,MORNING,True,,,4,True,False,False,0,False,4209.189478367585,1703.7574149067732,2505.432063460812,0.23203911126612928,-0.9950239639589998,25.516257857671008,1965.7771603928413,1.0294863849906293,0.0,1.0841863660613877,09:06,True,TIME_WINDOW_APPROVED,1,-1.517895,0.661578947368421,-1.5178947368421052,TIME_WINDOW_STOP_LOSS,180.0,2026-07-27T09:06:00+09:00,2026-07-27T12:06:00+09:00,False,False
20260727,2026-07-27T10:24:00+09:00,2026-07-27T10:18:00+09:00,DOWN_BLUE,2,5492,5491,True,TIME_WINDOW_APPROVED,True,,True,2.0,MORNING,False,0193T0,,2,False,False,False,2,False,97.10781713251708,29.895775663116183,67.2120414694009,0.0053444038047615345,0.016132345969517587,-77.13316335435957,-229.7776029938832,-0.12013688654064503,-0.077162316415439,1.2204437712546332,10:24,False,REJECT_LOW_QUALITY_SCORE,1,8.072846,8.07284605961617,-0.4981625153123724,TIME_WINDOW_TP2_FULL,151.0,2026-07-27T10:24:00+09:00,2026-07-27T12:55:00+09:00,False,False
20260727,2026-07-27T13:39:00+09:00,2026-07-27T13:33:00+09:00,UP_RED,3,5557,5556,False,TW2_REJECT_VWAP_VETO,False,REJECT_TIME_WINDOW,False,,,True,,,3,True,False,False,2,False,1534.6751404990355,641.4034639702768,893.2716765287587,0.08927720421751224,-1.7464904643006571,-1713.9793659015559,-1260.034040343482,-0.6963538908238868,-4.183236361570835,0.8327806946969943,13:39,False,TW2_REJECT_VWAP_VETO,1,4.126984,4.1269841269841265,-0.0065998329156223895,TIME_WINDOW_AFTERNOON_TP,34.0,2026-07-27T13:39:00+09:00,2026-07-27T14:13:00+09:00,False,False
20260728,2026-07-28T09:06:00+09:00,2026-07-28T09:00:00+09:00,DOWN_BLUE,1,5593,5592,True,TIME_WINDOW_APPROVED,True,,True,1.0,MORNING,True,,,5,True,True,False,0,False,14612.489912656498,8428.97607312932,6183.513839527177,0.88080107972613,-0.03672346895764963,4361.035242562415,11311.011136083165,6.477070873585879,0.1052831040180111,1.210926753329416,09:06,True,TIME_WINDOW_APPROVED,1,8.060446,8.060446247464503,0.0,TIME_WINDOW_TP2_FULL,105.0,2026-07-28T09:06:00+09:00,2026-07-28T10:51:00+09:00,False,False
20260728,2026-07-28T10:00:00+09:00,2026-07-28T09:54:00+09:00,UP_RED,2,5611,5610,False,TW2_REJECT_VWAP_VETO,True,,False,,,False,0197X0,,2,False,False,False,2,False,1176.4432862020112,631.6526622212259,544.7906239807853,0.07248572311780722,-2.6835587348100094,-3149.1288825641386,-3536.789405985037,-2.0702094489745844,-1.248740266007844,0.9405905734977766,10:00,False,TW2_REJECT_VWAP_VETO,1,-1.311313,0.0,-1.3113125739061884,TIME_WINDOW_STOP_LOSS,15.0,2026-07-28T10:00:00+09:00,2026-07-28T10:15:00+09:00,False,False
20260728,2026-07-28T13:42:00+09:00,2026-07-28T13:36:00+09:00,DOWN_BLUE,3,5685,5684,False,TW2_REJECT_VWAP_VETO,False,REJECT_TIME_WINDOW,False,,,True,,,3,True,False,False,2,False,1924.7408248444772,985.7925349452707,938.9482898992064,0.11608810765045097,-1.2366617306274899,-1197.8889616304077,-930.9924280147534,-0.5334395697310318,-2.8564449982530307,1.0512430815148344,13:42,False,TW2_REJECT_VWAP_VETO,1,4.081669,4.081669394435352,0.0,TIME_WINDOW_AFTERNOON_TP,29.0,2026-07-28T13:42:00+09:00,2026-07-28T14:11:00+09:00,False,False
20260729,2026-07-29T11:57:00+09:00,2026-07-29T11:51:00+09:00,UP_RED,1,5777,5776,False,REJECT_LOW_QUALITY_SCORE,False,REJECT_LOW_QUALITY_SCORE,False,,,True,,,2,False,False,False,2,False,2196.9110019711807,556.0283569814637,1640.882644989717,0.1735316747212623,-5.730870139507148,-4048.9691228952724,-2804.9397415553685,-2.1048126022729767,-9.815968906141029,0.6290392854549416,11:57,False,REJECT_LOW_QUALITY_SCORE,1,4.182541,4.182540638169777,0.0,TIME_WINDOW_AFTERNOON_TP,5.0,2026-07-29T11:57:00+09:00,2026-07-29T12:02:00+09:00,False,False
20260729,2026-07-29T13:42:00+09:00,2026-07-29T13:36:00+09:00,DOWN_BLUE,2,5812,5811,False,TW2_REJECT_VWAP_VETO,False,REJECT_TIME_WINDOW,False,,,True,,,2,False,False,False,2,False,4032.226753006369,1589.4668331326175,2442.7599198737516,0.2535991668557465,-4.594505816721474,-4631.982412467478,-4255.887012587162,-2.542825573558404,-11.135632138132925,0.9649107237110686,13:42,False,TW2_REJECT_VWAP_VETO,1,4.125177,4.12517745302714,0.0,TIME_WINDOW_AFTERNOON_TP,17.0,2026-07-29T13:42:00+09:00,2026-07-29T13:59:00+09:00,False,False
20260730,2026-07-30T09:36:00+09:00,2026-07-30T09:30:00+09:00,UP_RED,1,5857,5856,True,TIME_WINDOW_APPROVED,True,,True,1.0,MORNING,True,,,2,False,False,False,2,False,1478.527673528617,702.3325633775603,776.1951101510567,0.10984603815220037,-3.39574868243899,-3322.4402911900543,-3757.158933528932,-2.6517837940955005,-0.5862169206704838,0.5730223465245848,09:36,True,TIME_WINDOW_APPROVED,1,-1.398075,0.0,-1.398075442648191,TIME_WINDOW_STOP_LOSS,18.0,2026-07-30T09:36:00+09:00,2026-07-30T09:54:00+09:00,False,False
20260730,2026-07-30T13:39:00+09:00,2026-07-30T13:33:00+09:00,DOWN_BLUE,2,5938,5937,False,TW2_REJECT_VWAP_VETO,False,REJECT_TIME_WINDOW,False,,,True,,,2,False,False,False,2,False,1590.571481804811,298.9764392209254,1291.5950425838855,0.11015037962637195,-2.5961792383762687,-2354.11255622725,-2124.939939517295,-1.3979868023140662,-7.2513107656054645,1.0827764627953629,13:39,False,TW2_REJECT_VWAP_VETO,1,4.09414,4.094139534883721,0.0,TIME_WINDOW_AFTERNOON_TP,21.0,2026-07-30T13:39:00+09:00,2026-07-30T14:00:00+09:00,False,False
20260731,2026-07-31T09:06:00+09:00,2026-07-31T09:00:00+09:00,UP_RED,1,5974,5973,True,TIME_WINDOW_APPROVED,True,,True,1.0,MORNING,True,,,4,True,False,False,0,True,35869.51492757205,21815.730176762718,14053.78475080933,2.1174448009192472,1.1021200915383325,12103.067034505075,29247.91873628553,16.402315702167265,-0.0901937830817699,0.9756283750369242,09:06,True,TIME_WINDOW_APPROVED,1,-1.373414,0.0,-1.3734138972809669,TIME_WINDOW_STOP_LOSS,24.0,2026-07-31T09:06:00+09:00,2026-07-31T09:30:00+09:00,False,False
20260731,2026-07-31T09:48:00+09:00,2026-07-31T09:42:00+09:00,DOWN_BLUE,2,5988,5987,True,TIME_WINDOW_APPROVED,True,,True,2.0,MORNING,True,,,3,True,False,False,2,False,4821.325048978979,2162.201359349274,2659.123689629705,0.289395261043156,-5.661734037670599,-6052.182665058877,-5679.366971194744,-3.238534587415943,0.9408793422581779,1.2345818320479995,09:48,True,TIME_WINDOW_APPROVED,1,3.864301,4.068288854003139,0.0,TIME_WINDOW_TP2_FULL,56.0,2026-07-31T09:48:00+09:00,2026-07-31T10:44:00+09:00,False,False
20260731,2026-07-31T12:06:00+09:00,2026-07-31T12:00:00+09:00,UP_RED,3,6034,6033,False,TW2_REJECT_VWAP_VETO,True,,False,,,True,,,4,True,False,False,2,True,1335.6475104738483,537.9656630394147,797.6818474344336,0.08332174113997806,0.29459261464337627,292.69027148769237,257.7465303905774,0.15275059505362884,-2.1043666613527856,0.9099505785575511,12:06,False,REJECT_LOW_QUALITY_SCORE,1,4.024024,4.024023519529609,0.0,TIME_WINDOW_AFTERNOON_TP,25.0,2026-07-31T12:06:00+09:00,2026-07-31T12:31:00+09:00,False,False
20260731,2026-07-31T13:42:00+09:00,2026-07-31T13:36:00+09:00,DOWN_BLUE,4,6066,6065,False,TW2_REJECT_VWAP_VETO,False,REJECT_TIME_WINDOW,False,,,True,,,2,False,False,False,2,False,840.2349602718532,206.4719778728504,633.7629823990028,0.04965927661181166,-1.6950908569665708,-1774.7039838051423,-1557.8221371946856,-0.8746637295123689,-2.8688316532254174,1.0449013304097898,13:42,False,TW2_REJECT_VWAP_VETO,1,3.384559,3.182538399353274,-0.04963621665319321,FORCED_LIQUIDATION,78.0,2026-07-31T13:42:00+09:00,2026-07-31T15:00:00+09:00,False,False
20260803,2026-08-03T09:45:00+09:00,2026-08-03T09:39:00+09:00,UP_RED,1,6114,6113,True,TIME_WINDOW_APPROVED,True,,True,1.0,MORNING,True,,,3,True,False,False,2,False,1793.5549717170616,860.8469213973112,932.7080503197503,0.11237813105996626,-1.4803859149204757,-1432.744816949591,-1207.9251382246148,-0.7190030584670837,-0.20152708305176487,0.43312942717065017,09:45,True,TIME_WINDOW_APPROVED,1,1.66193,3.924778299426187,-0.454981742305686,TIME_WINDOW_TRAILING_STOP,24.0,2026-08-03T09:45:00+09:00,2026-08-03T10:09:00+09:00,False,False
20260803,2026-08-03T10:36:00+09:00,2026-08-03T10:30:00+09:00,DOWN_BLUE,2,6131,6130,True,TIME_WINDOW_APPROVED,True,,True,2.0,MORNING,True,,,5,True,True,False,1,True,980.9992632949034,356.1098811562715,624.8893821386318,0.06220667490773008,1.1013366981848132,1549.2719400408678,2167.271873750491,1.3055854661147315,1.478136264354995,0.9606132770161655,10:36,True,TIME_WINDOW_APPROVED,1,-2.345016,0.0,-2.3974816369359915,TIME_WINDOW_STOP_LOSS,6.0,2026-08-03T10:36:00+09:00,2026-08-03T10:42:00+09:00,False,False
20260803,2026-08-03T10:48:00+09:00,2026-08-03T10:42:00+09:00,UP_RED,3,6135,6134,False,REJECT_MACD_GAP_NOT_EXPANDING,False,REJECT_MACD_GAP_NOT_EXPANDING,False,,,True,,,2,False,False,True,3,False,160.26534890946368,428.02445312710825,-267.75910421764456,0.010136960715336096,-1.066190594818916,-1212.8598143972922,-1353.536015646765,-0.8133201865051242,-1.1798456373303507,0.6936129096343655,10:48,False,REJECT_MACD_GAP_NOT_EXPANDING,1,3.97629,4.087100213219616,0.0,TIME_WINDOW_TP2_FULL,17.0,2026-08-03T10:48:00+09:00,2026-08-03T11:05:00+09:00,False,False
20260803,2026-08-03T11:36:00+09:00,2026-08-03T11:30:00+09:00,DOWN_BLUE,4,6151,6150,False,TW2_3SLOT_REJECT_TEG,True,,True,3.0,AFTERNOON,True,,,5,True,False,False,2,True,193.9435478555273,182.2260027523446,11.717545103182687,0.012136642544150644,0.43068430019154713,316.99287249916233,93.05160622857511,0.0553185393723883,0.10392828308609058,0.4927779618640239,11:36,False,REJECT_LOW_QUALITY_SCORE,1,-1.270999,1.3056928034371644,-1.2709989258861438,TIME_WINDOW_STOP_LOSS,105.0,2026-08-03T11:36:00+09:00,2026-08-03T13:21:00+09:00,False,False
20260803,2026-08-03T11:45:00+09:00,2026-08-03T11:39:00+09:00,UP_RED,5,6154,6153,False,REJECT_MACD_GAP_NOT_EXPANDING,False,REJECT_MACD_GAP_NOT_EXPANDING,False,,,True,,,3,True,False,True,3,False,7.215592212109186,201.2092487412392,-193.99365652913002,0.0004518216789047706,-0.3777961808954714,-328.1686112934258,-211.23431239835918,-0.12565597794517297,-0.16592308950340956,0.912127677418959,11:45,False,REJECT_MACD_GAP_NOT_EXPANDING,1,-1.390114,0.7421436004162331,-1.390114464099896,TIME_WINDOW_STOP_LOSS,36.0,2026-08-03T11:45:00+09:00,2026-08-03T12:21:00+09:00,False,False
20260803,2026-08-03T11:51:00+09:00,2026-08-03T11:45:00+09:00,DOWN_BLUE,6,6156,6155,False,REJECT_MACD_GAP_NOT_EXPANDING,False,REJECT_MACD_GAP_NOT_EXPANDING,False,,,True,,,5,True,False,False,2,True,223.60109885960344,303.47281112069606,-79.87171226109263,0.013992559377947649,0.3672497273385187,259.10528093623,50.466183165088296,0.030001798502399177,0.10124189183637097,0.5243544795043108,11:51,False,REJECT_MACD_GAP_NOT_EXPANDING,1,-0.090054,1.9630270270270274,-0.41416216216216223,TIME_WINDOW_BREAKEVEN_STOP,60.0,2026-08-03T11:51:00+09:00,2026-08-03T12:51:00+09:00,False,False
20260803,2026-08-03T12:09:00+09:00,2026-08-03T12:03:00+09:00,UP_RED,7,6162,6161,False,REJECT_NOT_CONFIRMED,False,REJECT_NOT_CONFIRMED,False,,,True,,,3,True,False,True,4,False,-8.047976957043488,159.54494530339048,-167.59292226043397,-0.000504259207834805,-0.29713644329909256,-285.33129791449755,-236.6651751419995,-0.1408721280606921,-0.2234170200731934,0.7097546684329861,12:09,False,REJECT_NOT_CONFIRMED,1,-1.441394,0.0,-1.44139365574623,TIME_WINDOW_STOP_LOSS,12.0,2026-08-03T12:09:00+09:00,2026-08-03T12:21:00+09:00,False,False
20260803,2026-08-03T12:12:00+09:00,2026-08-03T12:06:00+09:00,DOWN_BLUE,8,6163,6162,False,TW2_3SLOT_REJECT_TEG,True,,True,3.0,AFTERNOON,True,,,5,True,False,False,2,True,363.34767676060335,8.047976957043488,355.29969980355986,0.022823346530188655,0.30818913758222843,431.00458034919575,595.0780156047549,0.35510308720124945,0.47142269784716945,0.8731659994104871,12:12,False,TW2_3SLOT_REJECT_TEG,1,-1.270999,1.3056928034371644,-1.2709989258861438,TIME_WINDOW_STOP_LOSS,69.0,2026-08-03T12:12:00+09:00,2026-08-03T13:21:00+09:00,False,False
20260803,2026-08-03T12:48:00+09:00,2026-08-03T12:42:00+09:00,UP_RED,9,6175,6174,False,REJECT_LOW_QUALITY_SCORE,False,REJECT_LOW_QUALITY_SCORE,False,,,True,,,4,True,False,True,3,False,400.77716340296,207.54072952624438,193.23643387671564,0.02522197378243927,-0.40665425459464255,-304.06872611655854,-103.9944930896163,-0.06217417774397863,-0.6064125914476083,0.6716840252264534,12:48,False,REJECT_LOW_QUALITY_SCORE,1,-1.295543,1.2203460933403252,-1.5576297850026222,TIME_WINDOW_STOP_LOSS,15.0,2026-08-03T12:48:00+09:00,2026-08-03T13:03:00+09:00,False,False
20260803,2026-08-03T13:06:00+09:00,2026-08-03T13:00:00+09:00,DOWN_BLUE,10,6181,6180,True,TIME_WINDOW_APPROVED,False,REJECT_TIME_WINDOW,True,3.0,AFTERNOON,True,,,5,True,True,False,2,True,48.72259602893337,38.712676015824854,10.009920013108513,0.0030739808220147232,0.3721463621214432,388.2544448173139,380.3909535158891,0.22799457781713114,0.8357696472901706,0.7990120153947246,13:06,True,TIME_WINDOW_APPROVED,1,-2.060416,0.06968566862013852,-2.060415556739478,TIME_WINDOW_STOP_LOSS,15.0,2026-08-03T13:06:00+09:00,2026-08-03T13:21:00+09:00,False,False
20260803,2026-08-03T13:12:00+09:00,2026-08-03T13:06:00+09:00,UP_RED,11,6183,6182,False,REJECT_MACD_GAP_NOT_EXPANDING,False,REJECT_MACD_GAP_NOT_EXPANDING,False,,,False,0197X0,,2,False,False,False,2,False,215.251980221944,225.1076164039805,-9.855636182036505,0.013572003797096091,-0.3513655452884077,-325.33599461987615,-252.42887578066438,-0.15120266834273935,-0.7676834518767381,0.8793792616976253,13:12,False,REJECT_MACD_GAP_NOT_EXPANDING,1,0.014893,1.7968536969061355,-0.4045097011012061,TIME_WINDOW_BREAKEVEN_STOP,21.0,2026-08-03T13:12:00+09:00,2026-08-03T13:33:00+09:00,False,False
20260803,2026-08-03T13:45:00+09:00,2026-08-03T13:39:00+09:00,DOWN_BLUE,12,6194,6193,False,TW2_3SLOT_REJECT_DAILY_SLOT_CAP,False,REJECT_TIME_WINDOW,True,,AFTERNOON,True,,,5,True,True,True,3,True,756.6979804731461,465.82935124001506,290.86862923313106,0.047771337151082456,0.19782633730848295,374.3133809841238,635.4851211737841,0.38113059666351123,0.874600784407574,0.8998042274191177,13:45,False,TW2_3SLOT_REJECT_DAILY_SLOT_CAP,1,-0.036713,1.3500533617929562,-0.7834578441835645,FORCED_LIQUIDATION,75.0,2026-08-03T13:45:00+09:00,2026-08-03T15:00:00+09:00,False,False
20260803,2026-08-03T14:30:00+09:00,2026-08-03T14:24:00+09:00,UP_RED,13,6209,6208,False,TW2_3SLOT_REJECT_DAILY_SLOT_CAP,False,REJECT_TIME_WINDOW,True,,AFTERNOON,True,,,4,True,False,False,2,False,1306.1379208278363,727.6226099311007,578.5153108967356,0.08219873636424395,-0.30032810191708853,80.12027476588264,708.9642390757799,0.42386156521217994,-0.4567488786627384,1.0325069241206086,14:30,False,TW2_3SLOT_REJECT_DAILY_SLOT_CAP,1,-1.244304,0.1198950131233596,-1.3492913385826772,TIME_WINDOW_STOP_LOSS,24.0,2026-08-03T14:30:00+09:00,2026-08-03T14:54:00+09:00,False,False
20260804,2026-08-04T09:06:00+09:00,2026-08-04T09:00:00+09:00,UP_RED,1,6231,6230,True,TIME_WINDOW_APPROVED,True,,True,1.0,MORNING,True,,,4,True,False,False,0,False,3860.5806449196134,2225.3594686343354,1635.221176285278,0.23993664666995732,-0.13624707388063872,1074.6145161665045,3002.133796296548,1.7725463682298264,-0.3251607446373873,2.445915362493282,09:06,True,TIME_WINDOW_APPROVED,1,-2.969722,1.4808800419067574,-2.9697223677317965,TIME_WINDOW_STOP_LOSS,9.0,2026-08-04T09:06:00+09:00,2026-08-04T09:15:00+09:00,False,False
20260804,2026-08-04T09:27:00+09:00,2026-08-04T09:21:00+09:00,DOWN_BLUE,2,6238,6237,True,TIME_WINDOW_APPROVED,True,,True,2.0,MORNING,True,,,5,True,False,True,3,True,587.6127421840843,157.93943390923118,429.67330827485307,0.03723781636147556,0.05273473358077749,221.95162951317616,484.80640285951085,0.2918669725706593,1.4275917868011356,0.45264755103634435,09:27,True,TIME_WINDOW_APPROVED,1,8.963769,8.963768870380012,0.0,TIME_WINDOW_TP2_FULL,31.0,2026-08-04T09:27:00+09:00,2026-08-04T09:58:00+09:00,False,False
20260804,2026-08-04T10:24:00+09:00,2026-08-04T10:18:00+09:00,UP_RED,3,6257,6256,False,TW2_REJECT_VWAP_VETO,True,,False,,,True,,,3,True,False,False,2,False,1884.413003306814,938.5717394295789,945.8412638772352,0.1247955631329016,-1.704270751211092,-1403.8077319269069,-911.4527462027036,-0.5734305356903655,-2.6315766617024194,0.5340820523095785,10:24,False,REJECT_LOW_QUALITY_SCORE,1,1.485118,3.1075829383886253,-0.9781990521327013,TIME_WINDOW_AFTER_TP1_STOP,15.0,2026-08-04T10:24:00+09:00,2026-08-04T10:39:00+09:00,False,False
20260804,2026-08-04T11:21:00+09:00,2026-08-04T11:15:00+09:00,DOWN_BLUE,4,6276,6275,False,TW2_3SLOT_REJECT_TEG,True,,True,3.0,AFTERNOON,True,,,5,True,False,False,2,True,1249.8803942505892,549.6826306260973,700.1977636244919,0.0813724215006894,0.192705554554459,333.08896381338127,547.444452154683,0.33858869111127204,0.8161840587262101,0.7747017083486784,11:21,False,TW2_3SLOT_REJECT_TEG,1,-1.780796,0.5066666666666667,-1.7807960199004973,TIME_WINDOW_STOP_LOSS,12.0,2026-08-04T11:21:00+09:00,2026-08-04T11:33:00+09:00,False,False
20260804,2026-08-04T12:36:00+09:00,2026-08-04T12:30:00+09:00,UP_RED,5,6301,6300,False,TW2_3SLOT_REJECT_TEG,True,,True,3.0,AFTERNOON,True,,,4,True,False,False,2,False,1358.67522128858,474.7673193169794,883.9079019716005,0.08839786735774756,-0.3892403272780721,105.67202701489441,902.2724728558678,0.5576830508868181,-0.5986082176439528,0.7115092711092592,12:36,False,REJECT_LOW_QUALITY_SCORE,1,-1.465596,0.0,-1.4655963302752293,TIME_WINDOW_STOP_LOSS,6.0,2026-08-04T12:36:00+09:00,2026-08-04T12:42:00+09:00,False,False
20260804,2026-08-04T13:00:00+09:00,2026-08-04T12:54:00+09:00,DOWN_BLUE,6,6309,6308,True,TIME_WINDOW_APPROVED,False,REJECT_TIME_WINDOW,True,3.0,AFTERNOON,True,,,5,True,True,False,2,True,121.51073925735272,7.331822248150274,114.17891700920245,0.007999390339522893,0.4134347344587733,491.7166425907053,607.0509607417043,0.37965662455867727,1.7091236376026366,1.1975056872067291,13:00,True,TIME_WINDOW_APPROVED,1,0.99379,2.12686052242484,-0.18846722523410547,TIME_WINDOW_PROFIT_LOCK_STOP,18.0,2026-08-04T13:00:00+09:00,2026-08-04T13:18:00+09:00,False,False
20260804,2026-08-04T13:30:00+09:00,2026-08-04T13:24:00+09:00,UP_RED,7,6319,6318,False,TW2_REJECT_VWAP_VETO,False,REJECT_TIME_WINDOW,False,,,True,,,4,True,False,True,3,False,651.1221924174124,288.32928529329456,362.79290712411785,0.04292170022527438,-0.5131257917325123,-320.740534780547,-7.792088583111763,-0.0048796863242800866,-1.741248365363423,0.822566015235993,13:30,False,TW2_REJECT_VWAP_VETO,1,-1.317544,0.20222222222222222,-1.317543859649123,TIME_WINDOW_STOP_LOSS,6.0,2026-08-04T13:30:00+09:00,2026-08-04T13:36:00+09:00,False,False
20260804,2026-08-04T13:45:00+09:00,2026-08-04T13:39:00+09:00,DOWN_BLUE,8,6324,6323,False,TW2_3SLOT_REJECT_DAILY_SLOT_CAP,False,REJECT_TIME_WINDOW,True,,AFTERNOON,True,,,5,True,True,False,2,True,300.1640363592596,128.8763669431146,171.28766941614504,0.019944454243140175,0.5511744715099337,690.6971003883518,908.095069820527,0.5732161570294757,2.4691673694090253,1.1058776545762075,13:45,False,TW2_3SLOT_REJECT_DAILY_SLOT_CAP,1,-2.377215,1.2239532619279454,-2.3772151898734175,TIME_WINDOW_STOP_LOSS,45.0,2026-08-04T13:45:00+09:00,2026-08-04T14:30:00+09:00,False,False
20260804,2026-08-04T13:57:00+09:00,2026-08-04T13:51:00+09:00,UP_RED,9,6328,6327,False,TW2_REJECT_VWAP_VETO,False,REJECT_TIME_WINDOW,False,,,True,,,3,True,False,False,2,False,634.0454929776188,135.40321428813877,498.64227868948,0.04187883044766306,-0.5157666478865371,-246.2639816638548,186.8673156038858,0.11725492062324859,-1.849097608467987,1.3758249176192634,13:57,False,TW2_REJECT_VWAP_VETO,1,-2.099704,0.5601419278533413,-2.099704316972206,TIME_WINDOW_STOP_LOSS,15.0,2026-08-04T13:57:00+09:00,2026-08-04T14:12:00+09:00,False,False
20260804,2026-08-04T14:18:00+09:00,2026-08-04T14:12:00+09:00,DOWN_BLUE,10,6335,6334,False,TW2_3SLOT_REJECT_DAILY_SLOT_CAP,False,REJECT_TIME_WINDOW,True,,AFTERNOON,True,,,5,True,True,False,2,True,150.60162046552432,109.36109120166839,41.24052926385593,0.010013405616058797,0.4952660092621568,525.7557945868466,571.8122303234413,0.3611845869728255,2.350441084168519,1.2541415342791606,14:18,False,TW2_3SLOT_REJECT_DAILY_SLOT_CAP,1,-1.202711,0.0,-1.2027105517909003,TIME_WINDOW_STOP_LOSS,6.0,2026-08-04T14:18:00+09:00,2026-08-04T14:24:00+09:00,False,False
20260804,2026-08-04T14:24:00+09:00,2026-08-04T14:18:00+09:00,UP_RED,11,6337,6336,False,TW2_REJECT_VWAP_VETO,False,REJECT_TIME_WINDOW,False,,,True,,,4,True,False,False,2,False,499.38996902774625,116.73738061747918,382.6525884102671,0.033050295766230725,-0.4538486771977708,-216.97026636009105,162.30336701427586,0.10204381116052312,-1.8728018114596536,0.858557515691557,14:24,False,TW2_REJECT_VWAP_VETO,1,4.97842,4.978419811320755,-0.031014150943396223,TIME_WINDOW_AFTERNOON_TP,12.0,2026-08-04T14:24:00+09:00,2026-08-04T14:36:00+09:00,False,False
20260805,2026-08-05T09:45:00+09:00,2026-08-05T09:39:00+09:00,DOWN_BLUE,1,6370,6369,True,TIME_WINDOW_APPROVED,True,,True,1.0,MORNING,True,,,2,False,False,False,2,False,2118.950078500122,547.2648056681064,1571.6852728320155,0.12567912683867866,-3.1652544772124145,-3342.0364488984924,-3001.442369706463,-1.6912041822189028,-0.16673997974787266,0.4371795168494378,09:45,True,TIME_WINDOW_APPROVED,1,4.65215,5.0216882316697475,-0.2133086876155268,TIME_WINDOW_TP2_FULL,18.0,2026-08-05T09:45:00+09:00,2026-08-05T10:03:00+09:00,False,False
20260805,2026-08-05T11:00:00+09:00,2026-08-05T10:54:00+09:00,UP_RED,2,6395,6394,True,TIME_WINDOW_APPROVED,True,,True,2.0,AFTERNOON,True,,,5,True,True,False,1,True,329.70213723894085,87.98855872619788,241.71357851274297,0.019601791750234295,1.4608600873334414,1496.4842250568327,1272.8628257832024,0.7189177672378442,0.31361143095057703,0.6997406561068755,11:00,True,TIME_WINDOW_APPROVED,1,-2.118358,0.05153374233128834,-2.1183577159037283,TIME_WINDOW_STOP_LOSS,9.0,2026-08-05T11:00:00+09:00,2026-08-05T11:09:00+09:00,False,False
20260805,2026-08-05T11:12:00+09:00,2026-08-05T11:06:00+09:00,DOWN_BLUE,3,6399,6398,False,TW2_3SLOT_REJECT_TEG,True,,True,3.0,AFTERNOON,True,,,5,True,False,True,3,False,820.2961475608045,220.5322239661018,599.7639235947026,0.0490607743756462,-1.3342817664448603,-890.431453121826,51.96005615522154,0.02952275917905441,0.304017853062116,0.7707776763710912,11:12,False,REJECT_LOW_QUALITY_SCORE,1,0.633917,2.8659022329511163,0.0,TIME_WINDOW_PROFIT_LOCK_STOP,42.0,2026-08-05T11:12:00+09:00,2026-08-05T11:54:00+09:00,False,False
20260805,2026-08-05T12:06:00+09:00,2026-08-05T12:00:00+09:00,UP_RED,4,6417,6416,False,TW2_3SLOT_REJECT_SAME_DIRECTION_AFTERNOON_2ND,True,,True,,AFTERNOON,True,,,4,True,False,False,2,True,945.6682946838089,463.3088103963089,482.3594842875,0.05652530153519479,0.5090119606842556,645.211618674919,767.5699531878345,0.4358586105967839,-0.13208262638348556,0.8694701594297123,12:06,False,TW2_3SLOT_REJECT_SAME_DIRECTION_AFTERNOON_2ND,1,-0.138143,1.688888888888889,-0.13814333814333815,TIME_WINDOW_BREAKEVEN_STOP,75.0,2026-08-05T12:06:00+09:00,2026-08-05T13:21:00+09:00,False,False
20260805,2026-08-05T13:18:00+09:00,2026-08-05T13:12:00+09:00,DOWN_BLUE,5,6441,6440,False,TW2_3SLOT_REJECT_TEG,False,REJECT_TIME_WINDOW,True,3.0,AFTERNOON,True,,,4,True,False,False,2,False,679.3032402981189,290.76558055846544,388.53765973965346,0.04041066271850796,-0.5429405206346947,-339.02668619458564,86.38698316900991,0.048820722195447815,-0.29749330542085034,0.6530005125645312,13:18,False,TW2_3SLOT_REJECT_TEG,1,-1.299335,0.877555958862674,-1.2993345432546886,TIME_WINDOW_STOP_LOSS,18.0,2026-08-05T13:18:00+09:00,2026-08-05T13:36:00+09:00,False,False
20260805,2026-08-05T13:45:00+09:00,2026-08-05T13:39:00+09:00,UP_RED,6,6450,6449,False,TW2_3SLOT_REJECT_SAME_DIRECTION_AFTERNOON_2ND,False,REJECT_TIME_WINDOW,True,,AFTERNOON,True,,,5,True,True,False,2,True,805.3256677874901,223.40913499095245,581.9165327965377,0.04753988593786837,0.4173155266731794,754.3736603455618,1201.3504901709966,0.6737207589506632,1.0403719067767996,1.9380783636352845,13:45,False,TW2_3SLOT_REJECT_SAME_DIRECTION_AFTERNOON_2ND,1,-1.497746,0.09765258215962441,-1.4977464788732393,TIME_WINDOW_STOP_LOSS,45.0,2026-08-05T13:45:00+09:00,2026-08-05T14:30:00+09:00,False,False
20260805,2026-08-05T14:24:00+09:00,2026-08-05T14:18:00+09:00,DOWN_BLUE,7,6463,6462,False,TW2_3SLOT_REJECT_TEG,False,REJECT_TIME_WINDOW,True,3.0,AFTERNOON,True,,,3,True,False,False,2,False,357.82698438608077,69.80547089540596,288.0215134906748,0.02117319434237164,-0.43367791513923404,-314.991442902945,-40.856166870798916,-0.022966484335614865,-0.7222869064388665,0.7617640533290305,14:24,False,TW2_3SLOT_REJECT_TEG,1,0.895379,2.003943314849045,-0.2133086876155268,TIME_WINDOW_PROFIT_LOCK_STOP,18.0,2026-08-05T14:24:00+09:00,2026-08-05T14:42:00+09:00,False,False
20260806,2026-08-06T09:06:00+09:00,2026-08-06T09:00:00+09:00,DOWN_BLUE,1,6483,6482,True,TIME_WINDOW_APPROVED,True,,True,1.0,MORNING,True,,,4,True,False,False,0,True,8923.616935460497,6073.4419238493365,2850.1750116111607,0.5573776974054027,0.44012287646487847,3093.81714933645,7237.068727003876,4.294325603156681,-0.7643456346779007,2.1969435918805647,09:06,True,TIME_WINDOW_APPROVED,1,8.276211,8.276211453744493,-0.2,TIME_WINDOW_TP2_FULL,54.0,2026-08-06T09:06:00+09:00,2026-08-06T10:00:00+09:00,False,False
20260806,2026-08-06T10:06:00+09:00,2026-08-06T10:00:00+09:00,UP_RED,2,6503,6502,False,TW2_REJECT_VWAP_VETO,True,,False,,,True,,,2,False,False,False,2,False,301.8290655853707,274.2585772800412,27.57048830532949,0.019935869589522502,-3.152687763538774,-3701.311529198196,-4521.098918461474,-2.8368850545167383,-2.8586982667576604,1.0290353019014913,10:06,False,TW2_REJECT_VWAP_VETO,1,3.863185,4.052575488454707,-1.155239786856128,TIME_WINDOW_TP2_FULL,90.0,2026-08-06T10:06:00+09:00,2026-08-06T11:36:00+09:00,False,False
20260806,2026-08-06T12:09:00+09:00,2026-08-06T12:03:00+09:00,DOWN_BLUE,3,6544,6543,True,TIME_WINDOW_APPROVED,True,,True,2.0,AFTERNOON,True,,,5,True,True,False,1,True,583.4770674065545,149.47682392863192,434.0002434779226,0.03831103528605086,0.8515529992123387,836.1504777704831,791.2141607757658,0.4935347687046075,1.3447587361287856,1.184240298676321,12:09,True,TIME_WINDOW_APPROVED,1,0.36975,2.4127746550843128,-0.19223300970873786,TIME_WINDOW_PROFIT_LOCK_STOP,114.0,2026-08-06T12:09:00+09:00,2026-08-06T14:03:00+09:00,False,False
20260806,2026-08-06T13:27:00+09:00,2026-08-06T13:21:00+09:00,UP_RED,4,6570,6569,False,TW2_REJECT_VWAP_VETO,False,REJECT_TIME_WINDOW,False,,,False,0197X0,,4,True,False,False,2,False,588.0087862643059,130.770523683007,457.23826258129884,0.03883809684704795,-0.7134289011044262,-413.16780256386846,71.44235788448714,0.04482842799879874,-1.596409866148939,1.2585818801818958,13:27,False,TW2_REJECT_VWAP_VETO,1,-1.402866,1.2228059701492537,-1.4028656716417909,TIME_WINDOW_STOP_LOSS,15.0,2026-08-06T13:27:00+09:00,2026-08-06T13:42:00+09:00,False,False
20260806,2026-08-06T13:48:00+09:00,2026-08-06T13:42:00+09:00,DOWN_BLUE,5,6577,6576,True,TIME_WINDOW_APPROVED,False,REJECT_TIME_WINDOW,True,3.0,AFTERNOON,False,0197X0,,5,True,True,False,2,True,426.54582821521535,158.0478023304563,268.49802588475904,0.028417443585290827,0.663061922793413,779.5978044974618,962.9038683222607,0.6094328280519706,2.2429828640527916,0.9086415811431852,13:48,True,TIME_WINDOW_APPROVED,1,-1.592285,0.3106212424849699,-1.5922845691382765,TIME_WINDOW_STOP_LOSS,15.0,2026-08-06T13:48:00+09:00,2026-08-06T14:03:00+09:00,False,False
20260806,2026-08-06T14:03:00+09:00,2026-08-06T13:57:00+09:00,UP_RED,6,6582,6581,False,TW2_REJECT_VWAP_VETO,False,REJECT_TIME_WINDOW,False,,,False,0197X0,,4,True,False,False,2,False,1011.5334374198874,238.57762669261956,772.9558107272678,0.06672384151846222,-0.5701028313351387,-70.90689702960663,726.8989416647237,0.4555105505154393,-1.2019416023239975,0.7838636241304741,14:03,False,TW2_REJECT_VWAP_VETO,1,-1.626848,0.914843287995269,-1.6268480189237138,TIME_WINDOW_STOP_LOSS,30.0,2026-08-06T14:03:00+09:00,2026-08-06T14:33:00+09:00,False,False
20260806,2026-08-06T14:39:00+09:00,2026-08-06T14:33:00+09:00,DOWN_BLUE,7,6594,6593,False,TW2_3SLOT_REJECT_SAME_DIRECTION_AFTERNOON_2ND,False,REJECT_TIME_WINDOW,True,,AFTERNOON,True,,,5,True,True,False,2,True,682.586036047709,192.19523549405486,490.3908005536541,0.04538470984359767,0.30387706776931966,494.79537756508216,794.965858009411,0.502139338503308,1.8805679198846896,0.5308724882855828,14:39,False,TW2_3SLOT_REJECT_SAME_DIRECTION_AFTERNOON_2ND,1,0.81407,0.914572864321608,-0.391356783919598,FORCED_LIQUIDATION,21.0,2026-08-06T14:39:00+09:00,2026-08-06T15:00:00+09:00,False,False
20260807,2026-08-07T09:06:00+09:00,2026-08-07T09:00:00+09:00,UP_RED,1,6609,6608,True,TIME_WINDOW_APPROVED,True,,True,1.0,MORNING,True,,,5,True,True,False,0,False,2963.025610509251,759.4120110249105,2203.6135994843403,0.19321979853337143,-0.32117617683666433,973.7115418384783,3029.5967838768847,1.876828786881685,0.6042315505898432,2.0313111577061984,09:06,True,TIME_WINDOW_APPROVED,1,-1.719092,0.0,-2.0098952270081494,TIME_WINDOW_STOP_LOSS,6.0,2026-08-07T09:06:00+09:00,2026-08-07T09:12:00+09:00,False,False
20260807,2026-08-07T09:24:00+09:00,2026-08-07T09:18:00+09:00,DOWN_BLUE,2,6615,6614,True,TIME_WINDOW_APPROVED,True,,True,2.0,MORNING,True,,,5,True,True,True,3,True,1181.3846158073138,225.4876283471059,955.8969874602079,0.07934080697161275,0.3059038712662633,799.2406981822569,1581.7356276116334,1.0091664514647292,1.6761051243290863,0.8988870177256731,09:24,True,TIME_WINDOW_APPROVED,1,0.98533,3.6247432762836187,-0.627677261613692,TIME_WINDOW_TRAILING_STOP,30.0,2026-08-07T09:24:00+09:00,2026-08-07T09:54:00+09:00,False,False
20260807,2026-08-07T10:03:00+09:00,2026-08-07T09:57:00+09:00,UP_RED,3,6628,6627,False,TW2_REJECT_VWAP_VETO,True,,False,,,True,,,2,False,False,True,3,False,112.0640774925796,24.732365986983496,87.3317115055961,0.00762859615334102,-0.9109789035890227,-1005.4891211704817,-1184.44246052159,-0.7659770847484914,-1.7247803266699169,0.8302096797662982,10:03,False,TW2_REJECT_VWAP_VETO,1,-2.11055,0.8571067593177513,-2.173720783322805,TIME_WINDOW_STOP_LOSS,9.0,2026-08-07T10:03:00+09:00,2026-08-07T10:12:00+09:00,False,False
20260807,2026-08-07T10:15:00+09:00,2026-08-07T10:09:00+09:00,DOWN_BLUE,4,6632,6631,True,TIME_WINDOW_APPROVED,True,,True,3.0,MORNING,True,,,5,True,True,False,2,True,1056.6169596617929,351.8689941996563,704.7479654621366,0.07287013514908916,1.0417688365282394,1584.4559076977894,2496.160169361625,1.6354152833749378,2.7654073244639084,1.0800251010145465,10:15,True,TIME_WINDOW_APPROVED,1,1.357944,3.88018691588785,0.0,TIME_WINDOW_TRAILING_STOP,48.0,2026-08-07T10:15:00+09:00,2026-08-07T11:03:00+09:00,False,False
20260807,2026-08-07T10:57:00+09:00,2026-08-07T10:51:00+09:00,UP_RED,5,6646,6645,False,REJECT_LOW_QUALITY_SCORE,False,REJECT_LOW_QUALITY_SCORE,False,,,False,0197X0,,2,False,False,False,2,False,872.4641545453287,320.54054379057925,551.9236107547495,0.061268550178744996,-1.7538780806572414,-1535.550801229896,-1331.1337643763982,-0.8880456995487794,-2.9900033249642806,0.7831877043785552,10:57,False,REJECT_LOW_QUALITY_SCORE,1,-1.631925,2.658618376928236,-1.631924882629108,TIME_WINDOW_STOP_LOSS,123.0,2026-08-07T10:57:00+09:00,2026-08-07T13:00:00+09:00,False,False
20260807,2026-08-07T12:27:00+09:00,2026-08-07T12:21:00+09:00,DOWN_BLUE,6,6676,6675,False,TW2_3SLOT_REJECT_DAILY_SLOT_CAP,True,,True,,AFTERNOON,True,,,5,True,True,False,2,True,688.5965039811076,287.0651056208857,401.53139836022194,0.04832256168288474,0.6066266512969802,673.1623852998018,826.1103851436637,0.5507402567624589,2.4204187886775514,0.9599124777515224,12:27,False,TW2_3SLOT_REJECT_DAILY_SLOT_CAP,1,0.137893,1.8243502051983582,-0.7736434108527132,TIME_WINDOW_BREAKEVEN_STOP,102.0,2026-08-07T12:27:00+09:00,2026-08-07T14:09:00+09:00,False,False
20260807,2026-08-07T13:24:00+09:00,2026-08-07T13:18:00+09:00,UP_RED,7,6695,6694,False,TW2_REJECT_VWAP_VETO,False,REJECT_TIME_WINDOW,False,,,True,,,4,True,False,False,2,False,782.6694106097943,78.20098008257946,704.4684305272149,0.05473212661606953,-0.5230031777690393,-72.36450204392895,600.6331728447694,0.39902203790387597,-1.8204762731619941,1.1811819636166565,13:24,False,TW2_REJECT_VWAP_VETO,1,-1.430718,0.0,-1.4307176391683434,TIME_WINDOW_STOP_LOSS,21.0,2026-08-07T13:24:00+09:00,2026-08-07T13:45:00+09:00,False,False
20260807,2026-08-07T13:54:00+09:00,2026-08-07T13:48:00+09:00,DOWN_BLUE,8,6705,6704,False,TW2_3SLOT_REJECT_DAILY_SLOT_CAP,False,REJECT_TIME_WINDOW,True,,AFTERNOON,True,,,5,True,True,False,1,True,550.0859769215504,151.05140489801715,399.0345720235332,0.03895793037688034,0.4758272784656882,646.4914688703138,960.0378753044643,0.6459178339512874,2.930625882018299,2.1043490012839023,13:54,False,TW2_3SLOT_REJECT_DAILY_SLOT_CAP,1,-1.396844,0.13534715960324617,-1.5321009918845807,TIME_WINDOW_STOP_LOSS,21.0,2026-08-07T13:54:00+09:00,2026-08-07T14:15:00+09:00,False,False
20260807,2026-08-07T14:06:00+09:00,2026-08-07T14:00:00+09:00,UP_RED,9,6709,6708,False,TW2_REJECT_VWAP_VETO,False,REJECT_TIME_WINDOW,False,,,True,,,4,True,False,True,3,False,448.6689109350591,216.24891781679344,232.41999311826567,0.031551962794307956,-0.41017038575321196,-192.97677426505834,116.2833595694974,0.07768578874199414,-2.1881147316279503,0.8917210271169129,14:06,False,TW2_REJECT_VWAP_VETO,1,-0.967973,1.2608108108108107,-1.103108108108108,FORCED_LIQUIDATION,54.0,2026-08-07T14:06:00+09:00,2026-08-07T15:00:00+09:00,False,False
20260807,2026-08-07T14:42:00+09:00,2026-08-07T14:36:00+09:00,DOWN_BLUE,10,6721,6720,False,TW2_3SLOT_REJECT_DAILY_SLOT_CAP,False,REJECT_TIME_WINDOW,True,,AFTERNOON,True,,,5,True,True,False,2,True,234.89837090349448,167.76534353353395,67.13302736996053,0.016542138796020737,0.2314737963392629,214.7639507765416,207.87251431681216,0.13906963985985552,2.1816258582467807,1.2787209040678051,14:42,False,TW2_3SLOT_REJECT_DAILY_SLOT_CAP,1,0.636331,0.7271571298819255,0.0,FORCED_LIQUIDATION,18.0,2026-08-07T14:42:00+09:00,2026-08-07T15:00:00+09:00,False,False
20260810,2026-08-10T09:45:00+09:00,2026-08-10T09:39:00+09:00,DOWN_BLUE,1,6748,6747,True,TIME_WINDOW_APPROVED,True,,True,1.0,MORNING,True,,,5,True,False,True,3,False,2704.625127397514,1102.4219075423189,1602.2032198551951,0.18860705211977086,-0.6755356715576601,158.37462611752562,1428.1431442117319,0.9461199351473234,1.303774976692809,0.668546106301178,09:45,True,TIME_WINDOW_APPROVED,1,-1.57493,1.2556174558960072,-1.8998142989786446,TIME_WINDOW_STOP_LOSS,39.0,2026-08-10T09:45:00+09:00,2026-08-10T10:24:00+09:00,False,False
20260810,2026-08-10T10:54:00+09:00,2026-08-10T10:48:00+09:00,UP_RED,2,6771,6770,True,TIME_WINDOW_APPROVED,True,,True,2.0,MORNING,True,,,5,True,True,False,1,True,995.4991893741757,404.4392797673922,591.0599096067835,0.06856055023238125,0.1779041130923135,489.55446216091514,990.6228000887204,0.6481347521241387,0.24736229723505945,1.104394737523754,10:54,True,TIME_WINDOW_APPROVED,1,-2.033312,0.0,-2.033311730395334,TIME_WINDOW_STOP_LOSS,6.0,2026-08-10T10:54:00+09:00,2026-08-10T11:00:00+09:00,False,False
20260810,2026-08-10T11:09:00+09:00,2026-08-10T11:03:00+09:00,DOWN_BLUE,3,6776,6775,True,TIME_WINDOW_APPROVED,True,,True,3.0,AFTERNOON,True,,,5,True,True,True,3,False,249.09542382833024,73.6442362490161,175.45118757931414,0.017298293321411824,-0.13354357051892696,16.5048250395339,244.9890135731548,0.16162469645451186,0.566929037035284,0.5089075013095297,11:09,True,TIME_WINDOW_APPROVED,1,0.422761,1.821455223880597,-1.0223880597014925,EARLY_TAKE_PROFIT,30.0,2026-08-10T11:09:00+09:00,2026-08-10T11:39:00+09:00,False,False
20260810,2026-08-10T11:51:00+09:00,2026-08-10T11:45:00+09:00,UP_RED,4,6790,6789,False,TW2_3SLOT_REJECT_DAILY_SLOT_CAP,True,,True,,AFTERNOON,True,,,4,True,False,False,2,False,834.8351643936944,568.1736315808087,266.66153281288575,0.05793443194959711,-0.057561939484669235,105.42000489123166,359.18501766375266,0.23679789505951626,-0.4080969506082294,0.6853282188056005,11:51,False,REJECT_LOW_QUALITY_SCORE,1,-1.201308,0.302158273381295,-1.201308044473512,TIME_WINDOW_STOP_LOSS,15.0,2026-08-10T11:51:00+09:00,2026-08-10T12:06:00+09:00,False,False
20260810,2026-08-10T12:30:00+09:00,2026-08-10T12:24:00+09:00,DOWN_BLUE,5,6803,6802,False,TW2_3SLOT_REJECT_DAILY_SLOT_CAP,True,,True,,AFTERNOON,True,,,5,True,True,False,1,True,488.01006950151066,228.29991415552658,259.71015534598405,0.0340313855998264,0.021026431926983346,199.82220180728473,483.5920958360657,0.3203713326669796,0.8615840590270023,0.8697699505997379,12:30,False,TW2_3SLOT_REJECT_DAILY_SLOT_CAP,1,-1.243675,0.09464450600184672,-1.243674976915974,TIME_WINDOW_STOP_LOSS,30.0,2026-08-10T12:30:00+09:00,2026-08-10T13:00:00+09:00,False,False
20260810,2026-08-10T12:51:00+09:00,2026-08-10T12:45:00+09:00,UP_RED,6,6810,6809,False,TW2_3SLOT_REJECT_DAILY_SLOT_CAP,True,,True,,AFTERNOON,True,,,4,True,False,True,3,False,135.79368934556675,130.4031724792418,5.390516866324958,0.009443232916937883,-0.031158220959177713,-21.734071183484048,-8.88731858949177,-0.005871316175279628,-0.5597000497281575,1.405316770660044,12:51,False,REJECT_LOW_QUALITY_SCORE,1,-1.281457,0.37337748344370864,-1.281456953642384,TIME_WINDOW_STOP_LOSS,33.0,2026-08-10T12:51:00+09:00,2026-08-10T13:24:00+09:00,False,False
20260810,2026-08-10T13:15:00+09:00,2026-08-10T13:09:00+09:00,DOWN_BLUE,7,6818,6817,False,TW2_3SLOT_REJECT_DAILY_SLOT_CAP,False,REJECT_TIME_WINDOW,True,,AFTERNOON,True,,,5,True,True,False,2,True,250.0029526224053,27.53183391593288,222.47111870647242,0.0174339576445192,0.042776724172680095,172.24475192511454,379.6398102659732,0.2515047557551006,0.8140307862568684,1.3875124860377803,13:15,False,TW2_3SLOT_REJECT_DAILY_SLOT_CAP,1,4.05941,4.059409594095941,-0.7815498154981549,TIME_WINDOW_AFTERNOON_TP,38.0,2026-08-10T13:15:00+09:00,2026-08-10T13:53:00+09:00,False,False
20260810,2026-08-10T14:12:00+09:00,2026-08-10T14:06:00+09:00,UP_RED,8,6837,6836,False,TW2_REJECT_VWAP_VETO,False,REJECT_TIME_WINDOW,False,,,True,,,4,True,False,False,2,False,1537.9309158892675,872.1969741926669,665.7339416966006,0.10800076656525753,-0.5293433683044558,-140.96099847811274,429.92685283580795,0.2868191785071166,-1.1309803668845364,1.0008925182350707,14:12,False,TW2_REJECT_VWAP_VETO,1,-1.373243,0.8555405405405405,-1.3732432432432433,TIME_WINDOW_STOP_LOSS,21.0,2026-08-10T14:12:00+09:00,2026-08-10T14:33:00+09:00,False,False
20260810,2026-08-10T14:42:00+09:00,2026-08-10T14:36:00+09:00,DOWN_BLUE,9,6847,6846,False,TW2_3SLOT_REJECT_DAILY_SLOT_CAP,False,REJECT_TIME_WINDOW,True,,AFTERNOON,True,,,5,True,True,False,2,True,211.96427268356229,44.501160508582416,167.46311217497987,0.015001010097916653,0.4116583571359001,481.08865558030084,628.4146816199645,0.42250102444381177,1.7966899742881741,1.15343494109237,14:42,False,TW2_3SLOT_REJECT_DAILY_SLOT_CAP,1,0.179425,0.5835579514824798,-0.7636118598382748,FORCED_LIQUIDATION,18.0,2026-08-10T14:42:00+09:00,2026-08-10T15:00:00+09:00,False,False
20260810,2026-08-10T15:00:00+09:00,2026-08-10T14:54:00+09:00,UP_RED,10,6853,6852,False,REJECT_MACD_GAP_NOT_EXPANDING,False,REJECT_MACD_GAP_NOT_EXPANDING,False,,,True,,,2,False,False,True,3,False,295.50210733479025,296.3581462990278,-0.8560389642375412,0.02089831027827371,-0.4064809991406077,-343.2486338787712,-280.2052844404243,-0.1882567328277085,-1.6619277784703606,0.9464848891206635,15:00,False,REJECT_MACD_GAP_NOT_EXPANDING,0,,,,,,,,,
20260811,2026-08-11T09:06:00+09:00,2026-08-11T09:00:00+09:00,DOWN_BLUE,1,6861,6860,True,TIME_WINDOW_APPROVED,True,,True,1.0,MORNING,True,,,4,True,False,False,0,True,1193.9164426426414,440.8075309254941,753.1089117171473,0.08540174840076119,0.4347336542488006,872.0859657030087,1609.3189129820094,1.0936001196944984,-0.280301057264442,2.7295363100237657,09:06,True,TIME_WINDOW_APPROVED,1,-1.530393,2.8344104803493453,-1.574061135371179,TIME_WINDOW_STOP_LOSS,69.0,2026-08-11T09:06:00+09:00,2026-08-11T10:15:00+09:00,False,False
20260811,2026-08-11T09:54:00+09:00,2026-08-11T09:48:00+09:00,UP_RED,2,6877,6876,True,TIME_WINDOW_APPROVED,True,,True,2.0,MORNING,False,0197X0,,3,True,False,False,2,False,749.0531841964412,216.1161443794781,532.9370398169631,0.05388871828751375,-0.8674876003657641,-588.6816737737972,-248.90772235556506,-0.17011678866033692,-0.09550286599533929,0.5727826566180914,09:54,True,TIME_WINDOW_APPROVED,1,-2.144437,0.47682494684620835,-2.1444365698086463,TIME_WINDOW_STOP_LOSS,9.0,2026-08-11T09:54:00+09:00,2026-08-11T10:03:00+09:00,False,False
20260811,2026-08-11T11:21:00+09:00,2026-08-11T11:15:00+09:00,DOWN_BLUE,3,6906,6905,False,REJECT_LOW_QUALITY_SCORE,False,REJECT_LOW_QUALITY_SCORE,False,,,True,,,3,True,False,False,2,False,759.1940293283915,426.1687452045453,333.0252841238462,0.05384354817931854,-0.21613952306564896,-127.41110477689654,-7.78997808508575,-0.005248566794932443,-0.8182797186963926,0.5509074111163514,11:21,False,REJECT_LOW_QUALITY_SCORE,1,-1.553416,0.2204081632653061,-1.553416149068323,TIME_WINDOW_STOP_LOSS,21.0,2026-08-11T11:21:00+09:00,2026-08-11T11:42:00+09:00,False,False
20260811,2026-08-11T11:51:00+09:00,2026-08-11T11:45:00+09:00,UP_RED,4,6916,6915,True,TIME_WINDOW_APPROVED,True,,True,3.0,AFTERNOON,True,,,5,True,True,False,2,True,389.7631662516569,4.370346152537422,385.3928200991195,0.02744811029941246,0.21715790088067136,469.5064963803161,886.2386282957159,0.59290612456415,1.4733926215027675,0.9365404443440064,11:51,True,TIME_WINDOW_APPROVED,1,4.120109,4.120108695652174,-0.7010869565217391,TIME_WINDOW_AFTERNOON_TP,97.0,2026-08-11T11:51:00+09:00,2026-08-11T13:28:00+09:00,False,False
20260811,2026-08-11T12:24:00+09:00,2026-08-11T12:18:00+09:00,DOWN_BLUE,5,6927,6926,False,REJECT_NOT_CONFIRMED,False,REJECT_NOT_CONFIRMED,False,,,False,0193T0,,0,False,False,True,3,False,-460.67849846706986,17.7868813983946,-478.46537986546446,-0.03220401946641523,-0.3879810033096388,-699.7459218557924,-1220.3901929596905,-0.8104653500956871,-2.043210025282634,1.6836952673917553,12:24,False,REJECT_NOT_CONFIRMED,1,-1.329628,0.41506660542030316,-1.3296279283417545,TIME_WINDOW_STOP_LOSS,18.0,2026-08-11T12:24:00+09:00,2026-08-11T12:42:00+09:00,False,False
20260811,2026-08-11T12:27:00+09:00,2026-08-11T12:21:00+09:00,UP_RED,6,6928,6927,False,REJECT_SHORT_FLAG_INTERVAL,False,REJECT_SHORT_FLAG_INTERVAL,False,,,False,0193T0,,5,True,False,False,1,True,798.677905685166,460.67849846706986,337.99940721809617,0.05577359676572388,0.42360052486121336,731.1284347241744,1247.019698392367,0.8272826211401143,2.1214127270247225,1.6771504379832627,12:27,False,REJECT_SHORT_FLAG_INTERVAL,1,0.840985,2.436992681304058,-0.821556886227545,TIME_WINDOW_PROFIT_LOCK_STOP,90.0,2026-08-11T12:27:00+09:00,2026-08-11T13:57:00+09:00,False,False
20260811,2026-08-11T13:12:00+09:00,2026-08-11T13:06:00+09:00,DOWN_BLUE,7,6943,6942,False,REJECT_MACD_GAP_NOT_EXPANDING,False,REJECT_MACD_GAP_NOT_EXPANDING,False,,,False,0193T0,,2,False,False,False,2,False,155.7742157861776,160.45763867956157,-4.683422893383977,0.0108026501932162,-0.6656126530266828,-700.8938094391488,-797.2383025907911,-0.525226343593214,-2.4828734128708447,1.2679494944788705,13:12,False,REJECT_MACD_GAP_NOT_EXPANDING,1,-1.209426,1.1692953803079795,-1.2094260382641158,TIME_WINDOW_STOP_LOSS,18.0,2026-08-11T13:12:00+09:00,2026-08-11T13:30:00+09:00,False,False
20260811,2026-08-11T13:36:00+09:00,2026-08-11T13:30:00+09:00,UP_RED,8,6951,6950,False,REJECT_NOT_CONFIRMED,False,REJECT_NOT_CONFIRMED,False,,,True,,,5,True,False,False,2,True,-29.509972352312616,13.276871957861658,-42.786844310174274,-0.0020408003009898075,0.6665598947069039,657.6122557967901,681.3730725848582,0.4476517420164039,2.567123701657617,0.6779815979985538,13:36,False,REJECT_NOT_CONFIRMED,1,-1.326432,0.23528645833333336,-1.3264322916666667,TIME_WINDOW_STOP_LOSS,21.0,2026-08-11T13:36:00+09:00,2026-08-11T13:57:00+09:00,False,False
20260811,2026-08-11T13:39:00+09:00,2026-08-11T13:33:00+09:00,DOWN_BLUE,9,6952,6951,False,REJECT_NOT_CONFIRMED,False,REJECT_NOT_CONFIRMED,False,,,True,,,0,False,False,False,2,False,-153.34008394907323,29.509972352312616,-182.85005630138585,-0.01057517820338436,-0.6791174187888551,-788.6862849812023,-997.4327799577732,-0.6534904420413398,-2.8322233848723,0.7290183541524099,13:39,False,REJECT_NOT_CONFIRMED,1,3.496601,3.8270066100094424,-0.3731822474032106,FORCED_LIQUIDATION,81.0,2026-08-11T13:39:00+09:00,2026-08-11T15:00:00+09:00,False,False
20260811,2026-08-11T13:42:00+09:00,2026-08-11T13:36:00+09:00,UP_RED,10,6953,6952,False,REJECT_MACD_GAP_NOT_EXPANDING,False,REJECT_MACD_GAP_NOT_EXPANDING,False,,,True,,,5,True,False,False,2,True,20.956536351360228,153.34008394907323,-132.383547597713,0.0014482747996793523,0.6789092685800895,640.1103522367775,616.724896152271,0.4048988606390571,2.6019418757955077,0.7157264276119312,13:42,False,REJECT_MACD_GAP_NOT_EXPANDING,1,-1.395689,0.5627694317439581,-1.395689092096669,TIME_WINDOW_STOP_LOSS,21.0,2026-08-11T13:42:00+09:00,2026-08-11T14:03:00+09:00,False,False
20260811,2026-08-11T13:48:00+09:00,2026-08-11T13:42:00+09:00,DOWN_BLUE,11,6955,6954,False,REJECT_MACD_GAP_NOT_EXPANDING,False,REJECT_MACD_GAP_NOT_EXPANDING,False,,,True,,,2,False,False,False,2,False,79.71097007173739,174.48199931187082,-94.77102924013343,0.005497308280809476,-0.675885027861592,-710.0749541409314,-799.6319444694091,-0.5238967912040715,-2.7801225406379912,0.6587013704423782,13:48,False,REJECT_MACD_GAP_NOT_EXPANDING,1,4.122159,4.122159090909091,-0.08996212121212122,TIME_WINDOW_AFTERNOON_TP,41.0,2026-08-11T13:48:00+09:00,2026-08-11T14:29:00+09:00,False,False
20260811,2026-08-11T13:54:00+09:00,2026-08-11T13:48:00+09:00,UP_RED,12,6957,6956,False,REJECT_NOT_CONFIRMED,False,REJECT_NOT_CONFIRMED,False,,,True,,,2,False,False,False,1,True,-214.63864425224074,64.53608799156791,-279.17473224380865,-0.014833354820472752,0.6751618853295203,534.7520049565937,350.7191200759262,0.23025788809401293,2.5270835010623105,0.5254228301786755,13:54,False,REJECT_NOT_CONFIRMED,1,-1.331242,0.0,-1.3312418300653595,TIME_WINDOW_STOP_LOSS,9.0,2026-08-11T13:54:00+09:00,2026-08-11T14:03:00+09:00,False,False
20260811,2026-08-11T13:57:00+09:00,2026-08-11T13:51:00+09:00,DOWN_BLUE,13,6958,6957,False,TW2_REJECT_VWAP_VETO,False,REJECT_TIME_WINDOW,False,,,True,,,3,True,False,True,3,False,552.6289544983119,214.63864425224074,337.9903102460712,0.038244218304381454,-0.6547462715440394,-435.3499655467458,-126.84110863995738,-0.08339034824085882,-2.3749856057142495,0.540886756459911,13:57,False,TW2_REJECT_VWAP_VETO,1,2.050559,2.37635009310987,-0.08994413407821229,FORCED_LIQUIDATION,63.0,2026-08-11T13:57:00+09:00,2026-08-11T15:00:00+09:00,False,False
20260812,2026-08-12T09:48:00+09:00,2026-08-12T09:42:00+09:00,DOWN_BLUE,1,7001,7000,True,TIME_WINDOW_APPROVED,True,,True,1.0,MORNING,True,,,5,True,False,False,2,False,1117.6772248236648,333.1412186834723,784.5360061401925,0.07708118791887343,-0.5719586629751621,-210.73980823648162,329.5026643523015,0.2158810559550204,0.537543084627397,0.5122243589893377,09:48,True,TIME_WINDOW_APPROVED,1,-1.990304,2.0002851711026617,-1.9903041825095058,TIME_WINDOW_STOP_LOSS,51.0,2026-08-12T09:48:00+09:00,2026-08-12T10:39:00+09:00,False,False
20260812,2026-08-12T10:24:00+09:00,2026-08-12T10:18:00+09:00,UP_RED,2,7013,7012,False,REJECT_MACD_GAP_NOT_EXPANDING,False,REJECT_MACD_GAP_NOT_EXPANDING,False,,,False,0197X0,,4,True,False,False,2,True,7.162956434573971,101.47068720275092,-94.30773076817695,0.0004922994113109258,0.37181658161300013,302.3969788136892,210.3994440487586,0.1373742074544999,-0.06752960178649518,0.7137183934047152,10:24,False,REJECT_MACD_GAP_NOT_EXPANDING,1,8.110465,8.11046511627907,-0.6064599483204134,TIME_WINDOW_TP2_FULL,88.0,2026-08-12T10:24:00+09:00,2026-08-12T11:52:00+09:00,False,False
20260812,2026-08-12T10:30:00+09:00,2026-08-12T10:24:00+09:00,DOWN_BLUE,3,7015,7014,False,REJECT_NOT_CONFIRMED,False,REJECT_NOT_CONFIRMED,False,,,False,0197X0,,0,False,False,True,4,False,-335.49500587715465,136.27680990283034,-471.771815779985,-0.0229319894652874,-0.3829481070694117,-594.4079762136098,-943.2068011374213,-0.6124719487905174,-0.47131440418804843,1.4350175780151677,10:30,False,REJECT_NOT_CONFIRMED,1,-1.62554,0.3899183869419107,-1.6255400864138263,TIME_WINDOW_STOP_LOSS,12.0,2026-08-12T10:30:00+09:00,2026-08-12T10:42:00+09:00,False,False
20260812,2026-08-12T10:33:00+09:00,2026-08-12T10:27:00+09:00,UP_RED,4,7016,7015,False,REJECT_SHORT_FLAG_INTERVAL,False,REJECT_SHORT_FLAG_INTERVAL,False,,,False,0197X0,,5,True,False,False,2,True,401.56183775639283,335.49500587715465,66.06683187923818,0.027504235462766636,0.39155776041213824,453.45080067566596,567.6632962673903,0.36936995305053966,0.26011101951354365,0.6882243611417322,10:33,False,REJECT_SHORT_FLAG_INTERVAL,1,8.06307,8.063070006422608,-0.3468208092485549,TIME_WINDOW_TP2_FULL,88.0,2026-08-12T10:33:00+09:00,2026-08-12T12:01:00+09:00,False,False
20260812,2026-08-12T12:30:00+09:00,2026-08-12T12:24:00+09:00,DOWN_BLUE,5,7055,7054,False,REJECT_LOW_QUALITY_SCORE,False,REJECT_LOW_QUALITY_SCORE,False,,,True,,,2,False,False,True,3,False,520.8491793564681,241.99607405312963,278.85310530333845,0.03384335148515062,-1.5414623444447417,-1548.4289585843217,-1496.1477899271995,-0.9235480184735497,-3.6968311527877438,0.43248942360287185,12:30,False,REJECT_LOW_QUALITY_SCORE,1,0.716129,2.596989247311828,-0.3586021505376344,TIME_WINDOW_PROFIT_LOCK_STOP,39.0,2026-08-12T12:30:00+09:00,2026-08-12T13:09:00+09:00,False,False
20260812,2026-08-12T14:36:00+09:00,2026-08-12T14:30:00+09:00,UP_RED,6,7097,7096,False,TW2_3SLOT_REJECT_TEG,False,REJECT_TIME_WINDOW,True,2.0,AFTERNOON,True,,,5,True,False,False,2,False,835.5254698898825,98.03458052759379,737.4908893622887,0.05551664251760017,-0.28056276033335426,-95.0481153326109,199.34639130160213,0.12583327025684074,0.8648428704304727,0.9996628861759252,14:36,False,TW2_3SLOT_REJECT_TEG,1,-0.089945,0.5190737355271177,-0.5163924436319317,FORCED_LIQUIDATION,24.0,2026-08-12T14:36:00+09:00,2026-08-12T15:00:00+09:00,False,False
20260813,2026-08-13T09:45:00+09:00,2026-08-13T09:39:00+09:00,DOWN_BLUE,1,7126,7125,True,TIME_WINDOW_APPROVED,True,,True,1.0,MORNING,True,,,4,True,False,True,3,False,2277.60378407556,758.4322631307768,1519.171520944783,0.1424392610428743,-2.086708270267058,-1856.5971074753907,-1275.8067254289053,-0.7579839832129498,0.4753990357657198,0.6636075286535051,09:45,True,TIME_WINDOW_APPROVED,1,-2.585947,0.0,-2.818234610917538,TIME_WINDOW_STOP_LOSS,6.0,2026-08-13T09:45:00+09:00,2026-08-13T09:51:00+09:00,False,False
20260813,2026-08-13T12:00:00+09:00,2026-08-13T11:54:00+09:00,UP_RED,2,7171,7170,True,TIME_WINDOW_APPROVED,True,,True,2.0,AFTERNOON,True,,,5,True,True,True,3,True,424.83767691354274,26.478558461263447,398.3591184522793,0.026256963962518094,0.5690064807381447,651.7461403359193,711.7111136722378,0.41787735351589567,0.5587655705901801,1.1412684292570294,12:00,True,TIME_WINDOW_APPROVED,1,0.648443,1.7560949868073876,-0.8811609498680739,EARLY_TAKE_PROFIT,75.0,2026-08-13T12:00:00+09:00,2026-08-13T13:15:00+09:00,False,False
20260813,2026-08-13T12:36:00+09:00,2026-08-13T12:30:00+09:00,DOWN_BLUE,3,7183,7182,False,TW2_3SLOT_REJECT_TEG,True,,True,3.0,AFTERNOON,False,0193T0,,4,True,False,False,2,False,477.5687502695787,146.1209075588938,331.4478427106849,0.029625852994390738,-0.4445008161559784,-185.74206832889467,275.2286823557224,0.1622005262022154,-0.14865823704922013,0.7923294915503216,12:36,False,REJECT_LOW_QUALITY_SCORE,1,-1.52136,0.0,-1.7600238663484487,TIME_WINDOW_STOP_LOSS,18.0,2026-08-13T12:36:00+09:00,2026-08-13T12:54:00+09:00,False,False
20260813,2026-08-13T12:54:00+09:00,2026-08-13T12:48:00+09:00,UP_RED,4,7189,7188,False,REJECT_DUPLICATE_POSITION,False,REJECT_DUPLICATE_POSITION,False,,,False,0193T0,,5,True,True,False,2,True,419.23591552728794,158.21041557353487,261.02549995375307,0.025830925171120636,0.41332762356390185,538.1636009903159,681.7579888231121,0.3990573563658473,0.8091246346833568,1.012248004797712,12:54,False,REJECT_DUPLICATE_POSITION,1,-1.244958,1.2748949579831934,-1.2449579831932773,TIME_WINDOW_STOP_LOSS,27.0,2026-08-13T12:54:00+09:00,2026-08-13T13:21:00+09:00,False,False
20260813,2026-08-13T13:24:00+09:00,2026-08-13T13:18:00+09:00,DOWN_BLUE,5,7199,7198,False,TW2_3SLOT_REJECT_TEG,False,REJECT_TIME_WINDOW,True,3.0,AFTERNOON,True,,,4,True,False,False,2,False,1083.7642919324912,476.9184171648949,606.8458747675963,0.06718935473853015,-0.3669348969517168,39.02566811977886,723.6619743963238,0.4262113302396709,-0.10943458297976141,1.8092843882090954,13:24,False,TW2_3SLOT_REJECT_TEG,1,4.077308,3.6009529481834424,-0.9829660512209648,FORCED_LIQUIDATION,96.0,2026-08-13T13:24:00+09:00,2026-08-13T15:00:00+09:00,False,False
20260813,2026-08-13T14:03:00+09:00,2026-08-13T13:57:00+09:00,UP_RED,6,7212,7211,False,TW2_3SLOT_REJECT_SAME_DIRECTION_AFTERNOON_2ND,False,REJECT_TIME_WINDOW,True,,AFTERNOON,True,,,3,True,False,False,2,False,14.38509389410865,5.5516784604071745,8.833415433701475,0.0008918223120960105,0.08012716660262487,-10.310724312439561,-162.63830978469923,-0.09578821717012877,0.10711612165893247,1.0153011133928687,14:03,False,TW2_3SLOT_REJECT_SAME_DIRECTION_AFTERNOON_2ND,1,-1.785056,0.17477477477477477,-1.7850556438791731,TIME_WINDOW_STOP_LOSS,30.0,2026-08-13T14:03:00+09:00,2026-08-13T14:33:00+09:00,False,False
20260813,2026-08-13T14:24:00+09:00,2026-08-13T14:18:00+09:00,DOWN_BLUE,7,7219,7218,True,TIME_WINDOW_APPROVED,False,REJECT_TIME_WINDOW,True,3.0,AFTERNOON,True,,,5,True,True,False,2,False,630.0114419652107,209.1732580529008,420.8381839123099,0.039253049343626834,-0.007516089945993853,325.64004679140635,852.5067778972443,0.5045990274156911,0.3902659320981689,1.523465960100091,14:24,True,TIME_WINDOW_APPROVED,1,3.216302,2.7438865918487894,-0.38523331364441815,FORCED_LIQUIDATION,36.0,2026-08-13T14:24:00+09:00,2026-08-13T15:00:00+09:00,False,False
20260814,2026-08-14T09:51:00+09:00,2026-08-14T09:45:00+09:00,DOWN_BLUE,1,7254,7253,True,TIME_WINDOW_APPROVED,True,,True,1.0,MORNING,True,,,4,True,False,False,2,False,1352.0307286110692,326.0601148427195,1025.9706137683497,0.0806219873948163,-1.4492565190358189,-1432.2297160846647,-1135.3259178777225,-0.643148254015448,0.3830880412227813,0.4086571323525041,09:51,True,TIME_WINDOW_APPROVED,1,3.859279,4.026512226512226,0.0,TIME_WINDOW_TP2_FULL,34.0,2026-08-14T09:51:00+09:00,2026-08-14T10:25:00+09:00,False,False
20260814,2026-08-14T11:09:00+09:00,2026-08-14T11:03:00+09:00,UP_RED,2,7280,7279,False,TW2_REJECT_VWAP_VETO,True,,False,,,True,,,4,True,False,False,2,False,736.1496902511681,193.03630601815348,543.1133842330146,0.04480521547481242,-0.026234820116497234,35.901326063554734,137.96006137598306,0.07976996853751511,-1.3304889120070944,0.5258945199508658,11:09,False,REJECT_LOW_QUALITY_SCORE,1,0.936723,2.066255778120185,0.0,TIME_WINDOW_PROFIT_LOCK_STOP,30.0,2026-08-14T11:09:00+09:00,2026-08-14T11:39:00+09:00,False,False
20260814,2026-08-14T11:57:00+09:00,2026-08-14T11:51:00+09:00,DOWN_BLUE,3,7296,7295,False,TW2_3SLOT_REJECT_TEG,True,,True,2.0,AFTERNOON,True,,,5,True,False,False,2,False,761.7482845414115,148.047486961314,613.7007975800975,0.046448066130573874,-0.11960976551680133,226.62451822683215,790.93693168764,0.4581646860386642,1.391491169552984,0.49981401825482363,11:57,False,REJECT_LOW_QUALITY_SCORE,1,-1.929571,0.8912883435582821,-2.1136196319018405,TIME_WINDOW_STOP_LOSS,81.0,2026-08-14T11:57:00+09:00,2026-08-14T13:18:00+09:00,False,False
20260814,2026-08-14T12:30:00+09:00,2026-08-14T12:24:00+09:00,UP_RED,4,7307,7306,False,TW2_REJECT_VWAP_VETO,True,,False,,,True,,,4,True,False,True,3,False,257.26148443380544,53.048738829444346,204.2127456043611,0.01564850878551128,-0.04030862305108843,12.76406874647364,102.67299444694072,0.05933050165721045,-1.037825663389795,0.8092834538705361,12:30,False,REJECT_LOW_QUALITY_SCORE,1,0.886934,2.583641975308642,-0.8613168724279835,TIME_WINDOW_PROFIT_LOCK_STOP,90.0,2026-08-14T12:30:00+09:00,2026-08-14T14:00:00+09:00,False,False
20260814,2026-08-14T13:06:00+09:00,2026-08-14T13:00:00+09:00,DOWN_BLUE,5,7319,7318,True,TIME_WINDOW_APPROVED,False,REJECT_TIME_WINDOW,True,2.0,AFTERNOON,True,,,5,True,True,False,2,True,347.2638411840535,224.54363955442318,122.72020162963031,0.021187543696403507,0.04989582963279023,169.61899012583308,351.35501162172295,0.20365299636401782,1.2635650863332102,0.7431841130932346,13:06,True,TIME_WINDOW_APPROVED,1,-1.31198,0.0,-1.3119804400977995,TIME_WINDOW_STOP_LOSS,9.0,2026-08-14T13:06:00+09:00,2026-08-14T13:15:00+09:00,False,False
20260814,2026-08-14T13:18:00+09:00,2026-08-14T13:12:00+09:00,UP_RED,6,7323,7322,False,TW2_3SLOT_REJECT_TEG,False,REJECT_TIME_WINDOW,True,3.0,AFTERNOON,True,,,4,True,False,False,1,True,859.699605653302,205.72944211081744,653.9701635424846,0.052008445593061225,0.0027729216045674658,385.08423860627227,988.287100181682,0.5679810920584731,-0.3998882588788111,1.8657402425714418,13:18,False,TW2_3SLOT_REJECT_TEG,1,-1.203342,0.9727594936708861,-1.3046075949367089,TIME_WINDOW_STOP_LOSS,45.0,2026-08-14T13:18:00+09:00,2026-08-14T14:03:00+09:00,False,False
20260814,2026-08-14T14:00:00+09:00,2026-08-14T13:54:00+09:00,DOWN_BLUE,7,7337,7336,False,TW2_3SLOT_REJECT_SAME_DIRECTION_AFTERNOON_2ND,False,REJECT_TIME_WINDOW,True,,AFTERNOON,True,,,5,True,False,False,2,False,684.4434326802502,373.0853222712326,311.3581104090176,0.04145629513508481,-0.2232223635958536,-89.62184198340401,156.80695730261505,0.09022810989540964,0.49970272363206275,1.0953105838622388,14:00,False,TW2_3SLOT_REJECT_SAME_DIRECTION_AFTERNOON_2ND,1,-0.02804,1.770223325062035,-0.40012406947890816,TIME_WINDOW_BREAKEVEN_STOP,21.0,2026-08-14T14:00:00+09:00,2026-08-14T14:21:00+09:00,False,False
20260814,2026-08-14T14:39:00+09:00,2026-08-14T14:33:00+09:00,UP_RED,8,7350,7349,False,TW2_3SLOT_REJECT_TEG,False,REJECT_TIME_WINDOW,True,3.0,AFTERNOON,True,,,4,True,False,False,2,True,848.587005503723,318.6295019465797,529.9575035571434,0.05127413930536091,0.026761140688744536,319.05452139722183,776.2040942981839,0.4455552202920793,-0.1842359308799008,1.1603011684170133,14:39,False,TW2_3SLOT_REJECT_TEG,1,-1.050582,0.0,-1.1517450682852808,FORCED_LIQUIDATION,21.0,2026-08-14T14:39:00+09:00,2026-08-14T15:00:00+09:00,False,False
20260818,2026-08-18T09:06:00+09:00,2026-08-18T09:00:00+09:00,UP_RED,1,7365,7364,True,TIME_WINDOW_APPROVED,True,,True,1.0,MORNING,True,,,5,True,True,False,0,True,9557.383511337459,5508.1511664376685,4049.2323448997904,0.5470740418624762,0.5571942832703294,3777.6528806942515,8717.716994555201,4.740601685648194,0.43951726232666893,2.8434933717293083,09:06,True,TIME_WINDOW_APPROVED,1,1.414781,4.789233576642336,-0.9107664233576642,TIME_WINDOW_TRAILING_STOP,54.0,2026-08-18T09:06:00+09:00,2026-08-18T10:00:00+09:00,False,False
20260818,2026-08-18T09:57:00+09:00,2026-08-18T09:51:00+09:00,DOWN_BLUE,2,7382,7381,True,TIME_WINDOW_APPROVED,True,,True,2.0,MORNING,False,0193T0,,3,True,False,False,2,False,2382.9268213672076,758.6802076484819,1624.2466137187257,0.1347047383474962,-2.3575191114237612,-2349.301934076706,-1668.77729513566,-0.8961777447025939,-0.6526072284254395,0.5762286547978837,09:57,True,TIME_WINDOW_APPROVED,1,3.873265,4.06268221574344,-1.0371720116618077,TIME_WINDOW_TP2_FULL,48.0,2026-08-18T09:57:00+09:00,2026-08-18T10:45:00+09:00,False,False
20260818,2026-08-18T12:06:00+09:00,2026-08-18T12:00:00+09:00,UP_RED,3,7425,7424,False,REJECT_LOW_QUALITY_SCORE,False,REJECT_LOW_QUALITY_SCORE,False,,,True,,,2,False,False,False,2,False,919.8285365372758,534.5647003024169,385.2638362348589,0.05478430831073709,-0.9521118840723127,-1232.6384504290763,-1496.1772107302677,-0.846556492074919,-3.4207318896755177,0.5214998559623805,12:06,False,REJECT_LOW_QUALITY_SCORE,1,-2.10773,0.0,-2.107730182176268,TIME_WINDOW_STOP_LOSS,15.0,2026-08-18T12:06:00+09:00,2026-08-18T12:21:00+09:00,False,False
20260818,2026-08-18T12:39:00+09:00,2026-08-18T12:33:00+09:00,DOWN_BLUE,4,7436,7435,False,REJECT_NOT_CONFIRMED,False,REJECT_NOT_CONFIRMED,False,,,True,,,5,True,False,False,2,True,-416.9924264608817,40.91820992891371,-457.9106363897954,-0.025104902255320995,1.202688367708787,1319.7759928752203,1300.827161873458,0.7440010859602126,4.122837582772751,1.0472713066989245,12:39,False,REJECT_NOT_CONFIRMED,1,-1.480961,0.352561669829222,-1.4809614168247944,TIME_WINDOW_STOP_LOSS,15.0,2026-08-18T12:39:00+09:00,2026-08-18T12:54:00+09:00,False,False
20260818,2026-08-18T12:42:00+09:00,2026-08-18T12:36:00+09:00,UP_RED,5,7437,7436,False,REJECT_SHORT_FLAG_INTERVAL,False,REJECT_SHORT_FLAG_INTERVAL,False,,,True,,,3,True,False,False,2,False,1252.6378767134956,416.9924264608817,835.645450252614,0.07509819404757168,-1.1686700068378337,-993.5102676642127,-510.27219407632947,-0.29062265250136704,-3.692934486022665,0.8960899781721213,12:42,False,REJECT_SHORT_FLAG_INTERVAL,1,4.524134,4.524134470647265,-0.14009031610637232,TIME_WINDOW_AFTERNOON_TP,73.0,2026-08-18T12:42:00+09:00,2026-08-18T13:55:00+09:00,False,False
20260818,2026-08-18T14:15:00+09:00,2026-08-18T14:09:00+09:00,DOWN_BLUE,6,7468,7467,False,TW2_3SLOT_REJECT_TEG,False,REJECT_TIME_WINDOW,True,3.0,AFTERNOON,True,,,5,True,False,False,2,True,1106.232349069539,392.2080877573826,714.0242613121563,0.06598463161762833,0.09464341722885156,392.07130795530975,844.1105426382273,0.4783209159000214,2.7481461001600516,0.6911510456870206,14:15,False,TW2_3SLOT_REJECT_TEG,1,2.829128,2.76521070833867,0.0,FORCED_LIQUIDATION,45.0,2026-08-18T14:15:00+09:00,2026-08-18T15:00:00+09:00,False,False
20260819,2026-08-19T09:09:00+09:00,2026-08-19T09:03:00+09:00,DOWN_BLUE,1,7508,7507,True,TIME_WINDOW_APPROVED,True,,True,1.0,MORNING,True,,,5,True,True,False,0,True,952.537626201156,926.3448619843257,26.192764216830255,0.06254350795805358,2.8040833189323098,3386.4642109766137,4238.124654903775,2.643610257490979,0.3506818364330254,0.8602540147801234,09:09,True,TIME_WINDOW_APPROVED,1,-1.328556,1.7949353448275862,-1.4901939655172411,TIME_WINDOW_STOP_LOSS,54.0,2026-08-19T09:09:00+09:00,2026-08-19T10:03:00+09:00,False,False
20260819,2026-08-19T09:30:00+09:00,2026-08-19T09:24:00+09:00,UP_RED,2,7515,7514,True,TIME_WINDOW_APPROVED,True,,True,2.0,MORNING,False,0197X0,,2,False,False,False,2,False,1080.084917781518,59.62608346996785,1020.4588343115502,0.07133982283893778,-3.038698501239563,-2804.134150132537,-2388.988565208856,-1.4990350970597335,-0.3266756096412229,0.3682511169096639,09:30,True,TIME_WINDOW_APPROVED,1,4.82239,5.2734146341463415,-0.15097560975609756,TIME_WINDOW_TP2_FULL,36.0,2026-08-19T09:30:00+09:00,2026-08-19T10:06:00+09:00,False,False
20260819,2026-08-19T11:09:00+09:00,2026-08-19T11:03:00+09:00,DOWN_BLUE,3,7548,7547,True,TIME_WINDOW_APPROVED,True,,True,3.0,AFTERNOON,True,,,5,True,True,False,1,True,1001.2724025725156,482.8201979597509,518.4522046127647,0.06552829859767773,0.772004544378852,874.5885330415331,1013.8094338329975,0.6303134568987954,0.03151748049831637,1.0414163179049434,11:09,True,TIME_WINDOW_APPROVED,1,0.886862,2.1348534201954394,-0.5782844733984799,TIME_WINDOW_PROFIT_LOCK_STOP,174.0,2026-08-19T11:09:00+09:00,2026-08-19T14:03:00+09:00,False,False
20260819,2026-08-19T11:54:00+09:00,2026-08-19T11:48:00+09:00,UP_RED,4,7563,7562,False,REJECT_MACD_GAP_NOT_EXPANDING,False,REJECT_MACD_GAP_NOT_EXPANDING,False,,,False,0197X0,,2,False,False,False,2,False,128.5643389932593,192.89486792168645,-64.33052892842716,0.008447065636876432,-0.7164956106322128,-663.3622852338012,-562.8750309904572,-0.3513346119847763,-0.4044372927570127,0.5386523077516912,11:54,False,REJECT_MACD_GAP_NOT_EXPANDING,1,-1.233976,0.6928915662650602,-1.233975903614458,TIME_WINDOW_STOP_LOSS,39.0,2026-08-19T11:54:00+09:00,2026-08-19T12:33:00+09:00,False,False
20260819,2026-08-19T12:33:00+09:00,2026-08-19T12:27:00+09:00,DOWN_BLUE,5,7576,7575,False,REJECT_DUPLICATE_POSITION,False,REJECT_DUPLICATE_POSITION,False,,,False,0197X0,,5,True,True,False,1,True,204.3399862653623,90.47958021879367,113.86040604656864,0.013478890914601737,0.5949546116461676,616.1997905285098,639.7245216204319,0.4008827806989346,0.7703027019743988,0.7507511665582033,12:33,False,REJECT_DUPLICATE_POSITION,1,1.354818,1.0336188436830835,-0.8926124197002142,FORCED_LIQUIDATION,147.0,2026-08-19T12:33:00+09:00,2026-08-19T15:00:00+09:00,False,False
20260819,2026-08-19T12:57:00+09:00,2026-08-19T12:51:00+09:00,UP_RED,6,7584,7583,False,TW2_3SLOT_REJECT_DAILY_SLOT_CAP,True,,True,,AFTERNOON,True,,,3,True,False,False,2,False,475.70035742512164,198.62784387974762,277.072513545374,0.03131667922482697,-0.5383954491382441,-324.3618931954261,24.353735696990043,0.015231105274615233,-0.533721096786114,0.9779271865625474,12:57,False,REJECT_LOW_QUALITY_SCORE,1,-1.302365,0.0,-1.302365069739236,TIME_WINDOW_STOP_LOSS,21.0,2026-08-19T12:57:00+09:00,2026-08-19T13:18:00+09:00,False,False
20260819,2026-08-19T13:18:00+09:00,2026-08-19T13:12:00+09:00,DOWN_BLUE,7,7591,7590,False,TW2_3SLOT_REJECT_DAILY_SLOT_CAP,False,REJECT_TIME_WINDOW,True,,AFTERNOON,True,,,5,True,True,False,2,True,108.17751045326668,91.56244921133612,16.61506124193056,0.0071593322603088465,0.5195275412508163,509.07303712517023,486.5503432911355,0.3059052456165698,1.026710749398365,0.8253331713047354,13:18,False,TW2_3SLOT_REJECT_DAILY_SLOT_CAP,1,0.976213,0.6562133333333333,-1.2628266666666668,FORCED_LIQUIDATION,102.0,2026-08-19T13:18:00+09:00,2026-08-19T15:00:00+09:00,False,False
20260819,2026-08-19T13:27:00+09:00,2026-08-19T13:21:00+09:00,UP_RED,8,7594,7593,False,TW2_3SLOT_REJECT_DAILY_SLOT_CAP,False,REJECT_TIME_WINDOW,True,,AFTERNOON,True,,,4,True,False,False,2,False,874.8117065769093,571.0056044522707,303.8061021246385,0.05759129075555689,-0.4418714575728535,-153.09295628918335,311.71052752039395,0.19494733452552304,-0.4927715482314814,0.6691072222104661,13:27,False,TW2_3SLOT_REJECT_DAILY_SLOT_CAP,1,-1.242476,0.0,-1.3030339805825244,TIME_WINDOW_STOP_LOSS,6.0,2026-08-19T13:27:00+09:00,2026-08-19T13:33:00+09:00,False,False
20260819,2026-08-19T13:48:00+09:00,2026-08-19T13:42:00+09:00,DOWN_BLUE,9,7601,7600,False,TW2_3SLOT_REJECT_DAILY_SLOT_CAP,False,REJECT_TIME_WINDOW,True,,AFTERNOON,True,,,5,True,True,False,2,True,288.02737561026606,54.57579484803182,233.45158076223424,0.019112632754496754,0.4317370971857911,526.085993403336,671.8767140838318,0.42354537384172336,1.230374325791143,2.2069836336263418,13:48,False,TW2_3SLOT_REJECT_DAILY_SLOT_CAP,1,-1.365957,0.0695744680851064,-1.525531914893617,TIME_WINDOW_STOP_LOSS,21.0,2026-08-19T13:48:00+09:00,2026-08-19T14:09:00+09:00,False,False
20260819,2026-08-19T14:06:00+09:00,2026-08-19T14:00:00+09:00,UP_RED,10,7607,7606,False,TW2_3SLOT_REJECT_DAILY_SLOT_CAP,False,REJECT_TIME_WINDOW,True,,AFTERNOON,True,,,4,True,False,False,2,False,1033.2291156190176,352.3918297107689,680.8372859082488,0.06797559971177747,-0.3646710348166954,86.01368561363779,805.2984238679055,0.5033115149173261,-0.32786987402226947,1.2303113770559275,14:06,False,TW2_3SLOT_REJECT_DAILY_SLOT_CAP,1,-1.487538,0.15306990881458965,-1.4875379939209725,TIME_WINDOW_STOP_LOSS,12.0,2026-08-19T14:06:00+09:00,2026-08-19T14:18:00+09:00,False,False
20260819,2026-08-19T14:42:00+09:00,2026-08-19T14:36:00+09:00,DOWN_BLUE,11,7619,7618,False,TW2_3SLOT_REJECT_DAILY_SLOT_CAP,False,REJECT_TIME_WINDOW,True,,AFTERNOON,True,,,5,True,True,False,1,True,105.41751490723857,17.965088557970716,87.45242634926785,0.0069859188142636554,0.26086966839361003,260.30422417866066,256.9400206648279,0.1617581309685718,1.0043092263524216,0.7798447104496926,14:42,False,TW2_3SLOT_REJECT_DAILY_SLOT_CAP,1,1.084143,0.7639081687132943,-0.3567538707955152,FORCED_LIQUIDATION,18.0,2026-08-19T14:42:00+09:00,2026-08-19T15:00:00+09:00,False,False
20260820,2026-08-20T09:24:00+09:00,2026-08-20T09:18:00+09:00,UP_RED,1,7741,7740,True,TIME_WINDOW_APPROVED,True,,True,1.0,MORNING,True,,,5,True,False,True,3,False,1540.0690292109434,1184.5777432283708,355.49128598257266,0.09506598945746564,-0.12792216602031625,148.36880570836365,600.7762978300452,0.35230708823358226,0.7644940507914622,0.8640575400090356,09:24,True,TIME_WINDOW_APPROVED,1,4.44365,6.47043756670224,-0.9434364994663821,PP_EXIT,60.0,2026-08-20T09:24:00+09:00,2026-08-20T10:24:00+09:00,True,False
20260820,2026-08-20T10:27:00+09:00,2026-08-20T10:21:00+09:00,DOWN_BLUE,2,7762,7761,False,TW2_REJECT_VWAP_VETO,True,,False,,,True,,,3,True,False,False,2,False,809.6986698500441,134.18430477492439,675.5143650751197,0.048806429767935144,-0.898218312653005,-864.5791324947495,-661.131256758701,-0.3785863133941004,-1.4393502302213308,0.4916687159786517,10:27,False,REJECT_LOW_QUALITY_SCORE,1,-2.018762,0.0,-2.351164337990685,TIME_WINDOW_STOP_LOSS,6.0,2026-08-20T10:27:00+09:00,2026-08-20T10:33:00+09:00,False,False
20260820,2026-08-20T10:42:00+09:00,2026-08-20T10:36:00+09:00,UP_RED,3,7767,7766,True,TIME_WINDOW_APPROVED,True,,True,2.0,MORNING,True,,,5,True,True,False,2,True,548.0751478547518,1.3026469524847926,546.772500902267,0.032546030157645595,1.0049219507368856,1619.698819468962,2395.761623850558,1.3515282319821065,2.7118068870515417,1.1855680063520726,10:42,True,TIME_WINDOW_APPROVED,1,-1.329464,1.199107142857143,-1.3294642857142855,TIME_WINDOW_STOP_LOSS,39.0,2026-08-20T10:42:00+09:00,2026-08-20T11:21:00+09:00,False,False
20260820,2026-08-20T11:03:00+09:00,2026-08-20T10:57:00+09:00,DOWN_BLUE,4,7774,7773,False,REJECT_NOT_CONFIRMED,False,REJECT_NOT_CONFIRMED,False,,,False,0193T0,,2,False,False,True,3,False,-147.59647611984838,118.1242023803079,-265.7206785001563,-0.008702622412726908,-1.1906972348478617,-1655.7973178750835,-2144.506229991326,-1.2012269566579117,-2.9609641897935153,0.669568234769246,11:03,False,REJECT_NOT_CONFIRMED,1,4.098437,4.098437499999999,-0.6579545454545455,TIME_WINDOW_AFTERNOON_TP,49.0,2026-08-20T11:03:00+09:00,2026-08-20T11:52:00+09:00,False,False
20260820,2026-08-20T11:06:00+09:00,2026-08-20T11:00:00+09:00,UP_RED,5,7775,7774,False,REJECT_SHORT_FLAG_INTERVAL,False,REJECT_SHORT_FLAG_INTERVAL,False,,,False,0193T0,,5,True,False,False,1,True,192.53210001226216,147.59647611984838,44.93562389241379,0.011352128538458853,1.2112988534620974,1590.8640897232108,1940.267541420646,1.0868243893571659,2.9223431911429802,0.7034600486952728,11:06,False,REJECT_SHORT_FLAG_INTERVAL,1,-1.269946,0.35258239055582885,-1.2699458927693066,TIME_WINDOW_STOP_LOSS,12.0,2026-08-20T11:06:00+09:00,2026-08-20T11:18:00+09:00,False,False
20260820,2026-08-20T11:15:00+09:00,2026-08-20T11:09:00+09:00,DOWN_BLUE,6,7778,7777,False,REJECT_LOW_QUALITY_SCORE,False,REJECT_LOW_QUALITY_SCORE,False,,,False,0193T0,,2,False,False,False,2,False,837.2867540126554,329.68584770521375,507.6009063074416,0.04954359491199144,-1.2083669974433655,-1180.387402219465,-894.5356944827363,-0.5028455087329267,-2.453761316123919,0.656279363174774,11:15,False,REJECT_LOW_QUALITY_SCORE,1,0.752776,3.7030217849613494,0.0,TIME_WINDOW_PROFIT_LOCK_STOP,51.0,2026-08-20T11:15:00+09:00,2026-08-20T12:06:00+09:00,False,False
20260820,2026-08-20T12:21:00+09:00,2026-08-20T12:15:00+09:00,UP_RED,7,7800,7799,True,TIME_WINDOW_APPROVED,True,,True,3.0,AFTERNOON,True,,,5,True,True,False,1,True,481.44635921012764,213.62281585256778,267.82354335755986,0.028504817004744085,0.5396350473490564,651.3138428423554,720.2898105168715,0.4051363647076461,2.1117847292702536,0.9718362457380921,12:21,True,TIME_WINDOW_APPROVED,1,0.850198,3.324356435643564,-0.9310891089108911,TIME_WINDOW_PROFIT_LOCK_STOP,93.0,2026-08-20T12:21:00+09:00,2026-08-20T13:54:00+09:00,False,False
20260820,2026-08-20T12:39:00+09:00,2026-08-20T12:33:00+09:00,DOWN_BLUE,8,7806,7805,False,REJECT_MACD_GAP_NOT_EXPANDING,False,REJECT_MACD_GAP_NOT_EXPANDING,False,,,False,0193T0,,2,False,False,True,3,False,13.28996870623996,108.21731167535881,-94.92734296911885,0.0007873204209857796,-0.485420855623601,-492.33656352665275,-407.1938698394224,-0.22916716608253054,-2.019662344241022,0.6517868662108115,12:39,False,REJECT_MACD_GAP_NOT_EXPANDING,1,-1.841065,0.05017519271198318,-1.841065171688858,TIME_WINDOW_STOP_LOSS,12.0,2026-08-20T12:39:00+09:00,2026-08-20T12:51:00+09:00,False,False
20260820,2026-08-20T12:45:00+09:00,2026-08-20T12:39:00+09:00,UP_RED,9,7808,7807,False,REJECT_DUPLICATE_POSITION,False,REJECT_DUPLICATE_POSITION,False,,,False,0193T0,,5,True,False,False,1,True,484.1543148087462,153.6089313735879,330.5453834351583,0.028580538064270734,0.49594156667955747,686.6974582956173,886.6144830202684,0.4972159143266518,2.355076807688376,1.8690978166837062,12:45,False,REJECT_DUPLICATE_POSITION,1,0.944505,2.8657466732380485,-0.08999507146377526,TIME_WINDOW_PROFIT_LOCK_STOP,54.0,2026-08-20T12:45:00+09:00,2026-08-20T13:39:00+09:00,False,False
20260820,2026-08-20T13:36:00+09:00,2026-08-20T13:30:00+09:00,DOWN_BLUE,10,7825,7824,False,TW2_REJECT_VWAP_VETO,False,REJECT_TIME_WINDOW,False,,,False,0193T0,,3,True,False,False,2,False,974.7895524469977,506.0982842729227,468.69126817407505,0.057172407768152356,-0.7054871030749283,-530.0509639843367,-100.80984317767434,-0.0561697073423514,-2.437730035358864,0.6866979237812549,13:36,False,TW2_REJECT_VWAP_VETO,1,4.152662,4.152661870503597,-1.0966906474820144,TIME_WINDOW_AFTERNOON_TP,31.0,2026-08-20T13:36:00+09:00,2026-08-20T14:07:00+09:00,False,False
20260820,2026-08-20T14:39:00+09:00,2026-08-20T14:33:00+09:00,UP_RED,11,7846,7845,False,TW2_3SLOT_REJECT_DAILY_SLOT_CAP,False,REJECT_TIME_WINDOW,True,,AFTERNOON,True,,,3,True,False,False,2,False,93.46215957602953,13.404676705767542,80.05748287026199,0.00553685779478848,-0.007688756625667894,-145.36818746477365,-361.2351980046369,-0.20330179982489832,1.2488442877850088,0.6549958318447064,14:39,False,TW2_3SLOT_REJECT_DAILY_SLOT_CAP,1,-1.924405,0.0,-1.924404761904762,TIME_WINDOW_STOP_LOSS,12.0,2026-08-20T14:39:00+09:00,2026-08-20T14:51:00+09:00,False,False
20260820,2026-08-20T14:45:00+09:00,2026-08-20T14:39:00+09:00,DOWN_BLUE,12,7848,7847,False,TW2_3SLOT_REJECT_DAILY_SLOT_CAP,False,REJECT_TIME_WINDOW,True,,AFTERNOON,True,,,4,True,False,False,2,True,323.0859960712369,24.084347594048722,299.00164847718816,0.01921986889180469,0.060445692078119,404.0865121500101,935.1607856682967,0.5284965772663893,-0.8208261157163992,0.892095314071659,14:45,False,TW2_3SLOT_REJECT_DAILY_SLOT_CAP,1,0.389315,1.6901369863013698,-0.29534246575342465,FORCED_LIQUIDATION,15.0,2026-08-20T14:45:00+09:00,2026-08-20T15:00:00+09:00,False,False
20260821,2026-08-21T09:09:00+09:00,2026-08-21T09:03:00+09:00,UP_RED,1,7964,7963,True,TIME_WINDOW_APPROVED,True,,True,1.0,MORNING,True,,,5,True,True,False,0,True,788.8779807776405,170.5688416713623,618.3091391062782,0.04629565614892256,0.08954682695653952,398.22502123145387,866.3826409298927,0.4830184911287684,0.4754538530869578,0.9513900886201491,09:09,True,TIME_WINDOW_APPROVED,1,8.403143,8.403143418467584,0.0,TIME_WINDOW_TP2_FULL,42.0,2026-08-21T09:09:00+09:00,2026-08-21T09:51:00+09:00,False,False
20260821,2026-08-21T10:12:00+09:00,2026-08-21T10:06:00+09:00,DOWN_BLUE,2,7985,7984,True,TIME_WINDOW_APPROVED,True,,True,2.0,MORNING,True,,,2,False,False,True,3,False,695.2996028224443,199.4023404412983,495.897262381146,0.03982242856944125,-0.9951571736363817,-1120.9866968381684,-1061.9715600882191,-0.5778195773675677,-0.9705441531462001,0.5297259388550299,10:12,True,TIME_WINDOW_APPROVED,1,-1.382205,0.0,-1.6862357414448672,TIME_WINDOW_STOP_LOSS,6.0,2026-08-21T10:12:00+09:00,2026-08-21T10:18:00+09:00,False,False
20260821,2026-08-21T10:21:00+09:00,2026-08-21T10:15:00+09:00,UP_RED,3,7988,7987,True,TIME_WINDOW_APPROVED,True,,True,3.0,MORNING,True,,,5,True,True,False,2,True,512.9537389300312,154.8234324331297,358.13030649690154,0.029046078082108226,1.0930753844073606,1736.0062411613762,2445.099117875565,1.3153137950066345,1.9759444200060812,0.7822565983169306,10:21,True,TIME_WINDOW_APPROVED,1,-2.397737,0.0,-2.397736532367587,TIME_WINDOW_STOP_LOSS,12.0,2026-08-21T10:21:00+09:00,2026-08-21T10:33:00+09:00,False,False
20260821,2026-08-21T10:33:00+09:00,2026-08-21T10:27:00+09:00,DOWN_BLUE,4,7992,7991,False,TW2_3SLOT_REJECT_DAILY_SLOT_CAP,True,,True,,MORNING,False,0193T0,,3,True,False,False,2,False,1252.5946528636414,138.65441294998345,1113.940239913658,0.0716177617417748,-1.0979585528668052,-831.614687435329,-123.29102658177726,-0.06696768167678675,-0.8854014047745931,0.6139665163738219,10:33,False,REJECT_LOW_QUALITY_SCORE,1,-1.523321,1.6451320754716983,-1.825056603773585,TIME_WINDOW_STOP_LOSS,63.0,2026-08-21T10:33:00+09:00,2026-08-21T11:36:00+09:00,False,False
20260821,2026-08-21T11:39:00+09:00,2026-08-21T11:33:00+09:00,UP_RED,5,8014,8013,False,TW2_3SLOT_REJECT_DAILY_SLOT_CAP,True,,True,,AFTERNOON,True,,,5,True,True,False,1,True,586.9322838285448,280.4188101556474,306.51347367289736,0.03329167803905529,0.6055949615061302,834.3008578813169,1027.7612470251042,0.5538134910232032,1.498945307025337,0.7121214524802894,11:39,False,TW2_3SLOT_REJECT_DAILY_SLOT_CAP,1,-1.372148,0.8715529088410443,-1.372148419606047,TIME_WINDOW_STOP_LOSS,72.0,2026-08-21T11:39:00+09:00,2026-08-21T12:51:00+09:00,False,False
20260821,2026-08-21T12:09:00+09:00,2026-08-21T12:03:00+09:00,DOWN_BLUE,6,8024,8023,False,TW2_REJECT_VWAP_VETO,True,,False,,,True,,,4,True,False,False,2,False,646.2819042115598,254.11689862598814,392.16500558557163,0.03678326148045303,-0.5410268729886435,-339.7772753632162,124.3472538960632,0.06723385953401916,-1.0829002899936584,1.053142709626661,12:09,False,TW2_REJECT_VWAP_VETO,1,4.116297,3.96327467482785,-0.5488905891354247,FORCED_LIQUIDATION,171.0,2026-08-21T12:09:00+09:00,2026-08-21T15:00:00+09:00,False,False
20260821,2026-08-21T13:54:00+09:00,2026-08-21T13:48:00+09:00,UP_RED,7,8059,8058,False,TW2_3SLOT_REJECT_DAILY_SLOT_CAP,False,REJECT_TIME_WINDOW,True,,AFTERNOON,True,,,3,True,False,False,2,False,752.1616947287539,420.02143865356084,332.14025607519307,0.04327742777495707,-0.27792248229726063,-227.33597409492359,-77.83564452663995,-0.04254537531661279,-0.05183952802941289,0.6358517513283392,13:54,False,TW2_3SLOT_REJECT_DAILY_SLOT_CAP,1,-1.211501,0.4708742402992052,-1.2115007012622718,TIME_WINDOW_STOP_LOSS,54.0,2026-08-21T13:54:00+09:00,2026-08-21T14:48:00+09:00,False,False
20260821,2026-08-21T14:48:00+09:00,2026-08-21T14:42:00+09:00,DOWN_BLUE,8,8077,8076,False,TW2_3SLOT_REJECT_DAILY_SLOT_CAP,False,REJECT_TIME_WINDOW,True,,AFTERNOON,True,,,5,True,True,False,1,True,468.779556464782,92.69327979489003,376.08627666989196,0.02709708418871572,0.18428728138227177,420.0622957451269,747.7217134572566,0.41059862877711967,0.5075154318680035,1.1114597972465923,14:48,False,TW2_3SLOT_REJECT_DAILY_SLOT_CAP,1,0.426273,0.27881918819188195,-0.16383763837638377,FORCED_LIQUIDATION,12.0,2026-08-21T14:48:00+09:00,2026-08-21T15:00:00+09:00,False,False
20260824,2026-08-24T09:57:00+09:00,2026-08-24T09:51:00+09:00,UP_RED,1,8208,8207,True,TIME_WINDOW_APPROVED,True,,True,1.0,MORNING,True,,,5,True,False,False,2,False,1530.807260196595,876.2732984660361,654.533961730559,0.08712619579946472,-0.2558236496223934,-14.357307052006945,436.1123685357161,0.23580350034664013,0.0797920463164664,0.26523976011763595,09:57,True,TIME_WINDOW_APPROVED,1,-2.194325,1.0078718535469107,-2.194324942791762,TIME_WINDOW_STOP_LOSS,39.0,2026-08-24T09:57:00+09:00,2026-08-24T10:36:00+09:00,False,False
20260824,2026-08-24T10:39:00+09:00,2026-08-24T10:33:00+09:00,DOWN_BLUE,2,8222,8221,True,TIME_WINDOW_APPROVED,True,,True,2.0,MORNING,True,,,5,True,True,False,1,True,1454.221235171356,799.8761492062182,654.3450859651379,0.08347997905690907,0.13080795125562128,619.625413199421,1358.1208539488725,0.7406514415909733,0.8032374141817678,1.0182918726127757,10:39,True,TIME_WINDOW_APPROVED,1,3.367068,5.39624060150376,-0.09007518796992481,PP_EXIT,51.0,2026-08-24T10:39:00+09:00,2026-08-24T11:30:00+09:00,True,False
20260824,2026-08-24T11:33:00+09:00,2026-08-24T11:27:00+09:00,UP_RED,3,8240,8239,False,REJECT_LOW_QUALITY_SCORE,False,REJECT_LOW_QUALITY_SCORE,False,,,True,,,3,True,False,False,2,False,1071.0520406066462,265.2529477750668,805.7990928315794,0.06223428475343674,-0.8268976218597303,-671.5470078855287,-233.89406536705792,-0.12911061132992338,-1.3896073985425155,0.43873624353538077,11:33,False,REJECT_LOW_QUALITY_SCORE,1,-1.235036,0.10090692124105013,-1.235035799522673,TIME_WINDOW_STOP_LOSS,9.0,2026-08-24T11:33:00+09:00,2026-08-24T11:42:00+09:00,False,False
20260824,2026-08-24T11:57:00+09:00,2026-08-24T11:51:00+09:00,DOWN_BLUE,4,8248,8247,False,REJECT_NOT_CONFIRMED,False,REJECT_NOT_CONFIRMED,False,,,True,,,5,True,False,False,2,True,-85.8602052426395,105.55074464664176,-191.41094988928126,-0.005026944100857114,0.8184107382700421,918.2633421239443,896.7364707768429,0.49877028526826617,2.0006826513241034,0.7939527204388614,11:57,False,REJECT_NOT_CONFIRMED,1,0.701007,3.505611510791367,-0.017985611510791366,TIME_WINDOW_PROFIT_LOCK_STOP,81.0,2026-08-24T11:57:00+09:00,2026-08-24T13:18:00+09:00,False,False
20260824,2026-08-24T12:00:00+09:00,2026-08-24T11:54:00+09:00,UP_RED,5,8249,8248,False,REJECT_SHORT_FLAG_INTERVAL,False,REJECT_SHORT_FLAG_INTERVAL,False,,,True,,,2,False,False,False,2,False,209.64610100071695,85.8602052426395,123.78589575807746,0.012281552489790097,-0.81801744587017,-921.4687012562063,-906.5710926076863,-0.5045357574560223,-2.0471807224983265,0.4667877910205097,12:00,False,REJECT_SHORT_FLAG_INTERVAL,1,-1.595627,0.0,-1.5956268221574346,TIME_WINDOW_STOP_LOSS,9.0,2026-08-24T12:00:00+09:00,2026-08-24T12:09:00+09:00,False,False
20260824,2026-08-24T12:06:00+09:00,2026-08-24T12:00:00+09:00,DOWN_BLUE,6,8251,8250,False,TW2_3SLOT_REJECT_TEG,True,,True,3.0,AFTERNOON,True,,,5,True,False,False,1,True,288.12955570396116,226.46227467022982,61.66728103373134,0.016948797394350654,0.8599131083985627,1111.2827188449446,1327.1477651505265,0.7416413981724147,2.4259770024463165,0.48235106213065004,12:06,False,TW2_3SLOT_REJECT_TEG,1,0.906838,2.472934472934473,0.0,TIME_WINDOW_PROFIT_LOCK_STOP,36.0,2026-08-24T12:06:00+09:00,2026-08-24T12:42:00+09:00,False,False
20260824,2026-08-24T12:42:00+09:00,2026-08-24T12:36:00+09:00,UP_RED,7,8263,8262,False,REJECT_LOW_QUALITY_SCORE,False,REJECT_LOW_QUALITY_SCORE,False,,,True,,,3,True,False,False,2,False,996.4671337549462,151.90573878666328,844.5613949682829,0.058997462034040625,-1.1030953154468532,-870.7912210894283,-284.53737250482664,-0.1600417429718033,-2.6307215504536976,0.6984884425270614,12:42,False,REJECT_LOW_QUALITY_SCORE,1,-1.282306,0.0,-1.2823061630218688,TIME_WINDOW_STOP_LOSS,12.0,2026-08-24T12:42:00+09:00,2026-08-24T12:54:00+09:00,False,False
20260824,2026-08-24T14:03:00+09:00,2026-08-24T13:57:00+09:00,DOWN_BLUE,8,8290,8289,False,TW2_3SLOT_REJECT_TEG,False,REJECT_TIME_WINDOW,True,3.0,AFTERNOON,True,,,5,True,False,False,2,True,674.5021883101131,197.48435081645403,477.01783749365904,0.03995866044491191,0.2919947487601163,448.9097425462678,638.8860350856557,0.35956263822948636,2.3965233896185416,0.85675430643699,14:03,False,TW2_3SLOT_REJECT_TEG,1,-1.431215,0.05127118644067797,-1.784039548022599,TIME_WINDOW_STOP_LOSS,9.0,2026-08-24T14:03:00+09:00,2026-08-24T14:12:00+09:00,False,False
20260824,2026-08-24T14:15:00+09:00,2026-08-24T14:09:00+09:00,UP_RED,9,8294,8293,False,TW2_REJECT_VWAP_VETO,False,REJECT_TIME_WINDOW,False,,,True,,,4,True,False,False,2,False,671.1498056098809,511.3528855054161,159.7969201044648,0.039433008555222145,-0.17372341829573146,112.7961559840478,602.1345685264096,0.3360915629260765,-1.563356350096433,0.7815918375249269,14:15,False,TW2_REJECT_VWAP_VETO,1,-1.710118,0.0,-1.7101178781925346,TIME_WINDOW_STOP_LOSS,9.0,2026-08-24T14:15:00+09:00,2026-08-24T14:24:00+09:00,False,False
20260824,2026-08-24T14:24:00+09:00,2026-08-24T14:18:00+09:00,DOWN_BLUE,10,8297,8296,False,TW2_3SLOT_REJECT_TEG,False,REJECT_TIME_WINDOW,True,3.0,AFTERNOON,True,,,5,True,False,False,1,True,868.5267429091475,206.1680722113781,662.3586706977694,0.051514041690934015,0.20557354222183544,501.62942642439157,928.8369500567205,0.5233660157497316,2.4667370483954083,1.3167674302512618,14:24,False,TW2_3SLOT_REJECT_TEG,1,0.190596,0.8919298245614036,-0.3004912280701755,FORCED_LIQUIDATION,36.0,2026-08-24T14:24:00+09:00,2026-08-24T15:00:00+09:00,False,False
20260825,2026-08-25T09:06:00+09:00,2026-08-25T09:00:00+09:00,DOWN_BLUE,1,8346,8345,True,TIME_WINDOW_APPROVED,True,,True,1.0,MORNING,True,,,5,True,True,False,0,True,1758.765588260363,701.635713805812,1057.129874454551,0.11082328848521505,1.5212748624786099,2512.2919740600046,3937.739083888009,2.3571847068012217,0.6062569480827708,1.623474160904974,09:06,True,TIME_WINDOW_APPROVED,1,-1.339375,1.9091249999999997,-1.3393750000000002,TIME_WINDOW_STOP_LOSS,30.0,2026-08-25T09:06:00+09:00,2026-08-25T09:36:00+09:00,False,False
20260825,2026-08-25T09:33:00+09:00,2026-08-25T09:27:00+09:00,UP_RED,2,8355,8354,True,TIME_WINDOW_APPROVED,True,,True,2.0,MORNING,False,0197X0,,3,True,False,True,3,False,1208.7590429445409,526.4988016823372,682.2602412622036,0.07635875192321799,-1.897413673553694,-1805.8103627481032,-1495.3995194702875,-0.8974286440283794,0.1120634565451745,0.7873671742644525,09:33,True,TIME_WINDOW_APPROVED,1,-0.317093,1.5560477001703577,-0.8278250993753549,EARLY_TAKE_PROFIT,15.0,2026-08-25T09:33:00+09:00,2026-08-25T09:48:00+09:00,False,False
20260825,2026-08-25T11:21:00+09:00,2026-08-25T11:15:00+09:00,DOWN_BLUE,3,8391,8390,False,REJECT_NOT_CONFIRMED,False,REJECT_NOT_CONFIRMED,False,,,True,,,2,False,False,False,2,True,-36.345906471838816,7.882476535153501,-44.22838300699232,-0.002278740217670145,0.3961119363916203,154.42032467201352,-266.8092032610439,-0.1589145724751569,-0.6470320465583592,0.46399196886172706,11:21,False,REJECT_NOT_CONFIRMED,1,-1.548604,0.8614213197969542,-1.5486040609137057,TIME_WINDOW_STOP_LOSS,60.0,2026-08-25T11:21:00+09:00,2026-08-25T12:21:00+09:00,False,False
20260825,2026-08-25T11:24:00+09:00,2026-08-25T11:18:00+09:00,UP_RED,4,8392,8391,False,TW2_3SLOT_REJECT_TEG,True,,True,3.0,AFTERNOON,True,,,5,True,False,False,2,False,115.54641836844803,36.345906471838816,79.20051189660921,0.007239750524338849,-0.36793230249793596,-109.14893939089961,336.6368981883861,0.2003791060645593,0.7084917752436548,0.2018004954383421,11:24,False,TW2_3SLOT_REJECT_TEG,1,-1.751247,0.0,-1.7512465373961221,TIME_WINDOW_STOP_LOSS,21.0,2026-08-25T11:24:00+09:00,2026-08-25T11:45:00+09:00,False,False
20260825,2026-08-25T11:30:00+09:00,2026-08-25T11:24:00+09:00,DOWN_BLUE,5,8394,8393,False,TW2_3SLOT_REJECT_TEG,True,,True,3.0,AFTERNOON,True,,,2,False,False,False,2,True,86.93065383573366,43.01904750626204,43.911606329471624,0.005453616928214157,0.3352537272986021,174.5738575460855,-112.30367402732372,-0.06693129882428542,-0.5759139125786714,0.4438434770808495,11:30,False,REJECT_LOW_QUALITY_SCORE,1,-1.360839,1.053782581055308,-1.3608391608391608,TIME_WINDOW_STOP_LOSS,51.0,2026-08-25T11:30:00+09:00,2026-08-25T12:21:00+09:00,False,False
20260825,2026-08-25T11:36:00+09:00,2026-08-25T11:30:00+09:00,UP_RED,6,8396,8395,False,TW2_3SLOT_REJECT_TEG,True,,True,3.0,AFTERNOON,True,,,5,True,False,False,2,False,329.292801264804,262.6089283804645,66.68387288433951,0.020606558276896367,-0.2694929646010317,-13.514737396268174,418.46173769584857,0.2487726225350425,0.8216201741371452,0.3613804920596417,11:36,False,TW2_3SLOT_REJECT_TEG,1,-1.532926,0.0,-1.5329261521377011,TIME_WINDOW_STOP_LOSS,9.0,2026-08-25T11:36:00+09:00,2026-08-25T11:45:00+09:00,False,False
20260825,2026-08-25T11:42:00+09:00,2026-08-25T11:36:00+09:00,DOWN_BLUE,7,8398,8397,False,REJECT_MACD_GAP_NOT_EXPANDING,False,REJECT_MACD_GAP_NOT_EXPANDING,False,,,True,,,3,True,False,False,2,True,63.56797270498282,104.64632743251309,-41.07835472753027,0.0039829556832696004,0.2513379349644771,80.14182410179637,-215.56618437240832,-0.12831320498349613,-0.6897356329061287,0.34071484322085827,11:42,False,REJECT_MACD_GAP_NOT_EXPANDING,1,0.101533,1.5057471264367817,0.0,TIME_WINDOW_BREAKEVEN_STOP,30.0,2026-08-25T11:42:00+09:00,2026-08-25T12:12:00+09:00,False,False
20260825,2026-08-25T12:15:00+09:00,2026-08-25T12:09:00+09:00,UP_RED,8,8409,8408,True,TIME_WINDOW_APPROVED,True,,True,3.0,AFTERNOON,True,,,5,True,True,True,3,False,375.9698817263278,154.93376190738223,221.03611981894556,0.023557010133228556,-0.19347390088452293,16.59100632299669,367.8234855821356,0.2189425509417766,0.6690891166725743,1.4143682218544196,12:15,True,TIME_WINDOW_APPROVED,1,4.13734,4.137340011129661,-0.3125208681135225,TIME_WINDOW_AFTERNOON_TP,49.0,2026-08-25T12:15:00+09:00,2026-08-25T13:04:00+09:00,False,False
20260825,2026-08-25T13:00:00+09:00,2026-08-25T12:54:00+09:00,DOWN_BLUE,9,8424,8423,False,REJECT_MACD_GAP_NOT_EXPANDING,False,REJECT_MACD_GAP_NOT_EXPANDING,False,,,False,0193T0,,2,False,False,False,2,False,401.36017475278095,415.34298331827085,-13.982808565489904,0.02489827386803852,-0.27211526204219777,-390.2264386732131,-544.6368129865732,-0.32097082651191666,-1.4860595615150876,0.7337526205450734,13:00,False,REJECT_MACD_GAP_NOT_EXPANDING,1,-2.165607,0.0,-2.165606748864374,TIME_WINDOW_STOP_LOSS,6.0,2026-08-25T13:00:00+09:00,2026-08-25T13:06:00+09:00,False,False
20260825,2026-08-25T13:06:00+09:00,2026-08-25T13:00:00+09:00,UP_RED,10,8426,8425,False,TW2_3SLOT_REJECT_DAILY_SLOT_CAP,False,REJECT_TIME_WINDOW,True,,AFTERNOON,False,0193T0,,5,True,False,False,2,True,1069.9131760283126,223.33197840265166,846.5811976256609,0.0656388451551112,0.3732061564454957,1050.724213477457,2069.4192505399697,1.2061032441797512,2.5613732091111525,2.1960827626831603,13:06,False,TW2_3SLOT_REJECT_DAILY_SLOT_CAP,1,0.654014,2.673258904837852,-0.9402445507708665,TIME_WINDOW_PROFIT_LOCK_STOP,45.0,2026-08-25T13:06:00+09:00,2026-08-25T13:51:00+09:00,False,False
20260825,2026-08-25T13:54:00+09:00,2026-08-25T13:48:00+09:00,DOWN_BLUE,11,8442,8441,False,TW2_REJECT_VWAP_VETO,False,REJECT_TIME_WINDOW,False,,,True,,,3,True,False,False,2,False,916.8531432069813,128.7591889526193,788.093954254362,0.05597394036672657,-0.8593965194265384,-665.7062060574535,-235.04074317938648,-0.1363178913433489,-2.563839776228928,0.6754000928121661,13:54,False,TW2_REJECT_VWAP_VETO,1,-1.222119,0.043037974683544304,-1.4218520986009326,TIME_WINDOW_STOP_LOSS,9.0,2026-08-25T13:54:00+09:00,2026-08-25T14:03:00+09:00,False,False
20260825,2026-08-25T14:24:00+09:00,2026-08-25T14:18:00+09:00,UP_RED,12,8452,8451,False,TW2_3SLOT_REJECT_DAILY_SLOT_CAP,False,REJECT_TIME_WINDOW,True,,AFTERNOON,True,,,5,True,True,False,1,True,853.1679687447368,129.96834029321235,723.1996284515244,0.05117984215625295,0.8846771842631359,1461.8709265149664,2217.7125303104986,1.263843373602145,4.1469493102762325,1.5121989243121055,14:24,False,TW2_3SLOT_REJECT_DAILY_SLOT_CAP,1,19.503012,1.3896886166411435,-0.1920367534456355,END_OF_DATA,34815.0,2026-08-25T14:24:00+09:00,2026-09-18T18:39:00+09:00,False,False
20260826,2026-08-26T09:24:00+09:00,2026-08-26T09:18:00+09:00,UP_RED,1,8484,8483,True,TIME_WINDOW_APPROVED,True,,True,1.0,MORNING,True,,,5,True,True,False,1,True,547.3984129295386,436.9061584217343,110.49225450780432,0.032011603095294654,1.0765264677063002,1265.4180214093067,1325.6988343948033,0.7364993524415506,0.7022195458105124,0.6597305521534363,09:24,True,TIME_WINDOW_APPROVED,1,-2.189741,0.0,-2.1897410845139227,TIME_WINDOW_STOP_LOSS,12.0,2026-08-26T09:24:00+09:00,2026-08-26T09:36:00+09:00,False,False
20260826,2026-08-26T09:30:00+09:00,2026-08-26T09:24:00+09:00,DOWN_BLUE,2,8486,8485,True,TIME_WINDOW_APPROVED,True,,True,2.0,MORNING,False,0193T0,,5,True,False,True,3,False,1317.4950003411368,497.607538926849,819.8874614142878,0.0778661347719348,-0.9766608249614468,-486.83916547638364,483.9517478083726,0.27172231703186706,0.3356948830028322,0.9607636180074343,09:30,True,TIME_WINDOW_APPROVED,1,0.766167,2.6211277658815133,-0.018558172733761598,EARLY_TAKE_PROFIT,42.0,2026-08-26T09:30:00+09:00,2026-08-26T10:12:00+09:00,False,False
20260826,2026-08-26T10:21:00+09:00,2026-08-26T10:15:00+09:00,UP_RED,3,8503,8502,True,TIME_WINDOW_APPROVED,True,,True,3.0,MORNING,True,,,5,True,True,False,2,True,962.3633054143074,658.8767651310511,303.4865402832563,0.056776596189634654,0.3484990570716461,464.6901147395838,576.6156625004951,0.32317691998549386,0.1270237309308809,0.5205332291615802,10:21,True,TIME_WINDOW_APPROVED,1,-1.81499,0.0,-1.814990138067061,TIME_WINDOW_STOP_LOSS,6.0,2026-08-26T10:21:00+09:00,2026-08-26T10:27:00+09:00,False,False
20260826,2026-08-26T10:30:00+09:00,2026-08-26T10:24:00+09:00,DOWN_BLUE,4,8506,8505,False,TW2_3SLOT_REJECT_DAILY_SLOT_CAP,True,,True,,MORNING,True,,,5,True,True,False,2,False,348.1187193504305,1.43589665749505,346.6828226929355,0.02069671339776638,-0.2580732948008889,65.79424724262208,626.6054606316611,0.3539091483948007,0.6199691241767925,0.8171630058842024,10:30,False,TW2_3SLOT_REJECT_DAILY_SLOT_CAP,1,-1.339444,0.0,-1.4781944444444446,TIME_WINDOW_STOP_LOSS,6.0,2026-08-26T10:30:00+09:00,2026-08-26T10:36:00+09:00,False,False
20260826,2026-08-26T11:03:00+09:00,2026-08-26T10:57:00+09:00,UP_RED,5,8517,8516,False,REJECT_NOT_CONFIRMED,False,REJECT_NOT_CONFIRMED,False,,,True,,,2,False,False,True,3,False,-89.90211953950075,20.99182451142724,-110.89394405092798,-0.005360889656499746,0.0011613110580593214,-205.65184200555086,-532.4152963771485,-0.30160675704136014,-0.8017366758862409,0.5549074058859294,11:03,False,REJECT_NOT_CONFIRMED,1,4.177298,4.177297840281266,-0.34103465595178306,TIME_WINDOW_AFTERNOON_TP,34.0,2026-08-26T11:03:00+09:00,2026-08-26T11:37:00+09:00,False,False
20260826,2026-08-26T11:06:00+09:00,2026-08-26T11:00:00+09:00,DOWN_BLUE,6,8518,8517,False,REJECT_MACD_GAP_NOT_EXPANDING,False,REJECT_MACD_GAP_NOT_EXPANDING,False,,,True,,,5,True,False,False,1,True,67.78866442912022,89.90211953950075,-22.113455110380528,0.004039848893272957,0.012432921238363464,158.37137761316262,386.47098243655637,0.2188006158013738,0.7385904232612847,0.4561767959533521,11:06,False,REJECT_MACD_GAP_NOT_EXPANDING,1,-1.974581,0.0,-1.9745810055865922,TIME_WINDOW_STOP_LOSS,9.0,2026-08-26T11:06:00+09:00,2026-08-26T11:15:00+09:00,False,False
20260826,2026-08-26T11:12:00+09:00,2026-08-26T11:06:00+09:00,UP_RED,7,8520,8519,False,TW2_3SLOT_REJECT_DAILY_SLOT_CAP,True,,True,,AFTERNOON,True,,,4,True,False,False,2,True,871.1094516676903,228.1395233672879,642.9699283004024,0.051575455989798125,0.013848982253933492,279.0274211266078,694.9750007716939,0.3908977209788881,-0.08058265990143151,1.6615832238120034,11:12,False,TW2_3SLOT_REJECT_DAILY_SLOT_CAP,1,4.190936,4.1909362549800795,0.0,TIME_WINDOW_AFTERNOON_TP,28.0,2026-08-26T11:12:00+09:00,2026-08-26T11:40:00+09:00,False,False
20260827,2026-08-27T09:36:00+09:00,2026-08-27T09:30:00+09:00,DOWN_BLUE,1,8545,8544,True,TIME_WINDOW_APPROVED,True,,True,1.0,MORNING,True,,,4,True,False,False,2,False,2464.7497273097433,1234.2656104556117,1230.4841168541316,0.14124640271116007,-1.3488528008254668,-1028.887371180812,-175.81675995048136,-0.09571686071800042,1.2449535372834541,0.8498127730044485,09:36,True,TIME_WINDOW_APPROVED,1,1.706767,3.8358006042296076,-0.3164652567975831,TIME_WINDOW_TRAILING_STOP,30.0,2026-08-27T09:36:00+09:00,2026-08-27T10:06:00+09:00,False,False
20260827,2026-08-27T10:30:00+09:00,2026-08-27T10:24:00+09:00,UP_RED,2,8563,8562,True,TIME_WINDOW_APPROVED,True,,True,2.0,MORNING,True,,,4,True,False,False,2,True,737.03810078748,83.66815098892494,653.369949798555,0.042407255511362485,0.3822710511391051,583.5579653671011,805.6104508095887,0.44035093686375953,-0.5941485737733396,0.6648935052711635,10:30,False,REJECT_LOW_QUALITY_SCORE,1,-1.364856,2.6957014643363246,-1.459329239489844,TIME_WINDOW_STOP_LOSS,231.0,2026-08-27T10:30:00+09:00,2026-08-27T14:21:00+09:00,False,False
20260827,2026-08-27T10:51:00+09:00,2026-08-27T10:45:00+09:00,DOWN_BLUE,3,8570,8569,False,REJECT_NOT_CONFIRMED,False,REJECT_NOT_CONFIRMED,False,,,False,0193T0,,1,False,False,True,3,False,-105.65181853405448,164.7884237872522,-270.4402423213067,-0.006089441990435417,-0.32247823471805986,-365.99003006657586,-354.92193308100104,-0.1943376578830091,0.6991601741594444,0.5262902504030207,10:51,False,REJECT_NOT_CONFIRMED,1,-1.438681,0.0,-1.438680659670165,TIME_WINDOW_STOP_LOSS,18.0,2026-08-27T10:51:00+09:00,2026-08-27T11:09:00+09:00,False,False
20260827,2026-08-27T10:54:00+09:00,2026-08-27T10:48:00+09:00,UP_RED,4,8571,8570,False,REJECT_DUPLICATE_POSITION,False,REJECT_DUPLICATE_POSITION,False,,,False,0193T0,,4,True,False,False,1,True,649.2121185100992,105.65181853405448,543.5602999760447,0.03728961048306141,0.3389209759039703,586.9315975150093,892.5484156447928,0.4870310137062272,-0.3484773164951068,0.8807675369855058,10:54,True,TIME_WINDOW_APPROVED,1,-1.303877,1.5439514245679589,-1.3038766931340495,TIME_WINDOW_STOP_LOSS,177.0,2026-08-27T10:54:00+09:00,2026-08-27T13:51:00+09:00,False,False
20260827,2026-08-27T11:33:00+09:00,2026-08-27T11:27:00+09:00,DOWN_BLUE,5,8584,8583,False,REJECT_MACD_GAP_NOT_EXPANDING,False,REJECT_MACD_GAP_NOT_EXPANDING,False,,,False,0193T0,,3,True,False,False,2,False,208.83936394825696,244.227518047207,-35.388154098950054,0.011967871859498967,-0.41300217873611644,-460.25293834879994,-428.3483126948122,-0.23319822181089592,0.0948033048916535,0.9299667525669956,11:33,False,REJECT_MACD_GAP_NOT_EXPANDING,1,-1.22855,0.4413059984813971,-1.3044798785117693,TIME_WINDOW_STOP_LOSS,21.0,2026-08-27T11:33:00+09:00,2026-08-27T11:54:00+09:00,False,False
20260827,2026-08-27T11:42:00+09:00,2026-08-27T11:36:00+09:00,UP_RED,6,8587,8586,False,REJECT_NOT_CONFIRMED,False,REJECT_NOT_CONFIRMED,False,,,False,0193T0,,2,False,False,True,3,True,-25.72557631140444,78.22596403111402,-103.95154034251846,-0.001473400705120529,0.41889127104958934,438.3705961040687,360.6566328445915,0.19623356311701243,-0.03860663241802293,0.7382794695521077,11:42,False,REJECT_NOT_CONFIRMED,1,-1.209991,1.496545284780579,-1.2566760037348272,TIME_WINDOW_STOP_LOSS,126.0,2026-08-27T11:42:00+09:00,2026-08-27T13:48:00+09:00,False,False
20260827,2026-08-27T11:45:00+09:00,2026-08-27T11:39:00+09:00,DOWN_BLUE,7,8588,8587,False,REJECT_SHORT_FLAG_INTERVAL,False,REJECT_SHORT_FLAG_INTERVAL,False,,,False,0193T0,,3,True,False,True,3,False,119.71815905221456,25.72557631140444,93.99258274081012,0.006856710140447569,-0.4134576393062924,-421.17959233536385,-326.30838209739886,-0.17754465234396555,0.03785187218720355,1.0762674504041145,11:45,False,REJECT_SHORT_FLAG_INTERVAL,1,-1.750906,0.0,-1.8264350453172202,TIME_WINDOW_STOP_LOSS,9.0,2026-08-27T11:45:00+09:00,2026-08-27T11:54:00+09:00,False,False
20260827,2026-08-27T11:57:00+09:00,2026-08-27T11:51:00+09:00,UP_RED,8,8592,8591,False,TW2_3SLOT_REJECT_TEG,True,,True,3.0,AFTERNOON,True,,,5,True,False,False,2,True,608.0325257482173,398.82320633509426,209.209319413123,0.03464572796286138,0.4441240168882513,693.4473247835413,967.9034695590381,0.5239363510433738,0.46266470362929035,0.9616412233736025,11:57,False,REJECT_DUPLICATE_POSITION,1,-1.659003,0.3715604801477378,-1.6590027700831025,TIME_WINDOW_STOP_LOSS,51.0,2026-08-27T11:57:00+09:00,2026-08-27T12:48:00+09:00,False,False
20260827,2026-08-27T12:15:00+09:00,2026-08-27T12:09:00+09:00,DOWN_BLUE,9,8598,8597,False,TW2_3SLOT_REJECT_TEG,True,,True,3.0,AFTERNOON,True,,,5,True,False,False,2,False,546.6419395714911,155.00072090606,391.6412186654311,0.03129032281462456,-0.4177287694621851,-253.31599639123306,114.89259904413484,0.06247737211912004,0.006354638738617628,0.978396183803197,12:15,False,TW2_3SLOT_REJECT_TEG,1,4.179558,4.17955758962624,-0.47124332570556826,TIME_WINDOW_AFTERNOON_TP,140.0,2026-08-27T12:15:00+09:00,2026-08-27T14:35:00+09:00,False,False
20260827,2026-08-27T13:27:00+09:00,2026-08-27T13:21:00+09:00,UP_RED,10,8622,8621,False,TW2_3SLOT_REJECT_TEG,False,REJECT_TIME_WINDOW,True,3.0,AFTERNOON,True,,,4,True,False,False,2,True,455.3892011397661,301.8216027267224,153.5675984130437,0.026111766120399435,0.03695937087544435,77.68003361718729,132.48309426847845,0.07216682313937949,-0.15195856560824572,0.8487159444052544,13:27,False,TW2_3SLOT_REJECT_TEG,1,-1.255012,0.0,-1.394778554778555,TIME_WINDOW_STOP_LOSS,15.0,2026-08-27T13:27:00+09:00,2026-08-27T13:42:00+09:00,False,False
20260827,2026-08-27T13:39:00+09:00,2026-08-27T13:33:00+09:00,DOWN_BLUE,11,8626,8625,True,TIME_WINDOW_APPROVED,False,REJECT_TIME_WINDOW,True,3.0,AFTERNOON,True,,,5,True,True,False,2,True,246.07538076109995,41.685085850672294,204.39029491042766,0.014174849122183177,0.021392245826508297,222.51786229619756,534.7703409167007,0.2926450598334748,0.5977713691567046,1.0738133190032353,13:39,True,TIME_WINDOW_APPROVED,1,2.377113,2.6761406133133883,-0.3142857142857143,FORCED_LIQUIDATION,81.0,2026-08-27T13:39:00+09:00,2026-08-27T15:00:00+09:00,False,False
20260827,2026-08-27T14:54:00+09:00,2026-08-27T14:48:00+09:00,UP_RED,12,8651,8650,False,REJECT_NOT_CONFIRMED,False,REJECT_NOT_CONFIRMED,False,,,False,0197X0,,2,False,False,False,2,False,-35.259700803115265,85.19649369848048,-120.45619450159575,-0.002054761119062661,-0.39778616006428047,-597.2202646846417,-821.672208217904,-0.4548884602604539,-1.5383875516153551,1.2870164993384698,14:54,False,REJECT_NOT_CONFIRMED,0,,,,,,,,,
20260827,2026-08-27T14:57:00+09:00,2026-08-27T14:51:00+09:00,DOWN_BLUE,13,8652,8651,False,REJECT_SHORT_FLAG_INTERVAL,False,REJECT_SHORT_FLAG_INTERVAL,False,,,False,0197X0,,5,True,False,False,1,True,193.7300359007204,35.259700803115265,158.47033509760513,0.011302802561302241,0.41468338242004155,652.2312346969265,933.893902673386,0.5176191409215871,1.6410189556283477,1.0665242854520882,14:57,False,REJECT_SHORT_FLAG_INTERVAL,0,,,,,,,,,
20260828,2026-08-28T09:09:00+09:00,2026-08-28T09:03:00+09:00,DOWN_BLUE,1,8662,8661,True,TIME_WINDOW_APPROVED,True,,True,1.0,MORNING,True,,,5,True,True,False,0,True,1792.3868525353355,1068.9962259672002,723.3906265681353,0.10593302910965341,0.5723946248671732,1270.9110619083513,2258.1477856847923,1.267872574704784,0.5032852598751109,1.717968146856146,09:09,True,TIME_WINDOW_APPROVED,1,-1.362518,0.0,-1.3625176803394625,TIME_WINDOW_STOP_LOSS,9.0,2026-08-28T09:09:00+09:00,2026-08-28T09:18:00+09:00,False,False
20260828,2026-08-28T09:27:00+09:00,2026-08-28T09:21:00+09:00,UP_RED,2,8668,8667,True,TIME_WINDOW_APPROVED,True,,True,2.0,MORNING,True,,,5,True,False,True,3,False,838.5052413182257,47.0828487095323,791.4223926086934,0.04900673531959238,-0.5850226373548202,-314.4511132903863,242.7036894238554,0.1347565779968125,0.6315658299091909,0.9693944133913917,09:27,True,TIME_WINDOW_APPROVED,1,0.445278,2.0025316455696203,0.0,EARLY_TAKE_PROFIT,30.0,2026-08-28T09:27:00+09:00,2026-08-28T09:57:00+09:00,False,False
20260828,2026-08-28T10:15:00+09:00,2026-08-28T10:09:00+09:00,DOWN_BLUE,3,8684,8683,True,TIME_WINDOW_APPROVED,True,,True,3.0,MORNING,True,,,5,True,True,False,2,True,389.9836626598285,28.536154524848143,361.44750813498035,0.022859534739732033,0.25593870099760035,416.9471108857542,615.6726292299572,0.3428423199112061,0.052267810481924304,1.1168194956901696,10:15,True,TIME_WINDOW_APPROVED,1,3.676522,4.183478260869566,-0.6694202898550724,FORCED_LIQUIDATION,285.0,2026-08-28T10:15:00+09:00,2026-08-28T15:00:00+09:00,False,False
20260828,2026-08-28T10:39:00+09:00,2026-08-28T10:33:00+09:00,UP_RED,4,8692,8691,False,REJECT_NOT_CONFIRMED,False,REJECT_NOT_CONFIRMED,False,,,False,0197X0,,3,True,False,True,4,False,-63.25450598523548,75.55410926299419,-138.80861524822967,-0.00370559496105656,-0.23436556359969613,-294.9296065592207,-339.4900200057309,-0.18893703515267662,-0.0150490377445791,0.9115329255644649,10:39,False,REJECT_NOT_CONFIRMED,1,-1.404579,0.4454943984413054,-1.4045786653677546,TIME_WINDOW_STOP_LOSS,66.0,2026-08-28T10:39:00+09:00,2026-08-28T11:45:00+09:00,False,False
20260828,2026-08-28T10:42:00+09:00,2026-08-28T10:36:00+09:00,DOWN_BLUE,5,8693,8692,False,REJECT_DUPLICATE_POSITION,False,REJECT_DUPLICATE_POSITION,False,,,False,0197X0,,5,True,False,False,2,True,135.8263466740441,63.25450598523548,72.5718406888086,0.007957020894788757,0.23575946503571454,283.3637396353297,307.1576371481642,0.17094303180480525,0.014438739822799607,0.8054572668933837,10:42,False,REJECT_DUPLICATE_POSITION,1,3.451482,3.957339117859725,-0.5959508315256689,FORCED_LIQUIDATION,258.0,2026-08-28T10:42:00+09:00,2026-08-28T15:00:00+09:00,False,False
20260828,2026-08-28T11:06:00+09:00,2026-08-28T11:00:00+09:00,UP_RED,6,8701,8700,False,TW2_3SLOT_REJECT_DAILY_SLOT_CAP,True,,True,,AFTERNOON,False,0197X0,,5,True,False,True,3,False,285.0159400820314,82.97349138250001,202.0424486995314,0.016677351672441863,-0.2236582724131876,-115.87935162964277,103.50271164346486,0.05753515275665807,0.10778925839837097,0.5812247522961593,11:06,False,REJECT_LOW_QUALITY_SCORE,1,-1.308435,0.5435397367137982,-1.3084349098000976,TIME_WINDOW_STOP_LOSS,39.0,2026-08-28T11:06:00+09:00,2026-08-28T11:45:00+09:00,False,False
20260828,2026-08-28T11:15:00+09:00,2026-08-28T11:09:00+09:00,DOWN_BLUE,7,8704,8703,False,REJECT_NOT_CONFIRMED,False,REJECT_NOT_CONFIRMED,False,,,False,0197X0,,4,True,False,False,2,True,-97.86323745189884,46.92419417231963,-144.78743162421847,-0.005733054332272926,0.2235642218760989,166.06802692706697,26.571093924809247,0.014787662114051085,0.004995324490854582,1.0067137059519982,11:15,False,REJECT_NOT_CONFIRMED,1,4.111014,4.111014492753624,-0.23478260869565218,TIME_WINDOW_AFTERNOON_TP,187.0,2026-08-28T11:15:00+09:00,2026-08-28T14:22:00+09:00,False,False
20260828,2026-08-28T11:18:00+09:00,2026-08-28T11:12:00+09:00,UP_RED,8,8705,8704,False,TW2_3SLOT_REJECT_DAILY_SLOT_CAP,True,,True,,AFTERNOON,False,0197X0,,5,True,False,True,3,False,388.8491447243073,97.86323745189884,290.98590727240844,0.022739716065748965,-0.20541865490073316,-41.908496459247544,261.6737721632235,0.14537431786841665,0.16809564130672186,1.5062714063224314,11:18,False,TW2_3SLOT_REJECT_DAILY_SLOT_CAP,1,-1.300678,0.0,-1.3006782945736433,TIME_WINDOW_STOP_LOSS,15.0,2026-08-28T11:18:00+09:00,2026-08-28T11:33:00+09:00,False,False
20260828,2026-08-28T11:33:00+09:00,2026-08-28T11:27:00+09:00,DOWN_BLUE,9,8710,8709,False,REJECT_DUPLICATE_POSITION,False,REJECT_DUPLICATE_POSITION,False,,,False,0197X0,,5,True,False,True,3,True,142.52183004032622,43.966854328193904,98.55497571213232,0.008368868469778403,0.209167240350849,279.4268033807166,345.66721891076304,0.1928266928744783,0.23539565534533297,0.8953045284528313,11:33,False,REJECT_DUPLICATE_POSITION,1,0.98636,2.5651112706389085,-0.018234027279253412,TIME_WINDOW_PROFIT_LOCK_STOP,81.0,2026-08-28T11:33:00+09:00,2026-08-28T12:54:00+09:00,False,False
20260828,2026-08-28T12:33:00+09:00,2026-08-28T12:27:00+09:00,UP_RED,10,8730,8729,False,TW2_3SLOT_REJECT_DAILY_SLOT_CAP,True,,True,,AFTERNOON,True,,,2,False,False,False,2,False,160.55376017250728,13.437704559283702,147.11605561322358,0.009483388078706868,-0.3490412577114118,-339.3522618592251,-253.14336026273668,-0.1420473669518508,-0.6759293473549348,0.9341696348749096,12:33,False,REJECT_LOW_QUALITY_SCORE,1,-1.480378,0.0,-1.4803775459513164,TIME_WINDOW_STOP_LOSS,12.0,2026-08-28T12:33:00+09:00,2026-08-28T12:45:00+09:00,False,False
20260828,2026-08-28T12:39:00+09:00,2026-08-28T12:33:00+09:00,DOWN_BLUE,11,8732,8731,False,TW2_3SLOT_REJECT_DAILY_SLOT_CAP,True,,True,,AFTERNOON,True,,,5,True,False,False,1,True,497.0044274078682,108.72952360869431,388.2749037991739,0.029530863185256582,0.389624837269374,696.1879203089047,1105.1808459293097,0.6238394555156255,1.2055388140949284,2.1879528840935936,12:39,False,TW2_3SLOT_REJECT_DAILY_SLOT_CAP,1,-1.565144,0.4016865776528461,-1.5651440618411807,TIME_WINDOW_STOP_LOSS,18.0,2026-08-28T12:39:00+09:00,2026-08-28T12:57:00+09:00,False,False
20260828,2026-08-28T12:57:00+09:00,2026-08-28T12:51:00+09:00,UP_RED,12,8738,8737,False,TW2_3SLOT_REJECT_DAILY_SLOT_CAP,True,,True,,AFTERNOON,True,,,4,True,False,False,2,False,676.6571648954496,44.00150438922992,632.6556605062196,0.039944342673875415,-0.39355258629099305,-127.89701306982897,371.92673595342785,0.20857756738839592,-0.4485364857183193,1.5049089134078726,12:57,False,TW2_3SLOT_REJECT_DAILY_SLOT_CAP,1,-1.372754,0.0,-1.3727541954590325,TIME_WINDOW_STOP_LOSS,9.0,2026-08-28T12:57:00+09:00,2026-08-28T13:06:00+09:00,False,False
20260828,2026-08-28T13:42:00+09:00,2026-08-28T13:36:00+09:00,DOWN_BLUE,13,8753,8752,False,TW2_3SLOT_REJECT_DAILY_SLOT_CAP,False,REJECT_TIME_WINDOW,True,,AFTERNOON,True,,,5,True,False,False,2,True,121.29993958588011,77.05158995165584,44.24834963422427,0.007207364205934647,0.3212081732902542,376.89683368289843,402.9514598690439,0.22745328988445246,0.9859430370167421,0.8773576992697255,13:42,False,TW2_3SLOT_REJECT_DAILY_SLOT_CAP,1,0.542235,1.0338721011946592,-0.44118060435699225,FORCED_LIQUIDATION,78.0,2026-08-28T13:42:00+09:00,2026-08-28T15:00:00+09:00,False,False
20260828,2026-08-28T14:03:00+09:00,2026-08-28T13:57:00+09:00,UP_RED,14,8760,8759,False,REJECT_NOT_CONFIRMED,False,REJECT_NOT_CONFIRMED,False,,,True,,,1,False,False,True,3,False,-80.04221072416567,19.810135119643746,-99.85234584380942,-0.004764417305009861,-0.3185272387085327,-398.77705427841283,-465.1347599492874,-0.2630226321142566,-1.1106092817693551,1.068592008559094,14:03,False,REJECT_NOT_CONFIRMED,1,-1.492932,0.0,-1.4929323308270677,TIME_WINDOW_STOP_LOSS,36.0,2026-08-28T14:03:00+09:00,2026-08-28T14:39:00+09:00,False,False
20260828,2026-08-28T14:06:00+09:00,2026-08-28T14:00:00+09:00,DOWN_BLUE,15,8761,8760,False,REJECT_MACD_GAP_NOT_EXPANDING,False,REJECT_MACD_GAP_NOT_EXPANDING,False,,,True,,,5,True,False,False,1,True,53.544781266866266,80.04221072416567,-26.497429457299404,0.0031852933531746736,0.3172476308327362,343.9230521498248,325.59811614477076,0.18400845350236408,1.0440268375095516,0.9955336959351152,14:06,False,REJECT_MACD_GAP_NOT_EXPANDING,1,0.542235,1.0338721011946592,-0.01981728742094167,FORCED_LIQUIDATION,54.0,2026-08-28T14:06:00+09:00,2026-08-28T15:00:00+09:00,False,False
20260828,2026-08-28T14:33:00+09:00,2026-08-28T14:27:00+09:00,UP_RED,16,8770,8769,False,TW2_REJECT_VWAP_VETO,False,REJECT_TIME_WINDOW,False,,,True,,,2,False,False,True,3,False,64.90562274802687,20.16964961136955,44.73597313665732,0.0038714955411885995,-0.34882406245889586,-371.96498478623107,-343.6954442251008,-0.1947573349322977,-1.1887899347955315,1.104760487353927,14:33,False,TW2_REJECT_VWAP_VETO,1,-0.089889,0.011122345803842266,-0.7468149646107178,FORCED_LIQUIDATION,27.0,2026-08-28T14:33:00+09:00,2026-08-28T15:00:00+09:00,False,False
20260828,2026-08-28T14:42:00+09:00,2026-08-28T14:36:00+09:00,DOWN_BLUE,17,8773,8772,False,TW2_3SLOT_REJECT_DAILY_SLOT_CAP,False,REJECT_TIME_WINDOW,True,,AFTERNOON,True,,,5,True,True,False,1,True,323.43325576050074,173.8541370049802,149.57911875552054,0.019355670602064674,0.3742206731926954,536.4475842257962,725.2356173137669,0.4123122899149495,1.4781396501918134,1.008480125908683,14:42,False,TW2_3SLOT_REJECT_DAILY_SLOT_CAP,1,-0.506954,0.0,-0.6460361613351878,FORCED_LIQUIDATION,18.0,2026-08-28T14:42:00+09:00,2026-08-28T15:00:00+09:00,False,False
20260828,2026-08-28T15:00:00+09:00,2026-08-28T14:54:00+09:00,UP_RED,18,8779,8778,False,REJECT_TIME_WINDOW,False,REJECT_TIME_WINDOW,False,,,True,,,3,True,False,False,2,False,279.16733207498237,65.47935073916415,213.68798133581822,0.016676662609019257,-0.3749033075895855,-307.57371399900876,-132.5973288344685,-0.0752493801629232,-1.22603573758865,0.8449389788355717,15:00,False,REJECT_TIME_WINDOW,0,,,,,,,,,
20260831,2026-08-31T09:06:00+09:00,2026-08-31T09:00:00+09:00,DOWN_BLUE,1,8803,8802,True,TIME_WINDOW_APPROVED,True,,True,1.0,MORNING,True,,,5,True,True,False,0,True,1278.4616884877578,396.6858193827411,881.7758691050167,0.08081300180074323,1.6142823072335202,2481.652661623899,3711.8467483525164,2.2289850890865304,0.5205303532606372,0.6362486441799969,09:06,True,TIME_WINDOW_APPROVED,1,-2.402877,0.0,-2.4654158849280803,TIME_WINDOW_STOP_LOSS,6.0,2026-08-31T09:06:00+09:00,2026-08-31T09:12:00+09:00,False,False
20260831,2026-08-31T09:18:00+09:00,2026-08-31T09:12:00+09:00,UP_RED,2,8807,8806,True,TIME_WINDOW_APPROVED,True,,True,2.0,MORNING,True,,,4,True,False,False,2,False,1428.8679753200904,540.5435475934992,888.3244277265912,0.08908154459601561,-1.5712805499517077,-1310.589551645331,-726.9583151671104,-0.4305551118509463,0.7887725661423685,0.6563702143249679,09:18,True,TIME_WINDOW_APPROVED,1,1.40443,3.6182724252491694,-0.5880398671096345,TIME_WINDOW_TRAILING_STOP,30.0,2026-08-31T09:18:00+09:00,2026-08-31T09:48:00+09:00,False,False
20260831,2026-08-31T10:06:00+09:00,2026-08-31T10:00:00+09:00,DOWN_BLUE,3,8823,8822,True,TIME_WINDOW_APPROVED,True,,True,3.0,MORNING,True,,,5,True,True,False,1,True,1384.6893769320773,784.6869362772823,600.002440654795,0.0868416040722532,0.8995550483204109,1254.6837392752059,1725.931196502177,1.0283064513497333,0.6688598521121432,0.5795973096303986,10:06,True,TIME_WINDOW_APPROVED,1,-1.620932,0.6116145500957243,-1.6209317166560304,TIME_WINDOW_STOP_LOSS,33.0,2026-08-31T10:06:00+09:00,2026-08-31T10:39:00+09:00,False,False
20260831,2026-08-31T10:33:00+09:00,2026-08-31T10:27:00+09:00,UP_RED,4,8832,8831,False,TW2_3SLOT_REJECT_DAILY_SLOT_CAP,True,,True,,MORNING,False,0197X0,,5,True,False,True,3,False,998.024007595046,210.34577526163048,787.6782323334155,0.06210479200964816,-0.84848435890973,-400.0866246703081,403.4759308688808,0.238520307607506,0.1881891229424338,0.5023762459519704,10:33,False,REJECT_LOW_QUALITY_SCORE,1,0.738343,2.2846408839779007,-0.5318232044198895,EARLY_TAKE_PROFIT,57.0,2026-08-31T10:33:00+09:00,2026-08-31T11:30:00+09:00,False,False
20260831,2026-08-31T11:36:00+09:00,2026-08-31T11:30:00+09:00,DOWN_BLUE,5,8853,8852,False,TW2_3SLOT_REJECT_DAILY_SLOT_CAP,True,,True,,AFTERNOON,True,,,4,True,False,False,2,True,861.8004967368395,439.1009920008016,422.69950473603785,0.05362790894442063,0.16456961211274357,307.094835128868,513.59892568551,0.30362102016244447,-0.1009209651142706,0.5715713839425179,11:36,False,REJECT_LOW_QUALITY_SCORE,1,-1.384715,0.10414507772020724,-1.3847150259067358,TIME_WINDOW_STOP_LOSS,24.0,2026-08-31T11:36:00+09:00,2026-08-31T12:00:00+09:00,False,False
20260831,2026-08-31T12:03:00+09:00,2026-08-31T11:57:00+09:00,UP_RED,6,8862,8861,False,TW2_3SLOT_REJECT_DAILY_SLOT_CAP,True,,True,,AFTERNOON,True,,,5,True,True,False,1,False,751.8005078468782,119.70561118940054,632.0948966574776,0.04629313471963536,-0.054762109047893824,393.98302404908463,1109.6758673831355,0.6491330505011825,1.1287682112289184,3.145766766877056,12:03,False,TW2_3SLOT_REJECT_DAILY_SLOT_CAP,1,-1.324705,0.8225563909774436,-1.3784103114930184,TIME_WINDOW_STOP_LOSS,51.0,2026-08-31T12:03:00+09:00,2026-08-31T12:54:00+09:00,False,False
20260831,2026-08-31T12:39:00+09:00,2026-08-31T12:33:00+09:00,DOWN_BLUE,7,8874,8873,False,REJECT_MACD_GAP_NOT_EXPANDING,False,REJECT_MACD_GAP_NOT_EXPANDING,False,,,True,,,2,False,False,True,3,False,1.2261409032225856,4.149098882111048,-2.922957978888462,7.531578029622762e-05,-0.22316660812554803,-364.61554935597815,-557.8872188357636,-0.32554843850981297,-1.2551322946842909,0.7879083862404047,12:39,False,REJECT_MACD_GAP_NOT_EXPANDING,1,-0.089888,1.7598149372108394,-0.15598149372108394,TIME_WINDOW_BREAKEVEN_STOP,60.0,2026-08-31T12:39:00+09:00,2026-08-31T13:39:00+09:00,False,False
20260831,2026-08-31T13:42:00+09:00,2026-08-31T13:36:00+09:00,UP_RED,8,8895,8894,False,TW2_3SLOT_REJECT_DAILY_SLOT_CAP,False,REJECT_TIME_WINDOW,True,,AFTERNOON,True,,,5,True,True,False,1,True,602.373521041777,5.722916427184941,596.6506046145921,0.03697811669992492,0.06591538103972547,376.92020419216715,859.0298363759648,0.5009689039639195,1.2454761137391124,2.491087932400317,13:42,False,TW2_3SLOT_REJECT_DAILY_SLOT_CAP,1,4.045674,4.0456743686190215,-0.5197205803331542,TIME_WINDOW_AFTERNOON_TP,31.0,2026-08-31T13:42:00+09:00,2026-08-31T14:13:00+09:00,False,False
20260831,2026-08-31T14:39:00+09:00,2026-08-31T14:33:00+09:00,DOWN_BLUE,9,8914,8913,False,TW2_REJECT_VWAP_VETO,False,REJECT_TIME_WINDOW,False,,,True,,,3,True,False,False,2,False,640.663443764246,31.656410102899827,609.0070336613462,0.03880456957990588,-0.7048442447493739,-610.4080223278143,-349.265059602214,-0.20097020388984752,-2.0442716646795778,0.3846022807470103,14:39,False,TW2_REJECT_VWAP_VETO,1,0.181399,0.5887304820095044,-0.7684996605566871,FORCED_LIQUIDATION,21.0,2026-08-31T14:39:00+09:00,2026-08-31T15:00:00+09:00,False,False
20260903,2026-09-03T09:18:00+09:00,2026-09-03T09:12:00+09:00,DOWN_BLUE,1,8978,8977,True,TIME_WINDOW_APPROVED,True,,True,1.0,MORNING,True,,,5,True,True,False,1,True,1024.0903515987466,427.6773699247742,596.4129816739724,0.06302094471376903,0.3836271959212251,943.4384915900882,1776.8738010779489,1.0387877606301927,0.7283539096872402,1.475682561411514,09:18,True,TIME_WINDOW_APPROVED,1,-2.077137,0.9036447978793904,-2.0771371769383697,TIME_WINDOW_STOP_LOSS,75.0,2026-09-03T09:18:00+09:00,2026-09-03T10:33:00+09:00,False,False
20260903,2026-09-03T09:45:00+09:00,2026-09-03T09:39:00+09:00,UP_RED,2,8987,8986,True,TIME_WINDOW_APPROVED,True,,True,2.0,MORNING,False,0197X0,,2,False,False,True,3,False,325.6063368950536,49.65969644143752,275.94664045361606,0.020037313039695602,-0.5948450573123848,-635.357932418352,-621.0565434659366,-0.3630792100263473,-0.31996597838171403,0.31847621380778124,09:45,True,TIME_WINDOW_APPROVED,1,0.34227,2.0711351351351355,-1.0084324324324325,EARLY_TAKE_PROFIT,66.0,2026-09-03T09:45:00+09:00,2026-09-03T10:51:00+09:00,False,False
20260903,2026-09-03T11:00:00+09:00,2026-09-03T10:54:00+09:00,DOWN_BLUE,3,9012,9011,True,TIME_WINDOW_APPROVED,True,,True,2.0,AFTERNOON,True,,,5,True,True,False,2,True,574.7191103146886,187.3131421298615,387.4059681848271,0.0354109125270911,0.2347435221204262,412.2158014141023,662.0420811192598,0.38751692979878305,0.4140476401413556,1.0095591319513435,11:00,True,TIME_WINDOW_APPROVED,1,-26.988173,0.1756810631229236,-1.0198006644518272,END_OF_DATA,22059.0,2026-09-03T11:00:00+09:00,2026-09-18T18:39:00+09:00,False,False
20260903,2026-09-03T11:18:00+09:00,2026-09-03T11:12:00+09:00,UP_RED,4,9018,9017,False,TW2_3SLOT_REJECT_TEG,True,,True,3.0,AFTERNOON,False,0197X0,,4,True,False,True,4,False,137.1328331191296,89.8064743012909,47.326358817838695,0.008418221799823794,-0.19604993615291744,-123.98841874138452,16.41444218577817,0.00957257217716739,-0.04055713516265184,0.3545228863908957,11:18,False,REJECT_LOW_QUALITY_SCORE,1,25.4612,0.0707395498392283,-0.8935691318327974,END_OF_DATA,22041.0,2026-09-03T11:18:00+09:00,2026-09-18T18:39:00+09:00,False,False
20260903,2026-09-03T11:30:00+09:00,2026-09-03T11:24:00+09:00,DOWN_BLUE,5,9022,9021,False,REJECT_NOT_CONFIRMED,False,REJECT_NOT_CONFIRMED,False,,,False,0197X0,,4,True,False,True,3,True,-49.62002728949824,43.157335313321596,-92.77736260281984,-0.0030460421908838696,0.17498399303319015,100.92420910322107,-39.77327615604736,-0.023194973817237518,0.039140358356303286,0.36441908194423583,11:30,False,REJECT_NOT_CONFIRMED,1,-26.597729,0.4442217768871075,-0.4905811623246493,END_OF_DATA,22029.0,2026-09-03T11:30:00+09:00,2026-09-18T18:39:00+09:00,False,False
20260903,2026-09-03T11:33:00+09:00,2026-09-03T11:27:00+09:00,UP_RED,6,9023,9022,False,REJECT_NOT_CONFIRMED,False,REJECT_NOT_CONFIRMED,False,,,False,0197X0,,0,False,False,True,3,False,-80.93952985014346,49.62002728949824,-130.5595571396417,-0.004977830864092463,-0.17746646564123353,-214.6134558049962,-249.72894062078558,-0.14590559261355568,-0.2229255580939065,0.2015883837918517,11:33,False,REJECT_NOT_CONFIRMED,1,26.001615,0.5018299246501614,-0.4127018299246502,END_OF_DATA,22026.0,2026-09-03T11:33:00+09:00,2026-09-18T18:39:00+09:00,False,False
20260903,2026-09-03T11:36:00+09:00,2026-09-03T11:30:00+09:00,DOWN_BLUE,7,9024,9023,False,REJECT_NOT_CONFIRMED,False,REJECT_NOT_CONFIRMED,False,,,False,0197X0,,4,True,False,True,3,True,-38.45226666219878,80.93952985014346,-119.39179651234224,-0.0023604829135788078,0.1680347142157078,88.55018302844837,-59.76905372412875,-0.034856108678910744,0.038521208797618584,0.46571070725660096,11:36,False,REJECT_NOT_CONFIRMED,1,-26.744533,0.24319999999999997,-0.6897333333333333,END_OF_DATA,22023.0,2026-09-03T11:36:00+09:00,2026-09-18T18:39:00+09:00,False,False
20260903,2026-09-03T11:39:00+09:00,2026-09-03T11:33:00+09:00,UP_RED,8,9025,9024,False,REJECT_NOT_CONFIRMED,False,REJECT_NOT_CONFIRMED,False,,,False,0197X0,,1,False,False,True,3,False,-74.743609377143,38.45226666219878,-113.19587603934178,-0.0045967779444737395,-0.17012289863100977,-202.7246856545098,-231.63752282084897,-0.1353355760639419,-0.22186471366339622,0.6539391141406186,11:39,False,REJECT_NOT_CONFIRMED,1,26.137392,0.6101293103448275,-0.30538793103448275,END_OF_DATA,22020.0,2026-09-03T11:39:00+09:00,2026-09-18T18:39:00+09:00,False,False
20260903,2026-09-03T11:42:00+09:00,2026-09-03T11:36:00+09:00,DOWN_BLUE,9,9026,9025,False,REJECT_MACD_GAP_NOT_EXPANDING,False,REJECT_MACD_GAP_NOT_EXPANDING,False,,,False,0197X0,,4,True,False,True,3,True,8.528342837808282,74.743609377143,-66.21526653933472,0.0005238539826663564,0.16394076303396427,116.34332543285564,19.10061588557437,0.01114593678833665,0.09877458156290317,0.42793747703439894,11:42,False,REJECT_MACD_GAP_NOT_EXPANDING,1,-26.695664,0.31007338225483655,-0.6233488992661774,END_OF_DATA,22017.0,2026-09-03T11:42:00+09:00,2026-09-18T18:39:00+09:00,False,False
20260903,2026-09-03T12:00:00+09:00,2026-09-03T11:54:00+09:00,UP_RED,10,9032,9031,False,TW2_REJECT_RECENT_CROSSES,True,,False,,,False,0197X0,,5,True,False,False,2,False,295.16889462022186,15.277524780226827,279.89136983999504,0.018097418431650636,-0.13557594483225777,35.910308805527166,325.3732869417872,0.1895184687888798,0.08581315186300205,5.313229449246105,12:00,False,TW2_REJECT_RECENT_CROSSES,1,25.528472,0.12439678284182307,-0.3044504021447721,END_OF_DATA,21999.0,2026-09-03T12:00:00+09:00,2026-09-18T18:39:00+09:00,False,False
20260904,2026-09-04T10:03:00+09:00,2026-09-04T09:57:00+09:00,DOWN_BLUE,1,9074,9073,True,TIME_WINDOW_APPROVED,True,,True,1.0,MORNING,True,,,4,True,False,False,2,False,721.0713539513399,171.85554969643817,549.2158042549017,0.04407526613394498,-0.34395100577193033,-199.3663701636251,78.16446162341163,0.04538889886449321,0.06883135826674477,0.5391354964321915,10:03,True,TIME_WINDOW_APPROVED,1,-1.376694,1.7383468834688345,-1.3766937669376693,TIME_WINDOW_STOP_LOSS,183.0,2026-09-04T10:03:00+09:00,2026-09-04T13:06:00+09:00,False,False
20260904,2026-09-04T11:18:00+09:00,2026-09-04T11:12:00+09:00,UP_RED,2,9099,9098,True,TIME_WINDOW_APPROVED,True,,True,2.0,AFTERNOON,False,0197X0,,5,True,True,False,2,True,588.5684789525696,309.99747745231446,278.5710015002552,0.03591021836196276,0.06999943340339262,210.97377110971138,423.322808285011,0.24536709449102825,0.1453376270764092,1.8934147818531293,11:18,True,TIME_WINDOW_APPROVED,1,4.065778,4.065778251599147,-0.9957356076759063,TIME_WINDOW_AFTERNOON_TP,170.0,2026-09-04T11:18:00+09:00,2026-09-04T14:08:00+09:00,False,False
20260904,2026-09-04T11:42:00+09:00,2026-09-04T11:36:00+09:00,DOWN_BLUE,3,9107,9106,True,TIME_WINDOW_APPROVED,True,,True,3.0,AFTERNOON,False,0193T0,,5,True,True,True,3,False,263.4446787887469,24.21247384548562,239.23220494326128,0.01614244355323204,-0.055579281091052625,96.93043750687502,345.45785119221546,0.20109372465236694,0.2817277432141514,0.28858297549886336,11:42,True,TIME_WINDOW_APPROVED,1,-1.363649,0.11106639839034203,-1.4977867203219315,TIME_WINDOW_STOP_LOSS,21.0,2026-09-04T11:42:00+09:00,2026-09-04T12:03:00+09:00,False,False
20260904,2026-09-04T11:57:00+09:00,2026-09-04T11:51:00+09:00,UP_RED,4,9112,9111,False,REJECT_DUPLICATE_POSITION,False,REJECT_DUPLICATE_POSITION,False,,,False,0193T0,,5,True,True,True,3,True,242.45527842839078,38.35755673135651,204.09772169703427,0.014801909549962808,0.047176735762447596,143.58467499399558,288.954695322318,0.16758666700624972,0.09023042671976488,1.079502433747972,11:57,False,REJECT_DUPLICATE_POSITION,1,4.121387,4.121386666666667,-0.0368,TIME_WINDOW_AFTERNOON_TP,131.0,2026-09-04T11:57:00+09:00,2026-09-04T14:08:00+09:00,False,False
20260904,2026-09-04T12:39:00+09:00,2026-09-04T12:33:00+09:00,DOWN_BLUE,5,9126,9125,False,REJECT_MACD_GAP_NOT_EXPANDING,False,REJECT_MACD_GAP_NOT_EXPANDING,False,,,False,0193T0,,2,False,False,False,2,False,155.3801907590855,246.6832146129202,-91.3030238538347,0.009457102298179277,-0.1585147468832322,-214.20259458804503,-278.27013432839885,-0.16089873865606152,-0.3666685175479916,0.7356754496026767,12:39,False,REJECT_MACD_GAP_NOT_EXPANDING,1,-1.996458,0.046185286103542236,-2.132697547683924,TIME_WINDOW_STOP_LOSS,36.0,2026-09-04T12:39:00+09:00,2026-09-04T13:15:00+09:00,False,False
20260904,2026-09-04T12:45:00+09:00,2026-09-04T12:39:00+09:00,UP_RED,6,9128,9127,False,REJECT_NOT_CONFIRMED,False,REJECT_NOT_CONFIRMED,False,,,True,,,5,True,False,False,2,True,-10.885569056870736,22.15633262647043,-33.041901683341166,-0.0006625422432666304,0.16904452028019695,194.6560667459853,209.64970179717056,0.12122167784980556,0.3614082120465035,0.6803594351732991,12:45,False,REJECT_NOT_CONFIRMED,1,4.035026,4.035026455026455,-0.14296296296296296,TIME_WINDOW_AFTERNOON_TP,93.0,2026-09-04T12:45:00+09:00,2026-09-04T14:18:00+09:00,False,False
20260904,2026-09-04T12:48:00+09:00,2026-09-04T12:42:00+09:00,DOWN_BLUE,7,9129,9128,False,REJECT_NOT_CONFIRMED,False,REJECT_NOT_CONFIRMED,False,,,True,,,2,False,False,False,2,False,-17.295964960454057,10.885569056870736,-28.181534017324793,-0.001052065995161439,-0.17251121929421548,-226.23818177566864,-284.92115876893513,-0.16464422191626338,-0.42155368138340266,0.44099789087965235,12:48,False,REJECT_NOT_CONFIRMED,1,-1.996458,0.0,-2.132697547683924,TIME_WINDOW_STOP_LOSS,27.0,2026-09-04T12:48:00+09:00,2026-09-04T13:15:00+09:00,False,False
20260904,2026-09-04T12:51:00+09:00,2026-09-04T12:45:00+09:00,UP_RED,8,9130,9129,False,REJECT_SHORT_FLAG_INTERVAL,False,REJECT_SHORT_FLAG_INTERVAL,False,,,True,,,5,True,False,False,2,True,82.33441879617249,17.295964960454057,65.03845383571843,0.005005131841712613,0.17826909229540094,256.58178249024786,353.02390555269085,0.20387398800915985,0.4809753332733668,0.6748831279218019,12:51,False,REJECT_SHORT_FLAG_INTERVAL,1,4.244315,4.244315177154945,-0.09000528820729772,TIME_WINDOW_AFTERNOON_TP,88.0,2026-09-04T12:51:00+09:00,2026-09-04T14:19:00+09:00,False,False
20260904,2026-09-04T13:54:00+09:00,2026-09-04T13:48:00+09:00,DOWN_BLUE,9,9151,9150,False,TW2_REJECT_VWAP_VETO,False,REJECT_TIME_WINDOW,False,,,True,,,2,False,False,False,2,False,71.39718366766647,40.117113775088,31.280069892578467,0.004290696133874187,-0.47381982009972906,-584.3299479542766,-677.0233598337509,-0.3865217499050302,-1.3325343432083825,0.32059120633739163,13:54,False,TW2_REJECT_VWAP_VETO,1,-1.69986,0.26008403361344534,-1.699859943977591,TIME_WINDOW_STOP_LOSS,18.0,2026-09-04T13:54:00+09:00,2026-09-04T14:12:00+09:00,False,False
20260904,2026-09-04T14:03:00+09:00,2026-09-04T13:57:00+09:00,UP_RED,10,9154,9153,False,REJECT_NOT_CONFIRMED,False,REJECT_NOT_CONFIRMED,False,,,True,,,3,True,False,False,2,True,-231.70793762574522,16.525200014764778,-248.23313764051,-0.013933129141656357,0.48494820782130166,472.93902079062536,370.77024350501597,0.21180500981939193,1.2194735534444228,0.4274122278460673,14:03,False,REJECT_NOT_CONFIRMED,1,0.064673,1.714285714285714,0.0,TIME_WINDOW_BREAKEVEN_STOP,39.0,2026-09-04T14:03:00+09:00,2026-09-04T14:42:00+09:00,False,False
20260904,2026-09-04T14:06:00+09:00,2026-09-04T14:00:00+09:00,DOWN_BLUE,11,9155,9154,False,REJECT_MACD_GAP_NOT_EXPANDING,False,REJECT_MACD_GAP_NOT_EXPANDING,False,,,True,,,2,False,False,False,2,False,165.49794793542242,231.70793762574522,-66.2099896903228,0.009927891297865771,-0.4900926653353858,-611.2551376223564,-716.4111726949923,-0.40827271389331105,-1.4526642584646763,0.5333448856322408,14:06,False,REJECT_MACD_GAP_NOT_EXPANDING,1,-1.284951,0.0,-1.2849507735583685,TIME_WINDOW_STOP_LOSS,6.0,2026-09-04T14:06:00+09:00,2026-09-04T14:12:00+09:00,False,False
20260904,2026-09-04T14:12:00+09:00,2026-09-04T14:06:00+09:00,UP_RED,12,9157,9156,False,TW2_3SLOT_REJECT_SAME_DIRECTION_AFTERNOON_2ND,False,REJECT_TIME_WINDOW,True,,AFTERNOON,True,,,5,True,False,False,2,True,371.51701289128414,158.52293224134428,212.99408064993986,0.0222066355583553,0.527885395601585,791.8583565670997,1112.5270597343333,0.6317398127601095,1.7314404044525615,0.7784955853825095,14:12,False,TW2_3SLOT_REJECT_SAME_DIRECTION_AFTERNOON_2ND,1,-1.311971,0.47009679062659193,-1.4138563423331636,TIME_WINDOW_STOP_LOSS,33.0,2026-09-04T14:12:00+09:00,2026-09-04T14:45:00+09:00,False,False
20260904,2026-09-04T14:36:00+09:00,2026-09-04T14:30:00+09:00,DOWN_BLUE,13,9165,9164,False,TW2_REJECT_VWAP_VETO,False,REJECT_TIME_WINDOW,False,,,True,,,2,False,False,True,3,False,435.3958807322351,200.98526545906861,234.4106152731665,0.026009311871698637,-0.601957928097452,-581.0774785291869,-437.8550008011516,-0.24848402076537957,-1.5989416376726937,0.9396231076462758,14:36,False,TW2_REJECT_VWAP_VETO,1,2.032272,1.7491861288039632,-0.3021939136588818,FORCED_LIQUIDATION,24.0,2026-09-04T14:36:00+09:00,2026-09-04T15:00:00+09:00,False,False
20260907,2026-09-07T09:06:00+09:00,2026-09-07T09:00:00+09:00,UP_RED,1,9258,9257,False,REJECT_MACD_GAP_NOT_EXPANDING,False,REJECT_MACD_GAP_NOT_EXPANDING,False,,,True,,,4,True,False,False,0,True,34.20094400510425,249.62068781368725,-215.419743808583,0.0019701004611235163,1.4100817866332362,1854.6564798918553,2206.3225201473106,1.207376955149758,-0.1595731298978927,1.1123674736803038,09:06,False,REJECT_MACD_GAP_NOT_EXPANDING,1,3.221391,3.883672503549456,-0.9414103170847137,FORCED_LIQUIDATION,354.0,2026-09-07T09:06:00+09:00,2026-09-07T15:00:00+09:00,False,False
20260907,2026-09-07T09:21:00+09:00,2026-09-07T09:15:00+09:00,DOWN_BLUE,2,9263,9262,True,TIME_WINDOW_APPROVED,True,,True,1.0,MORNING,True,,,2,False,False,False,2,False,562.7721934298752,133.98023492106222,428.79195850881297,0.03228756129832904,-1.5078365943923846,-1740.8585233285557,-1723.0991559254471,-0.9391532978365823,-0.058218050494927974,0.6946516087790326,09:21,True,TIME_WINDOW_APPROVED,1,-1.409317,1.4621118012422358,-1.4093167701863354,TIME_WINDOW_STOP_LOSS,225.0,2026-09-07T09:21:00+09:00,2026-09-07T13:06:00+09:00,False,False
20260907,2026-09-07T11:33:00+09:00,2026-09-07T11:27:00+09:00,UP_RED,3,9307,9306,True,TIME_WINDOW_APPROVED,True,,True,2.0,AFTERNOON,False,0197X0,,5,True,True,False,1,True,374.8530437767033,165.59182583185532,209.261217944848,0.02150619872499732,0.3695746797385689,434.90647935913876,443.52863962668926,0.24173964867781106,0.11221961362791744,0.7032806211634619,11:33,True,TIME_WINDOW_APPROVED,1,3.221391,3.883672503549456,-0.1845716990061524,FORCED_LIQUIDATION,207.0,2026-09-07T11:33:00+09:00,2026-09-07T15:00:00+09:00,False,False
20260907,2026-09-07T12:42:00+09:00,2026-09-07T12:36:00+09:00,DOWN_BLUE,4,9330,9329,False,REJECT_LOW_QUALITY_SCORE,False,REJECT_LOW_QUALITY_SCORE,False,,,False,0193T0,,2,False,False,False,2,False,210.3022038433537,133.19502165469157,77.10718218866214,0.01203101852650765,-0.31807243900951127,-288.45817021117546,-158.66515118815005,-0.08623106042823586,-0.34974510695679273,0.41425145450439305,12:42,False,REJECT_LOW_QUALITY_SCORE,1,-1.259438,0.06599063962558503,-1.2594383775351015,TIME_WINDOW_STOP_LOSS,27.0,2026-09-07T12:42:00+09:00,2026-09-07T13:09:00+09:00,False,False
20260907,2026-09-07T13:06:00+09:00,2026-09-07T13:00:00+09:00,UP_RED,5,9338,9337,True,TIME_WINDOW_APPROVED,False,REJECT_TIME_WINDOW,True,3.0,AFTERNOON,False,0193T0,,5,True,True,False,1,True,278.06045580080854,176.3727439083525,101.68771189245604,0.015852933626043817,0.3081322128922193,422.7423162886407,521.3208142041694,0.28235733950630887,0.6492739984780475,1.0144550669216061,13:06,True,TIME_WINDOW_APPROVED,1,0.934234,2.23772706101537,-0.08998602701443875,TIME_WINDOW_PROFIT_LOCK_STOP,60.0,2026-09-07T13:06:00+09:00,2026-09-07T14:06:00+09:00,False,False
20260907,2026-09-07T14:06:00+09:00,2026-09-07T14:00:00+09:00,DOWN_BLUE,6,9358,9357,False,TW2_3SLOT_REJECT_TEG,False,REJECT_TIME_WINDOW,True,3.0,AFTERNOON,True,,,4,True,False,False,2,False,1231.6566916867505,656.5217304620164,575.1349612247341,0.06986141189374649,-0.5114699694412664,-241.76737592206337,325.67524749040604,0.1754914833329432,-0.8139025192996948,0.5970216538686943,14:06,False,TW2_3SLOT_REJECT_TEG,1,-0.968211,0.5487220447284346,-1.207667731629393,FORCED_LIQUIDATION,54.0,2026-09-07T14:06:00+09:00,2026-09-07T15:00:00+09:00,False,False
20260908,2026-09-08T09:09:00+09:00,2026-09-08T09:03:00+09:00,DOWN_BLUE,1,9410,9409,False,REJECT_MACD_GAP_NOT_EXPANDING,False,REJECT_MACD_GAP_NOT_EXPANDING,False,,,True,,,2,False,False,False,0,False,68.52097101744766,237.96531541939476,-169.4443444019471,0.0038237149005272138,-0.3871483320554424,-526.5638628941961,-627.6964768921025,-0.33276319924520326,-0.2444385952947223,0.8225548500780494,09:09,False,REJECT_MACD_GAP_NOT_EXPANDING,1,-2.976403,0.0,-2.9764026402640265,TIME_WINDOW_STOP_LOSS,6.0,2026-09-08T09:09:00+09:00,2026-09-08T09:15:00+09:00,False,False
20260908,2026-09-08T09:15:00+09:00,2026-09-08T09:09:00+09:00,UP_RED,2,9412,9411,True,TIME_WINDOW_APPROVED,True,,True,1.0,MORNING,True,,,5,True,False,False,1,True,1633.7522031418453,138.3031573846747,1495.4490457571706,0.08996432836684169,0.4663530598298928,1424.1752536753193,2781.4023314239457,1.4550287526722951,1.0933425487990678,2.816711296888947,09:15,True,TIME_WINDOW_APPROVED,1,5.003571,7.180226480836237,0.0,PP_EXIT,276.0,2026-09-08T09:15:00+09:00,2026-09-08T13:51:00+09:00,True,False
20260908,2026-09-08T10:12:00+09:00,2026-09-08T10:06:00+09:00,DOWN_BLUE,3,9431,9430,True,TIME_WINDOW_APPROVED,True,,True,2.0,MORNING,False,0193T0,,3,True,False,False,2,False,1272.8414812368683,375.935367230486,896.9061140063823,0.06913859213671202,-1.1983374371178805,-1108.3645203690976,-536.1619507051073,-0.2766723808636818,-0.5983154804684453,0.6143816768789566,10:12,True,TIME_WINDOW_APPROVED,1,-1.401925,0.4346456692913386,-1.4019247594050745,TIME_WINDOW_STOP_LOSS,33.0,2026-09-08T10:12:00+09:00,2026-09-08T10:45:00+09:00,False,False
20260908,2026-09-08T12:18:00+09:00,2026-09-08T12:12:00+09:00,UP_RED,4,9473,9472,True,TIME_WINDOW_APPROVED,True,,True,3.0,AFTERNOON,True,,,5,True,True,False,1,True,389.7103943717234,142.6041239360975,247.1062704356259,0.020884801413275637,0.5356751850980862,740.9438719095197,858.6764113528188,0.43716108830938155,1.5641518616033034,1.178273555156052,12:18,True,TIME_WINDOW_APPROVED,1,-0.090012,1.9811852465810194,-0.09001243265644426,TIME_WINDOW_BREAKEVEN_STOP,93.0,2026-09-08T12:18:00+09:00,2026-09-08T13:51:00+09:00,False,False
20260908,2026-09-08T13:15:00+09:00,2026-09-08T13:09:00+09:00,DOWN_BLUE,5,9492,9491,False,TW2_REJECT_VWAP_VETO,False,REJECT_TIME_WINDOW,False,,,False,0193T0,,2,False,False,False,2,False,325.0604959040711,161.87996250528522,163.18053339878588,0.017244588642125788,-0.6982764980980302,-802.0281710601412,-682.8608633496333,-0.3441473847120353,-2.2041739458594822,0.35051853931598437,13:15,False,TW2_REJECT_VWAP_VETO,1,4.573833,4.573833485818847,-0.9130832570905764,TIME_WINDOW_AFTERNOON_TP,53.0,2026-09-08T13:15:00+09:00,2026-09-08T14:08:00+09:00,False,False
20260909,2026-09-09T09:15:00+09:00,2026-09-09T09:09:00+09:00,UP_RED,1,9574,9573,True,TIME_WINDOW_APPROVED,True,,True,1.0,MORNING,True,,,5,True,True,False,1,False,852.2313726365232,20.73398219859712,831.4973904379261,0.04669760945953552,-0.22074854933370977,277.609961216338,1140.0110605405644,0.5934304150759613,0.6365907278689193,0.826560066846443,09:15,True,TIME_WINDOW_APPROVED,1,4.378385,6.157118055555555,-0.6539930555555555,PP_EXIT,168.0,2026-09-09T09:15:00+09:00,2026-09-09T12:03:00+09:00,True,False
20260909,2026-09-09T10:39:00+09:00,2026-09-09T10:33:00+09:00,DOWN_BLUE,2,9602,9601,True,TIME_WINDOW_APPROVED,True,,True,2.0,MORNING,False,0193T0,,3,True,False,False,2,False,568.6736643687163,9.111062391228188,559.5626019774882,0.030656262230119483,-0.6487983044013858,-682.0715520961676,-492.16257681138813,-0.25205091534807494,-0.9808664755245106,0.35607280788347967,10:39,False,REJECT_LOW_QUALITY_SCORE,1,-1.336064,1.6901157613535174,-1.3360641139804095,TIME_WINDOW_STOP_LOSS,48.0,2026-09-09T10:39:00+09:00,2026-09-09T11:27:00+09:00,False,False
20260909,2026-09-09T11:27:00+09:00,2026-09-09T11:21:00+09:00,UP_RED,3,9618,9617,False,REJECT_DUPLICATE_POSITION,False,REJECT_DUPLICATE_POSITION,False,,,False,0193T0,,5,True,True,False,1,True,496.927221549613,124.1797892958084,372.7474322538046,0.026602099654690202,0.5112894988197877,856.0813190736808,1202.432050457457,0.6115152290870925,1.4831098932260962,2.186498643395763,11:27,True,TIME_WINDOW_APPROVED,1,-1.204377,0.98298926507019,-1.204376548307184,TIME_WINDOW_STOP_LOSS,45.0,2026-09-09T11:27:00+09:00,2026-09-09T12:12:00+09:00,False,False
20260909,2026-09-09T11:57:00+09:00,2026-09-09T11:51:00+09:00,DOWN_BLUE,4,9628,9627,False,REJECT_LOW_QUALITY_SCORE,False,REJECT_LOW_QUALITY_SCORE,False,,,True,,,3,True,False,True,3,False,517.4440549894725,22.029440595712003,495.41461439376053,0.027685610218805376,-0.6118619774039331,-541.0740535082296,-191.64357402874157,-0.0974111264458558,-1.2312500026939375,0.8158747274453579,11:57,False,REJECT_LOW_QUALITY_SCORE,1,0.542005,1.5353206865401987,-0.2706413730803975,EARLY_TAKE_PROFIT,36.0,2026-09-09T11:57:00+09:00,2026-09-09T12:33:00+09:00,False,False
20260909,2026-09-09T13:30:00+09:00,2026-09-09T13:24:00+09:00,UP_RED,5,9659,9658,False,TW2_3SLOT_REJECT_TEG,False,REJECT_TIME_WINDOW,True,2.0,AFTERNOON,True,,,5,True,False,True,3,False,759.1969631452898,162.37865989013108,596.8183032551588,0.040905008790155704,-0.11441698308158736,61.332220575073734,381.7072221140843,0.19537815787081292,0.4202874889143657,1.060866124469968,13:30,False,TW2_3SLOT_REJECT_SAME_DIRECTION_AFTERNOON_2ND,1,0.709259,1.5085858585858587,0.0,EARLY_TAKE_PROFIT,30.0,2026-09-09T13:30:00+09:00,2026-09-09T14:00:00+09:00,False,False
20260909,2026-09-09T14:15:00+09:00,2026-09-09T14:09:00+09:00,DOWN_BLUE,6,9674,9673,False,TW2_3SLOT_REJECT_TEG,False,REJECT_TIME_WINDOW,True,2.0,AFTERNOON,True,,,4,True,False,False,2,False,393.38043268482875,210.59366902256988,182.78676366225886,0.02118365281016848,-0.06969954127558158,11.697909774025902,166.41255483729765,0.08513297097231866,-0.41071643502978,0.4870480152153845,14:15,False,TW2_3SLOT_REJECT_TEG,1,-0.707502,1.0568402471315093,-0.7957634598411298,FORCED_LIQUIDATION,45.0,2026-09-09T14:15:00+09:00,2026-09-09T15:00:00+09:00,False,False
20260909,2026-09-09T14:51:00+09:00,2026-09-09T14:45:00+09:00,UP_RED,7,9686,9685,False,TW2_3SLOT_REJECT_OUTSIDE_WINDOW,False,REJECT_TIME_WINDOW,True,,,True,,,3,True,False,False,2,False,198.2107486971354,157.79095348211422,40.41979521502117,0.010702524227707094,-0.08316930135873953,-103.98917700280435,-106.0462500427384,-0.054397374481985096,0.14351939004391182,0.9453620263240186,14:51,False,TW2_3SLOT_REJECT_OUTSIDE_WINDOW,0,,,,,,,,,
20260910,2026-09-10T10:39:00+09:00,2026-09-10T10:33:00+09:00,UP_RED,1,9830,9829,False,TW2_REJECT_VWAP_VETO,True,,False,,,True,,,3,True,False,False,2,False,740.6385578652626,42.42099595951913,698.2175619057434,0.04064975619458082,-0.7041241777998177,-691.514812449459,-432.94425110542215,-0.2257393186334209,-1.3402839815905754,0.613717134925827,10:39,False,REJECT_LOW_QUALITY_SCORE,1,3.984475,4.938074588031223,0.0,FORCED_LIQUIDATION,261.0,2026-09-10T10:39:00+09:00,2026-09-10T15:00:00+09:00,False,False
20260910,2026-09-10T12:18:00+09:00,2026-09-10T12:12:00+09:00,DOWN_BLUE,2,9863,9862,False,TW2_3SLOT_REJECT_TEG,True,,True,1.0,AFTERNOON,True,,,3,True,False,False,2,False,793.1573764299155,238.81795647241142,554.3394199575041,0.042896559028118744,-0.2527024658777252,-106.08127411734313,218.26077665342018,0.11214047475432622,-0.14807432823818686,0.8644993193495031,12:18,False,REJECT_LOW_QUALITY_SCORE,1,-1.322819,0.5263436123348018,-1.3228193832599118,TIME_WINDOW_STOP_LOSS,81.0,2026-09-10T12:18:00+09:00,2026-09-10T13:39:00+09:00,False,False
20260910,2026-09-10T13:21:00+09:00,2026-09-10T13:15:00+09:00,UP_RED,3,9884,9883,False,TW2_3SLOT_REJECT_TEG,False,REJECT_TIME_WINDOW,True,1.0,AFTERNOON,True,,,4,True,False,False,2,True,230.4105010881077,218.06614819227104,12.344352895836664,0.012481608943017752,0.011671302011105377,8.907437543617561,0.292629967443645,0.00015059505369340677,-0.009934318368967727,0.7835345804592072,13:21,False,TW2_3SLOT_REJECT_TEG,1,0.417252,2.3190697674418606,-0.13217758985200845,TIME_WINDOW_PROFIT_LOCK_STOP,90.0,2026-09-10T13:21:00+09:00,2026-09-10T14:51:00+09:00,False,False
20260910,2026-09-10T14:15:00+09:00,2026-09-10T14:09:00+09:00,DOWN_BLUE,4,9902,9901,False,TW2_3SLOT_REJECT_TEG,False,REJECT_TIME_WINDOW,True,1.0,AFTERNOON,True,,,3,True,False,False,2,False,382.66831974821844,235.85288290244898,146.81543684576945,0.020629019932518512,-0.19009472614956263,-170.1172112566419,-67.53836902230978,-0.03458838305722249,-0.4144087163817816,0.4970501995972728,14:15,False,TW2_3SLOT_REJECT_TEG,1,-1.600356,0.0,-1.6003555555555555,TIME_WINDOW_STOP_LOSS,18.0,2026-09-10T14:15:00+09:00,2026-09-10T14:33:00+09:00,False,False
20260910,2026-09-10T14:27:00+09:00,2026-09-10T14:21:00+09:00,UP_RED,5,9906,9905,True,TIME_WINDOW_APPROVED,False,REJECT_TIME_WINDOW,True,1.0,AFTERNOON,True,,,5,True,True,False,2,True,45.77320149031311,15.974968352504675,29.798233137808438,0.0024609248113071566,0.2132779794935292,321.643343570875,411.9254209373612,0.21039201607025146,0.671039134846766,0.7312602553327731,14:27,True,TIME_WINDOW_APPROVED,1,-0.006672,0.9103419516263555,-0.9653044203502918,FORCED_LIQUIDATION,33.0,2026-09-10T14:27:00+09:00,2026-09-10T15:00:00+09:00,False,False
20260910,2026-09-10T14:54:00+09:00,2026-09-10T14:48:00+09:00,DOWN_BLUE,6,9915,9914,False,TW2_3SLOT_REJECT_OUTSIDE_WINDOW,False,REJECT_TIME_WINDOW,True,,,False,0193T0,,4,True,False,False,2,False,765.4495226873687,262.5871703362377,502.862352351131,0.041197498529998315,-0.27646320449877315,-79.02812258666381,336.89445644360967,0.17225496965639425,-0.4789989360721571,2.3365130718176843,14:54,False,TW2_3SLOT_REJECT_OUTSIDE_WINDOW,0,,,,,,,,,
20260911,2026-09-11T09:09:00+09:00,2026-09-11T09:03:00+09:00,DOWN_BLUE,1,10028,10027,False,REJECT_MACD_GAP_NOT_EXPANDING,False,REJECT_MACD_GAP_NOT_EXPANDING,False,,,True,,,5,True,False,False,0,True,82.83878356197238,203.2160130617849,-120.37722949981253,0.004661721078332717,1.1003962472838769,1503.0101672292221,1817.8639771456365,0.9718462455195815,0.0803137341076405,0.5551861359926052,09:09,False,REJECT_MACD_GAP_NOT_EXPANDING,1,-1.568283,0.7313064913722268,-1.5682826622843058,TIME_WINDOW_STOP_LOSS,18.0,2026-09-11T09:09:00+09:00,2026-09-11T09:27:00+09:00,False,False
20260911,2026-09-11T09:18:00+09:00,2026-09-11T09:12:00+09:00,UP_RED,2,10031,10030,True,TIME_WINDOW_APPROVED,True,,True,1.0,MORNING,True,,,2,False,False,False,2,False,232.6629779141913,16.484220709713554,216.17875720447773,0.0131151622274065,-1.1470847310917032,-1440.15230314387,-1572.0471892063506,-0.8418516514916551,-0.1809198702619494,0.42729294003271956,09:18,True,TIME_WINDOW_APPROVED,1,5.207189,6.036221198156682,-0.22829493087557604,FORCED_LIQUIDATION,342.0,2026-09-11T09:18:00+09:00,2026-09-11T15:00:00+09:00,False,False
20260911,2026-09-11T10:33:00+09:00,2026-09-11T10:27:00+09:00,DOWN_BLUE,3,10056,10055,False,REJECT_NOT_CONFIRMED,False,REJECT_NOT_CONFIRMED,False,,,False,0193T0,,2,False,False,False,1,True,-132.68119475882486,147.2639639330564,-279.94515869188126,-0.007453999705551958,0.5926191187931847,475.89256187109277,116.92078434978612,0.06240154220917513,0.027109569740715163,0.6320708919917392,10:33,False,REJECT_NOT_CONFIRMED,1,-1.323951,0.3214814814814815,-1.5708641975308641,TIME_WINDOW_STOP_LOSS,177.0,2026-09-11T10:33:00+09:00,2026-09-11T13:30:00+09:00,False,False
20260911,2026-09-11T10:36:00+09:00,2026-09-11T10:30:00+09:00,UP_RED,4,10057,10056,False,REJECT_DUPLICATE_POSITION,False,REJECT_DUPLICATE_POSITION,False,,,False,0193T0,,5,True,False,True,3,False,523.5806816863569,132.68119475882486,390.89948692753205,0.0293651532073111,-0.5624850505170064,-339.58304964075796,179.92881415970623,0.09586784826230939,0.14065338177989392,0.5565151632335628,10:36,False,REJECT_LOW_QUALITY_SCORE,1,0.636042,2.859192010894235,-1.2696323195642305,EARLY_TAKE_PROFIT,207.0,2026-09-11T10:36:00+09:00,2026-09-11T14:03:00+09:00,False,False
20260911,2026-09-11T11:39:00+09:00,2026-09-11T11:33:00+09:00,DOWN_BLUE,5,10078,10077,False,REJECT_MACD_GAP_NOT_EXPANDING,False,REJECT_MACD_GAP_NOT_EXPANDING,False,,,False,0193T0,,3,True,False,True,3,True,187.34785998970904,254.76914802804447,-67.42128803833543,0.010489801791137123,0.1583437665293936,67.69172914000228,-123.11287434585392,-0.06548557146050846,-0.2516503650846095,0.5876516150052574,11:39,False,REJECT_MACD_GAP_NOT_EXPANDING,1,-1.581758,1.070480928689884,-1.5817578772802654,TIME_WINDOW_STOP_LOSS,120.0,2026-09-11T11:39:00+09:00,2026-09-11T13:39:00+09:00,False,False
20260911,2026-09-11T12:00:00+09:00,2026-09-11T11:54:00+09:00,UP_RED,6,10085,10084,False,REJECT_NOT_CONFIRMED,False,REJECT_NOT_CONFIRMED,False,,,True,,,3,True,False,False,2,False,-26.854873634264777,11.29134407156971,-38.14621770583449,-0.0015036323423440526,-0.09933420449241366,-52.809708105167374,50.554846700746566,0.02689087590465243,0.24390863585510036,0.3982113131181252,12:00,False,REJECT_NOT_CONFIRMED,1,0.8191,3.0463847203274215,-1.089949977262392,TIME_WINDOW_PROFIT_LOCK_STOP,123.0,2026-09-11T12:00:00+09:00,2026-09-11T14:03:00+09:00,False,False
20260911,2026-09-11T12:03:00+09:00,2026-09-11T11:57:00+09:00,DOWN_BLUE,7,10086,10085,False,REJECT_LOW_QUALITY_SCORE,False,REJECT_LOW_QUALITY_SCORE,False,,,True,,,3,True,False,False,2,True,55.3071012076698,26.854873634264777,28.452227573405025,0.0030967021952782647,0.09393225384539532,50.73873915988952,-45.740099395858124,-0.024329840104212446,-0.24332992861128272,0.3301256574608061,12:03,False,REJECT_LOW_QUALITY_SCORE,1,-1.500083,1.154356846473029,-1.500082987551867,TIME_WINDOW_STOP_LOSS,96.0,2026-09-11T12:03:00+09:00,2026-09-11T13:39:00+09:00,False,False
20260911,2026-09-11T12:45:00+09:00,2026-09-11T12:39:00+09:00,UP_RED,8,10100,10099,False,TW2_3SLOT_REJECT_TEG,True,,True,2.0,AFTERNOON,True,,,5,True,False,False,2,False,506.77414242978466,51.71686700381406,455.0572754259706,0.028374812006146957,-0.14884017417380746,74.98053158866242,473.1903720702976,0.2516970064203189,0.2610897865331247,1.1026783528374873,12:45,False,TW2_3SLOT_REJECT_TEG,1,0.907302,2.7658956916099773,-1.132607709750567,TIME_WINDOW_PROFIT_LOCK_STOP,75.0,2026-09-11T12:45:00+09:00,2026-09-11T14:00:00+09:00,False,False
20260911,2026-09-11T14:06:00+09:00,2026-09-11T14:00:00+09:00,DOWN_BLUE,9,10127,10126,False,TW2_3SLOT_REJECT_TEG,False,REJECT_TIME_WINDOW,True,2.0,AFTERNOON,True,,,4,True,False,True,3,False,623.638579235163,274.99587614290976,348.6427030922532,0.03472375162779304,-0.2766409968411009,-229.6794835506007,-69.33421512902714,-0.03667455700037893,-0.5895353592360713,1.367628171751883,14:06,False,TW2_3SLOT_REJECT_TEG,1,-2.432134,0.160836820083682,-2.432133891213389,TIME_WINDOW_STOP_LOSS,48.0,2026-09-11T14:06:00+09:00,2026-09-11T14:54:00+09:00,False,False
20260911,2026-09-11T14:48:00+09:00,2026-09-11T14:42:00+09:00,UP_RED,10,10141,10140,True,TIME_WINDOW_APPROVED,False,REJECT_TIME_WINDOW,True,2.0,AFTERNOON,True,,,5,True,True,False,2,True,318.8748024575734,121.85723876677775,197.01756369079567,0.017666194041970826,0.2507219758112025,441.6409877713304,662.5971091582906,0.34873532060968465,1.0292617481651243,1.3529196844978402,14:48,True,TIME_WINDOW_APPROVED,1,1.311707,2.110144670276027,-0.19650306203958462,FORCED_LIQUIDATION,12.0,2026-09-11T14:48:00+09:00,2026-09-11T15:00:00+09:00,False,False
20260914,2026-09-14T09:30:00+09:00,2026-09-14T09:24:00+09:00,UP_RED,1,10262,10261,True,TIME_WINDOW_APPROVED,True,,True,1.0,MORNING,True,,,2,False,False,False,2,False,705.1480105743904,426.3600022638202,278.78800831057015,0.041116502074308475,-1.8218936672891182,-2199.017883283552,-2382.1538680463564,-1.3195604516874115,-0.34904600492598203,0.3128025683273598,09:30,True,TIME_WINDOW_APPROVED,1,-1.804902,0.5959803921568627,-1.8049019607843135,TIME_WINDOW_STOP_LOSS,36.0,2026-09-14T09:30:00+09:00,2026-09-14T10:06:00+09:00,False,False
20260914,2026-09-14T11:42:00+09:00,2026-09-14T11:36:00+09:00,DOWN_BLUE,2,10306,10305,False,TW2_3SLOT_REJECT_TEG,True,,True,2.0,AFTERNOON,True,,,4,True,False,False,2,True,548.0889541047168,87.16095204983185,460.9280020548849,0.03169976599795933,0.13511669468915682,141.01341309933923,117.75378629053012,0.06469988257733555,-0.7004400419513909,0.9803340738912203,11:42,False,TW2_3SLOT_REJECT_TEG,1,3.499297,3.499297423887588,-0.7141295862607339,FORCED_LIQUIDATION,198.0,2026-09-14T11:42:00+09:00,2026-09-14T15:00:00+09:00,False,False
20260914,2026-09-14T13:33:00+09:00,2026-09-14T13:27:00+09:00,UP_RED,3,10343,10342,False,REJECT_NOT_CONFIRMED,False,REJECT_NOT_CONFIRMED,False,,,True,,,2,False,False,False,2,False,-71.54914021051627,6.36351329382569,-77.91265350434196,-0.004184160246229022,-0.3509796137264276,-490.5864860934671,-633.4334225859493,-0.3519074569922485,-0.43067257662316755,0.9989270386266095,13:33,False,REJECT_NOT_CONFIRMED,1,-1.328246,0.3062438057482656,-1.3282457879088208,TIME_WINDOW_STOP_LOSS,48.0,2026-09-14T13:33:00+09:00,2026-09-14T14:21:00+09:00,False,False
20260914,2026-09-14T13:36:00+09:00,2026-09-14T13:30:00+09:00,DOWN_BLUE,4,10344,10343,False,REJECT_NOT_CONFIRMED,False,REJECT_NOT_CONFIRMED,False,,,True,,,3,True,False,False,2,True,-43.50643466877091,71.54914021051627,-115.05557487928718,-0.0025412637072880205,0.3499687620554507,392.916427815333,382.6302394827362,0.21232402307737813,0.3123032745674297,0.8273827395793898,13:36,False,REJECT_NOT_CONFIRMED,1,1.751036,1.7510360706062933,-0.0900997697620875,FORCED_LIQUIDATION,84.0,2026-09-14T13:36:00+09:00,2026-09-14T15:00:00+09:00,False,False
20260914,2026-09-14T13:39:00+09:00,2026-09-14T13:33:00+09:00,UP_RED,5,10345,10344,False,REJECT_SHORT_FLAG_INTERVAL,False,REJECT_SHORT_FLAG_INTERVAL,False,,,True,,,2,False,False,False,2,False,209.5625295448922,43.50643466877091,166.05609487612128,0.012233656132217875,-0.34466573971218195,-338.29225417552516,-250.95116905588657,-0.13917315271621875,-0.25361941016680145,0.28456491805934286,13:39,False,REJECT_SHORT_FLAG_INTERVAL,1,-1.32526,0.0087988136431043,-1.3252595155709344,TIME_WINDOW_STOP_LOSS,36.0,2026-09-14T13:39:00+09:00,2026-09-14T14:15:00+09:00,False,False
20260914,2026-09-14T14:00:00+09:00,2026-09-14T13:54:00+09:00,DOWN_BLUE,6,10352,10351,False,REJECT_NOT_CONFIRMED,False,REJECT_NOT_CONFIRMED,False,,,True,,,3,True,False,False,2,True,-103.11922485744117,16.99667400250337,-120.11589885994454,-0.006030364026750946,0.34536117316580417,349.8230474742595,280.52511599846184,0.15584728666592104,0.41312631291152363,0.6617880128443654,14:00,False,REJECT_NOT_CONFIRMED,1,1.517152,1.5171516079632466,0.0,FORCED_LIQUIDATION,60.0,2026-09-14T14:00:00+09:00,2026-09-14T15:00:00+09:00,False,False
20260914,2026-09-14T14:03:00+09:00,2026-09-14T13:57:00+09:00,UP_RED,7,10353,10352,False,REJECT_MACD_GAP_NOT_EXPANDING,False,REJECT_MACD_GAP_NOT_EXPANDING,False,,,True,,,2,False,False,False,2,False,9.973308147970783,103.11922485744117,-93.14591670947038,0.000584259411128927,-0.3509928078334735,-453.7515554165002,-539.5227239986416,-0.3002616214404574,-0.5854282777780894,0.9252080720556378,14:03,False,REJECT_MACD_GAP_NOT_EXPANDING,1,-1.381023,0.20794833581718827,-1.4307004470938898,TIME_WINDOW_STOP_LOSS,21.0,2026-09-14T14:03:00+09:00,2026-09-14T14:24:00+09:00,False,False
20260914,2026-09-14T14:15:00+09:00,2026-09-14T14:09:00+09:00,DOWN_BLUE,8,10357,10356,False,TW2_3SLOT_REJECT_TEG,False,REJECT_TIME_WINDOW,True,2.0,AFTERNOON,True,,,5,True,False,False,1,True,181.6969838113614,67.72672020866321,113.9702636026982,0.010662968533530598,0.36572688489099153,504.0638734041713,643.9556610374711,0.35901283919349414,0.7433040809950734,2.004352435689973,14:15,False,TW2_3SLOT_REJECT_TEG,1,0.668793,0.6687927107061503,-0.393621867881549,FORCED_LIQUIDATION,45.0,2026-09-14T14:15:00+09:00,2026-09-14T15:00:00+09:00,False,False
20260914,2026-09-14T14:42:00+09:00,2026-09-14T14:36:00+09:00,UP_RED,9,10366,10365,False,TW2_3SLOT_REJECT_TEG,False,REJECT_TIME_WINDOW,True,2.0,AFTERNOON,True,,,3,True,False,False,2,False,486.00471368101535,336.6896222958467,149.31509138516867,0.028538151126307417,-0.40378075132632646,-354.6319632001687,-190.74704245454632,-0.10640615991298141,-0.7053816353459191,0.6190351107608791,14:42,False,TW2_3SLOT_REJECT_TEG,1,-0.941283,0.0,-0.8911823647294589,FORCED_LIQUIDATION,18.0,2026-09-14T14:42:00+09:00,2026-09-14T15:00:00+09:00,False,False
20260914,2026-09-14T14:57:00+09:00,2026-09-14T14:51:00+09:00,DOWN_BLUE,10,10371,10370,False,REJECT_TIME_WINDOW,False,REJECT_TIME_WINDOW,False,,,True,,,5,True,False,False,2,True,61.507583461368995,3.074861700463316,58.43272176090568,0.0036266263833354363,0.42771869132436374,534.1480183673557,613.9492047515232,0.3438984342652509,1.0663082133171922,0.5994212175369591,14:57,False,REJECT_TIME_WINDOW,0,,,,,,,,,
20260915,2026-09-15T09:09:00+09:00,2026-09-15T09:03:00+09:00,DOWN_BLUE,1,10483,10482,False,REJECT_MACD_GAP_NOT_EXPANDING,False,REJECT_MACD_GAP_NOT_EXPANDING,False,,,True,,,3,True,False,False,0,False,308.406199136798,581.1001614018492,-272.69396226505114,0.018141541125694,-0.2363564737223308,-428.7135775045026,-682.6760626921896,-0.3814954467985286,-0.2439648326629578,0.5455479535835732,09:09,False,REJECT_MACD_GAP_NOT_EXPANDING,1,-1.450983,0.5904689863842663,-1.450983358547655,TIME_WINDOW_STOP_LOSS,12.0,2026-09-15T09:09:00+09:00,2026-09-15T09:21:00+09:00,False,False
20260915,2026-09-15T09:27:00+09:00,2026-09-15T09:21:00+09:00,UP_RED,2,10489,10488,True,TIME_WINDOW_APPROVED,True,,True,1.0,MORNING,True,,,5,True,True,False,1,True,1329.362970776588,578.5470280611339,750.8159427154542,0.07742358595087874,0.35702925714372347,989.7029673620127,1907.1084584430791,1.0551852274438216,0.8252572413050074,2.015246032010015,09:27,True,TIME_WINDOW_APPROVED,1,-1.324605,1.1939723320158102,-1.37401185770751,TIME_WINDOW_STOP_LOSS,30.0,2026-09-15T09:27:00+09:00,2026-09-15T09:57:00+09:00,False,False
20260915,2026-09-15T09:54:00+09:00,2026-09-15T09:48:00+09:00,DOWN_BLUE,3,10498,10497,True,TIME_WINDOW_APPROVED,True,,True,2.0,MORNING,False,0193T0,,5,True,False,True,3,False,727.686311252166,61.184527466693,666.501783785473,0.042679549047047856,-0.46823097666083696,-261.0390873537399,167.14531704224646,0.09313082181240905,0.15581448517404356,0.4902802430626629,09:54,True,TIME_WINDOW_APPROVED,1,-1.686236,0.3660836501901141,-1.6862357414448672,TIME_WINDOW_STOP_LOSS,27.0,2026-09-15T09:54:00+09:00,2026-09-15T10:21:00+09:00,False,False
20260915,2026-09-15T10:27:00+09:00,2026-09-15T10:21:00+09:00,UP_RED,4,10509,10508,True,TIME_WINDOW_APPROVED,True,,True,2.0,MORNING,True,,,5,True,True,False,1,True,511.12970325752985,137.9201882734419,373.20951498408795,0.029751437907888815,0.3743901974972331,646.8149104707409,991.0464961605612,0.5480175619049116,0.5946007417666871,0.8245730052675986,10:27,True,TIME_WINDOW_APPROVED,1,-1.3714,1.4872781065088758,-1.3714003944773174,TIME_WINDOW_STOP_LOSS,162.0,2026-09-15T10:27:00+09:00,2026-09-15T13:09:00+09:00,False,False
20260915,2026-09-15T10:45:00+09:00,2026-09-15T10:39:00+09:00,DOWN_BLUE,5,10515,10514,True,TIME_WINDOW_APPROVED,True,,True,3.0,MORNING,False,0193T0,,5,True,False,True,3,False,977.0267785888045,656.1788455964843,320.84793299232024,0.05727003391493579,-0.31765712036849203,-81.42843512888066,360.44566450850107,0.20071710508970755,0.11962091253018543,0.6055706499091561,10:45,False,REJECT_LOW_QUALITY_SCORE,1,-1.534297,0.0,-1.5342965779467679,TIME_WINDOW_STOP_LOSS,42.0,2026-09-15T10:45:00+09:00,2026-09-15T11:27:00+09:00,False,False
20260915,2026-09-15T11:30:00+09:00,2026-09-15T11:24:00+09:00,UP_RED,6,10530,10529,False,REJECT_DUPLICATE_POSITION,False,REJECT_DUPLICATE_POSITION,False,,,False,0193T0,,5,True,True,False,1,True,345.43139634377485,29.198368154503214,316.23302818927164,0.020118310794628703,0.22591952220360484,400.5351323094219,624.6392152996268,0.34560702069582233,0.5138257461456691,1.1259858442871586,11:30,False,REJECT_DUPLICATE_POSITION,1,-1.511623,0.9394801373222168,-1.5116233447768515,TIME_WINDOW_STOP_LOSS,87.0,2026-09-15T11:30:00+09:00,2026-09-15T12:57:00+09:00,False,False
20260915,2026-09-15T12:09:00+09:00,2026-09-15T12:03:00+09:00,DOWN_BLUE,7,10543,10542,False,REJECT_LOW_QUALITY_SCORE,False,REJECT_LOW_QUALITY_SCORE,False,,,True,,,2,False,False,False,2,False,293.3790551867446,154.34313733783983,139.03591784890477,0.017037111218742428,-0.3545601964822341,-344.84949591802433,-246.66169121814892,-0.1360793302306185,-0.65429046056031,0.41586151368760066,12:09,False,REJECT_LOW_QUALITY_SCORE,1,4.094109,4.094108527131783,-0.09007751937984496,TIME_WINDOW_AFTERNOON_TP,110.0,2026-09-15T12:09:00+09:00,2026-09-15T13:59:00+09:00,False,False
20260915,2026-09-15T13:48:00+09:00,2026-09-15T13:42:00+09:00,UP_RED,8,10576,10575,False,TW2_3SLOT_REJECT_TEG,False,REJECT_TIME_WINDOW,True,3.0,AFTERNOON,True,,,3,True,False,False,2,False,345.5374676004694,53.87619854587683,291.6612690545926,0.020349674181417518,-0.33067842595907504,-343.2176086555701,-294.0959725556895,-0.16454132740155195,-0.6547407716584674,0.5000833781104667,13:48,False,TW2_3SLOT_REJECT_TEG,1,-1.245327,0.0,-1.245326633165829,TIME_WINDOW_STOP_LOSS,9.0,2026-09-15T13:48:00+09:00,2026-09-15T13:57:00+09:00,False,False
20260915,2026-09-15T14:00:00+09:00,2026-09-15T13:54:00+09:00,DOWN_BLUE,9,10580,10579,True,TIME_WINDOW_APPROVED,False,REJECT_TIME_WINDOW,True,3.0,AFTERNOON,True,,,5,True,True,False,2,True,355.2099264502758,77.76212157055852,277.4478048797173,0.021068204415793344,0.4051728943608506,733.248459815979,1171.9339227965102,0.660342364565139,1.306720578027783,2.059724225091952,14:00,True,TIME_WINDOW_APPROVED,1,0.134331,1.7042632759910248,-0.015108451757666418,TIME_WINDOW_BREAKEVEN_STOP,36.0,2026-09-15T14:00:00+09:00,2026-09-15T14:36:00+09:00,False,False
20260915,2026-09-15T14:36:00+09:00,2026-09-15T14:30:00+09:00,UP_RED,10,10592,10591,False,TW2_3SLOT_REJECT_DAILY_SLOT_CAP,False,REJECT_TIME_WINDOW,True,,AFTERNOON,False,0197X0,,4,True,False,False,2,False,1268.7681021055778,636.9371290438121,631.8309730617657,0.07511948502697323,-0.5382352530995141,-260.72836976358667,284.5208805943839,0.16003246688253103,-0.8999369615467233,1.115788209708945,14:36,False,TW2_3SLOT_REJECT_DAILY_SLOT_CAP,1,-0.750865,0.5201424211597152,-0.5983723296032554,FORCED_LIQUIDATION,24.0,2026-09-15T14:36:00+09:00,2026-09-15T15:00:00+09:00,False,False
20260916,2026-09-16T09:06:00+09:00,2026-09-16T09:00:00+09:00,UP_RED,1,10710,10709,True,TIME_WINDOW_APPROVED,True,,True,1.0,MORNING,True,,,5,True,False,False,0,False,1004.1697247470847,69.86202606804727,934.3076986790375,0.05889558502915453,-0.03218817800287529,390.7503570904955,1065.4939140696079,0.5936769609185225,0.33479886062733644,2.212906315888229,09:06,True,TIME_WINDOW_APPROVED,1,4.173006,5.67767185148018,-0.2403411941796287,PP_EXIT,288.0,2026-09-16T09:06:00+09:00,2026-09-16T13:54:00+09:00,True,False
20260916,2026-09-16T10:03:00+09:00,2026-09-16T09:57:00+09:00,DOWN_BLUE,2,10729,10728,True,TIME_WINDOW_APPROVED,True,,True,2.0,MORNING,False,0193T0,,3,True,False,False,2,False,521.9983701169276,151.4459282026819,370.5524419142457,0.03034874244865858,-0.5012106972841849,-479.6822745713871,-329.6201824955642,-0.1820576589364764,-0.22692194120824982,0.274075095000886,10:03,True,TIME_WINDOW_APPROVED,1,-1.414341,1.7798908807482465,-1.414341387373344,TIME_WINDOW_STOP_LOSS,162.0,2026-09-16T10:03:00+09:00,2026-09-16T12:45:00+09:00,False,False
20260916,2026-09-16T11:15:00+09:00,2026-09-16T11:09:00+09:00,UP_RED,3,10753,10752,False,REJECT_NOT_CONFIRMED,False,REJECT_NOT_CONFIRMED,False,,,True,,,0,False,False,True,4,False,-253.9423365428511,20.109175934057212,-274.05151247690833,-0.014850429037593631,0.12556182968707982,-74.7340384090785,-418.74644512380473,-0.23263691395763528,-0.3268302760754636,0.9986630238911818,11:15,False,REJECT_NOT_CONFIRMED,1,4.109738,4.109738012852199,-0.04063272367770638,TIME_WINDOW_AFTERNOON_TP,125.0,2026-09-16T11:15:00+09:00,2026-09-16T13:20:00+09:00,False,False
20260916,2026-09-16T11:18:00+09:00,2026-09-16T11:12:00+09:00,DOWN_BLUE,4,10754,10753,False,REJECT_MACD_GAP_NOT_EXPANDING,False,REJECT_MACD_GAP_NOT_EXPANDING,False,,,True,,,3,True,False,True,3,False,28.694987347046123,253.9423365428511,-225.247349195805,0.0016722020598511726,-0.1268169698096206,-163.49082584213465,-192.56274012615904,-0.10660524657332623,-0.023188495846102233,0.3445305770887166,11:18,False,REJECT_MACD_GAP_NOT_EXPANDING,1,-1.247722,0.21884169884169882,-1.247722007722008,TIME_WINDOW_STOP_LOSS,42.0,2026-09-16T11:18:00+09:00,2026-09-16T12:00:00+09:00,False,False
20260916,2026-09-16T11:24:00+09:00,2026-09-16T11:18:00+09:00,UP_RED,5,10756,10755,False,TW2_3SLOT_REJECT_TEG,True,,True,2.0,AFTERNOON,True,,,4,True,False,True,3,True,99.08477486957656,51.03713202742918,48.04764284214738,0.00577753789326977,0.12218787752395989,113.24162739212625,71.4629233230371,0.039585875893329375,-0.034733566031851855,0.49353386980743813,11:24,False,REJECT_LOW_QUALITY_SCORE,1,2.757466,3.4446954813359527,-0.6791748526522593,FORCED_LIQUIDATION,216.0,2026-09-16T11:24:00+09:00,2026-09-16T15:00:00+09:00,False,False
20260916,2026-09-16T12:36:00+09:00,2026-09-16T12:30:00+09:00,DOWN_BLUE,6,10780,10779,False,TW2_3SLOT_REJECT_TEG,True,,True,2.0,AFTERNOON,True,,,3,True,False,False,2,False,481.4076342643166,214.4118578870457,266.9957763772709,0.027923876697466158,-0.2757700534220871,-180.71818753681146,34.387381720589474,0.01894896324511116,-0.34072975443376546,0.462680936036293,12:36,False,REJECT_LOW_QUALITY_SCORE,1,-1.574824,0.06630179827990618,-1.5748240813135261,TIME_WINDOW_STOP_LOSS,21.0,2026-09-16T12:36:00+09:00,2026-09-16T12:57:00+09:00,False,False
20260916,2026-09-16T12:51:00+09:00,2026-09-16T12:45:00+09:00,UP_RED,7,10785,10784,True,TIME_WINDOW_APPROVED,True,,True,2.0,AFTERNOON,True,,,5,True,True,False,2,True,261.7051838447028,8.807468649543353,252.89771519515944,0.015092571155980554,0.2999112116528198,511.84603593917564,772.6071021526586,0.4232853212485798,0.8750774264077941,1.2473251152837639,12:51,True,TIME_WINDOW_APPROVED,1,0.199421,1.6467181467181469,0.0,TIME_WINDOW_BREAKEVEN_STOP,63.0,2026-09-16T12:51:00+09:00,2026-09-16T13:54:00+09:00,False,False
20260916,2026-09-16T13:33:00+09:00,2026-09-16T13:27:00+09:00,DOWN_BLUE,8,10799,10798,False,TW2_3SLOT_REJECT_TEG,False,REJECT_TIME_WINDOW,True,3.0,AFTERNOON,False,0193T0,,3,True,False,False,2,False,495.2711829846212,58.49123497626806,436.77994800835313,0.028463861091070183,-0.48352023213972,-385.1874444882851,-107.77266849786974,-0.05884139946730133,-0.9421871508153986,1.082237916624427,13:33,False,TW2_3SLOT_REJECT_TEG,1,-0.487898,0.9445859872611465,-0.7267515923566878,FORCED_LIQUIDATION,87.0,2026-09-16T13:33:00+09:00,2026-09-16T15:00:00+09:00,False,False
20260916,2026-09-16T14:39:00+09:00,2026-09-16T14:33:00+09:00,UP_RED,9,10821,10820,False,REJECT_NOT_CONFIRMED,False,REJECT_NOT_CONFIRMED,False,,,True,,,4,True,False,False,2,True,-24.08878790820046,2.951696853269482,-27.04048476146994,-0.0013868041397927726,0.16377107993054602,108.51431605708785,-19.5897805262357,-0.010714042314277854,0.6622224338379334,0.4510410415031624,14:39,False,REJECT_NOT_CONFIRMED,1,0.341487,0.5811990407673862,0.0,FORCED_LIQUIDATION,21.0,2026-09-16T14:39:00+09:00,2026-09-16T15:00:00+09:00,False,False
20260916,2026-09-16T14:42:00+09:00,2026-09-16T14:36:00+09:00,DOWN_BLUE,10,10822,10821,False,REJECT_NOT_CONFIRMED,False,REJECT_NOT_CONFIRMED,False,,,True,,,0,False,False,True,3,False,-404.88745146729025,24.08878790820046,-428.9762393754907,-0.02321602359330793,-0.17860536590101594,-378.76865660375915,-648.9425795238931,-0.35349509779111815,-1.0561698667758828,2.0906541330879826,14:42,False,REJECT_NOT_CONFIRMED,1,-0.169808,0.0,-0.40942492012779547,FORCED_LIQUIDATION,18.0,2026-09-16T14:42:00+09:00,2026-09-16T15:00:00+09:00,False,False
20260916,2026-09-16T14:45:00+09:00,2026-09-16T14:39:00+09:00,UP_RED,11,10823,10822,False,TW2_3SLOT_REJECT_SAME_DIRECTION_AFTERNOON_2ND,False,REJECT_TIME_WINDOW,True,,AFTERNOON,True,,,5,True,False,False,1,True,713.3696923939136,404.88745146729025,308.4822409266234,0.04088078466440766,0.19450564646491658,403.13067007018253,682.3766195692588,0.3714944347225124,1.1045123228989882,1.53916919471246,14:45,False,TW2_3SLOT_REJECT_SAME_DIRECTION_AFTERNOON_2ND,1,-0.185401,0.0,-0.3284351145038168,FORCED_LIQUIDATION,15.0,2026-09-16T14:45:00+09:00,2026-09-16T15:00:00+09:00,False,False
20260917,2026-09-17T09:12:00+09:00,2026-09-17T09:06:00+09:00,DOWN_BLUE,1,10940,10939,True,TIME_WINDOW_APPROVED,True,,True,1.0,MORNING,True,,,5,True,False,False,0,False,1118.282392550476,13.263218391723967,1105.019174158752,0.06401158514885381,-0.1303575643774071,415.3095844760537,1310.782259930158,0.7127894372832025,0.881295128206696,1.1757814078134048,09:12,True,TIME_WINDOW_APPROVED,1,-1.533868,1.113322632423756,-1.533868378812199,TIME_WINDOW_STOP_LOSS,54.0,2026-09-17T09:12:00+09:00,2026-09-17T10:06:00+09:00,False,False
20260917,2026-09-17T10:00:00+09:00,2026-09-17T09:54:00+09:00,UP_RED,2,10956,10955,True,TIME_WINDOW_APPROVED,True,,True,2.0,MORNING,False,0197X0,,4,True,False,False,2,False,819.0193120221365,391.18624755306337,427.8330644690732,0.04674767762683428,-0.16991102534627223,8.683863688493147,335.74692888744175,0.1820545561890996,-0.02113461140514513,0.4612581960899879,10:00,True,TIME_WINDOW_APPROVED,1,-0.89611,2.5653700189753317,-1.322865275142315,FORCED_LIQUIDATION,300.0,2026-09-17T10:00:00+09:00,2026-09-17T15:00:00+09:00,False,False
20260917,2026-09-17T10:48:00+09:00,2026-09-17T10:42:00+09:00,DOWN_BLUE,3,10972,10971,True,TIME_WINDOW_APPROVED,True,,True,3.0,MORNING,False,0193T0,,5,True,False,True,3,False,602.705154062603,212.01097031470886,390.69418374789416,0.03444029451786303,-0.03132490400057286,165.5458763660863,484.63787273457274,0.263089130913107,0.20255923835555797,1.1504995450650601,10:48,True,TIME_WINDOW_APPROVED,1,-1.300081,1.2815173527037933,-1.3000807102502019,TIME_WINDOW_STOP_LOSS,147.0,2026-09-17T10:48:00+09:00,2026-09-17T13:15:00+09:00,False,False
20260917,2026-09-17T11:45:00+09:00,2026-09-17T11:39:00+09:00,UP_RED,4,10991,10990,False,TW2_3SLOT_REJECT_TEG,True,,True,3.0,AFTERNOON,True,,,4,True,False,False,2,False,435.9785203231495,242.81303956755391,193.16548075559558,0.024970132893651173,-0.18154780106017054,-121.31374130840413,20.80399415269494,0.011319469899738704,-0.3578727872027697,0.3535532372729006,11:45,False,REJECT_LOW_QUALITY_SCORE,1,0.815641,3.1036719122556033,-0.5190271816881259,TIME_WINDOW_PROFIT_LOCK_STOP,165.0,2026-09-17T11:45:00+09:00,2026-09-17T14:30:00+09:00,False,False
20260917,2026-09-17T13:42:00+09:00,2026-09-17T13:36:00+09:00,DOWN_BLUE,5,11030,11029,False,REJECT_NOT_CONFIRMED,False,REJECT_NOT_CONFIRMED,False,,,True,,,0,False,False,False,2,False,-208.22800685024822,45.61288366086046,-253.84089051110868,-0.011784267507088185,-0.25722845862391625,-516.2379617509432,-852.9055998963304,-0.4585513977937392,-0.7972840657568347,3.603485362207882,13:42,False,REJECT_NOT_CONFIRMED,1,2.620378,2.7025472473294987,-0.6649137222678718,FORCED_LIQUIDATION,78.0,2026-09-17T13:42:00+09:00,2026-09-17T15:00:00+09:00,False,False
20260917,2026-09-17T13:45:00+09:00,2026-09-17T13:39:00+09:00,UP_RED,6,11031,11030,False,REJECT_SHORT_FLAG_INTERVAL,False,REJECT_SHORT_FLAG_INTERVAL,False,,,True,,,5,True,False,False,1,True,388.9663738342151,208.22800685024822,180.7383669839669,0.022000360510985018,0.27584459458103006,535.2090220744722,866.9145903824829,0.4658194914385118,0.8404395760135075,2.1426333691371284,13:45,False,REJECT_SHORT_FLAG_INTERVAL,1,-1.299302,0.6077245230339693,-1.2993020009306655,TIME_WINDOW_STOP_LOSS,39.0,2026-09-17T13:45:00+09:00,2026-09-17T14:24:00+09:00,False,False
20260917,2026-09-17T14:06:00+09:00,2026-09-17T14:00:00+09:00,DOWN_BLUE,7,11038,11037,False,TW2_3SLOT_REJECT_TEG,False,REJECT_TIME_WINDOW,True,3.0,AFTERNOON,True,,,4,True,False,False,2,False,581.1686022941335,218.96902634207345,362.19957595206006,0.03296475339161279,-0.31313072008284687,-206.48614702210762,48.58778873900883,0.026181735281971975,-0.49206808418838693,0.5007029206118668,14:06,False,TW2_3SLOT_REJECT_TEG,1,2.03317,2.1148692810457517,-0.7433006535947713,FORCED_LIQUIDATION,54.0,2026-09-17T14:06:00+09:00,2026-09-17T15:00:00+09:00,False,False
20260918,2026-09-18T09:06:00+09:00,2026-09-18T09:00:00+09:00,DOWN_BLUE,1,11166,11165,True,TIME_WINDOW_APPROVED,True,,True,1.0,MORNING,True,,,2,False,False,False,0,False,272.67391372329075,95.51447389887653,177.15943982441422,0.015048229234177193,-0.8512737901604946,-1091.0334777643438,-1190.025171317393,-0.6239094441232866,-0.03908792509311665,0.9014603270405211,09:06,True,TIME_WINDOW_APPROVED,1,-1.313287,0.34685314685314683,-1.3132867132867134,TIME_WINDOW_STOP_LOSS,60.0,2026-09-18T09:06:00+09:00,2026-09-18T10:06:00+09:00,False,False
20260918,2026-09-18T09:18:00+09:00,2026-09-18T09:12:00+09:00,UP_RED,2,11170,11169,False,REJECT_MACD_GAP_NOT_EXPANDING,False,REJECT_MACD_GAP_NOT_EXPANDING,False,,,False,0197X0,,5,True,False,False,2,True,75.39993900528862,77.2417216112699,-1.8417826059812796,0.004140578748231116,0.9078005983040196,1254.84562596865,1496.0704148539808,0.7804870368541514,0.28653705573954485,0.591214798093337,09:18,False,REJECT_MACD_GAP_NOT_EXPANDING,1,1.089987,2.7508526453869697,-1.0078705728027983,FORCED_LIQUIDATION,342.0,2026-09-18T09:18:00+09:00,2026-09-18T15:00:00+09:00,False,False
20260918,2026-09-18T09:27:00+09:00,2026-09-18T09:21:00+09:00,DOWN_BLUE,3,11173,11172,False,REJECT_MACD_GAP_NOT_EXPANDING,False,REJECT_MACD_GAP_NOT_EXPANDING,False,,,True,,,2,False,False,False,2,False,54.8740121325518,192.52725161752096,-137.65323948496916,0.0030051485286172945,-0.9336715429792025,-1307.6519065033644,-1577.7504562665708,-0.8208449799853336,-0.4709407274694215,1.130705581542955,09:27,False,REJECT_MACD_GAP_NOT_EXPANDING,1,-1.589762,1.2333627537511034,-1.5897616946160635,TIME_WINDOW_STOP_LOSS,174.0,2026-09-18T09:27:00+09:00,2026-09-18T12:21:00+09:00,False,False
20260918,2026-09-18T11:51:00+09:00,2026-09-18T11:45:00+09:00,UP_RED,4,11221,11220,False,REJECT_NOT_CONFIRMED,False,REJECT_NOT_CONFIRMED,False,,,True,,,2,False,False,False,1,True,-57.535435866040075,1.8569817679970129,-59.39241763403709,-0.003157817555765097,0.22656990624882453,166.53524924488738,-5.051587932277471,-0.0026339234553587254,0.12922462768504708,0.5397996148950752,11:51,False,REJECT_NOT_CONFIRMED,1,1.311656,2.9761612620508324,-0.0023663453111305876,FORCED_LIQUIDATION,189.0,2026-09-18T11:51:00+09:00,2026-09-18T15:00:00+09:00,False,False
20260918,2026-09-18T11:54:00+09:00,2026-09-18T11:48:00+09:00,DOWN_BLUE,5,11222,11221,False,REJECT_MACD_GAP_NOT_EXPANDING,False,REJECT_MACD_GAP_NOT_EXPANDING,False,,,True,,,2,False,False,True,3,False,33.63349454528611,57.535435866040075,-23.901941320753963,0.0018449530743437253,-0.22049101269010807,-199.22014143131673,-90.66761091840453,-0.04724861786752383,-0.18354136415967323,0.915321252059308,11:54,False,REJECT_MACD_GAP_NOT_EXPANDING,1,-1.409859,0.0,-1.585739436619718,TIME_WINDOW_STOP_LOSS,21.0,2026-09-18T11:54:00+09:00,2026-09-18T12:15:00+09:00,False,False
20260918,2026-09-18T12:00:00+09:00,2026-09-18T11:54:00+09:00,UP_RED,6,11224,11223,False,TW2_3SLOT_REJECT_TEG,True,,True,2.0,AFTERNOON,True,,,5,True,False,False,1,True,116.88644234371202,105.11707938347035,11.769362960241665,0.006408247935510528,0.21674874545025985,220.04135316284373,151.31747741857544,0.07881118615545699,0.22735902726342938,1.8735821360259777,12:00,False,TW2_3SLOT_REJECT_TEG,1,0.957467,2.616244541484716,-0.09004366812227074,FORCED_LIQUIDATION,180.0,2026-09-18T12:00:00+09:00,2026-09-18T15:00:00+09:00,False,False
20260918,2026-09-18T13:24:00+09:00,2026-09-18T13:18:00+09:00,DOWN_BLUE,7,11252,11251,False,TW2_REJECT_VWAP_VETO,False,REJECT_TIME_WINDOW,False,,,True,,,2,False,False,False,2,False,171.95176790887308,5.388711785079977,166.5630561237931,0.00930474934571824,-0.4796885991450883,-552.1672171656974,-490.8896324583329,-0.25235127209706154,-1.147125322807101,0.6595284913251019,13:24,False,TW2_REJECT_VWAP_VETO,1,1.08481,1.0848101265822785,-0.7226039783001809,FORCED_LIQUIDATION,96.0,2026-09-18T13:24:00+09:00,2026-09-18T15:00:00+09:00,False,False
