day,at,mins,dir,res,why,hi_atr,hi_bp,pi_atr,body,rng36,px
20260527,11:18,678,UP_RED,FILTERED_OUT,TIME_WINDOW_PENDING_CONFIRMATION,0.04998999100383046,11.98776538360327,0.8130222313214839,0.9146500102366694,1.6536118363794605,2298000.0
20260527,11:21,681,UP_RED,EXECUTED,,0.07978896326390444,15.408872879305376,1.0928358263239524,1.192184537807948,2.1654395842355996,2309000.0
20260527,11:54,714,DOWN_BLUE,FILTERED_OUT,TIME_WINDOW_PENDING_CONFIRMATION,0.04451766728537672,3.0543502090390464,0.8253766855016489,0.9079143540518138,2.6057240495514735,2341000.0
20260527,11:57,717,DOWN_BLUE,SELL_EXECUTED_ENTRY_FILTERED,REJECT_LOW_QUALITY_SCORE,0.056686199929577574,0.15732334765110453,0.16716034376323116,0.08358017188161558,2.1376656690893543,2339000.0
20260527,13:54,834,UP_RED,FILTERED_OUT,TIME_WINDOW_PENDING_CONFIRMATION,0.09930667801508368,4.351937738277897,0.677931053188848,0.677931053188848,2.549697493517718,2314000.0
20260527,13:57,837,UP_RED,EXECUTED,,0.05404154112190019,7.000477692700843,0.17675882693058054,0.17675882693058054,2.551903114186851,2312000.0
20260527,14:06,846,DOWN_BLUE,FILTERED_OUT,TIME_WINDOW_PENDING_CONFIRMATION,0.07558456411892508,0.8631205339855794,0.656444994722413,0.656444994722413,2.1862702229995628,2287000.0
20260527,14:09,849,DOWN_BLUE,FILTERED_OUT,REJECT_MACD_GAP_NOT_EXPANDING,0.014878060397689758,0.056959613345733025,0.8879708542875474,0.9686954774045972,1.7841601392515232,2298000.0
20260527,14:30,870,UP_RED,FILTERED_OUT,TIME_WINDOW_PENDING_CONFIRMATION,0.1073158923904761,3.0414621704545977,0.9338642824857487,0.9338642824857487,2.1739130434782608,2300000.0
20260527,14:33,873,UP_RED,FILTERED_OUT,TW2_3SLOT_REJECT_DAILY_SLOT_CAP,0.005059780092912716,3.348019846596896,0.9942756602299211,0.9942756602299211,2.1425448185395717,2287000.0
20260527,14:48,888,DOWN_BLUE,FILTERED_OUT,TIME_WINDOW_PENDING_CONFIRMATION,0.07431862751226334,0.4810374154100019,1.6884898367547425,1.6884898367547425,1.5432098765432098,2268000.0
20260527,14:51,891,DOWN_BLUE,FILTERED_OUT,TW2_3SLOT_REJECT_OUTSIDE_WINDOW,0.09323639475916215,6.797438484830371,0.8513405017043141,0.7858527708039823,2.7937915742793793,2255000.0
20260527,15:15,915,UP_RED,BLOCKED,NEW_ENTRY_CUTOFF,0.05477438865749844,1.2331457262698502,0.28583799377965935,0.28583799377965935,2.55619215513442,2269000.0
20260527,15:18,918,DOWN_BLUE,BLOCKED,NEW_ENTRY_CUTOFF,0.028358710772384894,1.001522019665213,1.0384859689030905,1.0384859689030905,2.5772050655409906,2250500.0
20260528,10:27,627,DOWN_BLUE,FILTERED_OUT,TIME_WINDOW_PENDING_CONFIRMATION,0.041566407209900305,13.572616617430755,0.6876827242959497,0.6303758306046205,1.8494055482166447,2271000.0
20260528,10:30,630,DOWN_BLUE,FILTERED_OUT,TW2_REJECT_VWAP_VETO,0.0436925826280791,16.933481244780403,0.28943703806407484,0.23154963045125984,2.1624007060900263,2266000.0
20260528,11:03,663,UP_RED,FILTERED_OUT,TIME_WINDOW_PENDING_CONFIRMATION,0.025077916529942085,3.8190483193271425,0.6464218215454113,0.7110640036999525,2.118270079435128,2266000.0
20260528,11:06,666,UP_RED,EXECUTED,,0.04264895199543531,0.96497879273742,0.3960263987912372,0.3960263987912372,2.112676056338028,2272000.0
20260528,11:15,675,DOWN_BLUE,FILTERED_OUT,TIME_WINDOW_PENDING_CONFIRMATION,0.018170103072942916,4.047862143133656,0.21094354268794693,0.21094354268794693,2.1248339973439574,2259000.0
20260528,11:18,678,DOWN_BLUE,FILTERED_OUT,TW2_3SLOT_REJECT_TEG,0.04654297538673276,6.925711775845764,0.5776662095010422,0.5054579333134119,2.132385606397157,2251000.0
20260528,11:33,693,UP_RED,FILTERED_OUT,TIME_WINDOW_PENDING_CONFIRMATION,0.029067053520709787,2.2003358533489457,0.08019112716221499,0.08019112716221499,1.282051282051282,2262000.0
20260528,11:36,696,UP_RED,FILTERED_OUT,TW_TEG_3SLOT_REJECT_CHOP_TEG,0.04187985329023301,0.03605831920715598,0.3311401247771113,0.3311401247771113,1.1915269196822595,2266000.0
20260528,11:45,705,DOWN_BLUE,FILTERED_OUT,TIME_WINDOW_PENDING_CONFIRMATION,0.03801275361948005,2.8791052636052075,0.3561830683527513,0.40070595189684527,0.8433200177541057,2253000.0
20260528,11:48,708,DOWN_BLUE,FILTERED_OUT,TW2_3SLOT_REJECT_TEG,0.028023311884327724,4.2046855698988,0.09396456152721097,0.0,0.7992895204262878,2252000.0
20260528,13:30,810,UP_RED,FILTERED_OUT,TIME_WINDOW_PENDING_CONFIRMATION,0.09289378013301623,2.208855421581583,0.35023941835476013,0.42028730202571213,2.6605504587155964,2180000.0
20260528,13:33,813,UP_RED,FILTERED_OUT,TW2_REJECT_VWAP_VETO,0.1280168416732817,10.924873196043576,1.0019689441464925,1.0687668737562586,2.277904328018223,2195000.0
20260529,12:03,723,UP_RED,FILTERED_OUT,TIME_WINDOW_PENDING_CONFIRMATION,0.06137035942404214,3.2161755365969644,0.7084547772696285,0.6072469519453958,1.3654096228868662,2307000.0
20260529,12:06,726,UP_RED,FILTERED_OUT,TW2_REJECT_VWAP_VETO,0.09091396902590616,7.200915840010452,0.7862487028466563,0.7862487028466563,1.3606911447084233,2315000.0
20260529,13:09,789,DOWN_BLUE,FILTERED_OUT,TIME_WINDOW_PENDING_CONFIRMATION,0.06130982057729317,0.6050400040703455,0.48881938174217926,0.48881938174217926,0.64963187527068,2309000.0
20260529,13:12,792,DOWN_BLUE,EXECUTED,,0.03778389054635519,1.9302552121991992,0.0,0.0,0.64963187527068,2309000.0
20260529,13:33,813,UP_RED,FILTERED_OUT,TIME_WINDOW_PENDING_CONFIRMATION,0.01980228419764603,0.7165921582712907,0.0,0.13452137248933013,0.6047516198704104,2315000.0
20260529,13:36,816,UP_RED,SELL_EXECUTED_ENTRY_FILTERED,TW2_3SLOT_REJECT_TEG,0.08623077794557713,3.5665917429549863,1.170580319298758,1.170580319298758,0.7314974182444062,2324000.0
20260529,14:00,840,DOWN_BLUE,FILTERED_OUT,TIME_WINDOW_PENDING_CONFIRMATION,0.07569094882042579,1.0913724761321197,0.8845569526982892,0.8845569526982892,0.8217993079584774,2312000.0
20260529,14:03,843,DOWN_BLUE,FILTERED_OUT,TW_TEG_3SLOT_REJECT_CHOP_TEG,0.00917739520817007,1.3588873978240559,0.5883605208372531,0.5883605208372531,0.7340241796200345,2316000.0
20260529,15:03,903,UP_RED,BLOCKED,NEW_ENTRY_CUTOFF,0.14175401789074554,0.3648320127466128,2.0967021946873183,1.9219770117967085,0.5622837370242215,2312000.0
20260601,11:24,684,DOWN_BLUE,SELL_EXECUTED_ENTRY_FILTERED,C1_PEAK_PROTECTION_EXIT,0.08507616906189949,3.6406911832889928,0.6204541825720595,0.6204541825720595,1.5959680806383874,2381000.0
20260601,11:24,684,DOWN_BLUE,FILTERED_OUT,TIME_WINDOW_PENDING_CONFIRMATION,0.08507616906189949,3.6406911832889928,0.6204541825720595,0.6204541825720595,1.5959680806383874,2381000.0
20260601,11:27,687,DOWN_BLUE,FILTERED_OUT,REJECT_LOW_QUALITY_SCORE,0.05011135216340262,5.975826222163,0.17987142122421912,0.17987142122421912,1.5107007973143098,2383000.0
20260601,13:18,798,UP_RED,FILTERED_OUT,TIME_WINDOW_PENDING_CONFIRMATION,0.05120131483761402,0.7302366776893042,0.3036308132976673,0.3036308132976673,1.1002962336013542,2363000.0
20260601,13:21,801,UP_RED,FILTERED_OUT,TW2_3SLOT_REJECT_TEG,0.07554438705952204,2.7950932551264325,0.6178948451115786,0.6178948451115786,0.9716941275876637,2367000.0
20260601,14:12,852,DOWN_BLUE,FILTERED_OUT,TIME_WINDOW_PENDING_CONFIRMATION,0.09313043275747902,0.15041177095040675,0.6262459062330651,0.7828073827913313,0.8013496415014763,2371000.0
20260601,14:15,855,DOWN_BLUE,FILTERED_OUT,TW2_3SLOT_REJECT_TEG,0.07195731684393461,2.0813618911799057,0.15724246154413038,0.15724246154413038,0.8016877637130801,2370000.0
20260601,14:51,891,UP_RED,FILTERED_OUT,TIME_WINDOW_PENDING_CONFIRMATION,0.07021892144143707,0.9541353962682156,0.37300373865798614,0.49733831821064817,1.3947590870667794,2366000.0
20260601,14:54,894,UP_RED,FILTERED_OUT,TW2_3SLOT_REJECT_OUTSIDE_WINDOW,0.02998704592620077,1.9747757441756315,0.24876374909687007,0.3731456236453051,1.3959390862944163,2364000.0
20260602,10:48,648,DOWN_BLUE,FILTERED_OUT,TIME_WINDOW_PENDING_CONFIRMATION,0.07455111440302789,2.384683371809724,0.4681355283388889,0.4681355283388889,1.8260869565217392,2300000.0
20260602,10:51,651,DOWN_BLUE,EXECUTED,,0.05691651939180272,1.7034709635041092,0.18169399482557932,0.2422586597674391,1.95907705703091,2297000.0
20260602,11:21,681,UP_RED,FILTERED_OUT,TIME_WINDOW_PENDING_CONFIRMATION,0.09938589229980879,7.982440758791833,0.5017739940652386,0.5017739940652386,2.079722703639515,2308000.0
20260602,11:24,684,UP_RED,SELL_EXECUTED_ENTRY_FILTERED,TW2_3SLOT_REJECT_DAILY_SLOT_CAP,0.05495864759715777,11.790107968923843,0.12541171571068363,0.12541171571068363,2.12489158716392,2306000.0
20260602,12:09,729,DOWN_BLUE,FILTERED_OUT,TIME_WINDOW_PENDING_CONFIRMATION,0.08822858330211228,0.04702096062771795,0.5000709755685958,0.5000709755685958,1.2575888985255854,2306000.0
20260602,12:12,732,DOWN_BLUE,FILTERED_OUT,TW2_3SLOT_REJECT_DAILY_SLOT_CAP,0.07419805411224353,3.8206812564940846,0.2561321407425174,0.3415095209900232,1.5197568389057752,2303000.0
20260602,12:48,768,UP_RED,FILTERED_OUT,TIME_WINDOW_PENDING_CONFIRMATION,0.08746685539879796,2.056868361633073,0.6645849384792917,0.56964423298225,1.1274934952298352,2306000.0
20260602,12:51,771,UP_RED,FILTERED_OUT,TW2_REJECT_VWAP_VETO,0.0190358481710614,2.966304286576809,0.5492796398046237,0.5492796398046237,1.1304347826086958,2300000.0
20260602,13:18,798,DOWN_BLUE,FILTERED_OUT,TIME_WINDOW_PENDING_CONFIRMATION,0.03242334927599314,0.08169248774477608,0.10326902156159852,0.10326902156159852,0.9606986899563319,2290000.0
20260602,13:21,801,DOWN_BLUE,FILTERED_OUT,TW2_3SLOT_REJECT_DAILY_SLOT_CAP,0.01107352163189145,0.5369879927581513,0.10615324987399619,0.0,0.9602793539938891,2291000.0
20260602,13:33,813,UP_RED,FILTERED_OUT,TIME_WINDOW_PENDING_CONFIRMATION,0.03351894926915492,1.2423707861939706,0.11408702424776657,0.11408702424776657,1.0021786492374727,2295000.0
20260602,13:36,816,UP_RED,FILTERED_OUT,REJECT_MACD_GAP_NOT_EXPANDING,0.013830594677391428,0.7146886949081305,0.5693459129648872,0.5693459129648872,1.0043668122270744,2290000.0
20260602,13:39,819,DOWN_BLUE,FILTERED_OUT,TIME_WINDOW_PENDING_CONFIRMATION,0.028906050347903223,0.3692408199303067,0.3495162237461027,0.3495162237461027,1.0056843025797988,2287000.0
20260602,13:42,822,DOWN_BLUE,FILTERED_OUT,REJECT_NOT_CONFIRMED,0.022413424316209022,0.48780389059209045,0.5710425784704994,0.45683406277639954,1.0034904013961605,2292000.0
20260602,13:42,822,UP_RED,FILTERED_OUT,TIME_WINDOW_PENDING_CONFIRMATION,0.022413424316209022,0.48780389059209045,0.5710425784704994,0.45683406277639954,1.0034904013961605,2292000.0
20260602,13:45,825,UP_RED,FILTERED_OUT,REJECT_MACD_GAP_NOT_EXPANDING,0.005457135707601274,0.286092076077889,0.35345535403167266,0.35345535403167266,0.655307994757536,2289000.0
20260602,15:03,903,DOWN_BLUE,BLOCKED,NEW_ENTRY_CUTOFF,0.08437395882951089,0.8293456620588031,0.28745133268133916,0.28745133268133916,2.2231722958529287,2339000.0
20260604,10:33,633,UP_RED,FILTERED_OUT,TIME_WINDOW_PENDING_CONFIRMATION,0.054926421137480544,3.063874515863694,0.7890731428400355,0.7890731428400355,1.0017421602787455,2296000.0
20260604,10:36,636,UP_RED,FILTERED_OUT,TW_TEG_3SLOT_REJECT_CHOP_TEG,0.10110798423626487,2.62244926369067,1.0041365288254853,1.0041365288254853,1.29926375054136,2309000.0
20260604,10:54,654,DOWN_BLUE,FILTERED_OUT,TIME_WINDOW_PENDING_CONFIRMATION,0.04126504075080863,4.829016071812892,0.5174542815530557,0.5174542815530557,1.314060446780552,2283000.0
20260604,10:57,657,DOWN_BLUE,EXECUTED,,0.01545835956892619,5.589464344693694,0.08875479611458653,0.08875479611458653,1.3134851138353765,2284000.0
20260604,11:27,687,UP_RED,FILTERED_OUT,TIME_WINDOW_PENDING_CONFIRMATION,0.09936258597738525,0.18274347404749716,0.8654955489354166,0.8654955489354166,1.0065645514223196,2285000.0
20260604,11:30,690,UP_RED,H50_SMALL_WHIPSAW_HOLD,H50_SMALL_WHIPSAW_HOLD,0.06117093400901477,2.596343081905383,0.11096810829131107,0.11096810829131107,1.0070052539404553,2284000.0
20260604,12:45,765,DOWN_BLUE,FILTERED_OUT,TIME_WINDOW_PENDING_CONFIRMATION,0.07828789032783207,2.3395951355621585,0.5068274113452174,0.5068274113452174,0.8264462809917356,2299000.0
20260604,12:48,768,DOWN_BLUE,FILTERED_OUT,TW2_3SLOT_REJECT_DAILY_SLOT_CAP,0.09281748208427035,5.483282252337717,0.6445729855396264,0.6445729855396264,0.959023539668701,2294000.0
20260604,13:42,822,UP_RED,FILTERED_OUT,TIME_WINDOW_PENDING_CONFIRMATION,0.07027371482277313,0.03972378422804033,0.5090687485238126,0.5090687485238126,0.478885502829778,2297000.0
20260604,13:45,825,UP_RED,FILTERED_OUT,TW2_3SLOT_REJECT_DAILY_SLOT_CAP,0.05800002471266989,1.4135477908222294,0.17367469343547584,0.0,0.5221932114882507,2298000.0
20260604,14:21,861,DOWN_BLUE,FILTERED_OUT,TIME_WINDOW_PENDING_CONFIRMATION,0.0202536430872348,0.5240612967039445,0.14155865968021944,0.14155865968021944,0.826086956521739,2300000.0
20260604,14:24,864,DOWN_BLUE,FILTERED_OUT,TW2_3SLOT_REJECT_DAILY_SLOT_CAP,0.01347369423307965,0.9459917927370152,0.0,0.0,0.826086956521739,2300000.0
20260604,14:42,882,UP_RED,FILTERED_OUT,TIME_WINDOW_PENDING_CONFIRMATION,0.058131132831669215,1.463765885268393,0.43090042423442476,0.574533898979233,0.9102730819245773,2307000.0
20260604,14:45,885,UP_RED,FILTERED_OUT,TW2_3SLOT_REJECT_DAILY_SLOT_CAP,0.014862141561277261,1.897996120688886,0.2978465182022699,0.2978465182022699,0.911062906724512,2305000.0
20260604,14:48,888,DOWN_BLUE,FILTERED_OUT,TIME_WINDOW_PENDING_CONFIRMATION,0.08488384529102264,0.7433694121700276,1.3959060637529437,1.2563154573776494,0.6535947712418301,2295000.0
20260604,14:51,891,DOWN_BLUE,FILTERED_OUT,TW2_3SLOT_REJECT_OUTSIDE_WINDOW,0.1057994136574963,4.084093230260868,0.8306183664614072,0.6921819720511726,0.8300567933595456,2289000.0
20260605,11:45,705,DOWN_BLUE,FILTERED_OUT,TIME_WINDOW_PENDING_CONFIRMATION,0.08504107134888049,6.644475572172633,0.41557050375035987,0.41557050375035987,1.6651248843663276,2162000.0
20260605,11:48,708,DOWN_BLUE,FILTERED_OUT,TW2_REJECT_VWAP_VETO,0.06197949136487276,10.759039221069987,0.0697580153340522,0.0,1.6658954187875983,2161000.0
20260605,13:39,819,UP_RED,FILTERED_OUT,TIME_WINDOW_PENDING_CONFIRMATION,0.11313654380967259,3.2122690620885224,1.4416269196442555,1.4416269196442555,1.4194464158977997,2113500.0
20260605,13:42,822,UP_RED,FILTERED_OUT,TW2_3SLOT_REJECT_TEG,0.08968461378355766,7.454332352139737,0.2495610307041098,0.29947323684493177,1.4650283553875236,2116000.0
20260605,14:48,888,DOWN_BLUE,FILTERED_OUT,TIME_WINDOW_PENDING_CONFIRMATION,0.07623907855365399,0.339888031141714,0.6983625106760022,0.814756262455336,0.9474182851729039,2111000.0
20260605,14:51,891,DOWN_BLUE,FILTERED_OUT,TW2_3SLOT_REJECT_OUTSIDE_WINDOW,0.09164373121080055,4.093984637709874,0.6959989100100367,0.8119987283450428,1.2351543942992875,2105000.0
20260608,10:30,630,DOWN_BLUE,FILTERED_OUT,TIME_WINDOW_PENDING_CONFIRMATION,0.07686628525503508,33.94985213367184,0.594992447496181,0.594992447496181,3.871966959215281,1937000.0
20260608,10:33,633,DOWN_BLUE,FILTERED_OUT,REJECT_MACD_GAP_NOT_EXPANDING,0.028538727705033785,29.991400095272063,1.0772856707478233,1.0772856707478233,4.02445236882323,1963000.0
20260608,10:45,645,UP_RED,FILTERED_OUT,TIME_WINDOW_PENDING_CONFIRMATION,0.0885297987017414,12.157256164264794,0.9029667380499433,0.9029667380499433,3.169014084507042,1988000.0
20260608,10:48,648,UP_RED,EXECUTED,,0.038146709418422534,7.9331463479062085,0.2710204323458123,0.2710204323458123,3.3299697275479314,1982000.0
20260608,12:00,720,DOWN_BLUE,FILTERED_OUT,TIME_WINDOW_PENDING_CONFIRMATION,0.11155449569655697,12.483664858865524,1.256877534093314,1.2022306847849091,2.8599605522682445,2028000.0
20260608,12:03,723,DOWN_BLUE,FILTERED_OUT,TW2_REJECT_VWAP_VETO,0.10083861875972575,21.65747101022718,0.4376861592279019,0.4376861592279019,2.4752475247524752,2020000.0
20260608,14:30,870,UP_RED,FILTERED_OUT,TIME_WINDOW_PENDING_CONFIRMATION,0.0919813802068967,2.9402358420725627,0.7351898943611912,0.82708863115634,1.9667170953101363,1983000.0
20260608,14:33,873,UP_RED,FILTERED_OUT,REJECT_MACD_GAP_NOT_EXPANDING,0.0012205516542757623,2.88834985290965,0.997021553058884,1.087659876064237,1.9776876267748478,1972000.0
20260608,14:39,879,DOWN_BLUE,FILTERED_OUT,TIME_WINDOW_PENDING_CONFIRMATION,0.0634503393087489,2.378415263749901,0.8108281508195513,0.9009201675772791,2.0439448134900355,1957000.0
20260608,14:42,882,DOWN_BLUE,EXECUTED,,0.07103912191088815,6.349971129857883,0.6434798800874275,0.7354055772427743,2.1025641025641026,1950000.0
20260609,10:36,636,UP_RED,FILTERED_OUT,TIME_WINDOW_PENDING_CONFIRMATION,0.11768271980170357,21.243906488876057,0.8874180349678557,0.8874180349678557,3.056768558951965,2061000.0
20260609,10:39,639,UP_RED,EXECUTED,,0.04322206977192424,24.5103367120842,0.3269662669699593,0.3923595203639511,3.11284046692607,2056000.0
20260609,11:12,672,DOWN_BLUE,FILTERED_OUT,TIME_WINDOW_PENDING_CONFIRMATION,0.06990503304350887,3.5644576634925826,0.5164628161422549,0.5164628161422549,1.4098201263976664,2057000.0
20260609,11:15,675,DOWN_BLUE,SELL_EXECUTED_ENTRY_FILTERED,TW2_REJECT_VWAP_VETO,0.018328300218060804,2.3523108147979035,0.5179743678333174,0.5179743678333174,1.4050387596899225,2064000.0
20260609,12:09,729,UP_RED,FILTERED_OUT,TIME_WINDOW_PENDING_CONFIRMATION,0.06198060596416323,1.8186422945475151,0.7481127145266198,0.6412394695942455,1.0169491525423728,2065000.0
20260609,12:12,732,UP_RED,EXECUTED,,0.04341289512305019,3.718530951645821,0.11055009183413902,0.11055009183413902,1.1132623426911907,2066000.0
20260609,13:51,831,DOWN_BLUE,FILTERED_OUT,TIME_WINDOW_PENDING_CONFIRMATION,0.10291372888552236,0.07237663997171224,0.618762040717058,0.618762040717058,2.677746999076639,2166000.0
20260609,13:54,834,DOWN_BLUE,FILTERED_OUT,TW2_REJECT_VWAP_VETO,0.11178916524986564,6.196069669681829,0.4953627814720587,0.4953627814720587,2.4074074074074074,2160000.0
20260609,14:36,876,UP_RED,FILTERED_OUT,TIME_WINDOW_PENDING_CONFIRMATION,0.11145690806692508,4.372749094055059,0.7958738766111026,0.7162864889499925,2.3518769787426503,2211000.0
20260609,14:39,879,UP_RED,EXECUTED,,0.06069112210922133,7.826733905462862,0.07939097416649088,0.07939097416649088,2.4864376130198913,2212000.0
20260609,15:00,900,DOWN_BLUE,FILTERED_OUT,TIME_WINDOW_PENDING_CONFIRMATION,0.025524280726733444,1.1534720340203102,0.7198802386079711,0.7198802386079711,2.3066485753052914,2211000.0
20260609,15:03,903,DOWN_BLUE,FILTERED_OUT,REJECT_TIME_WINDOW,0.08463059750518877,6.539380917457973,0.9305388854128875,0.9305388854128875,2.2747952684258417,2198000.0
20260610,10:54,654,DOWN_BLUE,FILTERED_OUT,TIME_WINDOW_PENDING_CONFIRMATION,0.031237947332541285,7.29056628329328,0.5042225076833687,0.5042225076833687,2.031176192725555,2117000.0
20260610,10:57,657,DOWN_BLUE,EXECUTED,,0.00524243765667778,7.660545031248647,0.13129627366013052,0.13129627366013052,1.7461066540821142,2119000.0
20260610,11:45,705,UP_RED,FILTERED_OUT,TIME_WINDOW_PENDING_CONFIRMATION,0.08257247897760082,3.085361977107835,0.7145736858500193,0.6351766096444615,1.3132760267430754,2094000.0
20260610,11:48,708,UP_RED,SELL_EXECUTED_ENTRY_FILTERED,TW2_REJECT_VWAP_VETO,0.08773590196258203,8.350667721822694,0.47529057929207474,0.5545056758407538,1.5476190476190477,2100000.0
20260610,12:36,756,DOWN_BLUE,FILTERED_OUT,TIME_WINDOW_PENDING_CONFIRMATION,0.041739729426980884,2.337891954472492,0.14671084453069716,0.09780722968713143,1.2906309751434035,2092000.0
20260610,12:39,759,DOWN_BLUE,EXECUTED,,0.02271688849806131,3.4231221924531936,0.0,0.1000611016578217,1.4340344168260037,2092000.0
20260610,13:54,834,UP_RED,FILTERED_OUT,TIME_WINDOW_PENDING_CONFIRMATION,0.1132155610725767,0.8665068479838981,0.15654309698414098,0.15654309698414098,3.346456692913386,2032000.0
20260610,13:57,837,UP_RED,FILTERED_OUT,TW2_REJECT_VWAP_VETO,0.0259328998805631,2.6134810799941133,0.8101491791869155,0.8837991045675442,3.0183077684314696,2021000.0
20260611,10:33,633,DOWN_BLUE,FILTERED_OUT,TIME_WINDOW_PENDING_CONFIRMATION,0.0600632968653516,9.851935071941128,0.42763799126867225,0.42763799126867225,4.1686404547607765,2111000.0
20260611,10:36,636,DOWN_BLUE,FILTERED_OUT,TW2_REJECT_VWAP_VETO,0.05254150174734067,16.157601034608465,0.11884718712088393,0.11884718712088393,4.174573055028463,2108000.0
20260611,11:51,711,UP_RED,FILTERED_OUT,TIME_WINDOW_PENDING_CONFIRMATION,0.05478933871242365,0.1407432267647989,0.2792159143598587,0.2792159143598587,2.219006271104679,2073000.0
20260611,11:54,714,UP_RED,FILTERED_OUT,REJECT_LOW_QUALITY_SCORE,0.01642194406295603,1.541680362247785,0.3403637992944347,0.39709109917684055,2.3222060957910013,2067000.0
20260611,12:15,735,DOWN_BLUE,FILTERED_OUT,TIME_WINDOW_PENDING_CONFIRMATION,0.05447269005534556,3.934995020828261,0.20360513315858692,0.20360513315858692,1.6585365853658538,2050000.0
20260611,12:18,738,DOWN_BLUE,EXECUTED,,0.006793407205333418,4.396608037612106,0.35079413902565443,0.35079413902565443,1.654501216545012,2055000.0
20260611,12:27,747,UP_RED,FILTERED_OUT,TIME_WINDOW_PENDING_CONFIRMATION,0.04943260431519158,0.4756508368467041,0.21534144399539243,0.21534144399539243,1.6472868217054266,2064000.0
20260611,12:30,750,UP_RED,FILTERED_OUT,TW2_3SLOT_REJECT_DAILY_SLOT_CAP,0.0495160784641077,3.7108002739352326,0.2220956282430538,0.14806375216203588,1.644895984518626,2067000.0
20260611,13:18,798,DOWN_BLUE,FILTERED_OUT,TIME_WINDOW_PENDING_CONFIRMATION,0.11360258654765822,3.963855613191711,0.7499959687336543,0.7499959687336543,2.065321805955812,2082000.0
20260611,13:21,801,DOWN_BLUE,FILTERED_OUT,REJECT_MACD_GAP_NOT_EXPANDING,0.0265232677310127,2.3139182625655184,1.4860265584077146,1.5642384825344364,2.0466444550214185,2101000.0
20260611,13:45,825,UP_RED,FILTERED_OUT,TIME_WINDOW_PENDING_CONFIRMATION,0.10363944008393455,5.031301009745864,1.449546578432008,1.449546578432008,2.4964672633066414,2123000.0
20260611,13:48,828,UP_RED,FILTERED_OUT,TW2_3SLOT_REJECT_DAILY_SLOT_CAP,0.07699397294355527,9.27415364253705,0.34050528985529227,0.34050528985529227,2.4917724494593325,2127000.0
20260611,13:57,837,DOWN_BLUE,FILTERED_OUT,TIME_WINDOW_PENDING_CONFIRMATION,0.06933171933521554,1.1597581348547024,0.40936034893059686,0.40936034893059686,1.6642891107941038,2103000.0
20260611,14:00,840,DOWN_BLUE,FILTERED_OUT,REJECT_MACD_GAP_NOT_EXPANDING,0.0044543584899980155,0.8925908626552455,0.8055963226777678,0.8055963226777678,1.6564126833885469,2113000.0
20260611,14:45,885,UP_RED,FILTERED_OUT,TIME_WINDOW_PENDING_CONFIRMATION,0.06478927567064033,1.5472985802891972,0.33857254920653057,0.33857254920653057,1.5238095238095237,2100000.0
20260611,14:48,888,UP_RED,FILTERED_OUT,TW2_3SLOT_REJECT_DAILY_SLOT_CAP,0.019123685363206796,2.603318378224202,0.3465647000733659,0.3465647000733659,1.5267175572519083,2096000.0
20260611,15:03,903,DOWN_BLUE,BLOCKED,NEW_ENTRY_CUTOFF,0.07142407641449919,2.0302465074020786,1.188361635423394,1.2797740689175012,1.536983669548511,2082000.0
20260611,15:15,915,UP_RED,BLOCKED,NEW_ENTRY_CUTOFF,0.06704024286169859,1.7476730168951415,0.3501730079444514,0.3501730079444514,1.3816102906145784,2099000.0
20260612,11:54,714,UP_RED,FILTERED_OUT,TIME_WINDOW_PENDING_CONFIRMATION,0.029816394947087106,5.02704480105787,0.486189838545618,0.486189838545618,0.9687362395420519,2271000.0
20260612,11:57,717,UP_RED,FILTERED_OUT,TW2_3SLOT_REJECT_TEG,0.029831222824852878,6.062749961934056,0.25235658926378784,0.25235658926378784,0.9678838539375276,2273000.0
20260612,12:21,741,DOWN_BLUE,FILTERED_OUT,TIME_WINDOW_PENDING_CONFIRMATION,0.08799863413743696,0.16440610639026712,0.8326764547384896,0.693897045615408,0.6181015452538632,2265000.0
20260612,12:24,744,DOWN_BLUE,FILTERED_OUT,TW2_3SLOT_REJECT_TEG,0.03856186958400232,1.387454535881415,0.2781258798875296,0.2781258798875296,0.6175562417291575,2267000.0
20260612,12:42,762,UP_RED,FILTERED_OUT,TIME_WINDOW_PENDING_CONFIRMATION,0.04382581152654323,1.7105017023627875,0.46570769967044856,0.31047179978029904,0.6148440931049627,2277000.0
20260612,12:45,765,UP_RED,FILTERED_OUT,TW2_3SLOT_REJECT_TEG,0.02405188659393063,2.3574347950085337,0.0,0.0,0.6148440931049627,2277000.0
20260612,13:06,786,DOWN_BLUE,FILTERED_OUT,TIME_WINDOW_PENDING_CONFIRMATION,0.021298539862683978,0.5366591177600862,0.3466133790709331,0.3466133790709331,0.6151142355008787,2276000.0
20260612,13:09,789,DOWN_BLUE,FILTERED_OUT,TW2_3SLOT_REJECT_TEG,0.0290558702274885,0.18390523050787794,0.177189328443267,0.177189328443267,0.6153846153846154,2275000.0
20260612,13:12,792,UP_RED,FILTERED_OUT,TIME_WINDOW_PENDING_CONFIRMATION,0.03516433128212024,0.7018620077093434,0.8709950601908011,0.6967960481526408,0.6140350877192983,2280000.0
20260612,13:15,795,UP_RED,FILTERED_OUT,REJECT_NOT_CONFIRMED,0.027100431835093735,0.02586292153097397,0.7032764867845599,0.8790956084806999,0.461335676625659,2276000.0
20260612,13:15,795,DOWN_BLUE,FILTERED_OUT,TIME_WINDOW_PENDING_CONFIRMATION,0.027100431835093735,0.02586292153097397,0.7032764867845599,0.8790956084806999,0.461335676625659,2276000.0
20260612,13:18,798,DOWN_BLUE,FILTERED_OUT,REJECT_NOT_CONFIRMED,0.035051929035100765,0.9252055954699083,0.8542875274404202,0.6834300219523362,0.5480052608505042,2281000.0
20260612,13:18,798,UP_RED,FILTERED_OUT,TIME_WINDOW_PENDING_CONFIRMATION,0.035051929035100765,0.9252055954699083,0.8542875274404202,0.6834300219523362,0.5480052608505042,2281000.0
20260612,13:21,801,UP_RED,FILTERED_OUT,REJECT_SHORT_FLAG_INTERVAL,0.006251521251910735,1.0844196024356534,0.1726544993450919,0.0,0.5482456140350876,2280000.0
20260612,14:03,843,DOWN_BLUE,FILTERED_OUT,TIME_WINDOW_PENDING_CONFIRMATION,0.1694316404919051,3.6331576611343155,2.6224911566694056,2.6224911566694056,0.7898200965335673,2279000.0
20260612,14:06,846,DOWN_BLUE,FILTERED_OUT,TW2_3SLOT_REJECT_TEG,0.13033617552702556,7.311684974152624,0.46763363177524675,0.46763363177524675,0.922671353251318,2276000.0
20260615,11:27,687,UP_RED,FILTERED_OUT,TIME_WINDOW_PENDING_CONFIRMATION,0.08516966104333472,2.4771630629837786,0.5974150682879725,0.6471996573119703,1.138353765323993,2284000.0
20260615,11:30,690,UP_RED,FILTERED_OUT,TW2_3SLOT_REJECT_TEG,0.09598964605744058,6.589379761747351,0.6106315671837754,0.712403495047738,1.0917030567685588,2290000.0
20260615,12:39,759,DOWN_BLUE,FILTERED_OUT,TIME_WINDOW_PENDING_CONFIRMATION,0.10851874005238163,1.2260101210748935,1.1075247520155747,1.1075247520155747,0.4364906154517678,2291000.0
20260615,12:42,762,DOWN_BLUE,FILTERED_OUT,TW2_3SLOT_REJECT_TEG,0.044209465933100406,2.3187789718142104,0.35252354023272986,0.17626177011636493,0.6541648495420846,2293000.0
20260615,13:12,792,UP_RED,FILTERED_OUT,TIME_WINDOW_PENDING_CONFIRMATION,0.0699870329213705,1.4502093740908353,0.6581357623069922,0.470096973076423,0.8244738555001084,2304500.0
20260615,13:15,795,UP_RED,EXECUTED,,0.044643427055946976,2.4478306375250547,0.09704071307948994,0.09704071307948994,0.824295010845987,2305000.0
20260615,13:39,819,DOWN_BLUE,FILTERED_OUT,TIME_WINDOW_PENDING_CONFIRMATION,0.13283648875149856,0.3214029645995932,1.5873978872239491,1.5873978872239491,0.8691873098652759,2301000.0
20260615,13:42,822,DOWN_BLUE,H50_SMALL_WHIPSAW_HOLD,H50_SMALL_WHIPSAW_HOLD,0.050914247185771616,1.4340395115129172,0.5956092941150033,0.5956092941150033,0.6510416666666667,2304000.0
20260615,15:09,909,UP_RED,BLOCKED,NEW_ENTRY_CUTOFF,0.09052206311328043,2.059948088408975,0.14213850750359217,0.28427701500718433,0.9146341463414633,2296000.0
20260616,10:33,633,UP_RED,FILTERED_OUT,TIME_WINDOW_PENDING_CONFIRMATION,0.051844550236499365,13.881957447960993,0.47541190283789725,0.47541190283789725,2.396234488660676,2337000.0
20260616,10:36,636,UP_RED,EXECUTED,,0.030611554911635683,15.998865290554644,0.0,0.0,2.35344458707745,2337000.0
20260616,11:42,702,DOWN_BLUE,FILTERED_OUT,TIME_WINDOW_PENDING_CONFIRMATION,0.0285042198561167,2.2856247704507817,0.11317944810327712,0.11317944810327712,0.6788290199406024,2357000.0
20260616,11:45,705,DOWN_BLUE,H50_SMALL_WHIPSAW_HOLD,H50_SMALL_WHIPSAW_HOLD,0.05463517788825374,0.2849846168352018,0.4633389546720263,0.3475042160040197,0.5524861878453038,2353000.0
20260616,12:27,747,UP_RED,FILTERED_OUT,TIME_WINDOW_PENDING_CONFIRMATION,0.07965449158888546,1.2762351602913737,0.14136273971231111,0.28272547942462223,0.8050847457627118,2360000.0
20260616,12:30,750,UP_RED,FILTERED_OUT,REJECT_DUPLICATE_POSITION,0.10669079125443025,4.555219755007757,0.9611424043451816,0.9611424043451816,1.1829319814110688,2367000.0
20260616,12:45,765,DOWN_BLUE,SELL_EXECUTED_ENTRY_FILTERED,SMALL_WHIPSAW_HOLD_EXIT,0.06709555518641845,10.623002978260331,1.407157077060335,1.2664413693543015,1.763964720705586,2381000.0
20260616,13:06,786,DOWN_BLUE,FILTERED_OUT,TIME_WINDOW_PENDING_CONFIRMATION,0.03876644074620635,0.044106752870918045,0.1448333593539437,0.0,0.8431703204047217,2372000.0
20260616,13:09,789,DOWN_BLUE,FILTERED_OUT,TW2_3SLOT_REJECT_TEG,0.06113593242076052,1.6841141608912173,0.44796021254657886,0.5972802833954385,0.8020261713803293,2369000.0
20260616,14:09,849,UP_RED,FILTERED_OUT,TIME_WINDOW_PENDING_CONFIRMATION,0.027775640834717015,0.13341368762449413,0.1878325387110544,0.1878325387110544,0.631578947368421,2375000.0
20260616,14:12,852,UP_RED,EXECUTED,,0.06158177242149027,1.5238100275654622,0.7445760400480856,0.5584320300360642,0.7145859604875998,2379000.0
20260616,14:33,873,DOWN_BLUE,FILTERED_OUT,TIME_WINDOW_PENDING_CONFIRMATION,0.09624743310679316,0.3763922244884182,1.1462405537846099,0.9552004614871749,0.6739679865206403,2374000.0
20260616,14:36,876,DOWN_BLUE,FILTERED_OUT,TW2_3SLOT_REJECT_DAILY_SLOT_CAP,0.1534926921293641,4.227822921076255,1.5171849491347706,1.6014730018644803,1.0570824524312896,2365000.0
20260616,15:12,912,UP_RED,BLOCKED,NEW_ENTRY_CUTOFF,0.07884202214559179,1.7235740692793644,0.35097028689179205,0.17548514344589602,0.6734006734006733,2376000.0
20260617,10:45,645,DOWN_BLUE,FILTERED_OUT,TIME_WINDOW_PENDING_CONFIRMATION,0.06371702563557924,2.6779963715296775,0.41856574133388375,0.5022788896006605,1.4577259475218658,2401000.0
20260617,10:48,648,DOWN_BLUE,H50_SMALL_WHIPSAW_HOLD,H50_SMALL_WHIPSAW_HOLD,0.051613192638826945,5.1731718586701065,0.12939622728339661,0.12939622728339661,1.2085851219003958,2399500.0
20260617,11:27,687,UP_RED,FILTERED_OUT,TIME_WINDOW_PENDING_CONFIRMATION,0.016401130859287617,0.05101997319811654,0.25506495796032136,0.25506495796032136,0.7450331125827815,2416000.0
20260617,11:30,690,UP_RED,FILTERED_OUT,REJECT_MACD_GAP_NOT_EXPANDING,0.0031052602397928027,0.04533568764678914,0.1334161558797093,0.0,0.4554865424430642,2415000.0
20260617,11:33,693,DOWN_BLUE,FILTERED_OUT,TIME_WINDOW_PENDING_CONFIRMATION,0.0421857336434331,1.3256989714470464,0.5466642694119287,0.4099982020589465,0.45624222314392365,2411000.0
20260617,11:36,696,DOWN_BLUE,H50_SMALL_WHIPSAW_HOLD,H50_SMALL_WHIPSAW_HOLD,0.03983587578634327,2.484752455768616,0.14267898579195798,0.14267898579195798,0.4564315352697096,2410000.0
20260617,11:48,708,DOWN_BLUE,SELL_EXECUTED_ENTRY_FILTERED,SMALL_WHIPSAW_HOLD_EXIT,0.00942174780628702,3.3671091436196856,0.0,0.16256912010597357,0.45624222314392365,2411000.0
20260617,12:48,768,UP_RED,FILTERED_OUT,TIME_WINDOW_PENDING_CONFIRMATION,0.05843985089227634,0.4680923801295732,0.0,0.1977059293237462,0.538971807628524,2412000.0
20260617,12:51,771,UP_RED,EXECUTED,,0.049074369567001716,1.481202689559651,0.20070469083447584,0.20070469083447584,0.5387484459179445,2413000.0
20260617,14:15,855,DOWN_BLUE,FILTERED_OUT,TIME_WINDOW_PENDING_CONFIRMATION,0.08017456153521717,0.9438444896291441,0.3100701488544403,0.3100701488544403,1.8959257765227915,2479000.0
20260617,14:18,858,DOWN_BLUE,FILTERED_OUT,TW2_REJECT_VWAP_VETO,0.010460870089554705,1.3517500911723348,0.8188451973619232,0.7164895476916828,1.8094089264173705,2487000.0
20260617,14:24,864,UP_RED,FILTERED_OUT,TIME_WINDOW_PENDING_CONFIRMATION,0.02364058430352185,0.5922683690404634,0.3197206062558603,0.3197206062558603,1.4817781337605127,2497000.0
20260617,14:27,867,UP_RED,FILTERED_OUT,REJECT_MACD_GAP_NOT_EXPANDING,0.007739102176593133,0.3090630260609318,0.10939080807005597,0.21878161614011193,1.0817307692307692,2496000.0
20260617,14:30,870,DOWN_BLUE,FILTERED_OUT,TIME_WINDOW_PENDING_CONFIRMATION,0.014013360186830219,0.18348042277383766,0.11396942187418513,0.0,1.0812975570684822,2497000.0
20260617,14:33,873,DOWN_BLUE,FILTERED_OUT,TW2_REJECT_VWAP_VETO,0.010202743109858893,0.5247247348337155,0.23918196325031316,0.11959098162515658,1.1604641856742697,2499000.0
20260617,14:39,879,UP_RED,FILTERED_OUT,TIME_WINDOW_PENDING_CONFIRMATION,0.0647128984206815,0.7056255406039681,1.5111348014461652,1.3948936628733832,1.4336917562724014,2511000.0
20260617,14:42,882,UP_RED,FILTERED_OUT,TW2_3SLOT_REJECT_SAME_DIRECTION_AFTERNOON_2ND,0.06140358791403402,2.7758183041241113,0.5890447010067474,0.5890447010067474,1.669316375198728,2516000.0
20260617,14:51,891,DOWN_BLUE,FILTERED_OUT,TIME_WINDOW_PENDING_CONFIRMATION,0.05253665850339826,0.9373495594379512,0.0,0.0,1.5145476285372659,2509000.0
20260617,14:54,894,DOWN_BLUE,FILTERED_OUT,TW2_REJECT_VWAP_VETO,0.12650102691721468,5.362274687311413,1.2600671261520187,1.2600671261520187,1.200960768614892,2498000.0
20260618,11:09,669,UP_RED,FILTERED_OUT,TIME_WINDOW_PENDING_CONFIRMATION,0.018078774321911024,6.3996370165672145,0.08254675816449816,0.16509351632899633,1.0301411674933232,2621000.0
20260618,11:12,672,UP_RED,EXECUTED,,0.0015832033129092556,6.33065138880019,0.0845990460273858,0.0845990460273858,1.0305343511450382,2620000.0
20260618,11:30,690,DOWN_BLUE,FILTERED_OUT,TIME_WINDOW_PENDING_CONFIRMATION,0.048104014063304584,2.703049109164519,0.10365482412634733,0.10365482412634733,0.9160305343511451,2620000.0
20260618,11:33,693,DOWN_BLUE,H50_SMALL_WHIPSAW_HOLD,H50_SMALL_WHIPSAW_HOLD,0.010722558940813448,2.3124300463894643,0.4229087992770477,0.4229087992770477,0.8765243902439025,2624000.0
20260618,11:48,708,UP_RED,FILTERED_OUT,TIME_WINDOW_PENDING_CONFIRMATION,0.027909736168422187,3.0938634902382844,0.4586156752378655,0.4586156752378655,0.8355488036460311,2633000.0
20260618,11:51,711,UP_RED,FILTERED_OUT,REJECT_DUPLICATE_POSITION,0.04571825062434194,4.578245805446048,0.581469247783366,0.6977630973400392,0.8718726307808946,2638000.0
20260618,12:18,738,DOWN_BLUE,FILTERED_OUT,TIME_WINDOW_PENDING_CONFIRMATION,0.044742751319014944,0.06752028160474134,0.25645511953114897,0.12822755976557448,1.135933358576297,2641000.0
20260618,12:21,741,DOWN_BLUE,H50_SMALL_WHIPSAW_HOLD,H50_SMALL_WHIPSAW_HOLD,0.02711865125024235,0.8914525917744117,0.12457481998423722,0.24914963996847445,1.0598031794095382,2642000.0
20260618,12:30,750,UP_RED,FILTERED_OUT,TIME_WINDOW_PENDING_CONFIRMATION,0.051625033655747235,2.3270059018681337,0.4986373843861366,0.4986373843861366,0.9412650602409639,2656000.0
20260618,12:33,753,UP_RED,FILTERED_OUT,REJECT_DUPLICATE_POSITION,0.08795461602311164,5.0840057343720995,1.07431351838495,1.07431351838495,1.3508442776735459,2665000.0
20260618,12:33,753,DOWN_BLUE,SELL_EXECUTED_ENTRY_FILTERED,SMALL_WHIPSAW_HOLD_EXIT,0.08795461602311164,5.0840057343720995,1.07431351838495,1.07431351838495,1.3508442776735459,2665000.0
20260618,13:42,822,DOWN_BLUE,FILTERED_OUT,TIME_WINDOW_PENDING_CONFIRMATION,0.12973460353777552,1.6905587744990405,1.861858748946857,1.861858748946857,1.3412816691505216,2684000.0
20260618,13:45,825,DOWN_BLUE,FILTERED_OUT,TW2_REJECT_VWAP_VETO,0.08928097004140097,4.606311306928588,0.0,0.22816851870165336,0.9687034277198211,2684000.0
20260618,14:24,864,UP_RED,FILTERED_OUT,TIME_WINDOW_PENDING_CONFIRMATION,0.07164376315483634,2.292305487211701,0.18300724717793132,0.18300724717793132,1.5955473098330242,2695000.0
20260618,14:27,867,UP_RED,FILTERED_OUT,TW2_3SLOT_REJECT_DAILY_SLOT_CAP,0.004116471392752733,2.462611577421424,0.5560304009869053,0.4633586674890877,1.5991074748977314,2689000.0
20260618,15:15,915,DOWN_BLUE,BLOCKED,NEW_ENTRY_CUTOFF,0.09324620255694899,2.5054625497741014,0.4687272739026327,0.37498181912210615,1.2523020257826887,2715000.0
20260619,10:24,624,UP_RED,EXECUTED,,0.026480148144115125,19.089299471133735,0.326102276294598,0.326102276294598,2.18522372528616,2883000.0
20260619,10:36,636,DOWN_BLUE,FILTERED_OUT,TIME_WINDOW_PENDING_CONFIRMATION,0.07097631864829726,11.007596683219468,0.0,0.0,1.9464720194647203,2877000.0
20260619,10:39,639,DOWN_BLUE,SELL_EXECUTED_ENTRY_FILTERED,REJECT_LOW_QUALITY_SCORE,0.059658837541098804,8.060374831952474,0.07042634301896486,0.07042634301896486,1.8763029881862403,2878000.0
20260619,11:45,705,UP_RED,FILTERED_OUT,TIME_WINDOW_PENDING_CONFIRMATION,0.04458292163841616,3.0740685252539777,0.07349008810264046,0.11023513215396069,1.5003489183531054,2866000.0
20260619,11:48,708,UP_RED,EXECUTED,,0.020882182772498946,4.022126379320973,0.07696764899301668,0.07696764899301668,1.50087260034904,2865000.0
20260619,12:03,723,DOWN_BLUE,FILTERED_OUT,TIME_WINDOW_PENDING_CONFIRMATION,0.029003984317241615,1.5166165701626473,0.17337582055165734,0.17337582055165734,0.8391608391608392,2860000.0
20260619,12:06,726,DOWN_BLUE,H50_SMALL_WHIPSAW_HOLD,H50_SMALL_WHIPSAW_HOLD,0.027213429747230525,0.43636579959476685,0.08807067528378536,0.0,0.8394543546694648,2859000.0
20260619,13:12,792,UP_RED,FILTERED_OUT,TIME_WINDOW_PENDING_CONFIRMATION,0.12191330976968123,3.7877909485852186,0.7712085087178637,0.7712085087178637,4.046242774566474,2768000.0
20260619,13:15,795,UP_RED,FILTERED_OUT,TW2_REJECT_VWAP_VETO,0.09157625003526534,13.407840612489242,0.1030161178391237,0.13735482378549826,4.041862143630459,2771000.0
20260619,13:45,825,DOWN_BLUE,FILTERED_OUT,TIME_WINDOW_PENDING_CONFIRMATION,0.04506129534646647,2.490596592505053,0.03919186563651927,0.03919186563651927,2.827763496143959,2723000.0
20260619,13:48,828,DOWN_BLUE,FILTERED_OUT,TW2_3SLOT_REJECT_DAILY_SLOT_CAP,0.07215564997804234,9.272334567466332,0.7893961894057301,0.7893961894057301,3.3296337402885685,2703000.0
20260619,14:03,843,UP_RED,FILTERED_OUT,TIME_WINDOW_PENDING_CONFIRMATION,0.06299405370100543,0.8566209864946953,0.3220939188613736,0.3220939188613736,3.2954961552544857,2731000.0
20260619,14:06,846,UP_RED,FILTERED_OUT,TW2_REJECT_VWAP_VETO,0.06466404926037067,6.605016865913209,0.2874851364661226,0.2874851364661226,3.287070854638422,2738000.0
20260619,14:39,879,DOWN_BLUE,FILTERED_OUT,TIME_WINDOW_PENDING_CONFIRMATION,0.08213141634955505,2.713547690584956,0.7923278018164798,0.7923278018164798,2.1569356638155446,2689000.0
20260619,14:42,882,DOWN_BLUE,FILTERED_OUT,REJECT_MACD_GAP_NOT_EXPANDING,0.015382894910802466,1.5238408889823227,0.9219541261680837,0.8734302247908161,2.1418020679468244,2708000.0
20260619,14:45,885,UP_RED,FILTERED_OUT,TIME_WINDOW_PENDING_CONFIRMATION,0.059972881181948136,2.967786427185337,0.6879384530683844,0.6879384530683844,2.1307861866274798,2722000.0
20260619,14:48,888,UP_RED,FILTERED_OUT,TW2_REJECT_VWAP_VETO,0.09031353351092597,9.702012880403728,0.7816901627363845,0.7816901627363845,2.118334550766983,2738000.0
20260622,10:36,636,DOWN_BLUE,FILTERED_OUT,TIME_WINDOW_PENDING_CONFIRMATION,0.05500746162001158,1.5455694702984466,0.3374197960831889,0.38562262409507303,2.571134727459719,2917000.0
20260622,10:39,639,DOWN_BLUE,FILTERED_OUT,REJECT_LOW_QUALITY_SCORE,0.016710920063428423,2.717588530473967,0.4849430046850882,0.4364487042165794,2.3915271609156132,2927000.0
20260622,12:18,738,UP_RED,FILTERED_OUT,TIME_WINDOW_PENDING_CONFIRMATION,0.06711102354997683,0.41266098249813643,0.7221773765749933,0.7221773765749933,0.9602194787379973,2916000.0
20260622,12:21,741,UP_RED,EXECUTED,,0.06262689692096882,2.7561454107247703,0.36599168150592004,0.36599168150592004,0.9931506849315069,2920000.0
20260622,12:54,774,DOWN_BLUE,FILTERED_OUT,TIME_WINDOW_PENDING_CONFIRMATION,0.04914688339003085,0.5638875931200377,0.19428091911439674,0.19428091911439674,0.9240246406570842,2922000.0
20260622,12:57,777,DOWN_BLUE,H50_SMALL_WHIPSAW_HOLD,H50_SMALL_WHIPSAW_HOLD,0.08563301778569588,3.5844389309085596,0.7787142227528345,0.8273838616748866,0.9265614275909403,2914000.0
20260622,14:03,843,UP_RED,FILTERED_OUT,TIME_WINDOW_PENDING_CONFIRMATION,0.017534090393878148,0.1567946025485673,0.18450870926113216,0.15375725771761015,1.4603616133518775,2876000.0
20260622,14:06,846,UP_RED,FILTERED_OUT,TW2_3SLOT_REJECT_DAILY_SLOT_CAP,0.02356206196430369,1.4921662386323968,0.12260690153306103,0.12260690153306103,1.4593467685892982,2878000.0
20260622,14:57,897,DOWN_BLUE,BLOCKED,NEW_ENTRY_CUTOFF,0.03846492988458398,1.5879630736865402,0.1632461846326413,0.1632461846326413,0.8324661810613945,2883000.0
20260622,15:06,906,UP_RED,BLOCKED,NEW_ENTRY_CUTOFF,0.09293489491791836,3.9614013344984227,0.7250009758717146,0.7250009758717146,0.9975920192638458,2907000.0
20260623,09:51,591,UP_RED,FILTERED_OUT,TIME_WINDOW_PENDING_CONFIRMATION,0.027548655540414514,11.345243943940506,0.3659679684883065,0.3659679684883065,3.021882598124349,2879000.0
20260623,09:54,594,UP_RED,FILTERED_OUT,REJECT_MACD_GAP_NOT_EXPANDING,0.008608576413715043,10.662585788268174,0.45467950904825505,0.4133450082256864,2.4407252440725244,2868000.0
20260623,09:57,597,DOWN_BLUE,FILTERED_OUT,TIME_WINDOW_PENDING_CONFIRMATION,0.03456089620307309,7.824656152595106,0.5037371818462514,0.5037371818462514,2.450980392156863,2856000.0
20260623,10:00,600,DOWN_BLUE,FILTERED_OUT,REJECT_NOT_CONFIRMED,0.009965369368237156,8.611207807301046,0.4272391841761164,0.38451526575850475,2.4424284717376135,2866000.0
20260623,10:00,600,UP_RED,FILTERED_OUT,TIME_WINDOW_PENDING_CONFIRMATION,0.009965369368237156,8.611207807301046,0.4272391841761164,0.38451526575850475,2.4424284717376135,2866000.0
20260623,10:03,603,UP_RED,FILTERED_OUT,REJECT_SHORT_FLAG_INTERVAL,0.0062706607948401745,8.127684301106907,0.26227116298089037,0.26227116298089037,1.9230769230769231,2860000.0
20260623,10:30,630,DOWN_BLUE,FILTERED_OUT,TIME_WINDOW_PENDING_CONFIRMATION,0.026306473946802602,4.026160563340123,0.44357521715043224,0.44357521715043224,1.3737231419513913,2839000.0
20260623,10:33,633,DOWN_BLUE,EXECUTED,,0.08033018221946167,1.1245942102260966,1.1003757017775067,1.1003757017775067,2.0219936147570063,2819000.0
20260623,11:15,675,UP_RED,FILTERED_OUT,TIME_WINDOW_PENDING_CONFIRMATION,0.09621746196700126,3.2862781347480983,0.41174297775935703,0.41174297775935703,2.813852813852814,2772000.0
20260623,11:18,678,UP_RED,SELL_EXECUTED_ENTRY_FILTERED,TW2_REJECT_VWAP_VETO,0.01603800531782547,4.448322524998991,0.8667633359047124,0.8157772573220823,2.8312159709618876,2755000.0
20260623,12:27,747,DOWN_BLUE,FILTERED_OUT,TIME_WINDOW_PENDING_CONFIRMATION,0.016707561496996218,0.23510507656486862,0.2888646386439686,0.2888646386439686,2.0228025009194557,2719000.0
20260623,12:30,750,DOWN_BLUE,EXECUTED,,0.05970708578300298,3.3097706018602606,0.933261012609306,0.933261012609306,2.549889135254989,2706000.0
20260623,12:51,771,UP_RED,FILTERED_OUT,TIME_WINDOW_PENDING_CONFIRMATION,0.1280511556687739,5.453694350394868,1.0239719112785917,1.0239719112785917,2.5763709974236293,2717000.0
20260623,12:54,774,UP_RED,FILTERED_OUT,TW2_REJECT_VWAP_VETO,0.14552755738958548,14.39129637315985,0.9498519203616197,1.009217665384221,2.707647274057812,2733000.0
20260623,13:24,804,DOWN_BLUE,FILTERED_OUT,TIME_WINDOW_PENDING_CONFIRMATION,0.05207384930477833,1.9409515495572782,0.1906808810127744,0.1906808810127744,2.5203854707190514,2698000.0
20260623,13:27,807,DOWN_BLUE,EXECUTED,,0.014646372632879871,2.7832849857144244,0.1926338585971511,0.1926338585971511,2.5175860792299147,2701000.0
20260624,09:57,597,DOWN_BLUE,FILTERED_OUT,TIME_WINDOW_PENDING_CONFIRMATION,0.0665412086487941,7.049597928945557,0.7825399049341419,0.7825399049341419,3.1203007518796992,2660000.0
20260624,10:00,600,DOWN_BLUE,EXECUTED,,0.02861124954785548,10.320754707288764,0.2928092438581922,0.2928092438581922,3.109778943424504,2669000.0
20260624,10:36,636,UP_RED,FILTERED_OUT,TIME_WINDOW_PENDING_CONFIRMATION,0.09595400479562242,2.121359766292469,0.42976230259762005,0.42976230259762005,3.189493433395872,2665000.0
20260624,10:39,639,UP_RED,EXECUTED,,0.042088688706504174,6.082709496569742,0.28020649277233467,0.28020649277233467,2.972159518434913,2658000.0
20260624,11:03,663,DOWN_BLUE,FILTERED_OUT,TIME_WINDOW_PENDING_CONFIRMATION,0.01686493346412293,0.7926062573490479,0.09435250928934685,0.09435250928934685,1.968205904617714,2642000.0
20260624,11:06,666,DOWN_BLUE,FILTERED_OUT,TW2_3SLOT_REJECT_TEG,0.04259168793924333,4.131038306927398,0.4851637638296856,0.5336801402126542,1.5577507598784195,2632000.0
20260624,12:27,747,UP_RED,FILTERED_OUT,TIME_WINDOW_PENDING_CONFIRMATION,0.07898365700513396,6.152487745251195,0.35455375535906886,0.35455375535906886,2.8491171749598716,2492000.0
20260624,12:30,750,UP_RED,FILTERED_OUT,TW2_REJECT_VWAP_VETO,0.13090514731882652,18.83548177246369,1.1406643738092912,1.1406643738092912,2.7777777777777777,2520000.0
20260624,13:15,795,DOWN_BLUE,FILTERED_OUT,TIME_WINDOW_PENDING_CONFIRMATION,0.046062140276695286,2.3552362415640085,0.43774385963176027,0.43774385963176027,2.6655896607431337,2476000.0
20260624,13:18,798,DOWN_BLUE,EXECUTED,,0.031492356123924606,4.925723623979488,0.14878865231234786,0.09919243487489858,2.628386575010109,2473000.0
20260624,13:36,816,UP_RED,FILTERED_OUT,TIME_WINDOW_PENDING_CONFIRMATION,0.06317059431848708,3.5141911074017442,0.222320006246278,0.222320006246278,2.4586860137041517,2481000.0
20260624,13:39,819,UP_RED,FILTERED_OUT,TW2_REJECT_VWAP_VETO,0.10484361941212088,11.071953695314846,0.9410943029201324,0.9410943029201324,1.6413130504403524,2498000.0
20260624,14:45,885,DOWN_BLUE,FILTERED_OUT,TIME_WINDOW_PENDING_CONFIRMATION,0.12314885318867154,2.4865430707238674,0.9039037285101692,0.9039037285101692,2.377300613496933,2608000.0
20260624,14:48,888,DOWN_BLUE,FILTERED_OUT,TW2_REJECT_VWAP_VETO,0.044919210971493394,6.159744779943236,0.6506025608617034,0.6506025608617034,1.9069412662090008,2622000.0
20260625,13:36,816,UP_RED,FILTERED_OUT,TIME_WINDOW_PENDING_CONFIRMATION,0.15537564585720692,0.4736771821289007,0.37492962084722203,0.37492962084722203,2.570601013758146,2762000.0
20260625,13:39,819,UP_RED,FILTERED_OUT,TW2_REJECT_VWAP_VETO,0.16342957191217788,6.661556990610681,0.47718803876408394,0.47718803876408394,2.3129743404409107,2767000.0
20260626,11:54,714,UP_RED,FILTERED_OUT,TIME_WINDOW_PENDING_CONFIRMATION,0.08999872664283268,1.537850019534152,0.8130758847653409,0.8130758847653409,1.9562715765247412,2607000.0
20260626,11:57,717,UP_RED,FILTERED_OUT,REJECT_LOW_QUALITY_SCORE,0.14312710385034222,6.299644301560775,0.9186301018200449,0.9186301018200449,1.7973231357552581,2615000.0
20260626,13:39,819,DOWN_BLUE,FILTERED_OUT,TIME_WINDOW_PENDING_CONFIRMATION,0.18002680276255548,5.785987026936619,0.522275571557893,0.522275571557893,2.624212736179146,2858000.0
20260626,13:42,822,DOWN_BLUE,FILTERED_OUT,TW2_REJECT_VWAP_VETO,0.17167694394648378,12.559122762028075,0.44487817906529264,0.44487817906529264,2.2082018927444795,2853000.0
20260629,13:39,819,DOWN_BLUE,FILTERED_OUT,TIME_WINDOW_PENDING_CONFIRMATION,0.12087653876937406,1.615583832187035,0.1202055649770847,0.1202055649770847,1.7524235645041013,2682000.0
20260629,13:42,822,DOWN_BLUE,FILTERED_OUT,TW2_REJECT_VWAP_VETO,0.11551488704554369,5.067662905726228,0.1248349601555112,0.1248349601555112,1.5665796344647518,2681000.0
20260630,11:54,714,DOWN_BLUE,FILTERED_OUT,TIME_WINDOW_PENDING_CONFIRMATION,0.0677902313398748,0.9528442666611947,0.6989788511984782,0.6989788511984782,1.1691633175009133,2737000.0
20260630,11:57,717,DOWN_BLUE,FILTERED_OUT,REJECT_LOW_QUALITY_SCORE,0.10451192250002989,3.7141968915603574,0.6931187224180616,0.6931187224180616,1.0248901903367496,2732000.0
20260630,13:39,819,UP_RED,FILTERED_OUT,TIME_WINDOW_PENDING_CONFIRMATION,0.15947795517960145,3.8765672515390515,0.2489379825200706,0.2489379825200706,2.037617554858934,2552000.0
20260630,13:42,822,UP_RED,FILTERED_OUT,TW2_REJECT_VWAP_VETO,0.15579823789939787,8.726007570542095,0.37687196317589483,0.37687196317589483,1.8395303326810175,2555000.0
20260701,11:54,714,UP_RED,FILTERED_OUT,TIME_WINDOW_PENDING_CONFIRMATION,0.0731390399140274,1.2885238161012214,0.5690265442666155,0.5690265442666155,1.316314319904268,2507000.0
20260701,11:57,717,UP_RED,FILTERED_OUT,TW2_REJECT_VWAP_VETO,0.12062973470643006,4.727352843237917,0.8367855921930106,0.8367855921930106,1.3131715081575805,2513000.0
20260701,13:39,819,DOWN_BLUE,FILTERED_OUT,TIME_WINDOW_PENDING_CONFIRMATION,0.16774165229630217,5.733724912642061,0.5124241213199935,0.5124241213199935,2.2181146025878005,2705000.0
20260701,13:42,822,DOWN_BLUE,FILTERED_OUT,TW2_REJECT_VWAP_VETO,0.1536543204282128,11.136272845114037,0.3161506724937788,0.3161506724937788,1.9615099925980755,2702000.0
20260702,13:36,816,DOWN_BLUE,FILTERED_OUT,TIME_WINDOW_PENDING_CONFIRMATION,0.1954122843300583,1.8024699266501276,0.657483911092532,0.657483911092532,3.3772652388797364,2428000.0
20260702,13:39,819,DOWN_BLUE,FILTERED_OUT,TW2_REJECT_VWAP_VETO,0.2070630270423409,10.817407640867241,0.7598040401590596,0.7598040401590596,2.975206611570248,2420000.0
20260703,11:54,714,DOWN_BLUE,FILTERED_OUT,TIME_WINDOW_PENDING_CONFIRMATION,0.10194399505294004,2.034279503192146,0.9772306869084392,0.9772306869084392,2.248569092395748,2446000.0
20260703,11:57,717,DOWN_BLUE,FILTERED_OUT,REJECT_LOW_QUALITY_SCORE,0.18064935078011501,8.643988585486822,1.4627499148482042,1.4627499148482042,1.972872996300863,2433000.0
20260703,13:36,816,UP_RED,FILTERED_OUT,TIME_WINDOW_PENDING_CONFIRMATION,0.21737425865237844,3.075481988899185,0.6767796302663326,0.6767796302663326,5.734939759036144,2075000.0
20260703,13:39,819,UP_RED,FILTERED_OUT,TW2_REJECT_VWAP_VETO,0.21703908194261445,18.244086876542855,0.6173863054402298,0.6173863054402298,5.038387715930901,2084000.0
20260706,11:57,717,UP_RED,FILTERED_OUT,TIME_WINDOW_PENDING_CONFIRMATION,0.13845787932886983,4.884500521528052,1.0729206855144793,1.0729206855144793,1.3026487190620928,2303000.0
20260706,12:00,720,UP_RED,FILTERED_OUT,TW2_REJECT_VWAP_VETO,0.16238442408741058,9.730949202556076,1.0122375775121413,1.0122375775121413,1.1688311688311688,2310000.0
20260706,13:39,819,DOWN_BLUE,FILTERED_OUT,TIME_WINDOW_PENDING_CONFIRMATION,0.1631299333245563,5.457297727360191,0.4452911159324475,0.4452911159324475,2.257154373236598,2481000.0
20260706,13:42,822,DOWN_BLUE,FILTERED_OUT,TW2_REJECT_VWAP_VETO,0.1558467468168409,11.118691381277637,0.4452305324328655,0.4452305324328655,1.9781994348001615,2477000.0
20260707,13:39,819,DOWN_BLUE,FILTERED_OUT,TIME_WINDOW_PENDING_CONFIRMATION,0.16927884310764665,4.842530251325994,0.2952675528325638,0.2952675528325638,2.9209621993127146,2328000.0
20260707,13:42,822,DOWN_BLUE,FILTERED_OUT,TW2_REJECT_VWAP_VETO,0.1644506053291975,11.98182237217004,0.39692779177117915,0.39692779177117915,2.6247848537005165,2324000.0
20260708,13:36,816,DOWN_BLUE,FILTERED_OUT,TIME_WINDOW_PENDING_CONFIRMATION,0.19246040148536034,5.41174698063915,0.6827497451120719,0.6827497451120719,3.1182330012992634,2309000.0
20260708,13:39,819,DOWN_BLUE,FILTERED_OUT,TW2_REJECT_VWAP_VETO,0.19698496558243908,14.186085885637416,0.6839536609266144,0.6839536609266144,2.736750651607298,2302000.0
20260709,11:57,717,UP_RED,FILTERED_OUT,TIME_WINDOW_PENDING_CONFIRMATION,0.1314708826361023,4.962417312787803,0.9951282060410677,0.9951282060410677,1.285102332222751,2101000.0
20260709,12:00,720,UP_RED,H50_SMALL_WHIPSAW_HOLD,H50_SMALL_WHIPSAW_HOLD,0.14547465301167523,9.26207437478537,0.8010815949787355,0.8010815949787355,1.1396011396011396,2106000.0
20260709,12:00,720,UP_RED,SELL_EXECUTED_ENTRY_FILTERED,C1_PEAK_PROTECTION_EXIT,0.14547465301167523,9.26207437478537,0.8010815949787355,0.8010815949787355,1.1396011396011396,2106000.0
20260709,13:39,819,DOWN_BLUE,FILTERED_OUT,TIME_WINDOW_PENDING_CONFIRMATION,0.1421017482435101,2.641756639267132,0.363958474414524,0.363958474414524,2.1671826625387,2261000.0
20260709,13:42,822,DOWN_BLUE,FILTERED_OUT,TW2_REJECT_VWAP_VETO,0.13641796643555318,7.481877130806558,0.2496543145226496,0.2496543145226496,1.8149623727312971,2259000.0
20260710,11:57,717,UP_RED,FILTERED_OUT,TIME_WINDOW_PENDING_CONFIRMATION,0.10622453319940162,3.5787245814282707,0.6991316264962161,0.6991316264962161,1.1965025310630464,2173000.0
20260710,12:00,720,UP_RED,H50_SMALL_WHIPSAW_HOLD,H50_SMALL_WHIPSAW_HOLD,0.1390618177050764,7.236227303968604,0.8708852558153211,0.8708852558153211,1.1937557392102847,2178000.0
20260710,12:03,723,UP_RED,SELL_EXECUTED_ENTRY_FILTERED,C1_PEAK_PROTECTION_EXIT,0.13699360641638592,10.928834491035898,0.6776650232134084,0.6776650232134084,1.0540788267644363,2182000.0
20260710,13:39,819,DOWN_BLUE,FILTERED_OUT,TIME_WINDOW_PENDING_CONFIRMATION,0.1504326153215349,4.341188609243694,0.4123928021779099,0.4123928021779099,1.6143106457242582,2292000.0
20260710,13:42,822,DOWN_BLUE,FILTERED_OUT,TW2_REJECT_VWAP_VETO,0.14371612655101715,8.812277711791184,0.4218136688951083,0.4218136688951083,1.4416775884665793,2289000.0
20260713,13:36,816,DOWN_BLUE,FILTERED_OUT,TIME_WINDOW_PENDING_CONFIRMATION,0.21721687825665342,0.3653414298027822,0.7864392064206517,0.7864392064206517,4.0604343720491025,2118000.0
20260713,13:39,819,DOWN_BLUE,FILTERED_OUT,TW2_REJECT_VWAP_VETO,0.2203895889694518,12.212244002326237,0.705414807720529,0.705414807720529,3.6966824644549763,2110000.0
20260714,11:57,717,DOWN_BLUE,FILTERED_OUT,TIME_WINDOW_PENDING_CONFIRMATION,0.17006037660945778,6.717565973540899,1.4580499393538555,1.4580499393538555,1.1446409989594173,1922000.0
20260714,12:00,720,DOWN_BLUE,FILTERED_OUT,TW2_REJECT_VWAP_VETO,0.19458880956767985,12.724198606453513,1.3604095860469108,1.3604095860469108,1.3584117032392893,1914000.0
20260714,13:36,816,UP_RED,FILTERED_OUT,TIME_WINDOW_PENDING_CONFIRMATION,0.20222247765545184,3.7588092437659246,0.5261808117059386,0.5261808117059386,4.481132075471698,1696000.0
20260714,13:39,819,UP_RED,FILTERED_OUT,TW2_REJECT_VWAP_VETO,0.21089144390870523,15.554737693947422,0.7339082344888014,0.7339082344888014,3.9342337052260716,1703000.0
20260715,11:15,675,UP_RED,FILTERED_OUT,TIME_WINDOW_PENDING_CONFIRMATION,0.035378721283155085,19.604197519789025,0.2868438300612445,0.47807305010207407,3.095684803001876,2132000.0
20260715,11:18,678,UP_RED,EXECUTED,,0.008615363646067763,19.998806665290093,0.10002680346658631,0.0,3.0942334739803097,2133000.0
20260715,11:27,687,DOWN_BLUE,FILTERED_OUT,TIME_WINDOW_PENDING_CONFIRMATION,0.10204648922571719,9.790414296012719,0.8338172180055673,0.10422715225069591,2.4539877300613497,2119000.0
20260715,11:30,690,DOWN_BLUE,FILTERED_OUT,REJECT_LOW_QUALITY_SCORE,0.05991485575329148,7.180405592385688,0.32627041907342846,0.4350272254312379,1.7436380772855797,2122000.0
20260715,12:30,750,UP_RED,FILTERED_OUT,TIME_WINDOW_PENDING_CONFIRMATION,0.09981718534732205,5.233112544163969,1.1507831712243992,0.8219879794459993,1.4465702286514233,2143000.0
20260715,12:33,753,UP_RED,EXECUTED,,0.016763565283812627,5.710883687937025,0.49954456895882376,0.08325742815980396,1.4485981308411215,2140000.0
20260715,13:15,795,DOWN_BLUE,FILTERED_OUT,TIME_WINDOW_PENDING_CONFIRMATION,0.10112018891393318,0.3305348415717309,0.7652448813653372,0.4591469288192023,1.2494215640906987,2161000.0
20260715,13:18,798,DOWN_BLUE,H50_SMALL_WHIPSAW_HOLD,H50_SMALL_WHIPSAW_HOLD,0.0790069995903543,2.0182123801254868,0.0,0.778295513915484,1.2494215640906987,2161000.0
20260715,14:54,894,UP_RED,FILTERED_OUT,TIME_WINDOW_PENDING_CONFIRMATION,0.023188400068614258,0.4517915615523605,0.9762861399686797,0.32542871332289325,1.6252390057361379,2092000.0
20260715,14:57,897,UP_RED,FILTERED_OUT,REJECT_TIME_WINDOW,0.13092671622109422,6.474838337253796,1.6489755832466395,1.1336707134820647,1.3282732447817838,2108000.0
20260716,12:21,741,DOWN_BLUE,FILTERED_OUT,TIME_WINDOW_PENDING_CONFIRMATION,0.07598616547210327,4.7912600654499,0.0,0.4116700224815465,1.0770059235325793,1857000.0
20260716,12:24,744,DOWN_BLUE,FILTERED_OUT,TW2_3SLOT_REJECT_TEG,0.05511264828118739,6.888055806574063,0.14179215379929735,0.5671686151971894,1.0775862068965518,1856000.0
20260716,13:03,783,UP_RED,FILTERED_OUT,TIME_WINDOW_PENDING_CONFIRMATION,0.022092611865552298,0.9268024126829275,0.9014658130155716,0.8195143754687014,0.7567567567567568,1850000.0
20260716,13:06,786,UP_RED,FILTERED_OUT,TW2_3SLOT_REJECT_TEG,0.03102591100330046,0.04725705467713214,0.17216939489683705,0.17216939489683705,0.7563479200432199,1851000.0
20260716,13:09,789,DOWN_BLUE,FILTERED_OUT,TIME_WINDOW_PENDING_CONFIRMATION,0.04199971030449334,1.2941577654584373,1.0180950401720792,1.1877775468674256,0.7588075880758808,1845000.0
20260716,13:12,792,DOWN_BLUE,FILTERED_OUT,REJECT_MACD_GAP_NOT_EXPANDING,0.01255086064330142,0.9009889217920122,0.5210034314041844,0.6946712418722459,0.7305194805194805,1848000.0
20260716,13:15,795,UP_RED,FILTERED_OUT,TIME_WINDOW_PENDING_CONFIRMATION,0.08971850435757571,1.9302731054179414,1.1972309311399978,0.6841319606514273,0.7277628032345014,1855000.0
20260716,13:18,798,UP_RED,FILTERED_OUT,REJECT_MACD_GAP_NOT_EXPANDING,0.05936886391839476,0.05914551740992181,1.7699373825235198,1.1263237888786035,0.7321041214750542,1844000.0
20260716,13:21,801,DOWN_BLUE,FILTERED_OUT,TIME_WINDOW_PENDING_CONFIRMATION,0.06512878886775288,2.227181489965996,0.4895457578965277,0.16318191929884257,0.8962520369364476,1841000.0
20260716,13:24,804,DOWN_BLUE,FILTERED_OUT,TW2_3SLOT_REJECT_TEG,0.07517155513326998,4.73596726829398,0.6537039599755965,0.0,1.115949918345128,1837000.0
20260716,13:54,834,UP_RED,FILTERED_OUT,TIME_WINDOW_PENDING_CONFIRMATION,0.05067017142003806,0.23774273896637738,0.0,0.18466015203830485,0.7088331515812432,1834000.0
20260716,13:57,837,UP_RED,FILTERED_OUT,TW2_REJECT_VWAP_VETO,0.07798742264099678,2.0187434631124286,0.5645191985738498,0.18817306619128327,0.6532389765922699,1837000.0
20260716,14:45,885,DOWN_BLUE,FILTERED_OUT,TIME_WINDOW_PENDING_CONFIRMATION,0.10685459362699967,2.978654869071121,0.46672789878620247,0.23336394939310123,2.906350914962325,1858000.0
20260716,14:48,888,DOWN_BLUE,FILTERED_OUT,TW2_3SLOT_REJECT_TEG,0.03362912486951015,4.497444461409584,0.5911465537081863,0.8276051751914607,2.200751476113795,1863000.0
20260720,10:27,627,UP_RED,FILTERED_OUT,TIME_WINDOW_PENDING_CONFIRMATION,0.10569100475391177,12.125749223788258,0.7361532174038973,0.7361532174038973,1.9935344827586208,1856000.0
20260720,10:30,630,UP_RED,TIME_WINDOW_WHIPSAW_HOLD,REJECT_NOT_CONFIRMED,0.018870958525170227,14.00536554710265,1.3707236860045129,1.0131435940033358,1.745771958537916,1833000.0
20260720,10:30,630,DOWN_BLUE,FILTERED_OUT,TIME_WINDOW_PENDING_CONFIRMATION,0.018870958525170227,14.00536554710265,1.3707236860045129,1.0131435940033358,1.745771958537916,1833000.0
20260720,10:33,633,DOWN_BLUE,FILTERED_OUT,REJECT_DUPLICATE_POSITION,0.09631317192994095,23.60253132155958,1.416241748844014,0.8497450493064084,2.8761061946902653,1808000.0
20260720,11:09,669,UP_RED,FILTERED_OUT,TIME_WINDOW_PENDING_CONFIRMATION,0.1369661794765249,0.6934862020869534,0.552627169660271,0.6907839620753388,2.722222222222222,1800000.0
20260720,11:12,672,UP_RED,FILTERED_OUT,REJECT_LOW_QUALITY_SCORE,0.010780605245815155,0.19494252532147413,1.2838334906956381,1.0135527558123458,2.7512633352049414,1781000.0
20260720,11:21,681,DOWN_BLUE,FILTERED_OUT,TIME_WINDOW_PENDING_CONFIRMATION,0.04651322412610387,5.193621428215688,1.0145511885647078,0.4897833324105486,2.555366269165247,1761000.0
20260720,11:24,684,DOWN_BLUE,FILTERED_OUT,REJECT_NOT_CONFIRMED,0.02830296274872739,2.929230819753022,0.7150283187914392,0.5005198231540076,2.5409373235460193,1771000.0
20260720,11:24,684,UP_RED,FILTERED_OUT,TIME_WINDOW_PENDING_CONFIRMATION,0.02830296274872739,2.929230819753022,0.7150283187914392,0.5005198231540076,2.5409373235460193,1771000.0
20260720,11:27,687,UP_RED,FILTERED_OUT,REJECT_NOT_CONFIRMED,0.05226027027741867,7.214127112680353,1.2611919469284798,0.8407946312856532,2.6811180832857957,1753000.0
20260720,11:27,687,DOWN_BLUE,FILTERED_OUT,TIME_WINDOW_PENDING_CONFIRMATION,0.05226027027741867,7.214127112680353,1.2611919469284798,0.8407946312856532,2.6811180832857957,1753000.0
20260720,11:30,690,DOWN_BLUE,FILTERED_OUT,REJECT_SHORT_FLAG_INTERVAL,0.01030033257464713,8.02145900229456,0.14393018056479853,0.5037556319767948,2.678062678062678,1755000.0
20260720,11:33,693,UP_RED,FILTERED_OUT,TIME_WINDOW_PENDING_CONFIRMATION,0.11663135804066595,1.715776130584253,1.7019774991679872,0.5446327997337559,2.640449438202247,1780000.0
20260720,11:36,696,UP_RED,FILTERED_OUT,REJECT_LOW_QUALITY_SCORE,0.09516175241290013,9.112052892543595,0.14436387015572336,0.07218193507786168,2.6374859708193044,1782000.0
20260720,13:15,795,DOWN_BLUE,FILTERED_OUT,TIME_WINDOW_PENDING_CONFIRMATION,0.13560458734454692,4.300540305121623,1.0981469092006924,1.0981469092006924,2.2913719943422914,1767500.0
20260720,13:18,798,DOWN_BLUE,EXECUTED,,0.14904897656640667,10.926060416476393,1.0905019523364676,0.38488304200110623,2.785673678226265,1759000.0
20260720,13:33,813,UP_RED,FILTERED_OUT,TIME_WINDOW_PENDING_CONFIRMATION,0.19618038399718662,6.71029082726132,2.298867626185865,2.4198606591430156,2.169076751946607,1798000.0
20260720,13:36,816,UP_RED,FILTERED_OUT,TW2_3SLOT_REJECT_DAILY_SLOT_CAP,0.12811307155800317,12.426235329661642,0.12450619614848428,0.12450619614848428,2.2790439132851583,1799000.0
20260720,14:06,846,DOWN_BLUE,FILTERED_OUT,TIME_WINDOW_PENDING_CONFIRMATION,0.1490876557109434,1.299636902012208,0.9938837398564225,0.9938837398564225,2.291783119060928,1789000.0
20260720,14:09,849,DOWN_BLUE,FILTERED_OUT,TW2_3SLOT_REJECT_DAILY_SLOT_CAP,0.12416796654610229,6.796118655314193,0.37960952561490535,0.5061460341532071,1.8477043673012319,1786000.0
20260721,10:54,654,DOWN_BLUE,FILTERED_OUT,TIME_WINDOW_PENDING_CONFIRMATION,0.0905027540291369,3.901900270302397,0.6759203021278519,0.6759203021278519,1.8072289156626504,1826000.0
20260721,10:57,657,DOWN_BLUE,FILTERED_OUT,REJECT_LOW_QUALITY_SCORE,0.11037767853627961,9.26029315330574,0.6807229449945026,0.9076305933260035,1.7582417582417582,1820000.0
20260721,11:45,705,UP_RED,FILTERED_OUT,TIME_WINDOW_PENDING_CONFIRMATION,0.09214051447205507,2.1159212780805574,0.9684920296233427,0.5534240169276244,1.6930638995084655,1831000.0
20260721,11:48,708,UP_RED,EXECUTED,,0.043928213971793764,3.7795684644736625,0.14438868721452378,0.14438868721452378,1.6939890710382512,1830000.0
20260721,13:12,792,DOWN_BLUE,FILTERED_OUT,TIME_WINDOW_PENDING_CONFIRMATION,0.07292851026703656,1.7487719680519243,0.7171817112351232,0.5737453689880986,1.4376996805111821,1878000.0
20260721,13:15,795,DOWN_BLUE,FILTERED_OUT,TW2_REJECT_VWAP_VETO,0.06381451154880452,3.9728271066640626,0.0,0.0,1.0649627263045793,1878000.0
20260721,14:48,888,UP_RED,FILTERED_OUT,TIME_WINDOW_PENDING_CONFIRMATION,0.08107975843733532,2.6767416367322396,1.115131229091662,0.3186089225976177,1.0810810810810811,1850000.0
20260721,14:51,891,UP_RED,FILTERED_OUT,TW2_3SLOT_REJECT_OUTSIDE_WINDOW,0.023008894994629,3.460611503712663,0.47942608387708835,0.9588521677541767,1.1911207363291825,1847000.0
20260722,12:30,750,UP_RED,FILTERED_OUT,TIME_WINDOW_PENDING_CONFIRMATION,0.2036999694193462,3.3314101001011824,0.5868139678206347,1.0269244436861107,2.047082906857728,1954000.0
20260722,12:33,753,UP_RED,FILTERED_OUT,REJECT_LOW_QUALITY_SCORE,0.014350443942173144,3.8903411792189555,1.7910897645130186,1.1022090858541653,1.7001545595054095,1941000.0
20260722,13:36,816,DOWN_BLUE,FILTERED_OUT,TIME_WINDOW_PENDING_CONFIRMATION,0.1058109630771096,0.1850904811539883,0.25008442023714594,1.0003376809485838,0.9778692743180649,1943000.0
20260722,13:39,819,DOWN_BLUE,EXECUTED,,0.08804724521113161,2.47077083863126,0.34157309384945095,0.6831461876989019,1.0819165378670788,1941000.0
20260722,14:54,894,UP_RED,FILTERED_OUT,TIME_WINDOW_PENDING_CONFIRMATION,0.046690786810936816,0.03906892719354388,0.6613242008483233,0.4408828005655489,1.934443847393874,1861000.0
20260722,14:57,897,UP_RED,FILTERED_OUT,REJECT_TIME_WINDOW,0.03454661142923723,1.6976187914722818,0.22409828571499263,0.5602457142874816,1.6675632060247445,1859000.0
20260722,15:06,906,DOWN_BLUE,BLOCKED,NEW_ENTRY_CUTOFF,0.05312185457692445,2.25678674329095,0.331448092769475,0.22096539517965,2.4456521739130435,1840000.0
20260722,15:15,915,UP_RED,BLOCKED,NEW_ENTRY_CUTOFF,0.04792979369473969,2.115646765581697,0.23183050915753337,0.34774576373630006,2.059620596205962,1845000.0
20260723,10:24,624,DOWN_BLUE,FILTERED_OUT,TIME_WINDOW_PENDING_CONFIRMATION,0.1679040392504932,1.0666154591619177,0.9494370234341164,0.4747185117170582,1.7466110531803962,1918000.0
20260723,10:27,627,DOWN_BLUE,EXECUTED,,0.12680410540526377,4.441357282793619,0.24026374601143885,0.3603956190171583,1.8789144050104383,1916000.0
20260723,11:45,705,UP_RED,SELL_EXECUTED_ENTRY_FILTERED,C1_PEAK_PROTECTION_EXIT,0.10074463267962104,2.3591822286944666,0.6859992106487179,0.34299960532435897,1.769436997319035,1865000.0
20260723,11:45,705,UP_RED,FILTERED_OUT,TIME_WINDOW_PENDING_CONFIRMATION,0.10074463267962104,2.3591822286944666,0.6859992106487179,0.34299960532435897,1.769436997319035,1865000.0
20260723,11:48,708,UP_RED,FILTERED_OUT,TW2_REJECT_VWAP_VETO,0.16924522136322606,10.557631640588024,1.5348141894006484,0.5481479247859459,1.7562533262373603,1879000.0
20260723,13:06,786,DOWN_BLUE,FILTERED_OUT,TIME_WINDOW_PENDING_CONFIRMATION,0.14934226590989377,0.786749644983417,0.8351544919027614,1.1135393225370152,1.2684989429175475,1892000.0
20260723,13:09,789,DOWN_BLUE,FILTERED_OUT,TW2_3SLOT_REJECT_TEG,0.053272341230961376,2.8787394090053113,0.6705244587555085,1.341048917511017,1.5287295730100159,1897000.0
20260723,13:21,801,UP_RED,FILTERED_OUT,TIME_WINDOW_PENDING_CONFIRMATION,0.03200214877314831,0.823751462848298,0.4284995961319566,0.1428331987106522,1.5191199580932426,1909000.0
20260723,13:24,804,UP_RED,EXECUTED,,0.09120592951800807,4.250986289808007,1.2473363555554917,0.27718585679010926,1.7205422314911365,1918000.0
20260723,13:51,831,DOWN_BLUE,FILTERED_OUT,TIME_WINDOW_PENDING_CONFIRMATION,0.1038045491869372,1.90918068234091,1.5259856762699842,1.248533735129987,1.1494252873563218,1914000.0
20260723,13:54,834,DOWN_BLUE,FILTERED_OUT,TW2_3SLOT_REJECT_TEG,0.11098437051640549,5.968629333429231,0.5731250047501774,0.2865625023750887,1.0994764397905759,1910000.0
20260723,14:30,870,UP_RED,FILTERED_OUT,TIME_WINDOW_PENDING_CONFIRMATION,0.17579919145756137,3.140756563854296,0.9292874091508098,0.39826603249320414,1.9190871369294606,1928000.0
20260723,14:33,873,UP_RED,EXECUTED,,0.10567042616996056,7.209275253692743,0.0,0.2694263760700288,2.1784232365145226,1928000.0
20260723,14:45,885,DOWN_BLUE,FILTERED_OUT,TIME_WINDOW_PENDING_CONFIRMATION,0.07716320149132304,2.3440999479877935,0.5716360594106159,0.4287270445579619,2.20125786163522,1908000.0
20260723,14:48,888,DOWN_BLUE,FILTERED_OUT,TW2_3SLOT_REJECT_DAILY_SLOT_CAP,0.11168806827641224,6.464004419864608,1.0003371592262613,0.4287159253826834,2.2093634928984742,1901000.0
20260724,11:54,714,UP_RED,FILTERED_OUT,TIME_WINDOW_PENDING_CONFIRMATION,0.07085051548715625,1.0540019118231128,0.5598014045763336,0.5598014045763336,1.8233618233618232,1755000.0
20260724,11:57,717,UP_RED,FILTERED_OUT,REJECT_LOW_QUALITY_SCORE,0.129829775115788,5.037981117346279,0.9250991653235926,0.9250991653235926,1.7045454545454544,1760000.0
20260724,13:39,819,DOWN_BLUE,FILTERED_OUT,TIME_WINDOW_PENDING_CONFIRMATION,0.15585152256205448,5.5731456954696075,0.41939759277808464,0.41939759277808464,2.1808510638297873,1880000.0
20260724,13:42,822,DOWN_BLUE,FILTERED_OUT,TW2_REJECT_VWAP_VETO,0.15219442433861885,11.437219554804045,0.5545074955177522,0.5545074955177522,1.812366737739872,1876000.0
20260727,10:24,624,DOWN_BLUE,EXECUTED,,0.004414572178455255,0.22223934315147234,0.0,0.0,0.4402861860209136,1817000.0
20260727,13:36,816,UP_RED,FILTERED_OUT,TIME_WINDOW_PENDING_CONFIRMATION,0.1571499825622974,3.7733952171483462,0.5337695969618987,0.5337695969618987,1.9813519813519813,1716000.0
20260727,13:39,819,UP_RED,FILTERED_OUT,TW2_REJECT_VWAP_VETO,0.1601159395893636,8.960646891728073,0.5380115879510856,0.5380115879510856,1.8033740546829553,1719000.0
20260728,13:39,819,DOWN_BLUE,FILTERED_OUT,TIME_WINDOW_PENDING_CONFIRMATION,0.16852393317021433,6.206521811171779,0.5083977397823267,0.5083977397823267,1.9867549668874174,1661000.0
20260728,13:42,822,DOWN_BLUE,FILTERED_OUT,TW2_REJECT_VWAP_VETO,0.16030244810240254,11.860767731973771,0.5140029579618355,0.5140029579618355,1.7490952955367913,1658000.0
20260729,11:54,714,UP_RED,FILTERED_OUT,TIME_WINDOW_PENDING_CONFIRMATION,0.09622707567431595,3.432129635357291,0.8512300655577514,0.8512300655577514,5.267358339984039,1253000.0
20260729,11:57,717,UP_RED,FILTERED_OUT,REJECT_LOW_QUALITY_SCORE,0.19107784666611666,16.431246032201752,1.5053250617332126,1.5053250617332126,4.818325434439179,1266000.0
20260729,13:39,819,DOWN_BLUE,FILTERED_OUT,TIME_WINDOW_PENDING_CONFIRMATION,0.21923923864867076,10.012783179026837,0.5140425668413504,0.5140425668413504,5.827067669172932,1596000.0
20260729,13:42,822,DOWN_BLUE,FILTERED_OUT,TW2_REJECT_VWAP_VETO,0.21538423715745003,25.409844268279855,0.5291725034714015,0.5291725034714015,5.09433962264151,1590000.0
20260730,13:36,816,DOWN_BLUE,FILTERED_OUT,TIME_WINDOW_PENDING_CONFIRMATION,0.19013193920522484,2.3409824316565304,0.605035605872984,0.605035605872984,3.4530386740331496,1448000.0
20260730,13:39,819,DOWN_BLUE,FILTERED_OUT,TW2_REJECT_VWAP_VETO,0.1983707255488948,11.27153525109617,0.6157543717678755,0.6157543717678755,3.1163434903047094,1444000.0
20260731,12:03,723,UP_RED,FILTERED_OUT,TIME_WINDOW_PENDING_CONFIRMATION,0.1456964509977775,12.153108396280102,0.8467949035055661,0.8467949035055661,1.188242651657286,1599000.0
20260731,12:06,726,UP_RED,FILTERED_OUT,TW2_REJECT_VWAP_VETO,0.14679074089144087,16.46646074117314,0.843271616547946,0.843271616547946,1.1852776044915783,1603000.0
20260731,13:39,819,DOWN_BLUE,FILTERED_OUT,TIME_WINDOW_PENDING_CONFIRMATION,0.1326594086475923,0.4959720858781096,0.1959439577535157,0.1959439577535157,1.8901358535144714,1693000.0
20260731,13:42,822,DOWN_BLUE,FILTERED_OUT,TW2_REJECT_VWAP_VETO,0.12439661374664579,4.295461142153654,0.1935158351384035,0.1935158351384035,1.7139479905437354,1692000.0
20260803,10:33,633,DOWN_BLUE,FILTERED_OUT,TIME_WINDOW_PENDING_CONFIRMATION,0.019983264015320624,12.565749292129862,0.17118263409763385,0.2282435121301785,2.967171717171717,1584000.0
20260803,10:36,636,DOWN_BLUE,EXECUTED,,0.03196534649522453,16.093828215009452,0.4086281445088872,0.4086281445088872,3.487634749524413,1577000.0
20260803,10:45,645,UP_RED,FILTERED_OUT,TIME_WINDOW_PENDING_CONFIRMATION,0.043928907199816805,5.639105321697747,0.06403183343962174,0.06403183343962174,3.7060301507537687,1592000.0
20260803,10:48,648,UP_RED,FILTERED_OUT,REJECT_MACD_GAP_NOT_EXPANDING,0.012466918351154726,6.900722252298451,0.7095988848644321,0.7741078743975623,3.731815306767868,1581000.0
20260803,11:33,693,DOWN_BLUE,FILTERED_OUT,TIME_WINDOW_PENDING_CONFIRMATION,0.05109356996775282,4.0136284938474205,0.08322595339038351,0.24967786017115054,1.6331658291457287,1592000.0
20260803,11:36,696,DOWN_BLUE,FILTERED_OUT,TW2_3SLOT_REJECT_TEG,0.0017283157076220259,3.871707288115268,0.5115672835110704,0.5115672835110704,1.6270337922403004,1598000.0
20260803,11:42,702,UP_RED,FILTERED_OUT,TIME_WINDOW_PENDING_CONFIRMATION,0.04818137514942467,1.0326019592828848,0.7950802533362235,0.7067380029655319,1.61993769470405,1605000.0
20260803,11:45,705,UP_RED,FILTERED_OUT,REJECT_MACD_GAP_NOT_EXPANDING,0.014866499910522074,2.089394063606979,0.7081662349510877,0.6196454555822016,1.6280525986224168,1597000.0
20260803,11:48,708,DOWN_BLUE,FILTERED_OUT,TIME_WINDOW_PENDING_CONFIRMATION,0.026060127038013962,3.8900478589556133,0.2729786722876393,0.2729786722876393,1.631116687578419,1594000.0
20260803,11:51,711,DOWN_BLUE,FILTERED_OUT,REJECT_MACD_GAP_NOT_EXPANDING,0.009575859304760058,3.238831131110389,0.3736613975094093,0.3736613975094093,1.6270337922403004,1598000.0
20260803,12:06,726,UP_RED,FILTERED_OUT,TIME_WINDOW_PENDING_CONFIRMATION,0.027715635936174956,0.2665460100756019,0.3155010029077541,0.3155010029077541,1.1867582760774515,1601000.0
20260803,12:09,729,UP_RED,FILTERED_OUT,REJECT_NOT_CONFIRMED,0.016390797605259706,1.2255129570641583,0.5359347329092564,0.5359347329092564,1.0651629072681703,1596000.0
20260803,12:09,729,DOWN_BLUE,FILTERED_OUT,TIME_WINDOW_PENDING_CONFIRMATION,0.016390797605259706,1.2255129570641583,0.5359347329092564,0.5359347329092564,1.0651629072681703,1596000.0
20260803,12:12,732,DOWN_BLUE,FILTERED_OUT,TW2_3SLOT_REJECT_TEG,0.03758004090675469,3.37473190535684,0.4399630194317497,0.4399630194317497,1.0678391959798994,1592000.0
20260803,12:45,765,UP_RED,FILTERED_OUT,TIME_WINDOW_PENDING_CONFIRMATION,0.07781677298281449,0.8304614211489971,0.3965994455508635,0.3965994455508635,1.193467336683417,1592000.0
20260803,12:48,768,UP_RED,FILTERED_OUT,REJECT_LOW_QUALITY_SCORE,0.027194107414618328,2.0830119485784606,0.41041278909556733,0.41041278909556733,1.195720578980491,1589000.0
20260803,13:03,783,DOWN_BLUE,FILTERED_OUT,TIME_WINDOW_PENDING_CONFIRMATION,0.062014055520682045,0.5458642770906296,0.5415375203736711,0.6769219004670889,1.265022137887413,1581000.0
20260803,13:06,786,DOWN_BLUE,EXECUTED,,0.0008916694995237055,0.5854829625434312,0.5488964066704533,0.5488964066704533,1.2618296529968454,1585000.0
20260803,13:09,789,UP_RED,FILTERED_OUT,TIME_WINDOW_PENDING_CONFIRMATION,0.03775886031302526,1.1597547347049098,0.5450888515054899,0.6132249579436762,1.2586532410320956,1589000.0
20260803,13:12,792,UP_RED,H50_SMALL_WHIPSAW_HOLD,H50_SMALL_WHIPSAW_HOLD,0.0009087088934108447,1.1188141446576674,0.39849221404524177,0.39849221404524177,1.2610340479192939,1586000.0
20260803,13:42,822,DOWN_BLUE,FILTERED_OUT,TIME_WINDOW_PENDING_CONFIRMATION,0.06629551545806522,3.051573160018899,0.6608180674560639,0.6608180674560639,1.5151515151515151,1584000.0
20260803,13:45,825,DOWN_BLUE,FILTERED_OUT,TW2_3SLOT_REJECT_DAILY_SLOT_CAP,0.039604106799437405,4.879672155959403,0.0,0.0,1.5151515151515151,1584000.0
20260803,14:27,867,UP_RED,FILTERED_OUT,TIME_WINDOW_PENDING_CONFIRMATION,0.09600273578530154,4.550024731369297,0.9180325898884308,0.7868850770472264,1.1342155009451798,1587000.0
20260803,14:30,870,UP_RED,FILTERED_OUT,TW2_3SLOT_REJECT_DAILY_SLOT_CAP,0.07709821289016525,8.18762753671555,0.2663495299360393,0.13317476496801964,1.1327879169288861,1589000.0
20260803,15:00,900,DOWN_BLUE,BLOCKED,NEW_ENTRY_CUTOFF,0.04735951016499714,0.9875433414564389,0.2811172082731473,0.14055860413657364,1.1399620012666245,1579000.0
20260804,10:24,624,UP_RED,FILTERED_OUT,TW2_REJECT_VWAP_VETO,0.051324979217263964,19.889037958407936,0.1383689642809972,0.11069517142479776,3.1125827814569536,1510000.0
20260804,11:18,678,DOWN_BLUE,FILTERED_OUT,TIME_WINDOW_PENDING_CONFIRMATION,0.09149047661877995,0.7280435309170282,0.27531203144633554,0.3097260353771275,3.585397653194263,1534000.0
20260804,11:21,681,DOWN_BLUE,FILTERED_OUT,TW2_3SLOT_REJECT_TEG,0.0510711665295452,5.474087299842299,0.14008643444610852,0.14008643444610852,3.515625,1536000.0
20260804,12:33,753,UP_RED,FILTERED_OUT,TIME_WINDOW_PENDING_CONFIRMATION,0.12389945286309248,3.5459950884149194,1.4515041192578462,1.3547371779739898,1.8229166666666667,1536000.0
20260804,12:36,756,UP_RED,FILTERED_OUT,TW2_3SLOT_REJECT_TEG,0.08829296387427912,9.261246264516847,0.1004712092272265,0.1004712092272265,1.8217306441119063,1537000.0
20260804,12:57,777,DOWN_BLUE,FILTERED_OUT,TIME_WINDOW_PENDING_CONFIRMATION,0.014065956439447629,0.20154969153317157,0.3304261703544265,0.3304261703544265,1.644736842105263,1520000.0
20260804,13:00,780,DOWN_BLUE,EXECUTED,,0.013420222376785685,0.5684020662353033,0.1147264586532685,0.229452917306537,1.3824884792626728,1519000.0
20260804,13:27,807,UP_RED,FILTERED_OUT,TIME_WINDOW_PENDING_CONFIRMATION,0.0821761779494287,2.014279690167255,0.8921188714266681,0.8921188714266681,1.7774851876234363,1519000.0
20260804,13:30,810,UP_RED,FILTERED_OUT,TW2_REJECT_VWAP_VETO,0.041287302867516064,4.399856786886285,0.22842897686257657,0.34264346529386486,1.5820698747528017,1517000.0
20260804,13:42,822,DOWN_BLUE,FILTERED_OUT,TIME_WINDOW_PENDING_CONFIRMATION,0.041917289424381825,0.7764912198555214,0.30362945625245896,0.30362945625245896,1.5282392026578073,1505000.0
20260804,13:45,825,DOWN_BLUE,EXECUTED,,0.021324343905693533,1.9205201378668229,0.0,0.1238517580265056,1.5282392026578073,1505000.0
20260804,13:54,834,UP_RED,FILTERED_OUT,TIME_WINDOW_PENDING_CONFIRMATION,0.041635037921264745,0.9552168444665797,0.37154806853800093,0.4953974247173346,1.456953642384106,1510000.0
20260804,13:57,837,UP_RED,FILTERED_OUT,TW2_REJECT_VWAP_VETO,0.06226734023669018,4.241917222390605,0.5001508046177894,0.5001508046177894,1.453104359313078,1514000.0
20260804,14:15,855,DOWN_BLUE,FILTERED_OUT,TIME_WINDOW_PENDING_CONFIRMATION,0.03778033293645487,0.6937682167706853,0.11576834676977622,0.11576834676977622,1.6644474034620507,1502000.0
20260804,14:18,858,DOWN_BLUE,FILTERED_OUT,TW2_3SLOT_REJECT_DAILY_SLOT_CAP,0.004804165346943153,0.9695898901053869,0.23084555643856597,0.23084555643856597,1.6622340425531914,1504000.0
20260804,14:21,861,UP_RED,FILTERED_OUT,TIME_WINDOW_PENDING_CONFIRMATION,0.030480421537230077,0.8034424936015427,0.4566604183388709,0.5708255229235887,1.6578249336870028,1508000.0
20260804,14:24,864,UP_RED,FILTERED_OUT,TW2_REJECT_VWAP_VETO,0.04392012182912274,3.332126575278275,0.3446290392382766,0.3446290392382766,1.6545334215751157,1511000.0
20260805,10:57,657,UP_RED,FILTERED_OUT,TIME_WINDOW_PENDING_CONFIRMATION,0.020246667626794793,15.931426007357995,0.1848470158112987,0.1848470158112987,2.0820939916716243,1681000.0
20260805,11:00,660,UP_RED,EXECUTED,,0.007712284843306589,16.402275101862454,0.09546093122231192,0.09546093122231192,2.140309155766944,1682000.0
20260805,11:09,669,DOWN_BLUE,FILTERED_OUT,TIME_WINDOW_PENDING_CONFIRMATION,0.08961154294320893,10.586162939647597,1.0709782437923123,1.0709782437923123,2.1524663677130045,1672500.0
20260805,11:12,672,DOWN_BLUE,FILTERED_OUT,TW2_3SLOT_REJECT_TEG,0.06932754269529982,6.2180918995720535,0.04742804338247515,0.04742804338247515,2.15311004784689,1672000.0
20260805,12:03,723,UP_RED,FILTERED_OUT,TIME_WINDOW_PENDING_CONFIRMATION,0.08877923244132264,6.002393419143237,1.2968073371703601,1.2968073371703601,1.3747758517632995,1673000.0
20260805,12:06,726,UP_RED,FILTERED_OUT,TW2_3SLOT_REJECT_SAME_DIRECTION_AFTERNOON_2ND,0.05382419541896032,8.651338338872902,0.0,0.0,1.3747758517632995,1673000.0
20260805,13:15,795,DOWN_BLUE,FILTERED_OUT,TIME_WINDOW_PENDING_CONFIRMATION,0.07259349253871497,1.2123456770770744,1.0446993984827824,0.9700780128768693,0.8323424494649228,1682000.0
20260805,13:18,798,DOWN_BLUE,FILTERED_OUT,TW2_3SLOT_REJECT_TEG,0.060032351598848295,3.5625882459372575,0.15199812972825155,0.15199812972825155,0.7733491969066032,1681000.0
20260805,13:42,822,UP_RED,FILTERED_OUT,TIME_WINDOW_PENDING_CONFIRMATION,0.09613200484811868,1.5784295786387943,0.5801469486129273,0.7251836857661591,1.3010053222945004,1691000.0
20260805,13:45,825,UP_RED,EXECUTED,,0.0856129900640122,4.991795544306283,0.4438223268919186,0.4438223268919186,1.475796930342385,1694000.0
20260805,14:21,861,DOWN_BLUE,FILTERED_OUT,TIME_WINDOW_PENDING_CONFIRMATION,0.04567665231659606,0.31814160298983585,0.43626376083888707,0.43626376083888707,0.827912477823773,1691000.0
20260805,14:24,864,DOWN_BLUE,H50_SMALL_WHIPSAW_HOLD,H50_SMALL_WHIPSAW_HOLD,0.04289290921060434,2.0296130041147835,0.14831221605079664,0.14831221605079664,0.8284023668639053,1690000.0
20260805,15:09,909,UP_RED,BLOCKED,NEW_ENTRY_CUTOFF,0.09722453882395969,3.8137432308436536,0.749080278087929,0.749080278087929,1.1813349084465445,1693000.0
20260806,12:06,726,DOWN_BLUE,FILTERED_OUT,TIME_WINDOW_PENDING_CONFIRMATION,0.022266491896151066,3.5939553678593685,0.3775410236498628,0.3775410236498628,1.4397905759162304,1528000.0
20260806,12:09,729,DOWN_BLUE,EXECUTED,,0.05141348030927576,6.26540562338904,0.634632632787704,0.5711693695089336,1.6414970453053186,1523000.0
20260806,13:24,804,UP_RED,FILTERED_OUT,TIME_WINDOW_PENDING_CONFIRMATION,0.12212141765268683,0.4999489790772156,1.803384612184763,1.6230461509662868,1.321003963011889,1514000.0
20260806,13:27,807,UP_RED,H50_SMALL_WHIPSAW_HOLD,H50_SMALL_WHIPSAW_HOLD,0.08166139210061304,3.5469049883476274,0.0,0.17702097152332713,0.9247027741083224,1514000.0
20260806,13:45,825,DOWN_BLUE,FILTERED_OUT,TIME_WINDOW_PENDING_CONFIRMATION,0.05778161249907914,1.2664196958857206,0.0,0.0,1.6644474034620507,1502000.0
20260806,13:48,828,DOWN_BLUE,EXECUTED,,0.04041518598499695,3.0402013228640112,0.15186943004967435,0.15186943004967435,1.6655562958027983,1501000.0
20260806,14:00,840,UP_RED,FILTERED_OUT,TIME_WINDOW_PENDING_CONFIRMATION,0.059167415852673585,1.4368412224126257,0.46017681664366133,0.46017681664366133,1.6578249336870028,1508000.0
20260806,14:03,843,UP_RED,FILTERED_OUT,TW2_REJECT_VWAP_VETO,0.10981340695335447,6.538605660880649,1.1341768460670052,1.2759489518253808,1.6490765171503958,1516000.0
20260806,14:36,876,DOWN_BLUE,FILTERED_OUT,TIME_WINDOW_PENDING_CONFIRMATION,0.06792336298605246,1.333091019807479,0.1381617580805144,0.1381617580805144,1.5925680159256803,1507000.0
20260806,14:39,879,DOWN_BLUE,FILTERED_OUT,TW2_3SLOT_REJECT_DAILY_SLOT_CAP,0.06919234296849083,4.592042686180567,0.4238459486374125,0.4238459486374125,1.5957446808510638,1504000.0
20260807,10:54,654,UP_RED,FILTERED_OUT,TIME_WINDOW_PENDING_CONFIRMATION,0.07135622645936035,5.40322491714149,0.44718855489154596,0.44718855489154596,2.312543798177996,1427000.0
20260807,10:57,657,UP_RED,SELL_EXECUTED_ENTRY_FILTERED,REJECT_LOW_QUALITY_SCORE,0.040480098402866434,9.118713136298375,0.23023403956323002,0.23023403956323002,2.317415730337079,1424000.0
20260807,12:24,744,DOWN_BLUE,FILTERED_OUT,TIME_WINDOW_PENDING_CONFIRMATION,0.07627262035989302,1.6217424843646626,0.1314722811761607,0.1314722811761607,1.402524544179523,1426000.0
20260807,12:27,747,DOWN_BLUE,FILTERED_OUT,TW2_3SLOT_REJECT_DAILY_SLOT_CAP,0.055735541318313146,4.46916916237156,0.13741635473705166,0.13741635473705166,1.4035087719298245,1425000.0
20260807,13:21,801,UP_RED,FILTERED_OUT,TIME_WINDOW_PENDING_CONFIRMATION,0.056244057997172164,0.6415820870713891,0.9179202756618287,0.9179202756618287,1.3352073085031624,1423000.0
20260807,13:24,804,UP_RED,FILTERED_OUT,TW2_REJECT_VWAP_VETO,0.10480499604669156,5.558030914255777,1.0428338696995196,1.0428338696995196,1.3286713286713288,1430000.0
20260807,13:51,831,DOWN_BLUE,FILTERED_OUT,TIME_WINDOW_PENDING_CONFIRMATION,0.04592556874656848,1.0238360247309999,0.5046060412234983,0.5046060412234983,1.2711864406779663,1416000.0
20260807,13:54,834,DOWN_BLUE,FILTERED_OUT,TW2_3SLOT_REJECT_DAILY_SLOT_CAP,0.06796588044264422,3.8559439606077826,0.680536515958624,0.680536515958624,1.4872521246458925,1412000.0
20260807,14:03,843,UP_RED,FILTERED_OUT,TIME_WINDOW_PENDING_CONFIRMATION,0.07477059319309186,1.5510658892728726,0.9824947845259916,1.1462439152803237,1.1243851018973998,1423000.0
20260807,14:06,846,UP_RED,FILTERED_OUT,TW2_REJECT_VWAP_VETO,0.03896463629500446,3.1842898013481364,0.16788637233970374,0.0,1.1251758087201125,1422000.0
20260807,14:39,879,DOWN_BLUE,FILTERED_OUT,TIME_WINDOW_PENDING_CONFIRMATION,0.0436400910071117,1.169768814054824,0.19202463857504357,0.0,0.8456659619450317,1419000.0
20260807,14:42,882,DOWN_BLUE,FILTERED_OUT,TW2_3SLOT_REJECT_DAILY_SLOT_CAP,0.012864853771861813,1.6426385635168148,0.19125775628190206,0.19125775628190206,0.9154929577464789,1420000.0
20260807,15:18,918,UP_RED,BLOCKED,NEW_ENTRY_CUTOFF,0.0672381141741772,1.546592475370265,0.8348445655063751,1.0435557068829688,0.7741027445460943,1421000.0
20260810,10:51,651,UP_RED,FILTERED_OUT,TIME_WINDOW_PENDING_CONFIRMATION,0.0495108895170951,2.6921559769616854,0.43803775833704817,0.5256453100044578,1.8646408839779007,1448000.0
20260810,10:54,654,UP_RED,EXECUTED,,0.053033480964879,6.764754760247061,0.35808137192598455,0.35808137192598455,2.066115702479339,1452000.0
20260810,11:06,666,DOWN_BLUE,FILTERED_OUT,TIME_WINDOW_PENDING_CONFIRMATION,0.02664286190897477,0.5744339593680452,0.19068475920400493,0.2860271388060074,2.083333333333333,1440000.0
20260810,11:09,669,DOWN_BLUE,EXECUTED,,0.017298343027345325,1.7872974810739548,0.0,0.09904443491332124,2.083333333333333,1440000.0
20260810,11:48,708,UP_RED,FILTERED_OUT,TIME_WINDOW_PENDING_CONFIRMATION,0.08188769319844758,3.918829566610092,0.7585986707323696,0.7585986707323696,1.593901593901594,1443000.0
20260810,11:51,711,UP_RED,FILTERED_OUT,TW2_3SLOT_REJECT_TEG,0.034652144316132553,5.776273471720481,0.2596892705548037,0.38953390583220554,1.5267175572519083,1441000.0
20260810,12:27,747,DOWN_BLUE,FILTERED_OUT,TIME_WINDOW_PENDING_CONFIRMATION,0.03674568467177437,1.5964105963481598,0.4808439157582558,0.3205626105055039,1.0445682451253482,1436000.0
20260810,12:30,750,DOWN_BLUE,EXECUTED,,0.04321784288703447,3.409227076382396,0.3329076855367348,0.3329076855367348,1.1854951185495117,1434000.0
20260810,12:48,768,UP_RED,FILTERED_OUT,TIME_WINDOW_PENDING_CONFIRMATION,0.03811886838382409,0.901787574190343,0.35376431173929856,0.17688215586964928,0.8333333333333334,1440000.0
20260810,12:51,771,UP_RED,H50_SMALL_WHIPSAW_HOLD,H50_SMALL_WHIPSAW_HOLD,0.000956536997599464,0.9408125902554373,0.3522222591597998,0.3522222591597998,0.8344923504867872,1438000.0
20260810,13:12,792,DOWN_BLUE,FILTERED_OUT,TIME_WINDOW_PENDING_CONFIRMATION,0.030092439087751683,0.1937671341716881,0.19134774027271068,0.19134774027271068,0.6267409470752089,1436000.0
20260810,13:15,795,DOWN_BLUE,FILTERED_OUT,TW2_3SLOT_REJECT_DAILY_SLOT_CAP,0.042697103955356724,1.7452875499826495,0.38388171064006926,0.19194085532003463,0.7670850767085077,1434000.0
20260810,13:51,831,UP_RED,SELL_EXECUTED_ENTRY_FILTERED,SMALL_WHIPSAW_HOLD_EXIT,0.012462040255691116,16.90475642616666,0.09354261929972452,0.09354261929972452,2.339595887982985,1410500.0
20260810,14:09,849,UP_RED,FILTERED_OUT,TIME_WINDOW_PENDING_CONFIRMATION,0.14714076000736107,6.124503983750187,0.1415040285651968,0.1415040285651968,2.1769662921348316,1424000.0
20260810,14:12,852,UP_RED,FILTERED_OUT,TW2_REJECT_VWAP_VETO,0.0952317218511938,10.799637095862286,0.0,0.0,2.1769662921348316,1424000.0
20260810,14:39,879,DOWN_BLUE,FILTERED_OUT,TIME_WINDOW_PENDING_CONFIRMATION,0.07733009251730483,0.3156091880739381,0.4530331835317748,0.4530331835317748,1.3465627214741318,1411000.0
20260810,14:42,882,DOWN_BLUE,FILTERED_OUT,TW2_3SLOT_REJECT_DAILY_SLOT_CAP,0.025459252045800084,1.5003060817339644,0.30406224171185914,0.30406224171185914,1.48619957537155,1413000.0
20260810,14:57,897,UP_RED,BLOCKED,NEW_ENTRY_CUTOFF,0.060946150041820815,2.089833765922348,0.4711391142930349,0.4711391142930349,1.5514809590973202,1418000.0
20260811,11:18,678,DOWN_BLUE,FILTERED_OUT,TIME_WINDOW_PENDING_CONFIRMATION,0.04395552030838887,5.226059816870158,0.18449241999691238,0.18449241999691238,1.702127659574468,1410000.0
20260811,11:21,681,DOWN_BLUE,FILTERED_OUT,REJECT_LOW_QUALITY_SCORE,0.029541330497250957,7.439821862103077,0.0,0.04732057420109105,1.3475177304964538,1410000.0
20260811,11:48,708,UP_RED,FILTERED_OUT,TIME_WINDOW_PENDING_CONFIRMATION,0.05591199266127308,1.0369536011165863,0.2457880908895179,0.2457880908895179,1.0578279266572637,1418000.0
20260811,11:51,711,UP_RED,EXECUTED,,0.0496200474766057,1.7545657822432006,0.25048715344175787,0.25048715344175787,1.267605633802817,1420000.0
20260811,12:21,741,DOWN_BLUE,FILTERED_OUT,TIME_WINDOW_PENDING_CONFIRMATION,0.01972782634740891,0.5922659761950249,0.39869511641746525,0.39869511641746525,1.266713581984518,1421000.0
20260811,12:24,744,DOWN_BLUE,H50_SMALL_WHIPSAW_HOLD,H50_SMALL_WHIPSAW_HOLD,0.06218012219342848,2.7902987954790137,1.222211838002363,1.222211838002363,1.188395665851101,1430500.0
20260811,12:24,744,UP_RED,FILTERED_OUT,TIME_WINDOW_PENDING_CONFIRMATION,0.06218012219342848,2.7902987954790137,1.222211838002363,1.222211838002363,1.188395665851101,1430500.0
20260811,12:27,747,UP_RED,FILTERED_OUT,REJECT_SHORT_FLAG_INTERVAL,0.04521591379474182,5.179126270433614,0.1980266865994993,0.2640355821326657,1.3268156424581006,1432000.0
20260811,13:09,789,DOWN_BLUE,FILTERED_OUT,TIME_WINDOW_PENDING_CONFIRMATION,0.03266645407989925,1.251043579956708,0.14654323860774762,0.07327161930387381,1.250868658790827,1439000.0
20260811,13:12,792,DOWN_BLUE,H50_SMALL_WHIPSAW_HOLD,H50_SMALL_WHIPSAW_HOLD,0.0008963697494511876,1.205944092634046,0.4388209478077476,0.2925472985384984,1.248266296809986,1442000.0
20260811,13:24,804,DOWN_BLUE,SELL_EXECUTED_ENTRY_FILTERED,SMALL_WHIPSAW_HOLD_EXIT,0.0638641166514924,7.204847952167852,0.5838734559086027,0.7298418198857535,0.9059233449477353,1435000.0
20260811,13:33,813,UP_RED,FILTERED_OUT,TIME_WINDOW_PENDING_CONFIRMATION,0.044696946881594216,0.01855270001246487,0.14213045887521708,0.0,1.3112491373360937,1449000.0
20260811,13:36,816,UP_RED,FILTERED_OUT,REJECT_NOT_CONFIRMED,0.006033461712340994,0.27189139190966766,0.4309227524237365,0.4309227524237365,1.313969571230982,1446000.0
20260811,13:36,816,DOWN_BLUE,FILTERED_OUT,TIME_WINDOW_PENDING_CONFIRMATION,0.006033461712340994,0.27189139190966766,0.4309227524237365,0.4309227524237365,1.313969571230982,1446000.0
20260811,13:39,819,DOWN_BLUE,FILTERED_OUT,REJECT_NOT_CONFIRMED,0.02677043464165329,0.9948952769021945,0.583312311013198,0.6562263498898477,1.3103448275862069,1450000.0
20260811,13:39,819,UP_RED,FILTERED_OUT,TIME_WINDOW_PENDING_CONFIRMATION,0.02677043464165329,0.9948952769021945,0.583312311013198,0.6562263498898477,1.3103448275862069,1450000.0
20260811,13:42,822,UP_RED,FILTERED_OUT,REJECT_MACD_GAP_NOT_EXPANDING,0.019586222823627517,0.08671710474750609,0.4461152768639482,0.4461152768639482,1.3130615065653075,1447000.0
20260811,13:45,825,DOWN_BLUE,FILTERED_OUT,TIME_WINDOW_PENDING_CONFIRMATION,0.02951082544239032,1.2605013002075856,0.15148014953461875,0.15148014953461875,1.313969571230982,1446000.0
20260811,13:48,828,DOWN_BLUE,FILTERED_OUT,REJECT_MACD_GAP_NOT_EXPANDING,0.014697893333904168,0.5994574996628593,0.6166054569118686,0.6166054569118686,1.3103448275862069,1450000.0
20260811,13:51,831,UP_RED,FILTERED_OUT,TIME_WINDOW_PENDING_CONFIRMATION,0.02243848098557584,0.3984797999079122,0.30996528960374425,0.46494793440561644,1.5151515151515151,1452000.0
20260811,13:54,834,UP_RED,FILTERED_OUT,REJECT_NOT_CONFIRMED,0.042463141500951415,1.5260632736199058,0.7618603169961395,0.6094882535969116,1.520387007601935,1447000.0
20260811,13:54,834,DOWN_BLUE,FILTERED_OUT,TIME_WINDOW_PENDING_CONFIRMATION,0.042463141500951415,1.5260632736199058,0.7618603169961395,0.6094882535969116,1.520387007601935,1447000.0
20260811,13:57,837,DOWN_BLUE,FILTERED_OUT,TW2_REJECT_VWAP_VETO,0.053505357881347027,3.8640421100682194,0.3170380425403541,0.47555706381053114,1.5224913494809689,1445000.0
20260811,15:06,906,UP_RED,BLOCKED,NEW_ENTRY_CUTOFF,0.03376027563646309,1.2141334106031256,0.32900370396771556,0.16450185198385778,0.9078212290502794,1432000.0
20260812,10:24,624,UP_RED,FILTERED_OUT,REJECT_MACD_GAP_NOT_EXPANDING,0.013117647490664583,3.7734896541733365,0.4941296660603453,0.6176620825754316,1.5807560137457044,1455000.0
20260812,10:27,627,DOWN_BLUE,FILTERED_OUT,TIME_WINDOW_PENDING_CONFIRMATION,0.019934450746067783,2.686765141722649,0.1258590606024589,0.2517181212049178,1.5818431911966988,1454000.0
20260812,10:30,630,DOWN_BLUE,FILTERED_OUT,REJECT_NOT_CONFIRMED,0.054248249815986894,5.776762006892669,1.0742590972588333,1.1339401582176574,1.77717019822283,1463000.0
20260812,10:30,630,UP_RED,FILTERED_OUT,TIME_WINDOW_PENDING_CONFIRMATION,0.054248249815986894,5.776762006892669,1.0742590972588333,1.1339401582176574,1.77717019822283,1463000.0
20260812,10:33,633,UP_RED,FILTERED_OUT,REJECT_SHORT_FLAG_INTERVAL,0.005783467105236634,6.110945120303672,0.3687047841209167,0.3687047841209167,1.7808219178082192,1460000.0
20260812,12:27,747,DOWN_BLUE,FILTERED_OUT,TIME_WINDOW_PENDING_CONFIRMATION,0.0908548003533795,1.3303301406523813,0.5873324123930703,0.46986592991445625,2.1512385919165578,1534000.0
20260812,12:30,750,DOWN_BLUE,FILTERED_OUT,REJECT_LOW_QUALITY_SCORE,0.03379427441209394,3.1559410160298635,0.5999835412820168,0.47998683302561346,2.144249512670565,1539000.0
20260812,14:33,873,UP_RED,FILTERED_OUT,TIME_WINDOW_PENDING_CONFIRMATION,0.13155044348349798,0.6623324019315867,0.888485801945938,0.7404048349549482,1.8629407850964737,1503000.0
20260812,14:36,876,UP_RED,FILTERED_OUT,TW2_3SLOT_REJECT_TEG,0.11006849064013657,5.560978973143534,0.29853989375622,0.29853989375622,1.7275747508305648,1505000.0
20260813,11:57,717,UP_RED,FILTERED_OUT,TIME_WINDOW_PENDING_CONFIRMATION,0.051930183004000666,2.7993340699928857,0.33171495447982635,0.16585747723991318,1.238390092879257,1615000.0
20260813,12:00,720,UP_RED,EXECUTED,,0.06249855095350082,5.067084242276046,0.5098290905352002,0.33988606035680013,1.2360939431396787,1618000.0
20260813,12:33,753,DOWN_BLUE,FILTERED_OUT,TIME_WINDOW_PENDING_CONFIRMATION,0.04403366758655857,0.16090158108558109,0.20047225711980018,0.40094451423960037,0.6191950464396285,1615000.0
20260813,12:36,756,DOWN_BLUE,H50_SMALL_WHIPSAW_HOLD,H50_SMALL_WHIPSAW_HOLD,0.06896449718275054,1.973217097783635,0.6013153515536804,0.6013153515536804,0.6823821339950372,1612000.0
20260813,12:51,771,UP_RED,FILTERED_OUT,TIME_WINDOW_PENDING_CONFIRMATION,0.06969286961952574,1.6466771642710356,0.6111907087788537,0.7130558269086628,0.7398273736128237,1622000.0
20260813,12:54,774,UP_RED,FILTERED_OUT,REJECT_DUPLICATE_POSITION,0.052235869178441044,3.2045515495790386,0.20645961847932298,0.20645961847932298,0.8626001232285889,1623000.0
20260813,13:21,801,DOWN_BLUE,FILTERED_OUT,TIME_WINDOW_PENDING_CONFIRMATION,0.10920270152103213,2.6364974245191544,0.5803398083443821,0.5803398083443821,1.1750154607297465,1617000.0
20260813,13:24,804,DOWN_BLUE,FILTERED_OUT,TW2_3SLOT_REJECT_TEG,0.11072493406877405,6.42843416476273,0.7253697410798569,0.5440273058098926,1.611903285802852,1613000.0
20260813,14:00,840,UP_RED,FILTERED_OUT,TIME_WINDOW_PENDING_CONFIRMATION,0.019638730130621996,0.14984298329871498,0.3993566325346871,0.3993566325346871,0.6815365551425031,1614000.0
20260813,14:03,843,UP_RED,FILTERED_OUT,TW2_3SLOT_REJECT_SAME_DIRECTION_AFTERNOON_2ND,0.001467682436441814,0.1961492991561232,0.1968927078049216,0.1968927078049216,0.6819590824550528,1613000.0
20260813,14:21,861,DOWN_BLUE,FILTERED_OUT,TIME_WINDOW_PENDING_CONFIRMATION,0.06133462807313025,1.232427399481015,0.6238000067815699,0.41586667118771325,0.6215040397762586,1609000.0
20260813,14:24,864,DOWN_BLUE,EXECUTED,,0.08615010694324952,3.862560989673316,0.8172791755924576,1.021598969490572,0.7476635514018692,1605000.0
20260813,15:15,915,UP_RED,BLOCKED,NEW_ENTRY_CUTOFF,0.06403950137687839,1.7882782781534574,0.1490371165484618,0.1490371165484618,1.4438166980539862,1593000.0
20260814,11:06,666,UP_RED,FILTERED_OUT,TIME_WINDOW_PENDING_CONFIRMATION,0.07074924213905055,9.920761731280272,0.3954261460135856,0.3459978777618874,1.582471089470481,1643000.0
20260814,11:09,669,UP_RED,FILTERED_OUT,TW2_REJECT_VWAP_VETO,0.047088941051070025,12.674277359624663,0.0,0.0,1.1564211807668898,1643000.0
20260814,11:54,714,DOWN_BLUE,FILTERED_OUT,TIME_WINDOW_PENDING_CONFIRMATION,0.10828539619432019,1.9298925562385059,1.075461430515322,1.075461430515322,1.3398294762484775,1642000.0
20260814,11:57,717,DOWN_BLUE,FILTERED_OUT,TW2_3SLOT_REJECT_TEG,0.08994276267251693,2.0126480943918175,0.2780462313791847,0.4170693470687771,1.402439024390244,1640000.0
20260814,12:27,747,UP_RED,FILTERED_OUT,TIME_WINDOW_PENDING_CONFIRMATION,0.031229251354034437,1.561016970985023,0.16416975890233726,0.16416975890233726,1.0955569080949483,1643000.0
20260814,12:30,750,UP_RED,FILTERED_OUT,TW2_REJECT_VWAP_VETO,0.032252417323889004,2.7117478761478186,0.1703446391992153,0.0,0.851581508515815,1644000.0
20260814,13:03,783,DOWN_BLUE,FILTERED_OUT,TIME_WINDOW_PENDING_CONFIRMATION,0.09166423069451464,0.8748442865665929,0.6872944291021192,0.859118036377649,0.8557457212713936,1636000.0
20260814,13:06,786,DOWN_BLUE,EXECUTED,,0.0218022284100309,1.6586304627792812,0.5081117217719531,0.5081117217719531,0.9151921903599756,1639000.0
20260814,13:15,795,UP_RED,FILTERED_OUT,TIME_WINDOW_PENDING_CONFIRMATION,0.05473473514704338,1.613901303094929,0.8179541321922718,0.6543633057538174,0.9113001215066828,1646000.0
20260814,13:18,798,UP_RED,FILTERED_OUT,TW2_3SLOT_REJECT_TEG,0.10279175947888361,5.536560098157592,1.1077632217306983,1.1077632217306983,1.2704174228675136,1653000.0
20260814,13:57,837,DOWN_BLUE,FILTERED_OUT,TIME_WINDOW_PENDING_CONFIRMATION,0.06907279681462714,2.1346487004900063,0.36294534970211795,0.36294534970211795,0.7263922518159807,1652000.0
20260814,14:00,840,DOWN_BLUE,EXECUTED,,0.056419526621413536,4.03098086800356,0.1803284131534752,0.3606568263069504,0.7268322228952151,1651000.0
20260814,14:36,876,UP_RED,FILTERED_OUT,TIME_WINDOW_PENDING_CONFIRMATION,0.1307876487366389,1.9706943471507734,1.98474501920495,1.8320723254199538,1.2688821752265862,1655000.0
20260814,14:39,879,UP_RED,FILTERED_OUT,TW2_3SLOT_REJECT_DAILY_SLOT_CAP,0.08408000212319607,5.169489426094666,0.0,0.15882113547990903,1.3293051359516617,1655000.0
20260814,15:06,906,DOWN_BLUE,BLOCKED,NEW_ENTRY_CUTOFF,0.052219326911748146,0.9987496679940778,0.1593703108698994,0.3187406217397988,1.21580547112462,1645000.0
20260818,12:03,723,UP_RED,FILTERED_OUT,TIME_WINDOW_PENDING_CONFIRMATION,0.06695120602101505,5.530031801486791,0.4150055235098269,0.3320044188078615,1.6636957813428401,1683000.0
20260818,12:06,726,UP_RED,FILTERED_OUT,REJECT_LOW_QUALITY_SCORE,0.030330205483061628,7.66738426760647,0.3401682418789416,0.25512618140920623,1.6081000595592614,1679000.0
20260818,12:36,756,DOWN_BLUE,FILTERED_OUT,TIME_WINDOW_PENDING_CONFIRMATION,0.054459121867662545,0.7967650967379142,0.7195558512475031,0.7195558512475031,2.1212121212121215,1650000.0
20260818,12:39,759,DOWN_BLUE,FILTERED_OUT,REJECT_NOT_CONFIRMED,0.038830740845423754,3.4721622613493555,0.9593007119766912,0.8720915563424465,2.107164358819988,1661000.0
20260818,12:39,759,UP_RED,FILTERED_OUT,TIME_WINDOW_PENDING_CONFIRMATION,0.038830740845423754,3.4721622613493555,0.9593007119766912,0.8720915563424465,2.107164358819988,1661000.0
20260818,12:42,762,UP_RED,FILTERED_OUT,REJECT_SHORT_FLAG_INTERVAL,0.07297410613035785,8.397121500961388,0.6199905812556585,0.6199905812556585,2.038369304556355,1668000.0
20260818,14:12,852,DOWN_BLUE,FILTERED_OUT,TIME_WINDOW_PENDING_CONFIRMATION,0.087607130681053,2.2464315885412187,0.8996649003685306,0.8996649003685306,1.8452380952380953,1680000.0
20260818,14:15,855,DOWN_BLUE,FILTERED_OUT,TW2_3SLOT_REJECT_TEG,0.08166233439840324,6.516677899661819,0.39967831044822993,0.5138721134334385,1.8490903668356695,1676500.0
20260818,15:15,915,UP_RED,BLOCKED,NEW_ENTRY_CUTOFF,0.11121276316994651,4.387255950031876,0.704349451893457,0.704349451893457,1.503307276007216,1663000.0
20260819,11:06,666,DOWN_BLUE,FILTERED_OUT,TIME_WINDOW_PENDING_CONFIRMATION,0.059319355040533275,7.1292214365185576,0.34154041304065286,0.4553872173875372,1.1757021554539515,1531000.0
20260819,11:09,669,DOWN_BLUE,EXECUTED,,0.05577449607961881,10.250773093556308,0.35238288137048135,0.35238288137048135,1.3089005235602094,1528000.0
20260819,11:51,711,UP_RED,FILTERED_OUT,TIME_WINDOW_PENDING_CONFIRMATION,0.04833943790806607,0.021912805189266086,0.3449226348561884,0.3449226348561884,0.7208387942332897,1526000.0
20260819,11:54,714,UP_RED,H50_SMALL_WHIPSAW_HOLD,H50_SMALL_WHIPSAW_HOLD,0.00858764136743499,0.34994842014651145,0.6881363369628278,0.8601704212035347,0.7227332457293035,1522000.0
20260819,12:30,750,DOWN_BLUE,FILTERED_OUT,TIME_WINDOW_PENDING_CONFIRMATION,0.028477409891291647,1.0747033328692912,0.2268769545208191,0.2268769545208191,0.8569545154911009,1517000.0
20260819,12:33,753,DOWN_BLUE,FILTERED_OUT,REJECT_DUPLICATE_POSITION,0.02519090304607878,1.7911142558132795,0.2321733109363613,0.2321733109363613,0.8575197889182058,1516000.0
20260819,12:54,774,UP_RED,SELL_EXECUTED_ENTRY_FILTERED,SMALL_WHIPSAW_HOLD_EXIT,0.07102961205491794,1.0499334412208179,0.22826848128028476,0.22826848128028476,0.9881422924901186,1518000.0
20260819,12:54,774,UP_RED,FILTERED_OUT,TIME_WINDOW_PENDING_CONFIRMATION,0.07102961205491794,1.0499334412208179,0.22826848128028476,0.22826848128028476,0.9881422924901186,1518000.0
20260819,12:57,777,UP_RED,FILTERED_OUT,TW2_3SLOT_REJECT_DAILY_SLOT_CAP,0.06538169123039005,2.8924021643418576,0.23352606297828715,0.0,0.7899934167215273,1519000.0
20260819,13:15,795,DOWN_BLUE,FILTERED_OUT,TIME_WINDOW_PENDING_CONFIRMATION,0.045708499476201335,0.7581204208574237,0.5162167379314162,0.5162167379314162,0.728476821192053,1510000.0
20260819,13:18,798,DOWN_BLUE,FILTERED_OUT,TW2_3SLOT_REJECT_DAILY_SLOT_CAP,0.003950803601232339,0.8563541156009536,0.26481827924605034,0.0,0.727994705493051,1511000.0
20260819,13:24,804,UP_RED,FILTERED_OUT,TIME_WINDOW_PENDING_CONFIRMATION,0.1500994926487921,3.6369287612308856,2.0201669626997085,2.0201669626997085,0.7236842105263158,1520000.0
20260819,13:27,807,UP_RED,FILTERED_OUT,TW2_3SLOT_REJECT_DAILY_SLOT_CAP,0.07563870578739407,5.648230076299704,0.24787143340383355,0.24787143340383355,0.7241606319947334,1519000.0
20260819,13:45,825,DOWN_BLUE,FILTERED_OUT,TIME_WINDOW_PENDING_CONFIRMATION,0.04911539940507556,0.4320301189960835,0.48277069075031537,0.48277069075031537,0.8614976805831678,1509000.0
20260819,13:48,828,DOWN_BLUE,FILTERED_OUT,TW2_3SLOT_REJECT_DAILY_SLOT_CAP,0.05729080676660345,1.9765007446539828,0.4924739745535944,0.2462369872767972,0.9953550099535502,1507000.0
20260819,14:03,843,UP_RED,FILTERED_OUT,TIME_WINDOW_PENDING_CONFIRMATION,0.15945899860627333,2.28034459482354,1.900922197783647,1.6633069230606912,1.0554089709762533,1516000.0
20260819,14:06,846,UP_RED,FILTERED_OUT,TW2_3SLOT_REJECT_DAILY_SLOT_CAP,0.1571176925285785,6.756796831037194,0.9224136844779172,0.9224136844779172,1.0526315789473684,1520000.0
20260819,14:39,879,DOWN_BLUE,FILTERED_OUT,TIME_WINDOW_PENDING_CONFIRMATION,0.08322257069265633,0.13684591017294906,0.6987650779195514,0.6987650779195514,0.92899800928998,1507000.0
20260819,14:42,882,DOWN_BLUE,FILTERED_OUT,TW2_3SLOT_REJECT_DAILY_SLOT_CAP,0.02042337329197099,0.7148989891782428,0.4681276216816596,0.3510957162612447,0.9277667329357191,1509000.0
20260820,10:24,624,DOWN_BLUE,FILTERED_OUT,TIME_WINDOW_PENDING_CONFIRMATION,0.0340810519834704,1.1467019867241828,0.08415471128021561,0.08415471128021561,2.403846153846154,1664000.0
20260820,10:27,627,DOWN_BLUE,FILTERED_OUT,TW2_REJECT_VWAP_VETO,0.05787559775701703,5.198843068148635,0.43082918055459846,0.43082918055459846,2.3508137432188065,1659000.0
20260820,10:39,639,UP_RED,FILTERED_OUT,TIME_WINDOW_PENDING_CONFIRMATION,0.03929896724480732,0.22841829815778258,0.278939084484896,0.278939084484896,1.4898688915375446,1678000.0
20260820,10:42,642,UP_RED,EXECUTED,,0.05240463657993155,3.0358038828405265,0.5721467796020274,0.4767889830016895,1.72209026128266,1684000.0
20260820,11:00,660,DOWN_BLUE,FILTERED_OUT,TIME_WINDOW_PENDING_CONFIRMATION,0.052947884718976164,0.8412813363689937,0.30374261922913853,0.30374261922913853,2.6112759643916914,1685000.0
20260820,11:03,663,DOWN_BLUE,TIME_WINDOW_WHIPSAW_HOLD,REJECT_NOT_CONFIRMED,0.025928054841488586,0.7409793212832482,1.066495424218444,1.066495424218444,2.535377358490566,1696000.0
20260820,11:03,663,UP_RED,FILTERED_OUT,TIME_WINDOW_PENDING_CONFIRMATION,0.025928054841488586,0.7409793212832482,1.066495424218444,1.066495424218444,2.535377358490566,1696000.0
20260820,11:06,666,UP_RED,FILTERED_OUT,REJECT_SHORT_FLAG_INTERVAL,0.004751129801977003,1.0152818821230853,0.0,0.10212714367007217,2.535377358490566,1696000.0
20260820,11:12,672,DOWN_BLUE,FILTERED_OUT,TIME_WINDOW_PENDING_CONFIRMATION,0.05905668859439956,2.0531117059717174,0.7485813948826114,0.7485813948826114,1.655824955647546,1691000.0
20260820,11:15,675,DOWN_BLUE,SELL_EXECUTED_ENTRY_FILTERED,REJECT_LOW_QUALITY_SCORE,0.055569203942191205,5.050349050656891,0.10974946256808311,0.0,1.36094674556213,1690000.0
20260820,12:18,738,UP_RED,FILTERED_OUT,TIME_WINDOW_PENDING_CONFIRMATION,0.06297406968167221,1.2454708476736012,0.4009429219551731,0.5345905626068975,1.3025458851391356,1689000.0
20260820,12:21,741,UP_RED,EXECUTED,,0.03705815528418213,2.8325914805371797,0.0,0.0,1.4209591474245116,1689000.0
20260820,12:36,756,DOWN_BLUE,FILTERED_OUT,TIME_WINDOW_PENDING_CONFIRMATION,0.052620901723777085,0.6552302745069111,0.47394657281291214,0.47394657281291214,1.06951871657754,1683000.0
20260820,12:39,759,DOWN_BLUE,H50_SMALL_WHIPSAW_HOLD,H50_SMALL_WHIPSAW_HOLD,0.015076995692186434,0.09002177302845321,0.7928619218812079,0.7928619218812079,0.8886255924170616,1688000.0
20260820,12:42,762,UP_RED,FILTERED_OUT,TIME_WINDOW_PENDING_CONFIRMATION,0.027846118744209305,0.8984864870767739,0.3334068105163877,0.3334068105163877,0.8875739644970414,1690000.0
20260820,12:45,765,UP_RED,FILTERED_OUT,REJECT_DUPLICATE_POSITION,0.05512394024997003,2.84840716645458,0.6668031221438325,0.6668031221438325,1.062573789846517,1694000.0
20260820,13:33,813,DOWN_BLUE,FILTERED_OUT,TIME_WINDOW_PENDING_CONFIRMATION,0.13380424994624943,2.972861602010275,1.187592629793275,1.187592629793275,1.643192488262911,1704000.0
20260820,13:36,816,DOWN_BLUE,H50_SMALL_WHIPSAW_HOLD,H50_SMALL_WHIPSAW_HOLD,0.07940859388243411,5.7198330534770445,0.16943900786246344,0.16943900786246344,1.6422287390029326,1705000.0
20260820,13:39,819,DOWN_BLUE,SELL_EXECUTED_ENTRY_FILTERED,SMALL_WHIPSAW_HOLD_EXIT,0.0741311297137397,8.267560240690068,0.34261756310067754,0.34261756310067754,1.3505578391074575,1703000.0
20260820,14:36,876,UP_RED,FILTERED_OUT,TIME_WINDOW_PENDING_CONFIRMATION,0.0576621301378841,0.07870984028779135,0.2969996158162963,0.44549942372444445,1.360141927853341,1691000.0
20260820,14:39,879,UP_RED,EXECUTED,,0.012112345530831318,0.5531655331558109,0.45384699785655985,0.45384699785655985,1.1848341232227488,1688000.0
20260820,14:42,882,DOWN_BLUE,FILTERED_OUT,TIME_WINDOW_PENDING_CONFIRMATION,0.01809659134928016,0.14341638208126542,0.4618833839523706,0.4618833839523706,1.1869436201780417,1685000.0
20260820,14:45,885,DOWN_BLUE,SELL_EXECUTED_ENTRY_FILTERED,TW2_3SLOT_REJECT_DAILY_SLOT_CAP,0.04577953611842282,1.922434776139747,0.6124442261473714,0.6124442261473714,1.189767995240928,1681000.0
20260820,15:06,906,UP_RED,BLOCKED,NEW_ENTRY_CUTOFF,0.1997230791848944,1.4556682791012796,2.1672684701085023,2.0397820895138845,1.8321513002364065,1692000.0
20260821,10:09,609,DOWN_BLUE,SELL_EXECUTED_ENTRY_FILTERED,C1_PEAK_PROTECTION_EXIT,0.10811143839878691,1.6052131404902352,0.24290161395553667,0.24290161395553667,3.4502587694077054,1739000.0
20260821,10:09,609,DOWN_BLUE,FILTERED_OUT,TIME_WINDOW_PENDING_CONFIRMATION,0.10811143839878691,1.6052131404902352,0.24290161395553667,0.24290161395553667,3.4502587694077054,1739000.0
20260821,10:12,612,DOWN_BLUE,FILTERED_OUT,TW_TEG_3SLOT_REJECT_CHOP_TEG,0.040528205354896034,4.443226796384428,0.5712326058149089,0.5712326058149089,3.2073310423825885,1746000.0
20260821,10:18,618,UP_RED,FILTERED_OUT,TIME_WINDOW_PENDING_CONFIRMATION,0.053894463115702666,0.42736188142061865,0.8082606832447056,0.8082606832447056,2.26628895184136,1765000.0
20260821,10:21,621,UP_RED,EXECUTED,,0.029999800177081447,2.4636602525269558,0.0834131726905579,0.1668263453811158,2.0951302378255945,1766000.0
20260821,10:30,630,DOWN_BLUE,FILTERED_OUT,TIME_WINDOW_PENDING_CONFIRMATION,0.023705247449692362,1.1891523349410502,0.25671438502093574,0.25671438502093574,1.9296254256526675,1762000.0
20260821,10:33,633,DOWN_BLUE,EXECUTED,,0.09319165940779872,7.550818772022367,1.0903439354151114,1.0903439354151114,1.9439679817038307,1749000.0
20260821,11:36,696,UP_RED,FILTERED_OUT,TIME_WINDOW_PENDING_CONFIRMATION,0.04245628443863135,1.4885925802330218,0.35636064801141437,0.47514753068188587,1.2492901760363428,1761000.0
20260821,11:39,699,UP_RED,FILTERED_OUT,TW2_3SLOT_REJECT_DAILY_SLOT_CAP,0.038323652474592254,3.2327509420871308,0.24902237985527914,0.12451118992763957,1.3045944412932502,1763000.0
20260821,12:06,726,DOWN_BLUE,FILTERED_OUT,TIME_WINDOW_PENDING_CONFIRMATION,0.08747398685280769,1.4959781760110424,1.0429488786528205,1.0429488786528205,0.8537279453614115,1757000.0
20260821,12:09,729,DOWN_BLUE,FILTERED_OUT,TW2_REJECT_VWAP_VETO,0.05941797799064098,3.7243962915626447,0.0,0.1517572425433966,0.796812749003984,1757000.0
20260821,13:51,831,UP_RED,FILTERED_OUT,TIME_WINDOW_PENDING_CONFIRMATION,0.09416617154522398,2.411842024430355,0.4778577271762194,0.4778577271762194,1.2650948821161587,1739000.0
20260821,13:54,834,UP_RED,FILTERED_OUT,TW2_3SLOT_REJECT_DAILY_SLOT_CAP,0.053080262537206276,4.324534762266345,0.15979135817983986,0.15979135817983986,1.0356731875719216,1738000.0
20260821,14:45,885,DOWN_BLUE,FILTERED_OUT,TIME_WINDOW_PENDING_CONFIRMATION,0.06263853583996744,0.5357418716872822,0.19682799968478368,0.19682799968478368,0.6924408540103866,1733000.0
20260821,14:48,888,DOWN_BLUE,FILTERED_OUT,TW2_3SLOT_REJECT_DAILY_SLOT_CAP,0.07410606311339227,2.7105154670661684,0.5911536918031871,0.7882049224042496,0.8092485549132947,1730000.0
20260824,09:54,594,UP_RED,FILTERED_OUT,TIME_WINDOW_PENDING_CONFIRMATION,0.0706848752511566,6.261169468668277,0.15480065246211897,0.23220097869317846,2.2209567198177673,1756000.0
20260824,09:57,597,UP_RED,EXECUTED,,0.05180149395065639,9.921026357419674,0.08047921999538825,0.1609584399907765,1.9920318725099602,1757000.0
20260824,10:36,636,DOWN_BLUE,FILTERED_OUT,TIME_WINDOW_PENDING_CONFIRMATION,0.08998166878009342,4.042632734798876,0.2943600138755225,0.2943600138755225,1.4908256880733946,1744000.0
20260824,10:39,639,DOWN_BLUE,EXECUTED,,0.06631216535592423,7.840097791458746,0.20073005332173072,0.20073005332173072,1.8369690011481057,1742000.0
20260824,11:30,690,UP_RED,FILTERED_OUT,TIME_WINDOW_PENDING_CONFIRMATION,0.05516196641336575,1.6951249433600675,0.20428097176235613,0.20428097176235613,2.39067055393586,1715000.0
20260824,11:33,693,UP_RED,SELL_EXECUTED_ENTRY_FILTERED,REJECT_LOW_QUALITY_SCORE,0.08445113546716641,6.360619931845603,0.6302725203993896,0.6302725203993896,1.8593840790238232,1721000.0
20260824,11:54,714,DOWN_BLUE,FILTERED_OUT,TIME_WINDOW_PENDING_CONFIRMATION,0.08695649468699308,0.5395526677350021,0.5904982805502343,0.5904982805502343,1.7657445556209534,1699000.0
20260824,11:57,717,DOWN_BLUE,FILTERED_OUT,REJECT_NOT_CONFIRMED,0.021482644875272003,0.5779993284732536,1.0155023106555812,1.0155023106555812,1.8149882903981265,1708000.0
20260824,11:57,717,UP_RED,FILTERED_OUT,TIME_WINDOW_PENDING_CONFIRMATION,0.021482644875272003,0.5779993284732536,1.0155023106555812,1.0155023106555812,1.8149882903981265,1708000.0
20260824,12:00,720,UP_RED,FILTERED_OUT,REJECT_SHORT_FLAG_INTERVAL,0.014187952011866052,1.2979702262601407,0.11549828786297803,0.11549828786297803,1.8160515524311658,1707000.0
20260824,12:03,723,DOWN_BLUE,FILTERED_OUT,TIME_WINDOW_PENDING_CONFIRMATION,0.04971550385276819,1.2686736118236939,1.023925888958869,1.023925888958869,1.8256772673733805,1698000.0
20260824,12:06,726,DOWN_BLUE,FILTERED_OUT,TW2_3SLOT_REJECT_TEG,0.0073341144958732766,1.6347067284993233,0.2347691769226086,0.1173845884613043,1.8235294117647058,1700000.0
20260824,12:39,759,UP_RED,FILTERED_OUT,TIME_WINDOW_PENDING_CONFIRMATION,0.08951313359069772,0.9282046616124613,0.260178928312296,0.130089464156148,1.7814726840855106,1684000.0
20260824,12:42,762,UP_RED,FILTERED_OUT,REJECT_LOW_QUALITY_SCORE,0.1115752523570569,5.923893635294617,0.6608060798389331,0.6608060798389331,1.5985790408525755,1689000.0
20260824,14:00,840,DOWN_BLUE,FILTERED_OUT,TIME_WINDOW_PENDING_CONFIRMATION,0.0782964482229615,1.1645884046362664,0.1706438550723,0.1706438550723,0.9461856889414548,1691000.0
20260824,14:03,843,DOWN_BLUE,FILTERED_OUT,TW2_3SLOT_REJECT_TEG,0.0843476756622305,3.9928356058416865,0.5304231951178885,0.5304231951178885,0.9478672985781991,1688000.0
20260824,14:12,852,UP_RED,FILTERED_OUT,TIME_WINDOW_PENDING_CONFIRMATION,0.10268491619277777,3.001518935103125,1.170368341449131,1.0031728640992552,0.997067448680352,1705000.0
20260824,14:15,855,UP_RED,FILTERED_OUT,TW2_REJECT_VWAP_VETO,0.027028962335157405,3.9455101180441354,0.5075326341180573,0.5075326341180573,0.9988249118683901,1702000.0
20260824,14:21,861,DOWN_BLUE,FILTERED_OUT,TIME_WINDOW_PENDING_CONFIRMATION,0.08895827612427931,1.2173015489206387,0.8072816527450302,0.6458253221960242,1.0053222945002958,1691000.0
20260824,14:24,864,DOWN_BLUE,FILTERED_OUT,TW2_3SLOT_REJECT_TEG,0.10596046631711611,5.14963368866498,0.7998434336715494,0.7998434336715494,1.1269276393831553,1686000.0
20260824,15:18,918,UP_RED,BLOCKED,NEW_ENTRY_CUTOFF,0.11822579045237658,2.2368129544335957,1.5782873514032227,1.4204586162629005,1.0107015457788349,1682000.0
20260825,09:33,573,UP_RED,SELL_EXECUTED_ENTRY_FILTERED,TW_TEG_3SLOT_REJECT_CHOP_TEG,0.0583678581970681,2.323192979396158,0.24576468105134322,0.24576468105134322,3.790271636133923,1583000.0
20260825,11:18,678,DOWN_BLUE,FILTERED_OUT,TIME_WINDOW_PENDING_CONFIRMATION,0.025113214090481235,1.1962645451214713,0.24517182323191763,0.24517182323191763,1.3190954773869346,1592000.0
20260825,11:21,681,DOWN_BLUE,FILTERED_OUT,REJECT_NOT_CONFIRMED,0.007047675288930226,0.8340620758202728,0.3682657497442752,0.3682657497442752,1.316614420062696,1595000.0
20260825,11:21,681,UP_RED,FILTERED_OUT,TIME_WINDOW_PENDING_CONFIRMATION,0.007047675288930226,0.8340620758202728,0.3682657497442752,0.3682657497442752,1.316614420062696,1595000.0
20260825,11:24,684,UP_RED,FILTERED_OUT,TW2_3SLOT_REJECT_TEG,0.01165067217834115,0.2604864636763703,0.12738646681003996,0.12738646681003996,1.3157894736842104,1596000.0
20260825,11:27,687,DOWN_BLUE,FILTERED_OUT,TIME_WINDOW_PENDING_CONFIRMATION,0.018722085487392886,1.1848387957462274,0.38163896116484103,0.38163896116484103,1.3182674199623352,1593000.0
20260825,11:30,690,DOWN_BLUE,FILTERED_OUT,TW2_3SLOT_REJECT_TEG,0.004352429161175998,1.3931564579071596,0.1306081943158021,0.2612163886316042,1.3174404015056462,1594000.0
20260825,11:33,693,UP_RED,FILTERED_OUT,TIME_WINDOW_PENDING_CONFIRMATION,0.04678725918650171,0.858155774631726,0.7811458415129922,0.7811458415129922,0.75,1600000.0
20260825,11:36,696,UP_RED,FILTERED_OUT,TW2_3SLOT_REJECT_TEG,0.01042118176172705,1.333676390203801,0.2749051478997308,0.2749051478997308,0.7509386733416771,1598000.0
20260825,11:39,699,DOWN_BLUE,FILTERED_OUT,TIME_WINDOW_PENDING_CONFIRMATION,0.05695690858186635,1.3346247195270868,0.937098899205604,0.937098899205604,0.6913890634820867,1591000.0
20260825,11:42,702,DOWN_BLUE,FILTERED_OUT,REJECT_MACD_GAP_NOT_EXPANDING,0.006646193326513952,1.0237495433326749,0.6788983884552633,0.6788983884552633,0.6892230576441103,1596000.0
20260825,12:12,732,UP_RED,FILTERED_OUT,TIME_WINDOW_PENDING_CONFIRMATION,0.05707307334247594,0.6790808107997769,0.7797042866221554,0.6237634292977243,1.0025062656641603,1596000.0
20260825,12:15,735,UP_RED,EXECUTED,,0.03597025749772146,2.0855162469876776,0.0,0.0,1.0025062656641603,1596000.0
20260825,12:57,777,DOWN_BLUE,FILTERED_OUT,TIME_WINDOW_PENDING_CONFIRMATION,0.07240408172989764,2.6762248104705098,0.32192541783284473,0.48288812674926707,1.4312383322962041,1607000.0
20260825,13:00,780,DOWN_BLUE,H50_SMALL_WHIPSAW_HOLD,H50_SMALL_WHIPSAW_HOLD,0.0024320100377930444,2.5744237602678495,0.806785775429203,0.806785775429203,1.4267990074441688,1612000.0
20260825,13:03,783,UP_RED,FILTERED_OUT,TIME_WINDOW_PENDING_CONFIRMATION,0.09463255254674258,1.2990380651265883,1.5124243016101298,1.5124243016101298,1.0480887792848335,1622000.0
20260825,13:06,786,UP_RED,FILTERED_OUT,TW2_3SLOT_REJECT_SAME_DIRECTION_AFTERNOON_2ND,0.12237896932568595,6.492144499174748,1.1551784753353753,1.0107811659184534,1.5337423312883436,1630000.0
20260825,13:51,831,DOWN_BLUE,FILTERED_OUT,TIME_WINDOW_PENDING_CONFIRMATION,0.14483365942482126,0.8085961829128325,1.6799964477925902,1.8092269437766357,1.5873015873015872,1638000.0
20260825,13:54,834,DOWN_BLUE,FILTERED_OUT,TW2_REJECT_VWAP_VETO,0.10544904947219597,5.618246830683538,0.0,0.0,1.4041514041514043,1638000.0
20260825,14:21,861,UP_RED,FILTERED_OUT,TIME_WINDOW_PENDING_CONFIRMATION,0.07142391247159866,0.7726472057331402,0.5080025140819415,0.5080025140819415,1.6265060240963853,1660000.0
20260825,14:24,864,UP_RED,EXECUTED,,0.09012472199408407,5.108492121702632,0.8721833295835089,0.8721833295835089,2.039592081583683,1667000.0
20260826,10:18,618,UP_RED,FILTERED_OUT,TIME_WINDOW_PENDING_CONFIRMATION,0.07239750068823247,8.41654249137716,0.5342274702966392,0.5342274702966392,1.5910430170889804,1697000.0
20260826,10:21,621,UP_RED,EXECUTED,,0.027768701674731083,9.932173938477062,0.2176092215494582,0.2176092215494582,1.592920353982301,1695000.0
20260826,10:27,627,DOWN_BLUE,FILTERED_OUT,TIME_WINDOW_PENDING_CONFIRMATION,0.07771535088121462,3.74904681828864,0.7689535564262338,0.7689535564262338,1.6061867935752527,1681000.0
20260826,10:30,630,DOWN_BLUE,EXECUTED,,0.04367926881543614,1.4403817046690215,0.11259210120949462,0.11259210120949462,1.6052318668252081,1682000.0
20260826,11:09,669,UP_RED,FILTERED_OUT,TIME_WINDOW_PENDING_CONFIRMATION,0.04097840392378567,2.741053615318622,0.5894870663361966,0.5894870663361966,1.0107015457788349,1682000.0
20260826,11:12,672,UP_RED,SELL_EXECUTED_ENTRY_FILTERED,TW2_3SLOT_REJECT_TEG,0.08928102422071886,6.437928733269838,0.9978385276453533,0.85529016655316,1.1841326228537596,1689000.0
20260827,10:27,627,UP_RED,FILTERED_OUT,TIME_WINDOW_PENDING_CONFIRMATION,0.08423447119578512,13.69118257616116,0.40556703734270527,0.3244536298741642,1.8401380103507763,1739000.0
20260827,10:30,630,UP_RED,EXECUTED,,0.04647005685790487,16.87452868904204,0.08420068297803195,0.0,1.89873417721519,1738000.0
20260827,10:48,648,DOWN_BLUE,FILTERED_OUT,TIME_WINDOW_PENDING_CONFIRMATION,0.03167644025396086,8.217230610447315,0.423760454970731,0.423760454970731,1.9091698004049755,1728500.0
20260827,10:51,651,DOWN_BLUE,FILTERED_OUT,REJECT_NOT_CONFIRMED,0.016862654738198035,9.203825936948256,0.6209497896840565,0.5731844212468213,1.7867435158501441,1735000.0
20260827,10:51,651,UP_RED,FILTERED_OUT,TIME_WINDOW_PENDING_CONFIRMATION,0.016862654738198035,9.203825936948256,0.6209497896840565,0.5731844212468213,1.7867435158501441,1735000.0
20260827,10:54,654,UP_RED,EXECUTED,,0.0440347161809318,11.775127942210318,0.5830019282329867,0.5830019282329867,1.3785180930499714,1741000.0
20260827,11:30,690,DOWN_BLUE,FILTERED_OUT,TIME_WINDOW_PENDING_CONFIRMATION,0.060222128984525204,2.1291717076039363,0.25611541350219935,0.384173120253299,0.632183908045977,1740000.0
20260827,11:33,693,DOWN_BLUE,H50_SMALL_WHIPSAW_HOLD,H50_SMALL_WHIPSAW_HOLD,0.0009861630055047548,2.079266104114479,0.6450618092708749,0.5160494474166999,0.6303724928366762,1745000.0
20260827,11:39,699,UP_RED,FILTERED_OUT,TIME_WINDOW_PENDING_CONFIRMATION,0.007722750810757495,3.272976403702263,0.0,0.14035570256752436,0.6292906178489702,1748000.0
20260827,11:42,702,UP_RED,FILTERED_OUT,REJECT_NOT_CONFIRMED,0.019732227203698886,2.480608649446535,0.2839128425381805,0.2839128425381805,0.6300114547537228,1746000.0
20260827,11:42,702,DOWN_BLUE,FILTERED_OUT,TIME_WINDOW_PENDING_CONFIRMATION,0.019732227203698886,2.480608649446535,0.2839128425381805,0.2839128425381805,0.6300114547537228,1746000.0
20260827,11:45,705,DOWN_BLUE,H50_SMALL_WHIPSAW_HOLD,H50_SMALL_WHIPSAW_HOLD,0.018268852299858064,1.7550757228745777,0.0,0.0,0.6300114547537228,1746000.0
20260827,11:54,714,UP_RED,FILTERED_OUT,TIME_WINDOW_PENDING_CONFIRMATION,0.06976242440248094,4.212600085397388,0.9959443717372466,0.9959443717372466,1.082004555808656,1756000.0
20260827,11:57,717,UP_RED,FILTERED_OUT,REJECT_DUPLICATE_POSITION,0.027103335542205988,5.267039672459108,0.14679581685659202,0.14679581685659202,1.0826210826210827,1755000.0
20260827,12:12,732,DOWN_BLUE,FILTERED_OUT,TIME_WINDOW_PENDING_CONFIRMATION,0.06212759400523765,0.3549043683552347,0.46987095771293985,0.3132473051419599,0.9148084619782733,1749000.0
20260827,12:15,735,DOWN_BLUE,H50_SMALL_WHIPSAW_HOLD,H50_SMALL_WHIPSAW_HOLD,0.06482351721010203,1.9770826315525498,0.3181763508339133,0.15908817541695666,0.9158557527189467,1747000.0
20260827,12:33,753,DOWN_BLUE,SELL_EXECUTED_ENTRY_FILTERED,SMALL_WHIPSAW_HOLD_EXIT,0.0020802755283040814,4.036484166845735,0.3328652624187877,0.3328652624187877,0.7432818753573471,1749000.0
20260827,13:24,804,UP_RED,FILTERED_OUT,TIME_WINDOW_PENDING_CONFIRMATION,0.06468382861454891,1.9283598270604556,0.0,0.18639555139437192,0.6876790830945558,1745000.0
20260827,13:27,807,UP_RED,FILTERED_OUT,TW2_3SLOT_REJECT_DAILY_SLOT_CAP,0.028667362763615298,2.7953118715436127,0.18984555768487898,0.18984555768487898,0.7454128440366973,1744000.0
20260827,13:36,816,DOWN_BLUE,FILTERED_OUT,TIME_WINDOW_PENDING_CONFIRMATION,0.00807002916967955,0.09306069146183173,0.0,0.17322614763700542,0.8050603795284648,1739000.0
20260827,13:39,819,DOWN_BLUE,FILTERED_OUT,TW2_3SLOT_REJECT_DAILY_SLOT_CAP,0.03519808981784756,1.281452586651236,0.5119054139297807,0.6825405519063743,0.8064516129032258,1736000.0
20260827,14:51,891,UP_RED,FILTERED_OUT,TIME_WINDOW_PENDING_CONFIRMATION,0.04212380948158503,0.5167005521722174,0.1648341054985448,0.1648341054985448,0.8715862870424171,1721000.0
20260827,14:54,894,UP_RED,FILTERED_OUT,REJECT_NOT_CONFIRMED,0.019457890341872883,0.18536198227333325,0.8058279919247184,0.8058279919247184,0.7575757575757576,1716000.0
20260827,14:54,894,DOWN_BLUE,FILTERED_OUT,TIME_WINDOW_PENDING_CONFIRMATION,0.019457890341872883,0.18536198227333325,0.8058279919247184,0.8058279919247184,0.7575757575757576,1716000.0
20260827,14:57,897,DOWN_BLUE,FILTERED_OUT,REJECT_SHORT_FLAG_INTERVAL,0.025063209309269818,1.1116341469224993,0.3158047578888236,0.3158047578888236,0.8751458576429404,1714000.0
20260827,15:15,915,UP_RED,BLOCKED,NEW_ENTRY_CUTOFF,0.10745399513117043,3.7285362103974506,1.148222384010416,1.2302382685825886,0.8710801393728222,1722000.0
20260828,10:36,636,UP_RED,FILTERED_OUT,TIME_WINDOW_PENDING_CONFIRMATION,0.06714258460351263,2.3586393618043284,0.6616782328090021,0.551398527340835,0.9329446064139941,1715000.0
20260828,10:39,639,UP_RED,H50_SMALL_WHIPSAW_HOLD,H50_SMALL_WHIPSAW_HOLD,0.01249709163087673,3.0279742554805176,0.8897216233724119,0.8897216233724119,0.9373169302870533,1707000.0
20260828,10:39,639,DOWN_BLUE,FILTERED_OUT,TIME_WINDOW_PENDING_CONFIRMATION,0.01249709163087673,3.0279742554805176,0.8897216233724119,0.8897216233724119,0.9373169302870533,1707000.0
20260828,10:42,642,DOWN_BLUE,FILTERED_OUT,REJECT_DUPLICATE_POSITION,0.005288264885647594,3.302125125268471,0.0,0.0,0.9373169302870533,1707000.0
20260828,11:03,663,UP_RED,FILTERED_OUT,TIME_WINDOW_PENDING_CONFIRMATION,0.01638038967959704,1.1149737200262229,0.0,0.0,0.9373169302870533,1707000.0
20260828,11:06,666,UP_RED,H50_SMALL_WHIPSAW_HOLD,H50_SMALL_WHIPSAW_HOLD,0.03056556944753845,0.17391631939449687,0.27780780531147603,0.27780780531147603,0.9362200117027502,1709000.0
20260828,11:12,672,DOWN_BLUE,FILTERED_OUT,TIME_WINDOW_PENDING_CONFIRMATION,0.02631691158155467,1.5806930054465256,0.28187882724118396,0.14093941362059198,0.7633587786259541,1703000.0
20260828,11:15,675,DOWN_BLUE,FILTERED_OUT,REJECT_NOT_CONFIRMED,0.022782541465528747,0.6404603089898435,0.5700429281941289,0.5700429281941289,0.5858230814294083,1707000.0
20260828,11:15,675,UP_RED,FILTERED_OUT,TIME_WINDOW_PENDING_CONFIRMATION,0.022782541465528747,0.6404603089898435,0.5700429281941289,0.5700429281941289,0.5858230814294083,1707000.0
20260828,11:18,678,UP_RED,H50_SMALL_WHIPSAW_HOLD,H50_SMALL_WHIPSAW_HOLD,0.044399135407956744,1.1451821405597291,0.43649424420428734,0.43649424420428734,0.5847953216374269,1710000.0
20260828,11:30,690,DOWN_BLUE,FILTERED_OUT,TIME_WINDOW_PENDING_CONFIRMATION,0.010476725390196047,1.107206394432435,0.0,0.15738578276507742,0.5868544600938966,1704000.0
20260828,11:33,693,DOWN_BLUE,FILTERED_OUT,REJECT_DUPLICATE_POSITION,0.014451864763858069,1.6267197254765169,0.16355219893493167,0.16355219893493167,0.5871990604815032,1703000.0
20260828,11:39,699,UP_RED,SELL_EXECUTED_ENTRY_FILTERED,SMALL_WHIPSAW_HOLD_EXIT,0.013254035500867449,3.7837228508203853,0.16994574526995385,0.16994574526995385,0.823529411764706,1700000.0
20260828,12:30,750,UP_RED,FILTERED_OUT,TIME_WINDOW_PENDING_CONFIRMATION,0.022321434158818522,0.11120728449112265,0.2524986444008925,0.2524986444008925,0.5319148936170213,1692000.0
20260828,12:33,753,UP_RED,FILTERED_OUT,TW2_3SLOT_REJECT_TEG,0.03841024039399624,0.7718211348581643,0.25694945059595364,0.5138989011919073,0.531600708800945,1693000.0
20260828,12:36,756,DOWN_BLUE,FILTERED_OUT,TIME_WINDOW_PENDING_CONFIRMATION,0.064924005509553,0.8086363472941465,1.4584951640306463,1.4584951640306463,0.7113218731475993,1687000.0
20260828,12:39,759,DOWN_BLUE,FILTERED_OUT,TW2_3SLOT_REJECT_TEG,0.09246500712035038,3.1054963785841894,0.9575959473604299,0.9575959473604299,0.9506833036244802,1683000.0
20260828,12:54,774,UP_RED,FILTERED_OUT,TIME_WINDOW_PENDING_CONFIRMATION,0.09866672758968578,0.15693948272682615,0.44261523647832857,0.44261523647832857,1.1249259917110717,1689000.0
20260828,12:57,777,UP_RED,FILTERED_OUT,TW2_3SLOT_REJECT_TEG,0.13101590621271278,3.898780472936558,1.0333359410165943,1.2400031292199132,1.2396694214876034,1694000.0
20260828,13:39,819,DOWN_BLUE,FILTERED_OUT,TIME_WINDOW_PENDING_CONFIRMATION,0.02234258924769126,0.4906825980012534,0.0,0.0,0.6535947712418301,1683000.0
20260828,13:42,822,DOWN_BLUE,FILTERED_OUT,TW2_3SLOT_REJECT_TEG,0.00932879096373081,0.7511646390758804,0.0,0.0,0.6535947712418301,1683000.0
20260828,14:00,840,UP_RED,FILTERED_OUT,TIME_WINDOW_PENDING_CONFIRMATION,0.027852459964574385,0.09852521613710943,0.2427536274981708,0.0,0.53475935828877,1683000.0
20260828,14:03,843,UP_RED,FILTERED_OUT,REJECT_NOT_CONFIRMED,0.024231669420297954,0.4942354114982312,0.7297717962880073,0.7297717962880073,0.4761904761904762,1680000.0
20260828,14:03,843,DOWN_BLUE,FILTERED_OUT,TIME_WINDOW_PENDING_CONFIRMATION,0.024231669420297954,0.4942354114982312,0.7297717962880073,0.7297717962880073,0.4761904761904762,1680000.0
20260828,14:06,846,DOWN_BLUE,FILTERED_OUT,REJECT_MACD_GAP_NOT_EXPANDING,0.006512075276822096,0.3349958372050053,0.24372680404288358,0.24372680404288358,0.41641879833432477,1681000.0
20260828,14:30,870,UP_RED,FILTERED_OUT,TIME_WINDOW_PENDING_CONFIRMATION,0.06381782873119907,0.11122002447467944,0.22367975763938455,0.22367975763938455,0.7742703990470519,1679000.0
20260828,14:33,873,UP_RED,FILTERED_OUT,TW2_REJECT_VWAP_VETO,0.010107317566894834,0.3788881039366419,0.5634364754091988,0.33806188524551933,0.7754249925439904,1676500.0
20260828,14:39,879,DOWN_BLUE,FILTERED_OUT,TIME_WINDOW_PENDING_CONFIRMATION,0.04366557369400993,1.0468996206379686,0.6751925373310822,0.45012835822072145,0.777511961722488,1672000.0
20260828,14:42,882,DOWN_BLUE,EXECUTED,,0.03444423259424943,1.9421471522196818,0.23040980951044035,0.23040980951044035,0.6582884500299222,1671000.0
20260828,14:57,897,UP_RED,FILTERED_OUT,TIME_WINDOW_PENDING_CONFIRMATION,0.0751679255140954,0.3866845091801981,0.7571075444316399,0.5047383629544265,0.6571087216248507,1674000.0
20260828,15:00,900,UP_RED,FILTERED_OUT,REJECT_TIME_WINDOW,0.053905760157955014,1.6635268633912734,0.0,0.0,0.6571087216248507,1674000.0
20260828,15:09,909,DOWN_BLUE,BLOCKED,NEW_ENTRY_CUTOFF,0.07116699952161554,0.7210417411214494,0.7308632363833185,0.7308632363833185,0.6602641056422569,1666000.0
20260831,10:03,603,DOWN_BLUE,FILTERED_OUT,TIME_WINDOW_PENDING_CONFIRMATION,0.0671695178775434,12.461360996942059,0.47036273821623553,0.5487565279189415,2.6942355889724308,1596000.0
20260831,10:06,606,DOWN_BLUE,EXECUTED,,0.04337336198786875,15.831142698275753,0.12150706084093221,0.20251176806822035,2.696770147381624,1594500.0
20260831,10:30,630,UP_RED,FILTERED_OUT,TIME_WINDOW_PENDING_CONFIRMATION,0.07341672397701592,3.015911235814649,0.40561969137989573,0.40561969137989573,1.6229712858926344,1602000.0
20260831,10:33,633,UP_RED,FILTERED_OUT,TW2_3SLOT_REJECT_DAILY_SLOT_CAP,0.08623331747727332,2.175555301781317,0.5177556753075689,0.5177556753075689,1.120099564405725,1607000.0
20260831,11:33,693,DOWN_BLUE,FILTERED_OUT,TIME_WINDOW_PENDING_CONFIRMATION,0.07284734913871364,3.6725746298023942,0.9382003866369268,0.7818336555307723,0.8079552517091362,1609000.0
20260831,11:36,696,DOWN_BLUE,FILTERED_OUT,TW2_3SLOT_REJECT_DAILY_SLOT_CAP,0.06690839991716513,6.238861216360494,0.3250602050717706,0.3250602050717706,0.9334163036714374,1607000.0
20260831,12:00,720,UP_RED,FILTERED_OUT,TIME_WINDOW_PENDING_CONFIRMATION,0.08840619556673304,0.2656456473714973,1.3434778003252608,1.3434778003252608,0.8029647930821495,1619000.0
20260831,12:03,723,UP_RED,FILTERED_OUT,TW2_3SLOT_REJECT_DAILY_SLOT_CAP,0.10833728165334176,4.191722100705483,0.8494008653093046,0.8494008653093046,1.1083743842364533,1624000.0
20260831,12:36,756,DOWN_BLUE,FILTERED_OUT,TIME_WINDOW_PENDING_CONFIRMATION,0.007223555031329226,0.21369108646580431,0.5406811815635988,0.7209082420847983,0.921942224953903,1627000.0
20260831,12:39,759,DOWN_BLUE,FILTERED_OUT,REJECT_MACD_GAP_NOT_EXPANDING,0.0009533653509775824,0.18171493400616098,0.1838929903749152,0.1838929903749152,0.85995085995086,1628000.0
20260831,13:39,819,UP_RED,FILTERED_OUT,TIME_WINDOW_PENDING_CONFIRMATION,0.14230861205158105,0.0022984238694831053,2.2059402366975345,2.2059402366975345,0.7995079950799507,1626000.0
20260831,13:42,822,UP_RED,FILTERED_OUT,TW2_3SLOT_REJECT_DAILY_SLOT_CAP,0.13497798958279109,3.663157045694631,0.6781654798747055,0.6781654798747055,0.9821976672805401,1629000.0
20260831,14:36,876,DOWN_BLUE,FILTERED_OUT,TIME_WINDOW_PENDING_CONFIRMATION,0.08302068572755325,0.19993684723353683,0.3060272585244307,0.45904088778664603,1.4510278113663846,1654000.0
20260831,14:39,879,DOWN_BLUE,FILTERED_OUT,TW2_REJECT_VWAP_VETO,0.09476052249518775,3.888382309323512,0.4668754531909319,0.4668754531909319,1.2719563900666264,1651000.0
20260903,09:42,582,UP_RED,FILTERED_OUT,TIME_WINDOW_PENDING_CONFIRMATION,0.0716084651877937,4.717349211989917,0.24925782367440869,0.24925782367440869,1.9668100799016592,1627000.0
20260903,09:45,585,UP_RED,H50_SMALL_WHIPSAW_HOLD,H50_SMALL_WHIPSAW_HOLD,0.03937305934037659,2.814043544092341,0.25383088678300686,0.12691544339150343,1.353846153846154,1625000.0
20260903,10:57,657,DOWN_BLUE,FILTERED_OUT,TIME_WINDOW_PENDING_CONFIRMATION,0.08331485704435662,2.1555831938230594,0.5955759815959724,0.5955759815959724,0.9846153846153847,1625000.0
20260903,11:00,660,DOWN_BLUE,EXECUTED,,0.0757097788990502,4.473409632321348,0.4029772608686275,0.6044658913029413,1.1706715958102278,1623000.0
20260903,11:15,675,UP_RED,FILTERED_OUT,TIME_WINDOW_PENDING_CONFIRMATION,0.04107623748432696,0.08755944019521443,0.22520989228533894,0.22520989228533894,0.7975460122699387,1630000.0
20260903,11:18,678,UP_RED,FILTERED_OUT,TW2_3SLOT_REJECT_TEG,0.012653130579112288,0.24929280444004814,0.23055161381933495,0.23055161381933495,0.798035604665439,1629000.0
20260903,11:27,687,DOWN_BLUE,FILTERED_OUT,TIME_WINDOW_PENDING_CONFIRMATION,0.0395217184870573,0.7385461684338753,0.24143623844636133,0.24143623844636133,0.6150061500615006,1626000.0
20260903,11:30,690,DOWN_BLUE,FILTERED_OUT,REJECT_NOT_CONFIRMED,0.023814841448134817,0.1331536601503502,0.726085292857838,0.726085292857838,0.6138735420503376,1629000.0
20260903,11:30,690,UP_RED,FILTERED_OUT,TIME_WINDOW_PENDING_CONFIRMATION,0.023814841448134817,0.1331536601503502,0.726085292857838,0.726085292857838,0.6138735420503376,1629000.0
20260903,11:33,693,UP_RED,FILTERED_OUT,REJECT_NOT_CONFIRMED,0.030942248430989024,0.9042736889806485,0.7405748895716856,0.49371659304779036,0.6150061500615006,1626000.0
20260903,11:33,693,DOWN_BLUE,FILTERED_OUT,TIME_WINDOW_PENDING_CONFIRMATION,0.030942248430989024,0.9042736889806485,0.7405748895716856,0.49371659304779036,0.6150061500615006,1626000.0
20260903,11:36,696,DOWN_BLUE,FILTERED_OUT,REJECT_NOT_CONFIRMED,0.031246494038475757,0.1399863225648806,0.7545571082234963,0.7545571082234963,0.5524861878453038,1629000.0
20260903,11:36,696,UP_RED,FILTERED_OUT,TIME_WINDOW_PENDING_CONFIRMATION,0.031246494038475757,0.1399863225648806,0.7545571082234963,0.7545571082234963,0.5524861878453038,1629000.0
20260903,11:39,699,UP_RED,FILTERED_OUT,REJECT_NOT_CONFIRMED,0.027329846497678195,0.8087951316842283,0.7542297647317567,0.7542297647317567,0.5227552275522755,1626000.0
20260903,11:39,699,DOWN_BLUE,FILTERED_OUT,TIME_WINDOW_PENDING_CONFIRMATION,0.027329846497678195,0.8087951316842283,0.7542297647317567,0.7542297647317567,0.5227552275522755,1626000.0
20260903,11:42,702,DOWN_BLUE,FILTERED_OUT,REJECT_MACD_GAP_NOT_EXPANDING,0.01768701151935964,0.3754942357604065,0.5026173714182004,0.5026173714182004,0.42997542997543,1628000.0
20260903,11:57,717,UP_RED,FILTERED_OUT,TIME_WINDOW_PENDING_CONFIRMATION,0.03876566463719711,0.12671299456106505,0.5745415140943925,0.28727075704719623,0.42997542997543,1628000.0
20260903,12:00,720,UP_RED,FILTERED_OUT,TW2_REJECT_RECENT_CROSSES,0.07871110811239046,1.6058081984951524,0.8357631002588384,0.8357631002588384,0.4904966278356836,1631000.0
20260904,10:00,600,DOWN_BLUE,FILTERED_OUT,TIME_WINDOW_PENDING_CONFIRMATION,0.07565892934323926,3.955675345324098,0.3943735291310399,0.5258313721747199,0.9157509157509158,1638000.0
20260904,10:03,603,DOWN_BLUE,EXECUTED,,0.07002386648983819,7.13674708217434,0.2695131916164944,0.4042697874247416,0.9168704156479218,1636000.0
20260904,11:15,675,UP_RED,FILTERED_OUT,TIME_WINDOW_PENDING_CONFIRMATION,0.09524630669417594,1.414507509553959,0.8198707702276216,0.8198707702276216,0.9762050030506406,1639000.0
20260904,11:18,678,UP_RED,EXECUTED,,0.060833951370150234,3.149031496879493,0.0,0.0,1.0372178157413057,1639000.0
20260904,11:39,699,DOWN_BLUE,FILTERED_OUT,TIME_WINDOW_PENDING_CONFIRMATION,0.06717102875148454,0.4083775463949507,0.24339438697094096,0.24339438697094096,0.612369871402327,1633000.0
20260904,11:42,702,DOWN_BLUE,EXECUTED,,0.05859576835521327,1.8553456132196828,0.24817741887768316,0.24817741887768316,0.6127450980392157,1632000.0
20260904,11:54,714,UP_RED,FILTERED_OUT,TIME_WINDOW_PENDING_CONFIRMATION,0.08575438135694402,0.05734088614638545,0.783925381196103,0.783925381196103,0.6715506715506716,1638000.0
20260904,11:57,717,UP_RED,SELL_EXECUTED_ENTRY_FILTERED,TW2_3SLOT_REJECT_DAILY_SLOT_CAP,0.05473583073662175,1.3164089928693026,0.0,0.0,0.6105006105006106,1638000.0
20260904,12:36,756,DOWN_BLUE,FILTERED_OUT,TIME_WINDOW_PENDING_CONFIRMATION,0.08349083542887564,1.5653982673037952,0.6517723324251309,0.32588616621256544,0.4881025015253203,1639000.0
20260904,12:39,759,DOWN_BLUE,FILTERED_OUT,REJECT_MACD_GAP_NOT_EXPANDING,0.02935628642568494,1.0014256784709306,1.2758813102286846,1.2758813102286846,0.48691418137553255,1643000.0
20260904,12:42,762,UP_RED,FILTERED_OUT,TIME_WINDOW_PENDING_CONFIRMATION,0.05835408450815279,0.08315943748651862,0.6548766707128565,0.6548766707128565,0.48632218844984804,1645000.0
20260904,12:45,765,UP_RED,FILTERED_OUT,REJECT_NOT_CONFIRMED,0.010882023532526323,0.11402808314243959,0.6714285021441617,0.6714285021441617,0.48691418137553255,1643000.0
20260904,12:45,765,DOWN_BLUE,FILTERED_OUT,TIME_WINDOW_PENDING_CONFIRMATION,0.010882023532526323,0.11402808314243959,0.6714285021441617,0.6714285021441617,0.48691418137553255,1643000.0
20260904,12:48,768,DOWN_BLUE,FILTERED_OUT,REJECT_NOT_CONFIRMED,0.009888049663052938,0.06099569273206032,0.3437826203949358,0.3437826203949358,0.48661800486618007,1644000.0
20260904,12:48,768,UP_RED,FILTERED_OUT,TIME_WINDOW_PENDING_CONFIRMATION,0.009888049663052938,0.06099569273206032,0.3437826203949358,0.3437826203949358,0.48661800486618007,1644000.0
20260904,12:51,771,UP_RED,FILTERED_OUT,REJECT_SHORT_FLAG_INTERVAL,0.023058641930632885,0.459599712837619,0.3516298626424928,0.3516298626424928,0.48632218844984804,1645000.0
20260904,13:51,831,DOWN_BLUE,FILTERED_OUT,TIME_WINDOW_PENDING_CONFIRMATION,0.08694934828723162,0.2502215904021819,0.30559927960682537,0.30559927960682537,0.5719446116797111,1661000.0
20260904,13:54,834,DOWN_BLUE,FILTERED_OUT,TW2_REJECT_VWAP_VETO,0.009583421209712768,0.4371086129482266,0.9222789532577211,0.9222789532577211,0.5408653846153846,1664000.0
20260904,14:00,840,UP_RED,FILTERED_OUT,TIME_WINDOW_PENDING_CONFIRMATION,0.026784324882795352,0.09225152839955891,0.6205229550968442,0.6205229550968442,0.7198560287942412,1667000.0
20260904,14:03,843,UP_RED,FILTERED_OUT,REJECT_NOT_CONFIRMED,0.07252743987126811,1.3996985051128314,1.1690988280039827,1.1690988280039827,0.6013229104028863,1663000.0
20260904,14:03,843,DOWN_BLUE,FILTERED_OUT,TIME_WINDOW_PENDING_CONFIRMATION,0.07252743987126811,1.3996985051128314,1.1690988280039827,1.1690988280039827,0.6013229104028863,1663000.0
20260904,14:06,846,DOWN_BLUE,FILTERED_OUT,REJECT_MACD_GAP_NOT_EXPANDING,0.018756373242953657,0.9986875616221698,1.1318000708879496,0.8488500531659623,0.599880023995201,1667000.0
20260904,14:09,849,UP_RED,FILTERED_OUT,TIME_WINDOW_PENDING_CONFIRMATION,0.08734921003673596,0.942658453529092,1.3475918747319025,1.3475918747319025,0.8373205741626795,1672000.0
20260904,14:12,852,UP_RED,FILTERED_OUT,TW2_3SLOT_REJECT_DAILY_SLOT_CAP,0.0593791069553439,2.2156246851004537,0.27869466040700525,0.0,0.8368200836820083,1673000.0
20260904,14:33,873,DOWN_BLUE,FILTERED_OUT,TIME_WINDOW_PENDING_CONFIRMATION,0.08040311907834363,1.2035672744069734,0.532167172581983,0.532167172581983,1.2246117084826762,1674000.0
20260904,14:36,876,DOWN_BLUE,FILTERED_OUT,TW2_REJECT_VWAP_VETO,0.062077855232208976,2.603651979351598,0.0,0.26486644278012234,1.2246117084826762,1674000.0
20260907,11:30,690,UP_RED,FILTERED_OUT,TIME_WINDOW_PENDING_CONFIRMATION,0.0647259530376715,2.0107093223967585,0.5418161952250753,0.5418161952250753,0.4592422502870264,1742000.0
20260907,11:33,693,UP_RED,EXECUTED,,0.05539802105910242,3.1330161819886415,0.28290399178785874,0.28290399178785874,0.5163511187607573,1743000.0
20260907,12:39,759,DOWN_BLUE,FILTERED_OUT,TIME_WINDOW_PENDING_CONFIRMATION,0.09554673291547719,0.5798148667402425,0.9332578278756938,0.9332578278756938,0.28620492272467085,1747000.0
20260907,12:42,762,DOWN_BLUE,H50_SMALL_WHIPSAW_HOLD,H50_SMALL_WHIPSAW_HOLD,0.037258289361413136,1.034088444539151,0.46886412896630275,0.46886412896630275,0.2860411899313501,1748000.0
20260907,13:03,783,UP_RED,FILTERED_OUT,TIME_WINDOW_PENDING_CONFIRMATION,0.1038652215960418,1.103912925945581,1.5198595655752543,1.5198595655752543,0.45610034207525657,1754000.0
20260907,13:06,786,UP_RED,BLOCKED,ALREADY_HOLDING_SAME_DIRECTION,0.05272845938924582,1.6763818653402514,0.0,0.0,0.45610034207525657,1754000.0
20260907,13:42,822,DOWN_BLUE,SELL_EXECUTED_ENTRY_FILTERED,SMALL_WHIPSAW_HOLD_EXIT,0.08034183466185314,3.4567166868805956,0.3025610384117971,0.0,1.0746606334841629,1768000.0
20260907,14:03,843,DOWN_BLUE,FILTERED_OUT,TIME_WINDOW_PENDING_CONFIRMATION,0.1961454910561614,3.700776034451767,1.9930537142374112,1.9930537142374112,0.7936507936507936,1764000.0
20260907,14:06,846,DOWN_BLUE,FILTERED_OUT,TW2_3SLOT_REJECT_TEG,0.14338828840194826,6.96668313641475,0.24919353461902113,0.24919353461902113,0.7941009642654565,1763000.0
20260907,15:06,906,UP_RED,BLOCKED,NEW_ENTRY_CUTOFF,0.15697441107562335,0.9416027800533749,2.757749695400751,2.757749695400751,0.7869589657110737,1779000.0
20260908,10:09,609,DOWN_BLUE,FILTERED_OUT,TIME_WINDOW_PENDING_CONFIRMATION,0.050550666969176275,1.8239526562380848,0.22956228588408603,0.11478114294204302,1.8388318009734992,1849000.0
20260908,10:12,612,DOWN_BLUE,EXECUTED,,0.10090021889284795,6.696378664826631,0.9013430022827482,0.9013430022827482,1.8468223791417708,1841000.0
20260908,12:15,735,UP_RED,FILTERED_OUT,TIME_WINDOW_PENDING_CONFIRMATION,0.03755333110318838,0.7876921435489218,0.0,0.25923940691768993,0.6977992485238862,1863000.0
20260908,12:18,738,UP_RED,EXECUTED,,0.06501406527585583,2.109072683921563,0.7902654790938127,0.7902654790938127,0.7502679528403001,1866000.0
20260908,13:12,792,DOWN_BLUE,FILTERED_OUT,TIME_WINDOW_PENDING_CONFIRMATION,0.06434596681679929,0.8540566245036036,0.23390054694850085,0.23390054694850085,0.743099787685775,1884000.0
20260908,13:15,795,DOWN_BLUE,FILTERED_OUT,TW2_REJECT_VWAP_VETO,0.03901617374345899,1.7196646901014496,0.23899277207418035,0.23899277207418035,0.583554376657825,1885000.0
20260909,10:36,636,DOWN_BLUE,FILTERED_OUT,TIME_WINDOW_PENDING_CONFIRMATION,0.007863359434333389,0.669382660790248,0.4038151870803366,0.26921012472022443,0.9129967776584319,1862000.0
20260909,10:39,639,DOWN_BLUE,H50_SMALL_WHIPSAW_HOLD,H50_SMALL_WHIPSAW_HOLD,0.07622667778646695,2.3976705343127813,0.9370921061682624,0.9370921061682624,0.9164420485175202,1855000.0
20260909,11:24,684,UP_RED,FILTERED_OUT,TIME_WINDOW_PENDING_CONFIRMATION,0.04644902339343354,0.8757136568343693,0.36280148378291255,0.18140074189145627,1.2339055793991416,1864000.0
20260909,11:27,687,UP_RED,FILTERED_OUT,REJECT_DUPLICATE_POSITION,0.06753959272273263,2.8537602850435873,0.7304550827877778,0.7304550827877778,1.4453961456102784,1868000.0
20260909,11:39,699,DOWN_BLUE,SELL_EXECUTED_ENTRY_FILTERED,SMALL_WHIPSAW_HOLD_EXIT,0.007171115722195241,6.3454295006468815,0.0,0.19640269616790962,1.2273212379935965,1874000.0
20260909,11:54,714,DOWN_BLUE,FILTERED_OUT,TIME_WINDOW_PENDING_CONFIRMATION,0.1676930295975412,0.021222676602909843,1.858334772671998,1.6725012954047982,1.2319228709159078,1867000.0
20260909,11:57,717,DOWN_BLUE,FILTERED_OUT,REJECT_LOW_QUALITY_SCORE,0.09532660233568509,2.679062104275961,0.3837976911493371,0.5756965367240057,1.0165864098448367,1869000.0
20260909,13:27,807,UP_RED,FILTERED_OUT,TIME_WINDOW_PENDING_CONFIRMATION,0.13051984071616662,0.8843085674593628,0.8086244170666231,0.8086244170666231,1.078167115902965,1855000.0
20260909,13:30,810,UP_RED,FILTERED_OUT,TW2_3SLOT_REJECT_TEG,0.0978378885623673,4.098785155419032,0.16396625032310927,0.16396625032310927,1.2392241379310345,1856000.0
20260909,14:12,852,DOWN_BLUE,FILTERED_OUT,TIME_WINDOW_PENDING_CONFIRMATION,0.08701839043203047,1.1324540171600517,0.704689466185339,0.704689466185339,0.7008086253369272,1855000.0
20260909,14:15,855,DOWN_BLUE,FILTERED_OUT,TW2_3SLOT_REJECT_TEG,0.032902847629482944,2.1157552979450394,0.3599371058693832,0.1799685529346916,0.7539041464728056,1857000.0
20260909,14:48,888,UP_RED,FILTERED_OUT,TIME_WINDOW_PENDING_CONFIRMATION,0.04924595405924421,0.8522050643409331,0.19097960980629142,0.0,1.0248112189859764,1854000.0
20260909,14:51,891,UP_RED,FILTERED_OUT,TW2_3SLOT_REJECT_OUTSIDE_WINDOW,0.007636841484327162,1.0712916661318004,0.3780203111848144,0.5670304667772216,1.0259179265658747,1852000.0
20260910,10:36,636,UP_RED,FILTERED_OUT,TIME_WINDOW_PENDING_CONFIRMATION,0.024295026092768277,3.9122440014018673,0.23454346403226933,0.351815196048404,1.3774104683195594,1815000.0
20260910,10:39,639,UP_RED,FILTERED_OUT,TW2_REJECT_VWAP_VETO,0.07617964003555026,7.476642709364216,0.8176638488981401,0.8176638488981401,1.3721185510428102,1822000.0
20260910,12:15,735,DOWN_BLUE,FILTERED_OUT,TIME_WINDOW_PENDING_CONFIRMATION,0.059850631430025544,0.9864620733845822,0.5461944719364895,0.5461944719364895,0.6472491909385114,1854000.0
20260910,12:18,738,DOWN_BLUE,FILTERED_OUT,TW2_3SLOT_REJECT_TEG,0.10233283518581217,4.00950738854222,0.9161927190676464,0.7329541752541172,0.6489994591671173,1849000.0
20260910,13:18,798,UP_RED,FILTERED_OUT,TIME_WINDOW_PENDING_CONFIRMATION,0.054718282820048626,1.2402977459199165,0.23787035343057542,0.23787035343057542,0.487012987012987,1848000.0
20260910,13:21,801,UP_RED,FILTERED_OUT,TW2_3SLOT_REJECT_TEG,0.002797380286496556,1.3040442004243646,0.4856758636929307,0.4856758636929307,0.4875406283856988,1846000.0
20260910,14:12,852,DOWN_BLUE,FILTERED_OUT,TIME_WINDOW_PENDING_CONFIRMATION,0.07198098644095959,1.2570862934304714,0.4541946967677898,0.2270973483838949,0.7011866235167207,1854000.0
20260910,14:15,855,DOWN_BLUE,FILTERED_OUT,TW2_3SLOT_REJECT_TEG,0.03474279544127916,2.048980124123209,0.2363101582094938,0.2363101582094938,0.7008086253369272,1855000.0
20260910,14:24,864,UP_RED,FILTERED_OUT,TIME_WINDOW_PENDING_CONFIRMATION,0.04759818719452372,0.09685700280555826,0.5102219402952923,0.5102219402952923,0.6985491671144546,1861000.0
20260910,14:27,867,UP_RED,EXECUTED,,0.00783729884696664,0.2562982345385408,0.26435935677818945,0.26435935677818945,0.6989247311827957,1860000.0
20260910,14:51,891,DOWN_BLUE,FILTERED_OUT,TIME_WINDOW_PENDING_CONFIRMATION,0.15399152530491808,1.4070014076433541,1.3808079600629524,1.3808079600629524,0.914470145239376,1859000.0
20260910,14:54,894,DOWN_BLUE,FILTERED_OUT,TW2_3SLOT_REJECT_OUTSIDE_WINDOW,0.10918409238668851,4.114638765327648,0.21709241043239597,0.21709241043239597,1.1302475780409043,1858000.0
20260911,10:30,630,DOWN_BLUE,FILTERED_OUT,TIME_WINDOW_PENDING_CONFIRMATION,0.03077177870224516,5.003236940543249,0.35047038043153217,0.17523519021576608,0.9019165727170236,1774000.0
20260911,10:33,633,DOWN_BLUE,TIME_WINDOW_WHIPSAW_HOLD,REJECT_NOT_CONFIRMED,0.05658458600734756,3.1429222963239853,1.0346609900269894,1.0346609900269894,0.8988764044943821,1780000.0
20260911,10:33,633,UP_RED,FILTERED_OUT,TIME_WINDOW_PENDING_CONFIRMATION,0.05658458600734756,3.1429222963239853,1.0346609900269894,1.0346609900269894,0.8988764044943821,1780000.0
20260911,10:36,636,UP_RED,FILTERED_OUT,REJECT_DUPLICATE_POSITION,0.07697508580388897,0.6895843029696777,0.5290537983831167,0.5290537983831167,0.89736399326977,1783000.0
20260911,11:36,696,DOWN_BLUE,FILTERED_OUT,TIME_WINDOW_PENDING_CONFIRMATION,0.09844430213930827,2.273174891887611,0.24686855418644865,0.24686855418644865,0.7860752386299831,1781000.0
20260911,11:39,699,DOWN_BLUE,TIME_WINDOW_WHIPSAW_HOLD,REJECT_MACD_GAP_NOT_EXPANDING,0.019023439762601232,1.8281276177377106,1.214021544313257,0.9712172354506055,0.7838745800671892,1786000.0
20260911,11:45,705,DOWN_BLUE,SELL_EXECUTED_ENTRY_FILTERED,WHIPSAW_WATCH_DETERIORATION_EXIT,0.02941768684842324,1.819863052346345,0.7547811377208742,0.7547811377208742,0.7286995515695067,1784000.0
20260911,11:57,717,UP_RED,FILTERED_OUT,TIME_WINDOW_PENDING_CONFIRMATION,0.01574128202928908,0.43051957889468345,0.26919431094840884,0.26919431094840884,0.6155567991046447,1787000.0
20260911,12:00,720,UP_RED,FILTERED_OUT,REJECT_NOT_CONFIRMED,0.008479102745585766,0.608088816066743,0.26772607735476733,0.26772607735476733,0.4479283314669653,1786000.0
20260911,12:00,720,DOWN_BLUE,FILTERED_OUT,TIME_WINDOW_PENDING_CONFIRMATION,0.008479102745585766,0.608088816066743,0.26772607735476733,0.26772607735476733,0.4479283314669653,1786000.0
20260911,12:03,723,DOWN_BLUE,FILTERED_OUT,REJECT_LOW_QUALITY_SCORE,0.006095439774326717,0.7337739682370549,0.0,0.0,0.4479283314669653,1786000.0
20260911,12:42,762,UP_RED,FILTERED_OUT,TIME_WINDOW_PENDING_CONFIRMATION,0.14141168496913242,0.1330055702733947,1.1166692105218994,1.1166692105218994,0.672645739910314,1784000.0
20260911,12:45,765,UP_RED,FILTERED_OUT,TW2_3SLOT_REJECT_TEG,0.12911312245533701,2.692350165561371,0.5648913023235428,0.5648913023235428,0.7278835386338186,1786000.0
20260911,14:03,843,DOWN_BLUE,FILTERED_OUT,TIME_WINDOW_PENDING_CONFIRMATION,0.19172470028456198,1.554167551951094,0.8372383858569628,1.0465479823212034,1.2834821428571428,1792000.0
20260911,14:06,846,DOWN_BLUE,FILTERED_OUT,TW2_3SLOT_REJECT_TEG,0.06956825605384101,3.4904761315290993,0.7987567518994048,0.7987567518994048,1.2806236080178173,1796000.0
20260911,14:45,885,UP_RED,FILTERED_OUT,TIME_WINDOW_PENDING_CONFIRMATION,0.10212933160531433,0.6681158837951329,0.6676936976159085,0.6676936976159085,0.7198228128460686,1806000.0
20260911,14:48,888,UP_RED,EXECUTED,,0.044215428118831245,1.7604866664076382,0.22432296528266005,0.0,0.7202216066481995,1805000.0
20260914,11:39,699,DOWN_BLUE,FILTERED_OUT,TIME_WINDOW_PENDING_CONFIRMATION,0.08798585303937848,1.4755245270173172,0.3757481263172856,0.3757481263172856,0.5199306759098787,1731000.0
20260914,11:42,702,DOWN_BLUE,FILTERED_OUT,TW2_3SLOT_REJECT_TEG,0.08353968393615538,4.0723691533891655,0.37236375526139864,0.37236375526139864,0.8097165991902834,1729000.0
20260914,13:30,810,UP_RED,FILTERED_OUT,TIME_WINDOW_PENDING_CONFIRMATION,0.03323147461129016,0.020781563134146322,0.2539158150993926,0.2539158150993926,0.7005253940455342,1713000.0
20260914,13:33,813,UP_RED,FILTERED_OUT,REJECT_NOT_CONFIRMED,0.01993601023358119,0.4721518998919678,0.7749353253694609,0.5166235502463072,0.7017543859649122,1710000.0
20260914,13:33,813,DOWN_BLUE,FILTERED_OUT,TIME_WINDOW_PENDING_CONFIRMATION,0.01993601023358119,0.4721518998919678,0.7749353253694609,0.5166235502463072,0.7017543859649122,1710000.0
20260914,13:36,816,DOWN_BLUE,FILTERED_OUT,REJECT_NOT_CONFIRMED,0.030102138766397044,0.20442655489833939,0.5201871587782552,0.5201871587782552,0.7009345794392523,1712000.0
20260914,13:36,816,UP_RED,FILTERED_OUT,TIME_WINDOW_PENDING_CONFIRMATION,0.030102138766397044,0.20442655489833939,0.5201871587782552,0.5201871587782552,0.7009345794392523,1712000.0
20260914,13:39,819,UP_RED,FILTERED_OUT,REJECT_SHORT_FLAG_INTERVAL,0.044045214154144606,1.1773720135346475,0.2642406334554864,0.5284812669109727,0.7005253940455342,1713000.0
20260914,13:57,837,DOWN_BLUE,FILTERED_OUT,TIME_WINDOW_PENDING_CONFIRMATION,0.01781194312104765,0.1285866877864559,0.60637039437153,0.60637039437153,0.702576112412178,1708000.0
20260914,14:00,840,DOWN_BLUE,FILTERED_OUT,REJECT_NOT_CONFIRMED,0.03598207859708893,0.5761463547621735,0.5972940509774949,0.5972940509774949,0.7017543859649122,1710000.0
20260914,14:00,840,UP_RED,FILTERED_OUT,TIME_WINDOW_PENDING_CONFIRMATION,0.03598207859708893,0.5761463547621735,0.5972940509774949,0.5972940509774949,0.7017543859649122,1710000.0
20260914,14:03,843,UP_RED,FILTERED_OUT,REJECT_MACD_GAP_NOT_EXPANDING,0.02677282264133392,0.03348343175435766,0.8654503263233617,0.8654503263233617,0.5272407732864675,1707000.0
20260914,14:12,852,DOWN_BLUE,FILTERED_OUT,TIME_WINDOW_PENDING_CONFIRMATION,0.0378966385839784,0.41704867608892593,0.5814367181950072,0.5814367181950072,0.5278592375366569,1705000.0
20260914,14:15,855,DOWN_BLUE,FILTERED_OUT,TW2_3SLOT_REJECT_TEG,0.03336515656166228,1.0846639413188353,0.29339760150370386,0.29339760150370386,0.6455399061032864,1704000.0
20260914,14:39,879,UP_RED,FILTERED_OUT,TIME_WINDOW_PENDING_CONFIRMATION,0.13271984661325203,1.9636493002880075,1.289345967491165,1.0314767739929318,0.8206330597889802,1706000.0
20260914,14:42,882,UP_RED,FILTERED_OUT,TW2_3SLOT_REJECT_TEG,0.0370864695588783,2.844620752815925,0.7445071793513757,0.7445071793513757,0.8220786846741044,1703000.0
20260914,14:54,894,DOWN_BLUE,FILTERED_OUT,TIME_WINDOW_PENDING_CONFIRMATION,0.011025123897654511,0.02490157200640696,0.0,0.24543535237484412,0.7660577489687684,1697000.0
20260914,14:57,897,DOWN_BLUE,FILTERED_OUT,REJECT_TIME_WINDOW,0.01486097209226825,0.368946160431962,0.25469778848581526,0.25469778848581526,0.7665094339622641,1696000.0
20260914,15:00,900,UP_RED,BLOCKED,NEW_ENTRY_CUTOFF,0.016297502044761807,0.008840448889205951,0.2543563849154298,0.1271781924577149,0.8249852681202121,1697000.0
20260914,15:03,903,DOWN_BLUE,BLOCKED,NEW_ENTRY_CUTOFF,0.04452934741021434,1.0640624360857125,0.9805742759557706,0.9805742759557706,0.8860011813349086,1693000.0
20260915,09:51,591,DOWN_BLUE,FILTERED_OUT,TIME_WINDOW_PENDING_CONFIRMATION,0.0893533191956282,1.6659692459342916,0.583288101220235,0.583288101220235,1.8746338605741066,1707000.0
20260915,09:54,594,DOWN_BLUE,FILTERED_OUT,TW_TEG_3SLOT_REJECT_CHOP_TEG,0.07857148513524159,5.500619188813289,0.24047295047359574,0.24047295047359574,1.8768328445747802,1705000.0
20260915,10:24,624,UP_RED,FILTERED_OUT,TIME_WINDOW_PENDING_CONFIRMATION,0.06996014237338494,0.17003976143257,0.0,0.0,1.1655011655011656,1716000.0
20260915,10:27,627,UP_RED,EXECUTED,,0.06080623101980292,2.3850713091276043,0.31954806746129444,0.31954806746129444,1.1641443538998837,1718000.0
20260915,10:42,642,DOWN_BLUE,FILTERED_OUT,TIME_WINDOW_PENDING_CONFIRMATION,0.10793565829169793,4.266614505901367,1.046538613130279,1.046538613130279,0.9389671361502347,1704000.0
20260915,10:45,645,DOWN_BLUE,FILTERED_OUT,TW_TEG_3SLOT_REJECT_CHOP_TEG,0.04809128824250255,6.113125466532584,0.3045023498163644,0.3045023498163644,0.9378663540445485,1706000.0
20260915,11:27,687,UP_RED,FILTERED_OUT,TIME_WINDOW_PENDING_CONFIRMATION,0.04675598240350516,0.035288010122506465,0.6424175867168355,0.6424175867168355,0.5834305717619603,1714000.0
20260915,11:30,690,UP_RED,EXECUTED,,0.06986445704411788,1.8868517527714606,0.6592560414506519,0.43950402763376795,0.5824111822947,1717000.0
20260915,12:06,726,DOWN_BLUE,FILTERED_OUT,TIME_WINDOW_PENDING_CONFIRMATION,0.08855035663396793,0.9472784859897565,0.4596826159247438,0.4596826159247438,0.6976744186046512,1720000.0
20260915,12:09,729,DOWN_BLUE,H50_SMALL_WHIPSAW_HOLD,H50_SMALL_WHIPSAW_HOLD,0.03253207196303478,1.7499094317755108,0.4701081395326601,0.4701081395326601,0.6387921022067364,1722000.0
20260915,13:45,825,UP_RED,FILTERED_OUT,TIME_WINDOW_PENDING_CONFIRMATION,0.13094963198002466,0.3131018045032381,0.7899202800584114,0.7899202800584114,0.824014125956445,1699000.0
20260915,13:48,828,UP_RED,FILTERED_OUT,TW2_3SLOT_REJECT_DAILY_SLOT_CAP,0.07651872858190598,2.031258182832843,0.26230947737197857,0.26230947737197857,0.7656065959952886,1698000.0
20260915,13:57,837,DOWN_BLUE,FILTERED_OUT,TIME_WINDOW_PENDING_CONFIRMATION,0.0561712975610618,0.46336366169496146,0.781202341350304,0.781202341350304,0.7104795737122558,1689000.0
20260915,14:00,840,DOWN_BLUE,FILTERED_OUT,TW2_3SLOT_REJECT_DAILY_SLOT_CAP,0.07071259066555877,2.1095664065837716,0.7647063204327107,0.7647063204327107,0.9489916963226572,1686000.0
20260915,14:33,873,UP_RED,FILTERED_OUT,TIME_WINDOW_PENDING_CONFIRMATION,0.13692272708081574,3.776622493162614,0.6220176924408004,0.6220176924408004,1.1269276393831553,1686000.0
20260915,14:36,876,UP_RED,FILTERED_OUT,TW2_3SLOT_REJECT_DAILY_SLOT_CAP,0.13066390742047698,7.5108598815654135,0.620391550731648,0.620391550731648,1.1249259917110717,1689000.0
20260915,15:12,912,DOWN_BLUE,BLOCKED,NEW_ENTRY_CUTOFF,0.07773649170146212,1.5276488191327533,0.6875441487018469,0.6875441487018469,1.0727056019070322,1678000.0
20260915,15:18,918,UP_RED,BLOCKED,NEW_ENTRY_CUTOFF,0.10417463555918029,2.2756760091796386,1.2518533072162443,1.2518533072162443,1.1249259917110717,1689000.0
20260916,10:00,600,DOWN_BLUE,FILTERED_OUT,TIME_WINDOW_PENDING_CONFIRMATION,0.047672907350341936,1.9305752508375098,0.15999230032226966,0.15999230032226966,1.1614401858304297,1722000.0
20260916,10:03,603,DOWN_BLUE,H50_SMALL_WHIPSAW_HOLD,H50_SMALL_WHIPSAW_HOLD,0.05981574806588006,4.038143419306501,0.33036823835360896,0.33036823835360896,1.1627906976744187,1720000.0
20260916,11:03,663,DOWN_BLUE,SELL_EXECUTED_ENTRY_FILTERED,SMALL_WHIPSAW_HOLD_EXIT,0.10699409184666493,4.093576570251544,1.7555398887106093,1.7555398887106093,0.7575757575757576,1716000.0
20260916,11:12,672,UP_RED,FILTERED_OUT,TIME_WINDOW_PENDING_CONFIRMATION,0.04318629368144156,0.1004972225533728,0.24279458157771458,0.24279458157771458,0.5827505827505828,1716000.0
20260916,11:15,675,UP_RED,FILTERED_OUT,REJECT_NOT_CONFIRMED,0.06380722340212766,1.6878534238531442,1.4107403240308287,1.4107403240308287,0.5847953216374269,1710000.0
20260916,11:15,675,DOWN_BLUE,FILTERED_OUT,TIME_WINDOW_PENDING_CONFIRMATION,0.06380722340212766,1.6878534238531442,1.4107403240308287,1.4107403240308287,0.5847953216374269,1710000.0
20260916,11:18,678,DOWN_BLUE,FILTERED_OUT,REJECT_MACD_GAP_NOT_EXPANDING,0.05202020307673045,0.35481047046587966,1.3705308743574132,1.142109061964511,0.5827505827505828,1716000.0
20260916,11:21,681,UP_RED,FILTERED_OUT,TIME_WINDOW_PENDING_CONFIRMATION,0.0191730081203892,0.12340751391537107,0.23367507105948365,0.23367507105948365,0.5830903790087464,1715000.0
20260916,11:24,684,UP_RED,FILTERED_OUT,TW2_3SLOT_REJECT_TEG,0.012195400716850748,0.41614186171685774,0.0,0.2429172005115802,0.5830903790087464,1715000.0
20260916,12:33,753,DOWN_BLUE,FILTERED_OUT,TIME_WINDOW_PENDING_CONFIRMATION,0.09024144679350374,1.270851518258251,0.0,0.3051103186811933,0.8115942028985508,1725000.0
20260916,12:36,756,DOWN_BLUE,FILTERED_OUT,TW2_3SLOT_REJECT_TEG,0.08368466792702504,2.8182273612102398,0.3138482891166794,0.6276965782333588,0.6380510440835266,1724000.0
20260916,12:48,768,UP_RED,FILTERED_OUT,TIME_WINDOW_PENDING_CONFIRMATION,0.07367410689803074,0.03193215419111386,0.6131864758821203,0.30659323794106014,0.5773672055427251,1732000.0
20260916,12:51,771,UP_RED,EXECUTED,,0.07805828616121822,1.491756883912288,0.6167202957834632,0.6167202957834632,0.6920415224913495,1734000.0
20260916,13:30,810,DOWN_BLUE,FILTERED_OUT,TIME_WINDOW_PENDING_CONFIRMATION,0.17461792638530738,0.3425760651360952,1.68163410947872,1.68163410947872,0.8620689655172413,1740000.0
20260916,13:33,813,DOWN_BLUE,FILTERED_OUT,TW2_3SLOT_REJECT_TEG,0.12134462612836348,2.852330378310722,0.0,0.0,0.6896551724137931,1740000.0
20260916,14:36,876,UP_RED,FILTERED_OUT,TIME_WINDOW_PENDING_CONFIRMATION,0.017110310609278565,0.015800628488898866,0.2745705805874355,0.549141161174871,0.5178365937859608,1738000.0
20260916,14:39,879,UP_RED,FILTERED_OUT,REJECT_NOT_CONFIRMED,0.007368612476599843,0.13977611328204162,0.272656486821114,0.545312973642228,0.4605641911341394,1737000.0
20260916,14:39,879,DOWN_BLUE,FILTERED_OUT,TIME_WINDOW_PENDING_CONFIRMATION,0.007368612476599843,0.13977611328204162,0.272656486821114,0.545312973642228,0.4605641911341394,1737000.0
20260916,14:42,882,DOWN_BLUE,FILTERED_OUT,REJECT_NOT_CONFIRMED,0.10983851445611717,2.3205918897243847,1.7922772050399174,1.5362376043199293,0.6307339449541285,1744000.0
20260916,14:42,882,UP_RED,FILTERED_OUT,TIME_WINDOW_PENDING_CONFIRMATION,0.10983851445611717,2.3205918897243847,1.7922772050399174,1.5362376043199293,0.6307339449541285,1744000.0
20260916,14:45,885,UP_RED,FILTERED_OUT,TW2_3SLOT_REJECT_SAME_DIRECTION_AFTERNOON_2ND,0.08031730276080286,4.087143378106338,0.2603517925424557,0.2603517925424557,0.6876790830945558,1745000.0
20260917,09:57,597,UP_RED,FILTERED_OUT,TIME_WINDOW_PENDING_CONFIRMATION,0.06854886308118142,1.2525026795528953,0.28316489510478887,0.28316489510478887,0.9142857142857144,1750000.0
20260917,10:00,600,UP_RED,EXECUTED,,0.06581615401771891,3.795365560739887,0.295298557975124,0.295298557975124,0.9703196347031963,1752000.0
20260917,10:45,645,DOWN_BLUE,FILTERED_OUT,TIME_WINDOW_PENDING_CONFIRMATION,0.0370373990448235,1.3792015939760829,0.0,0.0,0.7411630558722919,1754000.0
20260917,10:48,648,DOWN_BLUE,FILTERED_OUT,TW_TEG_3SLOT_REJECT_CHOP_TEG,0.06839817299557094,3.598244280472397,0.7055344137484734,0.8819180171855917,0.6857142857142857,1750000.0
20260917,11:42,702,UP_RED,FILTERED_OUT,TIME_WINDOW_PENDING_CONFIRMATION,0.0653267185153637,1.3614006401268408,0.4482421930098118,0.4482421930098118,0.5154639175257731,1746000.0
20260917,11:45,705,UP_RED,FILTERED_OUT,TW2_3SLOT_REJECT_TEG,0.04516534708176767,2.470105267684315,0.0,0.2333163922865404,0.5154639175257731,1746000.0
20260917,13:39,819,DOWN_BLUE,FILTERED_OUT,TIME_WINDOW_PENDING_CONFIRMATION,0.01907633978046665,0.26018602995165535,0.3245987868862668,0.3245987868862668,0.4540295119182747,1762000.0
20260917,13:42,822,DOWN_BLUE,FILTERED_OUT,REJECT_NOT_CONFIRMED,0.07717821684846334,1.1772119221868902,1.5201053109798528,1.8241263731758233,0.622524052065648,1767000.0
20260917,13:42,822,UP_RED,FILTERED_OUT,TIME_WINDOW_PENDING_CONFIRMATION,0.07717821684846334,1.1772119221868902,1.5201053109798528,1.8241263731758233,0.622524052065648,1767000.0
20260917,13:45,825,UP_RED,FILTERED_OUT,REJECT_SHORT_FLAG_INTERVAL,0.05530047258441457,2.1989121201092874,0.3059427500909368,0.3059427500909368,0.7352941176470588,1768000.0
20260917,14:03,843,DOWN_BLUE,FILTERED_OUT,TIME_WINDOW_PENDING_CONFIRMATION,0.13831407234421683,1.242734614596811,1.2881550784159972,1.5457860940991965,0.9075439591605219,1763000.0
20260917,14:06,846,DOWN_BLUE,FILTERED_OUT,TW2_3SLOT_REJECT_TEG,0.09485010493567031,3.297132205160045,0.0,0.0,0.9075439591605219,1763000.0
20260917,15:18,918,UP_RED,BLOCKED,NEW_ENTRY_CUTOFF,0.042189565688716436,0.5770825865407587,0.27775939674811334,0.27775939674811334,0.45819014891179843,1746000.0
20260918,11:48,708,UP_RED,FILTERED_OUT,TIME_WINDOW_PENDING_CONFIRMATION,0.003891016582736686,0.4006795665431871,0.35646302991425277,0.0,0.27427317608337903,1823000.0
20260918,11:51,711,UP_RED,FILTERED_OUT,REJECT_NOT_CONFIRMED,0.02350987903782125,0.04633957022817422,0.36392542313919174,0.7278508462783835,0.27442371020856204,1822000.0
20260918,11:51,711,DOWN_BLUE,FILTERED_OUT,TIME_WINDOW_PENDING_CONFIRMATION,0.02350987903782125,0.04633957022817422,0.36392542313919174,0.7278508462783835,0.27442371020856204,1822000.0
20260918,11:54,714,DOWN_BLUE,FILTERED_OUT,REJECT_MACD_GAP_NOT_EXPANDING,0.007077459427512376,0.1509192463318465,0.37114009913138923,0.37114009913138923,0.27427317608337903,1823000.0
20260918,11:57,717,UP_RED,FILTERED_OUT,TIME_WINDOW_PENDING_CONFIRMATION,0.04816508203951862,0.8864675489166713,0.7174482684453185,0.7174482684453185,0.3835616438356164,1825000.0
20260918,12:00,720,UP_RED,FILTERED_OUT,TW2_3SLOT_REJECT_TEG,0.0027866757129025605,0.9286833503407478,0.36611312693409703,0.36611312693409703,0.3837719298245614,1824000.0
20260918,13:21,801,DOWN_BLUE,FILTERED_OUT,TIME_WINDOW_PENDING_CONFIRMATION,0.07072727962037734,0.006669764419031858,0.0,0.0,0.7034632034632035,1848000.0
20260918,13:24,804,DOWN_BLUE,FILTERED_OUT,TW2_REJECT_VWAP_VETO,0.06098621435062744,0.897297473780005,0.0,0.0,0.5681818181818182,1848000.0
20260918,15:15,915,UP_RED,BLOCKED,NEW_ENTRY_CUTOFF,0.11113994723950452,0.9127574713642297,0.7899891611793715,0.7899891611793715,0.91991341991342,1848000.0
20260921,09:54,594,UP_RED,FILTERED_OUT,TIME_WINDOW_PENDING_CONFIRMATION,0.07237501127196583,4.810728401515867,0.37150832063166284,0.2476722137544419,1.2306046013911183,1869000.0
20260921,09:57,597,UP_RED,EXECUTED,,0.004254614221303686,5.004567066396909,0.6307587124196783,0.5046069699357426,0.9656652360515022,1864000.0
20260921,10:39,639,DOWN_BLUE,FILTERED_OUT,TIME_WINDOW_PENDING_CONFIRMATION,0.03982482907590704,1.2855559093592603,0.09597354474691665,0.09597354474691665,0.480128034142438,1874500.0
20260921,10:42,642,DOWN_BLUE,FILTERED_OUT,REJECT_NOT_CONFIRMED,0.012262640501465973,1.6223601836348647,0.673752552159073,0.673752552159073,0.4792332268370607,1878000.0
20260921,10:42,642,UP_RED,FILTERED_OUT,TIME_WINDOW_PENDING_CONFIRMATION,0.012262640501465973,1.6223601836348647,0.673752552159073,0.673752552159073,0.4792332268370607,1878000.0
20260921,10:45,645,UP_RED,FILTERED_OUT,REJECT_SHORT_FLAG_INTERVAL,0.014319085756533517,1.9945366120015666,0.20428349893311756,0.0,0.4257583821181479,1879000.0
20260921,10:48,648,DOWN_BLUE,FILTERED_OUT,TIME_WINDOW_PENDING_CONFIRMATION,0.06299337755767724,0.32785287133030816,1.0052119703452849,1.0052119703452849,0.42689434364994666,1874000.0
20260921,10:51,651,DOWN_BLUE,EXECUTED,,0.05751922254526358,1.1781276585426261,0.20389444663183096,0.20389444663183096,0.42712226374799783,1873000.0
20260921,11:54,714,UP_RED,FILTERED_OUT,TIME_WINDOW_PENDING_CONFIRMATION,0.06549473723478266,1.2336054796854548,0.30947925560214656,0.30947925560214656,0.3206841261357563,1871000.0
20260921,11:57,717,UP_RED,FILTERED_OUT,TW2_3SLOT_REJECT_TEG,0.00037459149814648063,1.2412254392616646,0.636276199074333,0.636276199074333,0.32102728731942215,1869000.0
20260921,12:36,756,DOWN_BLUE,FILTERED_OUT,TIME_WINDOW_PENDING_CONFIRMATION,0.08839459820455016,0.8371758105751157,0.36470967371047913,0.0,0.4810261892036344,1871000.0
20260921,12:39,759,DOWN_BLUE,FILTERED_OUT,TW2_3SLOT_REJECT_TEG,0.055397479387725775,1.6544713738423025,0.0,0.0,0.4810261892036344,1871000.0
20260921,12:54,774,UP_RED,FILTERED_OUT,TIME_WINDOW_PENDING_CONFIRMATION,0.06361271212545223,0.4286220562656779,0.7691051823075364,0.7691051823075364,0.4797441364605544,1876000.0
20260921,12:57,777,UP_RED,EXECUTED,,0.06298875290249153,1.2626871209790145,0.4022350571292924,0.4022350571292924,0.47948854555141185,1877000.0
20260921,13:18,798,DOWN_BLUE,FILTERED_OUT,TIME_WINDOW_PENDING_CONFIRMATION,0.01447887713759078,0.035056761946781305,0.0,0.0,0.3731343283582089,1876000.0
20260921,13:21,801,DOWN_BLUE,FILTERED_OUT,REJECT_NOT_CONFIRMED,0.04016476333906094,0.47502507021048607,0.8386322376503154,0.6289741782377365,0.26624068157614483,1878000.0
20260921,13:21,801,UP_RED,FILTERED_OUT,TIME_WINDOW_PENDING_CONFIRMATION,0.04016476333906094,0.47502507021048607,0.8386322376503154,0.6289741782377365,0.26624068157614483,1878000.0
20260921,13:24,804,UP_RED,FILTERED_OUT,REJECT_MACD_GAP_NOT_EXPANDING,0.03407504655816208,0.034376633356065195,0.8234600823036452,0.8234600823036452,0.26652452025586354,1876000.0
20260921,13:33,813,DOWN_BLUE,FILTERED_OUT,TIME_WINDOW_PENDING_CONFIRMATION,0.0718666006582206,0.4977063381673385,1.1289051965269472,1.1289051965269472,0.32,1875000.0
20260921,13:36,816,DOWN_BLUE,FILTERED_OUT,TW2_3SLOT_REJECT_DAILY_SLOT_CAP,0.070584824544839,1.50812225516305,0.3728685398606878,0.0,0.32017075773745995,1874000.0
20260921,14:42,882,UP_RED,FILTERED_OUT,TIME_WINDOW_PENDING_CONFIRMATION,0.02298810748439804,0.09353767369316618,0.3374478499400156,0.0,0.5353319057815845,1868000.0
20260921,14:45,885,UP_RED,FILTERED_OUT,TW2_3SLOT_REJECT_DAILY_SLOT_CAP,0.06421671579805593,1.0874591973370105,0.6909405384644599,0.6909405384644599,0.53475935828877,1870000.0
20260921,15:00,900,DOWN_BLUE,BLOCKED,NEW_ENTRY_CUTOFF,0.07275078638950669,0.5039119612343851,1.0402311743546386,1.0402311743546386,0.37553648068669526,1864000.0
20260922,09:33,573,DOWN_BLUE,FILTERED_OUT,REJECT_MACD_GAP_NOT_EXPANDING,0.02553661835727985,4.326719589408629,1.3620242882016844,1.210688256179275,1.758923952405587,1933000.0
20260922,11:06,666,UP_RED,FILTERED_OUT,TIME_WINDOW_PENDING_CONFIRMATION,0.06505888266890923,1.4876090722210202,0.0,0.25371475219240197,0.6513809275664408,1919000.0
20260922,11:09,669,UP_RED,FILTERED_OUT,TW2_3SLOT_REJECT_TEG,0.05794508635456032,2.6344971682329366,0.26296687534371876,0.26296687534371876,0.625,1920000.0
20260922,11:15,675,DOWN_BLUE,FILTERED_OUT,TIME_WINDOW_PENDING_CONFIRMATION,0.05843893262380167,0.06569441517324831,0.2523605708974141,0.2523605708974141,0.6272869837950863,1913000.0
20260922,11:18,678,DOWN_BLUE,EXECUTED,,0.03577954414207428,0.6492230667272507,0.0,0.26161576795759306,0.6272869837950863,1913000.0
20260922,11:27,687,UP_RED,FILTERED_OUT,TIME_WINDOW_PENDING_CONFIRMATION,0.05927392536973591,1.5796486781923267,0.38786967321853477,0.38786967321853477,0.5212405525149857,1918500.0
20260922,11:30,690,UP_RED,TIME_WINDOW_WHIPSAW_HOLD,REJECT_MACD_GAP_NOT_EXPANDING,0.022393243015109553,1.1292031534514997,0.9028161045115346,0.9028161045115346,0.5221932114882507,1915000.0
20260922,11:33,693,DOWN_BLUE,FILTERED_OUT,TIME_WINDOW_PENDING_CONFIRMATION,0.046782440149744274,0.16270127918844957,0.5054346828373969,0.5054346828373969,0.5227391531625719,1913000.0
20260922,11:36,696,DOWN_BLUE,FILTERED_OUT,REJECT_DUPLICATE_POSITION,0.012186192158496237,0.0758725023723295,0.2669673462969242,0.2669673462969242,0.522466039707419,1914000.0
20260922,11:39,699,UP_RED,FILTERED_OUT,TIME_WINDOW_PENDING_CONFIRMATION,0.06260731271008957,1.1529086345999824,1.0627175290928597,1.0627175290928597,0.5213764337851928,1918000.0
20260922,11:42,702,UP_RED,FILTERED_OUT,TW2_3SLOT_REJECT_TEG,0.05707928416810579,2.2343870849226284,0.27488084652448325,0.27488084652448325,0.5211047420531527,1919000.0
20260922,12:12,732,DOWN_BLUE,FILTERED_OUT,TIME_WINDOW_PENDING_CONFIRMATION,0.050621904501725226,0.20153624329659914,0.33280726218771,0.33280726218771,0.36534446764091855,1916000.0
20260922,12:15,735,DOWN_BLUE,EXECUTED,,0.01074624714024155,0.36584672192340995,0.3409507609275179,0.0,0.2608242044861763,1917000.0
20260922,14:06,846,UP_RED,FILTERED_OUT,TIME_WINDOW_PENDING_CONFIRMATION,0.08851548755054424,0.7219314662229772,0.0,0.0,1.3368983957219251,1870000.0
20260922,14:09,849,UP_RED,FILTERED_OUT,TW2_REJECT_VWAP_VETO,0.05845824980681705,2.4381704352710907,0.1822873385869386,0.1822873385869386,1.070090957731407,1869000.0
20260922,14:18,858,DOWN_BLUE,FILTERED_OUT,TIME_WINDOW_PENDING_CONFIRMATION,0.10154122006737758,1.7151884969056577,1.8140076685315119,1.6490978804831926,1.4038876889848813,1852000.0
20260922,14:21,861,DOWN_BLUE,FILTERED_OUT,TW2_3SLOT_REJECT_DAILY_SLOT_CAP,0.1083675537694899,5.319777875455482,0.9786676233608809,0.9786676233608809,1.5167930660888407,1846000.0
20260922,14:45,885,UP_RED,FILTERED_OUT,TIME_WINDOW_PENDING_CONFIRMATION,0.043963409935782106,0.06708066526197592,0.30484169167994074,0.15242084583997037,2.0640956002172732,1841000.0
20260922,14:48,888,UP_RED,FILTERED_OUT,TW2_REJECT_VWAP_VETO,0.13478809445809078,5.075118609932275,1.4539386377655275,1.3085447739889746,1.8368449486763911,1851000.0
20260923,10:15,615,UP_RED,FILTERED_OUT,TIME_WINDOW_PENDING_CONFIRMATION,0.09620575269968064,7.31913069084897,0.8934605548315844,0.8934605548315844,1.1764705882352942,1870000.0
20260923,10:18,618,UP_RED,EXECUTED,,0.061717662088619674,9.447918548509422,0.0,0.15503704258189954,1.1764705882352942,1870000.0
20260923,10:39,639,DOWN_BLUE,FILTERED_OUT,TIME_WINDOW_PENDING_CONFIRMATION,0.08342425306982598,1.7905194687218575,0.1838438131814816,0.1838438131814816,1.022604951560818,1858000.0
20260923,10:42,642,DOWN_BLUE,EXECUTED,,0.04907085470301886,0.36223166478359775,0.0,0.0,0.9687836383207751,1858000.0
20260923,11:27,687,UP_RED,FILTERED_OUT,TIME_WINDOW_PENDING_CONFIRMATION,0.06146216685192894,1.3279535198886356,0.19847530594814736,0.3969506118962947,0.8134490238611713,1844000.0
20260923,11:30,690,UP_RED,FILTERED_OUT,REJECT_LOW_QUALITY_SCORE,0.010006075408180602,1.6038125402635501,0.5957503239070314,0.5957503239070314,0.7061379684953829,1841000.0
20260923,11:36,696,DOWN_BLUE,FILTERED_OUT,TIME_WINDOW_PENDING_CONFIRMATION,0.029730648990229303,0.5353538562231824,0.5114674909479813,0.5114674909479813,0.8167710318540702,1836500.0
20260923,11:39,699,DOWN_BLUE,FILTERED_OUT,REJECT_NOT_CONFIRMED,0.03804248763448373,1.5465765653618053,0.7148833561249985,0.7148833561249985,0.8152173913043478,1840000.0
20260923,11:39,699,UP_RED,FILTERED_OUT,TIME_WINDOW_PENDING_CONFIRMATION,0.03804248763448373,1.5465765653618053,0.7148833561249985,0.7148833561249985,0.8152173913043478,1840000.0
20260923,11:42,702,UP_RED,FILTERED_OUT,REJECT_SHORT_FLAG_INTERVAL,0.0604848298470556,3.1080728927849366,0.4201255323058072,0.4201255323058072,0.760043431053203,1842000.0
20260923,12:57,777,DOWN_BLUE,FILTERED_OUT,TIME_WINDOW_PENDING_CONFIRMATION,0.0709455911271549,0.07843741445429692,0.2604160959161929,0.2604160959161929,0.5414185165132648,1847000.0
20260923,13:00,780,DOWN_BLUE,EXECUTED,,0.1099802124643777,2.2623447155539687,1.0196629359013423,0.7647472019260068,0.759631036353771,1843000.0
20260923,13:12,792,UP_RED,FILTERED_OUT,TIME_WINDOW_PENDING_CONFIRMATION,0.08890007630525672,0.40962965835007104,0.5323616382416806,0.5323616382416806,0.755939524838013,1852000.0
20260923,13:15,795,UP_RED,FILTERED_OUT,TW2_3SLOT_REJECT_DAILY_SLOT_CAP,0.038807570267919526,1.171191290576396,0.2753792403212754,0.2753792403212754,0.7563479200432199,1851000.0
20260923,13:30,810,DOWN_BLUE,FILTERED_OUT,TIME_WINDOW_PENDING_CONFIRMATION,0.03798446932890405,0.4425976013312186,0.2903899700514312,0.0,0.6493506493506493,1848000.0
20260923,13:33,813,DOWN_BLUE,FILTERED_OUT,REJECT_NOT_CONFIRMED,0.049392842101804356,0.4969020841345104,1.1366545716387428,0.8524909287290572,0.6479481641468683,1852000.0
20260923,13:33,813,UP_RED,FILTERED_OUT,TIME_WINDOW_PENDING_CONFIRMATION,0.049392842101804356,0.4969020841345104,1.1366545716387428,0.8524909287290572,0.6479481641468683,1852000.0
20260923,13:36,816,UP_RED,FILTERED_OUT,TW2_3SLOT_REJECT_DAILY_SLOT_CAP,0.08374765517182181,2.0681257165270024,0.8615687289464123,0.8615687289464123,0.7008086253369272,1855000.0
20260923,13:57,837,DOWN_BLUE,FILTERED_OUT,TIME_WINDOW_PENDING_CONFIRMATION,0.05027508244158279,0.15595590389859318,0.6374587077899199,0.6374587077899199,0.48648648648648646,1850000.0
20260923,14:00,840,DOWN_BLUE,FILTERED_OUT,TW2_3SLOT_REJECT_DAILY_SLOT_CAP,0.05259869588411147,1.0660825339300357,0.31259101714026877,0.31259101714026877,0.48674959437533805,1849000.0
20260923,14:42,882,UP_RED,FILTERED_OUT,TIME_WINDOW_PENDING_CONFIRMATION,0.05639938973620417,0.5707980551075943,0.3222148899740555,0.3222148899740555,0.4329004329004329,1848000.0
20260923,14:45,885,UP_RED,FILTERED_OUT,REJECT_MACD_GAP_NOT_EXPANDING,0.004807565875491457,0.49078362500893463,0.6459688158819489,0.6459688158819489,0.43336944745395445,1846000.0
20260928,09:42,582,DOWN_BLUE,FILTERED_OUT,TIME_WINDOW_PENDING_CONFIRMATION,0.03692930562027099,4.844533854658783,0.5526604379109431,0.5526604379109431,1.105583195135434,1809000.0
20260928,09:45,585,DOWN_BLUE,EXECUTED,,0.02146443829785086,5.886964123919115,0.11418047646364334,0.0,1.0508849557522124,1808000.0
20260928,10:33,633,UP_RED,FILTERED_OUT,TIME_WINDOW_PENDING_CONFIRMATION,0.13450656383655715,0.6623576378222068,0.43305775062561586,0.43305775062561586,1.7887087758524316,1789000.0
20260928,10:36,636,UP_RED,EXECUTED,,0.08022542749364804,2.4492446496946982,0.288489457647703,0.288489457647703,1.6787912702853944,1787000.0
20260928,12:42,762,DOWN_BLUE,FILTERED_OUT,TIME_WINDOW_PENDING_CONFIRMATION,0.026296740402469976,0.22592053152812813,0.3163437283944287,0.3163437283944287,0.5633802816901409,1775000.0
20260928,12:45,765,DOWN_BLUE,FILTERED_OUT,REJECT_MACD_GAP_NOT_EXPANDING,0.006873869400367308,0.10665471405405898,0.3248671409478052,0.3248671409478052,0.5067567567567568,1776000.0
20260928,12:48,768,UP_RED,FILTERED_OUT,TIME_WINDOW_PENDING_CONFIRMATION,0.1036630158810392,1.8067731724858818,1.5211981602689637,1.5211981602689637,0.5053340819764177,1781000.0
20260928,12:51,771,UP_RED,FILTERED_OUT,TW2_3SLOT_REJECT_DAILY_SLOT_CAP,0.12086662172240234,4.016726250499803,0.9184448159723012,0.9184448159723012,0.6165919282511211,1784000.0
20260928,13:06,786,DOWN_BLUE,FILTERED_OUT,TIME_WINDOW_PENDING_CONFIRMATION,0.053257741722222265,0.4110263982252395,0.30281737740175063,0.0,0.6193693693693694,1776000.0
20260928,13:09,789,DOWN_BLUE,FILTERED_OUT,TW2_3SLOT_REJECT_DAILY_SLOT_CAP,0.05297109690449337,1.3690044928646479,0.3115946708864696,0.3115946708864696,0.6197183098591549,1775000.0
20260928,13:15,795,UP_RED,FILTERED_OUT,TIME_WINDOW_PENDING_CONFIRMATION,0.09813846330046694,1.01607601698011,1.2054652872973894,1.2054652872973894,0.5611672278338945,1782000.0
20260928,13:18,798,UP_RED,FILTERED_OUT,TW2_3SLOT_REJECT_DAILY_SLOT_CAP,0.06057962164566328,2.1121055735145426,0.0,0.0,0.5611672278338945,1782000.0
20260928,13:48,828,DOWN_BLUE,FILTERED_OUT,TIME_WINDOW_PENDING_CONFIRMATION,0.11286505508168743,1.0332613770205508,1.1575207926723214,1.1575207926723214,0.7295173961840629,1782000.0
20260928,13:51,831,DOWN_BLUE,FILTERED_OUT,TW2_3SLOT_REJECT_DAILY_SLOT_CAP,0.01824269394860478,1.3813669604075907,0.8763949456840544,0.8763949456840544,0.5602240896358543,1785000.0
20260928,14:57,897,UP_RED,BLOCKED,NEW_ENTRY_CUTOFF,0.06221554194473067,0.7345207207125964,0.8077705791737538,0.5385137194491693,0.44893378226711567,1782000.0
20260929,09:51,591,DOWN_BLUE,FILTERED_OUT,TIME_WINDOW_PENDING_CONFIRMATION,0.09501530972603828,4.063723761254281,0.7475409924363279,0.7475409924363279,1.244343891402715,1768000.0
20260929,09:54,594,DOWN_BLUE,EXECUTED,,0.06885230575447138,7.081466863392646,0.12922030751805996,0.12922030751805996,1.3016411997736277,1767000.0
20260929,10:33,633,UP_RED,FILTERED_OUT,TIME_WINDOW_PENDING_CONFIRMATION,0.06502694200088786,0.5811431880513421,0.5776754233755445,0.4951503628933238,0.9029345372460496,1772000.0
20260929,10:36,636,UP_RED,EXECUTED,,0.020609161323613928,1.270135465611318,0.338311534480439,0.338311534480439,0.903954802259887,1770000.0
20260929,11:09,669,DOWN_BLUE,FILTERED_OUT,TIME_WINDOW_PENDING_CONFIRMATION,0.05681775755341488,1.7641399253863355,0.19999641326867687,0.39999282653735374,0.6779661016949152,1770000.0
20260929,11:12,672,DOWN_BLUE,FILTERED_OUT,TW2_3SLOT_REJECT_TEG,0.049147892531904214,3.0947689682892685,0.2089515884080515,0.0,0.6783493499152063,1769000.0
20260929,11:21,681,UP_RED,FILTERED_OUT,TIME_WINDOW_PENDING_CONFIRMATION,0.0633687614012845,0.0989755483113825,0.8292286653724521,0.6219214990293391,0.6752954417557682,1777000.0
20260929,11:24,684,UP_RED,FILTERED_OUT,REJECT_NOT_CONFIRMED,0.027597521881804685,0.6650932849285435,1.0187911819861897,0.9169120637875707,0.6772009029345373,1772000.0
20260929,11:24,684,DOWN_BLUE,FILTERED_OUT,TIME_WINDOW_PENDING_CONFIRMATION,0.027597521881804685,0.6650932849285435,1.0187911819861897,0.9169120637875707,0.6772009029345373,1772000.0
20260929,11:27,687,DOWN_BLUE,FILTERED_OUT,REJECT_NOT_CONFIRMED,0.015295350178568904,0.2467181199728108,0.5162157992667242,0.5162157992667242,0.6762468300929839,1774500.0
20260929,11:27,687,UP_RED,FILTERED_OUT,TIME_WINDOW_PENDING_CONFIRMATION,0.015295350178568904,0.2467181199728108,0.5162157992667242,0.5162157992667242,0.6762468300929839,1774500.0
20260929,11:30,690,UP_RED,FILTERED_OUT,REJECT_NOT_CONFIRMED,0.0112192185528765,0.5495689807800345,0.31362866164970427,0.20908577443313617,0.5640157924421884,1773000.0
20260929,11:30,690,DOWN_BLUE,FILTERED_OUT,TIME_WINDOW_PENDING_CONFIRMATION,0.0112192185528765,0.5495689807800345,0.31362866164970427,0.20908577443313617,0.5640157924421884,1773000.0
20260929,11:33,693,DOWN_BLUE,FILTERED_OUT,TW2_REJECT_RECENT_CROSSES,0.07165319418716404,2.55364469597253,1.0119198390628161,1.0119198390628161,0.5656108597285068,1768000.0
20260929,12:03,723,UP_RED,FILTERED_OUT,TIME_WINDOW_PENDING_CONFIRMATION,0.0862378737285358,0.4415219060711355,0.6463123112598516,0.38778738675591096,0.5074711023400056,1773500.0
20260929,12:06,726,UP_RED,FILTERED_OUT,REJECT_MACD_GAP_NOT_EXPANDING,0.0032453703527364004,0.3686796364717477,0.8705649859315893,0.7461985593699337,0.5084745762711864,1770000.0
20260929,12:12,732,DOWN_BLUE,FILTERED_OUT,TIME_WINDOW_PENDING_CONFIRMATION,0.06387590339737773,0.7361965774559995,1.137413151963575,0.8846546737494472,0.5094820266062836,1766500.0
20260929,12:15,735,DOWN_BLUE,EXECUTED,,0.07457143638409734,2.471457583718946,0.6094110658347001,0.7312932790016401,0.6802721088435374,1764000.0
20260929,12:45,765,UP_RED,FILTERED_OUT,TIME_WINDOW_PENDING_CONFIRMATION,0.0706101456110031,0.5690210378838187,0.2877463888502896,0.2877463888502896,0.5090497737556561,1768000.0
20260929,12:48,768,UP_RED,FILTERED_OUT,REJECT_MACD_GAP_NOT_EXPANDING,0.026058945180334046,0.04083154552878735,1.1160119765248269,0.8370089823936202,0.45351473922902497,1764000.0
20260929,12:51,771,DOWN_BLUE,FILTERED_OUT,TIME_WINDOW_PENDING_CONFIRMATION,0.08325311792289139,1.6685514589848445,1.1068400690882694,1.1068400690882694,0.5681818181818182,1760000.0
20260929,12:54,774,DOWN_BLUE,FILTERED_OUT,TW2_3SLOT_REJECT_DAILY_SLOT_CAP,0.045501564813332236,2.573053695916374,0.0,0.0,0.625,1760000.0
20260929,13:33,813,UP_RED,FILTERED_OUT,TIME_WINDOW_PENDING_CONFIRMATION,0.04636349056086441,0.6723094929324879,0.0,0.0,0.513405590416429,1753000.0
20260929,13:36,816,UP_RED,FILTERED_OUT,TW2_3SLOT_REJECT_DAILY_SLOT_CAP,0.0289396845748036,1.169251380372079,0.16621408812062,0.16621408812062,0.456490727532097,1752500.0
20260929,14:27,867,DOWN_BLUE,FILTERED_OUT,TIME_WINDOW_PENDING_CONFIRMATION,0.08553783699106347,1.127889744574072,1.2363154010575836,1.2363154010575836,0.7454128440366973,1744000.0
20260929,14:30,870,DOWN_BLUE,FILTERED_OUT,TW2_3SLOT_REJECT_DAILY_SLOT_CAP,0.04351828993867222,1.9310329119972158,0.0,0.0,0.6307339449541285,1744000.0
20260930,09:48,588,DOWN_BLUE,FILTERED_OUT,TIME_WINDOW_PENDING_CONFIRMATION,0.12432258593933561,2.1126909468414112,1.0891748818417673,1.0891748818417673,1.6066481994459834,1805000.0
20260930,09:51,591,DOWN_BLUE,EXECUTED,,0.12717978426339646,2.9006610385754406,0.5628982208685129,0.5628982208685129,1.6102165463631315,1801000.0
20260930,11:54,714,UP_RED,FILTERED_OUT,TIME_WINDOW_PENDING_CONFIRMATION,0.1121283620709426,1.971972181428051,0.5831389353582862,0.5831389353582862,1.0638297872340425,1786000.0
20260930,11:57,717,UP_RED,FILTERED_OUT,TW2_3SLOT_REJECT_TEG,0.0919264271208118,4.538526514287578,0.2003450781606999,0.2003450781606999,1.0632344711807498,1787000.0
20260930,13:57,837,DOWN_BLUE,FILTERED_OUT,TIME_WINDOW_PENDING_CONFIRMATION,0.1349639031497136,1.1171458035962756,0.7730472089709157,0.6442060074757632,0.8389261744966443,1788000.0
20260930,14:00,840,DOWN_BLUE,FILTERED_OUT,TW2_3SLOT_REJECT_TEG,0.05415970721626492,2.2926652837588017,0.5142360720555583,0.5142360720555583,0.8379888268156425,1790000.0
20260930,14:36,876,UP_RED,FILTERED_OUT,TIME_WINDOW_PENDING_CONFIRMATION,0.22108122644223524,3.039526825205827,1.493866293277654,1.680599579937361,1.335559265442404,1797000.0
20260930,14:39,879,UP_RED,FILTERED_OUT,TW2_3SLOT_REJECT_TEG,0.06213823215847091,4.973234255592137,1.0822230426322095,1.0822230426322095,1.4517029592406476,1791000.0
20260930,15:06,906,DOWN_BLUE,BLOCKED,NEW_ENTRY_CUTOFF,0.03859557129072938,0.4850944071204156,0.0,0.0,1.287793952967525,1786000.0
20261001,09:33,573,DOWN_BLUE,FILTERED_OUT,TIME_WINDOW_PENDING_CONFIRMATION,0.09423551280473162,4.5241231185229465,1.579729200496298,1.466891400460848,1.7123287671232876,1752000.0
20261001,09:36,576,DOWN_BLUE,FILTERED_OUT,REJECT_MACD_GAP_NOT_EXPANDING,0.019996970696731432,3.475336113028977,1.109265685344816,1.109265685344816,1.70261066969353,1762000.0
20261001,09:42,582,UP_RED,FILTERED_OUT,TIME_WINDOW_PENDING_CONFIRMATION,0.07194780506566124,1.477938686467252,0.7873607227994852,0.7873607227994852,1.6384180790960452,1770000.0
20261001,09:45,585,UP_RED,FILTERED_OUT,TW2_REJECT_RECENT_CROSSES,0.11094515867803215,7.019768627700741,1.0114308030686074,0.9552402028981293,1.6301292861157952,1779000.0
20261001,10:27,627,DOWN_BLUE,FILTERED_OUT,TIME_WINDOW_PENDING_CONFIRMATION,0.042059883148176894,0.8529843872715372,0.0,0.1470947106540491,0.7869589657110737,1779000.0
20261001,10:30,630,DOWN_BLUE,EXECUTED,,0.05852877820977019,3.0525130701244843,0.4497826611882022,0.29985510745880145,0.7882882882882882,1776000.0
20261001,11:09,669,UP_RED,FILTERED_OUT,TIME_WINDOW_PENDING_CONFIRMATION,0.02854043801114516,0.6994823127530708,0.3832265271673337,0.3832265271673337,0.8998875140607425,1778000.0
20261001,11:12,672,UP_RED,EXECUTED,,0.01726921030169466,1.1840427438886576,0.0,0.0,0.6749156355455568,1778000.0
20261001,12:24,744,DOWN_BLUE,FILTERED_OUT,TIME_WINDOW_PENDING_CONFIRMATION,0.12090797859901152,1.5386141083308655,0.9452138454049233,0.9452138454049233,0.9433962264150944,1802000.0
20261001,12:27,747,DOWN_BLUE,FILTERED_OUT,REJECT_LOW_QUALITY_SCORE,0.04165369908240558,2.4923282998930727,0.7239631085703379,0.7239631085703379,0.8310249307479225,1805000.0
20261001,13:03,783,UP_RED,FILTERED_OUT,TIME_WINDOW_PENDING_CONFIRMATION,0.09520279997560101,0.013604715058666747,1.089514129600077,1.089514129600077,0.8278145695364238,1812000.0
20261001,13:06,786,UP_RED,FILTERED_OUT,TW2_3SLOT_REJECT_DAILY_SLOT_CAP,0.07028568334317992,1.3906144470305213,0.2815332482787919,0.2815332482787919,0.9376723662437948,1813000.0
20261001,13:21,801,DOWN_BLUE,FILTERED_OUT,TIME_WINDOW_PENDING_CONFIRMATION,0.06656831814758482,1.309635698738296,0.2713529974110527,0.0,0.6080707573244887,1809000.0
20261001,13:24,804,DOWN_BLUE,FILTERED_OUT,TW2_REJECT_VWAP_VETO,0.03165417697917952,1.9323529748854245,0.28051572301777933,0.28051572301777933,0.5524861878453038,1810000.0
20261001,14:06,846,UP_RED,FILTERED_OUT,TIME_WINDOW_PENDING_CONFIRMATION,0.16704028366979226,1.8279599392944021,2.389473724031995,2.0907895085279957,0.823271130625686,1822000.0
20261001,14:09,849,UP_RED,FILTERED_OUT,TW2_3SLOT_REJECT_DAILY_SLOT_CAP,0.15990125804455904,4.921665869946021,1.130759667869059,1.130759667869059,1.1500547645125958,1826000.0
20261001,14:42,882,DOWN_BLUE,FILTERED_OUT,TIME_WINDOW_PENDING_CONFIRMATION,0.10446938465496913,0.6893597657887975,0.5604252699593102,0.5604252699593102,0.49288061336254113,1826000.0
20261001,14:45,885,DOWN_BLUE,FILTERED_OUT,TW2_REJECT_VWAP_VETO,0.06075678323845044,1.8384951769710502,0.2892960074346505,0.2892960074346505,0.49261083743842365,1827000.0
20261002,09:39,579,DOWN_BLUE,FILTERED_OUT,TIME_WINDOW_PENDING_CONFIRMATION,0.029069317837962145,3.662258938987858,0.2985212642071097,0.14926063210355486,1.520912547528517,1841000.0
20261002,09:42,582,DOWN_BLUE,FILTERED_OUT,TW_TEG_3SLOT_REJECT_CHOP_TEG,0.08847466957962467,0.3994085488901487,1.0305378534498364,0.8833181600998596,1.3086150490730644,1834000.0
20261002,09:57,597,UP_RED,FILTERED_OUT,TIME_WINDOW_PENDING_CONFIRMATION,0.05707439375514534,3.764534742385206,0.4990592391822672,0.4990592391822672,1.0828370330265296,1847000.0
20261002,10:00,600,UP_RED,EXECUTED,,0.0199192139072054,4.392013268722943,0.17252632756984582,0.34505265513969163,1.0834236186348862,1846000.0
20261002,10:06,606,DOWN_BLUE,FILTERED_OUT,TIME_WINDOW_PENDING_CONFIRMATION,0.05764677286448084,0.9847319300922589,0.3398174193138662,0.3398174193138662,0.8156606851549755,1839000.0
20261002,10:09,609,DOWN_BLUE,FILTERED_OUT,TW_TEG_3SLOT_REJECT_CHOP_TEG,0.0613041803567964,0.9333585144939128,0.3477756479990491,0.3477756479990491,0.8165487207403375,1837000.0
20261002,10:57,657,UP_RED,FILTERED_OUT,TIME_WINDOW_PENDING_CONFIRMATION,0.0858171264583535,2.315150793874449,0.41382642909970524,0.20691321454985262,0.8147745790331342,1841000.0
20261002,11:00,660,UP_RED,FILTERED_OUT,TW2_3SLOT_REJECT_TEG,0.06689972684040305,4.021623685629737,0.21267457417765956,0.21267457417765956,0.8143322475570033,1842000.0
20261002,11:27,687,DOWN_BLUE,FILTERED_OUT,TIME_WINDOW_PENDING_CONFIRMATION,0.05701686477758608,0.10274082351256471,0.2540205159467561,0.2540205159467561,0.5446623093681917,1836000.0
20261002,11:30,690,DOWN_BLUE,EXECUTED,,0.06761517527503492,1.555883090906663,0.5074581052065711,0.25372905260328554,0.5997818974918212,1834000.0
20261002,11:48,708,UP_RED,FILTERED_OUT,TIME_WINDOW_PENDING_CONFIRMATION,0.06294341546475907,0.4834845772797286,0.28674974073588066,0.28674974073588066,0.48939641109298526,1839000.0
20261002,11:51,711,UP_RED,EXECUTED,,0.07695490614418142,1.926145957261831,0.5792819892257184,0.5792819892257184,0.48886474741988045,1841000.0
20261002,12:42,762,DOWN_BLUE,FILTERED_OUT,TIME_WINDOW_PENDING_CONFIRMATION,0.0750693706248668,0.9147346686454269,0.6926644291060948,0.6926644291060948,0.27114967462039047,1844000.0
20261002,12:45,765,DOWN_BLUE,H50_SMALL_WHIPSAW_HOLD,H50_SMALL_WHIPSAW_HOLD,0.0500678616241024,1.700898883042911,0.0,0.3453701946664833,0.32537960954446854,1844000.0
20261002,13:12,792,UP_RED,FILTERED_OUT,TIME_WINDOW_PENDING_CONFIRMATION,0.03900211056009215,0.27682367128901536,0.0,0.0,0.48727666486193827,1847000.0
20261002,13:15,795,UP_RED,FILTERED_OUT,REJECT_NOT_CONFIRMED,0.0687087723485487,0.7985060764680437,1.3859979961558218,1.3859979961558218,0.4340748779164406,1843000.0
20261002,13:15,795,DOWN_BLUE,FILTERED_OUT,TIME_WINDOW_PENDING_CONFIRMATION,0.0687087723485487,0.7985060764680437,1.3859979961558218,1.3859979961558218,0.4340748779164406,1843000.0
20261002,13:18,798,DOWN_BLUE,H50_SMALL_WHIPSAW_HOLD,H50_SMALL_WHIPSAW_HOLD,0.021152349717161303,1.1300581907725515,0.34552466297436263,0.17276233148718131,0.43383947939262474,1844000.0
20261002,13:42,822,UP_RED,FILTERED_OUT,TIME_WINDOW_PENDING_CONFIRMATION,0.02523063179245967,0.3016410414253108,0.0,0.0,0.37919826652221017,1846000.0
20261002,13:45,825,UP_RED,FILTERED_OUT,REJECT_MACD_GAP_NOT_EXPANDING,0.010479713786927351,0.14994456048883276,0.37403284076325516,0.7480656815265103,0.3794037940379404,1845000.0
20261002,13:45,825,DOWN_BLUE,SELL_EXECUTED_ENTRY_FILTERED,SMALL_WHIPSAW_HOLD_EXIT,0.010479713786927351,0.14994456048883276,0.37403284076325516,0.7480656815265103,0.3794037940379404,1845000.0
20261002,13:48,828,DOWN_BLUE,FILTERED_OUT,TIME_WINDOW_PENDING_CONFIRMATION,0.03236072820355743,0.3232548683557715,0.37079898305627523,0.37079898305627523,0.3796095444685466,1844000.0
