datetime,open,high,low,close,volume
2026-07-15 09:02:00,2101000.0,2101000.0,2101000.0,2101000.0,322850
2026-07-15 09:03:00,2104000.0,2104000.0,2104000.0,2104000.0,84400
2026-07-15 09:04:00,2088000.0,2088000.0,2088000.0,2088000.0,65153
2026-07-15 09:05:00,2085000.0,2085000.0,2085000.0,2085000.0,70794
2026-07-15 09:06:00,2087000.0,2087000.0,2087000.0,2087000.0,54167
2026-07-15 09:07:00,2086000.0,2086000.0,2086000.0,2086000.0,22104
2026-07-15 09:08:00,2084000.0,2084000.0,2084000.0,2084000.0,22849
2026-07-15 09:09:00,2082000.0,2082000.0,2082000.0,2082000.0,30760
2026-07-15 09:10:00,2092000.0,2092000.0,2092000.0,2092000.0,43064
2026-07-15 09:11:00,2101000.0,2101000.0,2101000.0,2101000.0,52590
2026-07-15 09:12:00,2095000.0,2095000.0,2095000.0,2095000.0,35408
2026-07-15 09:13:00,2098000.0,2098000.0,2098000.0,2098000.0,27628
2026-07-15 09:14:00,2094000.0,2094000.0,2094000.0,2094000.0,15803
2026-07-15 09:15:00,2090000.0,2090000.0,2090000.0,2090000.0,21914
2026-07-15 09:16:00,2105000.0,2105000.0,2105000.0,2105000.0,34676
2026-07-15 09:17:00,2108000.0,2108000.0,2108000.0,2108000.0,23366
2026-07-15 09:18:00,2117000.0,2117000.0,2117000.0,2117000.0,27445
2026-07-15 09:19:00,2127000.0,2127000.0,2127000.0,2127000.0,52796
2026-07-15 09:20:00,2137000.0,2137000.0,2137000.0,2137000.0,45303
2026-07-15 09:21:00,2137000.0,2137000.0,2137000.0,2137000.0,30118
2026-07-15 09:22:00,2131000.0,2131000.0,2131000.0,2131000.0,23827
2026-07-15 09:23:00,2133000.0,2133000.0,2133000.0,2133000.0,19741
2026-07-15 09:24:00,2129000.0,2129000.0,2129000.0,2129000.0,16804
2026-07-15 09:25:00,2126000.0,2126000.0,2126000.0,2126000.0,24978
2026-07-15 09:26:00,2138000.0,2138000.0,2138000.0,2138000.0,31488
2026-07-15 09:27:00,2131000.0,2131000.0,2131000.0,2131000.0,28504
2026-07-15 09:28:00,2142000.0,2142000.0,2142000.0,2142000.0,34165
2026-07-15 09:29:00,2144000.0,2144000.0,2144000.0,2144000.0,23339
2026-07-15 09:30:00,2153000.0,2153000.0,2153000.0,2153000.0,60223
2026-07-15 09:31:00,2143000.0,2143000.0,2143000.0,2143000.0,24350
2026-07-15 09:32:00,2132000.0,2132000.0,2132000.0,2132000.0,28448
2026-07-15 09:33:00,2135000.0,2135000.0,2135000.0,2135000.0,20849
2026-07-15 09:34:00,2134000.0,2134000.0,2134000.0,2134000.0,19174
2026-07-15 09:35:00,2122000.0,2122000.0,2122000.0,2122000.0,18466
2026-07-15 09:36:00,2120000.0,2120000.0,2120000.0,2120000.0,26847
2026-07-15 09:37:00,2109000.0,2109000.0,2109000.0,2109000.0,25028
2026-07-15 09:38:00,2125000.0,2125000.0,2125000.0,2125000.0,21002
2026-07-15 09:39:00,2119000.0,2119000.0,2119000.0,2119000.0,16861
2026-07-15 09:40:00,2118000.0,2118000.0,2118000.0,2118000.0,13845
2026-07-15 09:41:00,2115000.0,2115000.0,2115000.0,2115000.0,11549
2026-07-15 09:42:00,2121000.0,2121000.0,2121000.0,2121000.0,14940
2026-07-15 09:43:00,2112000.0,2112000.0,2112000.0,2112000.0,19401
2026-07-15 09:44:00,2120000.0,2120000.0,2120000.0,2120000.0,16741
2026-07-15 09:45:00,2119000.0,2119000.0,2119000.0,2119000.0,18848
2026-07-15 09:46:00,2127000.0,2127000.0,2127000.0,2127000.0,15455
2026-07-15 09:47:00,2130000.0,2130000.0,2130000.0,2130000.0,19391
2026-07-15 09:48:00,2130000.0,2130000.0,2130000.0,2130000.0,13626
2026-07-15 09:49:00,2129000.0,2129000.0,2129000.0,2129000.0,10472
2026-07-15 09:50:00,2139000.0,2139000.0,2139000.0,2139000.0,21943
2026-07-15 09:51:00,2141000.0,2141000.0,2141000.0,2141000.0,15254
2026-07-15 09:52:00,2139000.0,2139000.0,2139000.0,2139000.0,13957
2026-07-15 09:53:00,2135000.0,2135000.0,2135000.0,2135000.0,11535
2026-07-15 09:54:00,2139000.0,2139000.0,2139000.0,2139000.0,15653
2026-07-15 09:55:00,2139000.0,2139000.0,2139000.0,2139000.0,14892
2026-07-15 09:56:00,2139000.0,2139000.0,2139000.0,2139000.0,10260
2026-07-15 09:57:00,2141000.0,2141000.0,2141000.0,2141000.0,13788
2026-07-15 09:58:00,2144000.0,2144000.0,2144000.0,2144000.0,18162
2026-07-15 09:59:00,2142000.0,2142000.0,2142000.0,2142000.0,10750
2026-07-15 10:00:00,2132000.0,2132000.0,2132000.0,2132000.0,16235
2026-07-15 10:01:00,2126000.0,2126000.0,2126000.0,2126000.0,13929
2026-07-15 10:02:00,2122000.0,2122000.0,2122000.0,2122000.0,21668
2026-07-15 10:03:00,2116000.0,2116000.0,2116000.0,2116000.0,21868
2026-07-15 10:04:00,2125000.0,2125000.0,2125000.0,2125000.0,12948
2026-07-15 10:05:00,2112000.0,2112000.0,2112000.0,2112000.0,18242
2026-07-15 10:06:00,2116000.0,2116000.0,2116000.0,2116000.0,12451
2026-07-15 10:07:00,2108000.0,2108000.0,2108000.0,2108000.0,19230
2026-07-15 10:08:00,2104000.0,2104000.0,2104000.0,2104000.0,21115
2026-07-15 10:09:00,2104500.0,2104500.0,2104500.0,2104500.0,12860
2026-07-15 10:10:00,2102000.0,2102000.0,2102000.0,2102000.0,19415
2026-07-15 10:11:00,2090000.0,2090000.0,2090000.0,2090000.0,39118
2026-07-15 10:12:00,2106000.0,2106000.0,2106000.0,2106000.0,25933
2026-07-15 10:13:00,2110000.0,2110000.0,2110000.0,2110000.0,18414
2026-07-15 10:14:00,2103000.0,2103000.0,2103000.0,2103000.0,13889
2026-07-15 10:15:00,2111000.0,2111000.0,2111000.0,2111000.0,15027
2026-07-15 10:16:00,2109000.0,2109000.0,2109000.0,2109000.0,16215
2026-07-15 10:17:00,2110000.0,2110000.0,2110000.0,2110000.0,10587
2026-07-15 10:18:00,2110000.0,2110000.0,2110000.0,2110000.0,8126
2026-07-15 10:19:00,2117000.0,2117000.0,2117000.0,2117000.0,12126
2026-07-15 10:20:00,2110000.0,2110000.0,2110000.0,2110000.0,13953
2026-07-15 10:21:00,2112000.0,2112000.0,2112000.0,2112000.0,7590
2026-07-15 10:22:00,2119000.0,2119000.0,2119000.0,2119000.0,14183
2026-07-15 10:23:00,2118000.0,2118000.0,2118000.0,2118000.0,9366
2026-07-15 10:24:00,2119000.0,2119000.0,2119000.0,2119000.0,9640
2026-07-15 10:25:00,2117000.0,2117000.0,2117000.0,2117000.0,8061
2026-07-15 10:26:00,2126000.0,2126000.0,2126000.0,2126000.0,13815
2026-07-15 10:27:00,2129000.0,2129000.0,2129000.0,2129000.0,12667
2026-07-15 10:28:00,2129000.0,2129000.0,2129000.0,2129000.0,11850
2026-07-15 10:29:00,2128000.0,2128000.0,2128000.0,2128000.0,18064
2026-07-15 10:30:00,2125000.0,2125000.0,2125000.0,2125000.0,13174
2026-07-15 10:31:00,2121000.0,2121000.0,2121000.0,2121000.0,16443
2026-07-15 10:32:00,2108000.0,2108000.0,2108000.0,2108000.0,15089
2026-07-15 10:33:00,2100000.0,2100000.0,2100000.0,2100000.0,16269
2026-07-15 10:34:00,2103000.0,2103000.0,2103000.0,2103000.0,15571
2026-07-15 10:35:00,2103000.0,2103000.0,2103000.0,2103000.0,13583
2026-07-15 10:36:00,2102000.0,2102000.0,2102000.0,2102000.0,11236
2026-07-15 10:37:00,2106000.0,2106000.0,2106000.0,2106000.0,9872
2026-07-15 10:38:00,2111000.0,2111000.0,2111000.0,2111000.0,8067
2026-07-15 10:39:00,2105000.0,2105000.0,2105000.0,2105000.0,6874
2026-07-15 10:40:00,2091000.0,2091000.0,2091000.0,2091000.0,18668
2026-07-15 10:41:00,2088000.0,2088000.0,2088000.0,2088000.0,15988
2026-07-15 10:42:00,2079000.0,2079000.0,2079000.0,2079000.0,21136
2026-07-15 10:43:00,2078000.0,2078000.0,2078000.0,2078000.0,14272
2026-07-15 10:44:00,2071000.0,2071000.0,2071000.0,2071000.0,17115
2026-07-15 10:45:00,2085000.0,2085000.0,2085000.0,2085000.0,22421
2026-07-15 10:46:00,2083000.0,2083000.0,2083000.0,2083000.0,13568
2026-07-15 10:47:00,2082000.0,2082000.0,2082000.0,2082000.0,11632
2026-07-15 10:48:00,2075000.0,2075000.0,2075000.0,2075000.0,11997
2026-07-15 10:49:00,2088000.0,2088000.0,2088000.0,2088000.0,13196
2026-07-15 10:50:00,2092000.0,2092000.0,2092000.0,2092000.0,12692
2026-07-15 10:51:00,2088000.0,2088000.0,2088000.0,2088000.0,8316
2026-07-15 10:52:00,2085000.0,2085000.0,2085000.0,2085000.0,9318
2026-07-15 10:53:00,2096000.0,2096000.0,2096000.0,2096000.0,11871
2026-07-15 10:54:00,2100000.0,2100000.0,2100000.0,2100000.0,14676
2026-07-15 10:55:00,2103000.0,2103000.0,2103000.0,2103000.0,13613
2026-07-15 10:56:00,2101000.0,2101000.0,2101000.0,2101000.0,9132
2026-07-15 10:57:00,2105000.0,2105000.0,2105000.0,2105000.0,10386
2026-07-15 10:58:00,2109000.0,2109000.0,2109000.0,2109000.0,8747
2026-07-15 10:59:00,2114000.0,2114000.0,2114000.0,2114000.0,13118
2026-07-15 11:00:00,2118000.0,2118000.0,2118000.0,2118000.0,12578
2026-07-15 11:01:00,2121000.0,2121000.0,2121000.0,2121000.0,11337
2026-07-15 11:02:00,2118000.0,2118000.0,2118000.0,2118000.0,5830
2026-07-15 11:03:00,2124000.0,2124000.0,2124000.0,2124000.0,16680
2026-07-15 11:04:00,2126000.0,2126000.0,2126000.0,2126000.0,10822
2026-07-15 11:05:00,2122000.0,2122000.0,2122000.0,2122000.0,15328
2026-07-15 11:06:00,2116000.0,2116000.0,2116000.0,2116000.0,14466
2026-07-15 11:07:00,2125000.0,2125000.0,2125000.0,2125000.0,13226
2026-07-15 11:08:00,2126000.0,2126000.0,2126000.0,2126000.0,11946
2026-07-15 11:09:00,2132000.0,2132000.0,2132000.0,2132000.0,24420
2026-07-15 11:10:00,2132000.0,2132000.0,2132000.0,2132000.0,19256
2026-07-15 11:11:00,2129000.0,2129000.0,2129000.0,2129000.0,9404
2026-07-15 11:12:00,2137000.0,2137000.0,2137000.0,2137000.0,14124
2026-07-15 11:13:00,2135000.0,2135000.0,2135000.0,2135000.0,10463
2026-07-15 11:14:00,2132000.0,2132000.0,2132000.0,2132000.0,7295
2026-07-15 11:15:00,2133000.0,2133000.0,2133000.0,2133000.0,11202
2026-07-15 11:16:00,2129000.0,2129000.0,2129000.0,2129000.0,9506
2026-07-15 11:17:00,2133000.0,2133000.0,2133000.0,2133000.0,11778
2026-07-15 11:18:00,2133000.0,2133000.0,2133000.0,2133000.0,8944
2026-07-15 11:19:00,2133000.0,2133000.0,2133000.0,2133000.0,7404
2026-07-15 11:20:00,2124000.0,2124000.0,2124000.0,2124000.0,10604
2026-07-15 11:21:00,2126000.0,2126000.0,2126000.0,2126000.0,11236
2026-07-15 11:22:00,2131000.0,2131000.0,2131000.0,2131000.0,8611
2026-07-15 11:23:00,2127000.0,2127000.0,2127000.0,2127000.0,5206
2026-07-15 11:24:00,2120000.0,2120000.0,2120000.0,2120000.0,8132
2026-07-15 11:25:00,2120000.0,2120000.0,2120000.0,2120000.0,7168
2026-07-15 11:26:00,2119000.0,2119000.0,2119000.0,2119000.0,6130
2026-07-15 11:27:00,2118000.0,2118000.0,2118000.0,2118000.0,6644
2026-07-15 11:28:00,2119000.0,2119000.0,2119000.0,2119000.0,5371
2026-07-15 11:29:00,2122000.0,2122000.0,2122000.0,2122000.0,9919
2026-07-15 11:30:00,2124000.0,2124000.0,2124000.0,2124000.0,6740
2026-07-15 11:31:00,2118000.0,2118000.0,2118000.0,2118000.0,5448
2026-07-15 11:32:00,2123000.0,2123000.0,2123000.0,2123000.0,6184
2026-07-15 11:33:00,2125000.0,2125000.0,2125000.0,2125000.0,5194
2026-07-15 11:34:00,2125000.0,2125000.0,2125000.0,2125000.0,4816
2026-07-15 11:35:00,2126000.0,2126000.0,2126000.0,2126000.0,6010
2026-07-15 11:36:00,2131000.0,2131000.0,2131000.0,2131000.0,8947
2026-07-15 11:37:00,2127000.0,2127000.0,2127000.0,2127000.0,5622
2026-07-15 11:38:00,2127000.0,2127000.0,2127000.0,2127000.0,7051
2026-07-15 11:39:00,2124000.0,2124000.0,2124000.0,2124000.0,9322
2026-07-15 11:40:00,2130000.0,2130000.0,2130000.0,2130000.0,10009
2026-07-15 11:41:00,2130000.0,2130000.0,2130000.0,2130000.0,8580
2026-07-15 11:42:00,2131000.0,2131000.0,2131000.0,2131000.0,8963
2026-07-15 11:43:00,2133000.0,2133000.0,2133000.0,2133000.0,6908
2026-07-15 11:44:00,2132000.0,2132000.0,2132000.0,2132000.0,3075
2026-07-15 11:45:00,2135000.0,2135000.0,2135000.0,2135000.0,8877
2026-07-15 11:46:00,2137000.0,2137000.0,2137000.0,2137000.0,13374
2026-07-15 11:47:00,2132000.0,2132000.0,2132000.0,2132000.0,5474
2026-07-15 11:48:00,2138000.0,2138000.0,2138000.0,2138000.0,8569
2026-07-15 11:49:00,2138000.0,2138000.0,2138000.0,2138000.0,6463
2026-07-15 11:50:00,2128000.0,2128000.0,2128000.0,2128000.0,7787
2026-07-15 11:51:00,2119000.0,2119000.0,2119000.0,2119000.0,19717
2026-07-15 11:52:00,2125000.0,2125000.0,2125000.0,2125000.0,8055
2026-07-15 11:53:00,2120000.0,2120000.0,2120000.0,2120000.0,6195
2026-07-15 11:54:00,2122000.0,2122000.0,2122000.0,2122000.0,8893
2026-07-15 11:55:00,2127000.0,2127000.0,2127000.0,2127000.0,6756
2026-07-15 11:56:00,2121000.0,2121000.0,2121000.0,2121000.0,8167
2026-07-15 11:57:00,2120000.0,2120000.0,2120000.0,2120000.0,4928
2026-07-15 11:58:00,2119000.0,2119000.0,2119000.0,2119000.0,5682
2026-07-15 11:59:00,2114000.0,2114000.0,2114000.0,2114000.0,10138
2026-07-15 12:00:00,2112000.0,2112000.0,2112000.0,2112000.0,8874
2026-07-15 12:01:00,2121000.0,2121000.0,2121000.0,2121000.0,6635
2026-07-15 12:02:00,2126000.0,2126000.0,2126000.0,2126000.0,6953
2026-07-15 12:03:00,2123000.0,2123000.0,2123000.0,2123000.0,4580
2026-07-15 12:04:00,2124000.0,2124000.0,2124000.0,2124000.0,6355
2026-07-15 12:05:00,2124000.0,2124000.0,2124000.0,2124000.0,3417
2026-07-15 12:06:00,2124000.0,2124000.0,2124000.0,2124000.0,3894
2026-07-15 12:07:00,2126000.0,2126000.0,2126000.0,2126000.0,4451
2026-07-15 12:08:00,2127000.0,2127000.0,2127000.0,2127000.0,3712
2026-07-15 12:09:00,2129000.0,2129000.0,2129000.0,2129000.0,6731
2026-07-15 12:10:00,2129000.0,2129000.0,2129000.0,2129000.0,4848
2026-07-15 12:11:00,2124000.0,2124000.0,2124000.0,2124000.0,4313
2026-07-15 12:12:00,2126000.0,2126000.0,2126000.0,2126000.0,4889
2026-07-15 12:13:00,2130000.0,2130000.0,2130000.0,2130000.0,5105
2026-07-15 12:14:00,2131000.0,2131000.0,2131000.0,2131000.0,8798
2026-07-15 12:15:00,2131000.0,2131000.0,2131000.0,2131000.0,5376
2026-07-15 12:16:00,2131000.0,2131000.0,2131000.0,2131000.0,3305
2026-07-15 12:17:00,2131000.0,2131000.0,2131000.0,2131000.0,12098
2026-07-15 12:18:00,2130000.0,2130000.0,2130000.0,2130000.0,2360
2026-07-15 12:19:00,2132000.0,2132000.0,2132000.0,2132000.0,9503
2026-07-15 12:20:00,2131000.0,2131000.0,2131000.0,2131000.0,5408
2026-07-15 12:21:00,2130000.0,2130000.0,2130000.0,2130000.0,3469
2026-07-15 12:22:00,2131000.0,2131000.0,2131000.0,2131000.0,4165
2026-07-15 12:23:00,2130000.0,2130000.0,2130000.0,2130000.0,7405
2026-07-15 12:24:00,2133000.0,2133000.0,2133000.0,2133000.0,3831
2026-07-15 12:25:00,2134000.0,2134000.0,2134000.0,2134000.0,2406
2026-07-15 12:26:00,2136000.0,2136000.0,2136000.0,2136000.0,8159
2026-07-15 12:27:00,2138000.0,2138000.0,2138000.0,2138000.0,18869
2026-07-15 12:28:00,2140000.0,2140000.0,2140000.0,2140000.0,4603
2026-07-15 12:29:00,2143000.0,2143000.0,2143000.0,2143000.0,15886
2026-07-15 12:30:00,2140500.0,2140500.0,2140500.0,2140500.0,4974
2026-07-15 12:31:00,2138000.0,2138000.0,2138000.0,2138000.0,5222
2026-07-15 12:32:00,2140000.0,2140000.0,2140000.0,2140000.0,4482
2026-07-15 12:33:00,2142500.0,2142500.0,2142500.0,2142500.0,5402
2026-07-15 12:34:00,2147000.0,2147000.0,2147000.0,2147000.0,17643
2026-07-15 12:35:00,2145000.0,2145000.0,2145000.0,2145000.0,6913
2026-07-15 12:36:00,2146000.0,2146000.0,2146000.0,2146000.0,3752
2026-07-15 12:37:00,2147000.0,2147000.0,2147000.0,2147000.0,6733
2026-07-15 12:38:00,2148500.0,2148500.0,2148500.0,2148500.0,7456
2026-07-15 12:39:00,2149000.0,2149000.0,2149000.0,2149000.0,10260
2026-07-15 12:40:00,2149000.0,2149000.0,2149000.0,2149000.0,7031
2026-07-15 12:41:00,2154000.0,2154000.0,2154000.0,2154000.0,31211
2026-07-15 12:42:00,2147000.0,2147000.0,2147000.0,2147000.0,14490
2026-07-15 12:43:00,2145000.0,2145000.0,2145000.0,2145000.0,8349
2026-07-15 12:44:00,2143000.0,2143000.0,2143000.0,2143000.0,8866
2026-07-15 12:45:00,2146000.0,2146000.0,2146000.0,2146000.0,6492
2026-07-15 12:46:00,2149000.0,2149000.0,2149000.0,2149000.0,6717
2026-07-15 12:47:00,2153000.0,2153000.0,2153000.0,2153000.0,6463
2026-07-15 12:48:00,2159000.0,2159000.0,2159000.0,2159000.0,26912
2026-07-15 12:49:00,2164000.0,2164000.0,2164000.0,2164000.0,18175
2026-07-15 12:50:00,2165000.0,2165000.0,2165000.0,2165000.0,11108
2026-07-15 12:51:00,2162000.0,2162000.0,2162000.0,2162000.0,13388
2026-07-15 12:52:00,2167000.0,2167000.0,2167000.0,2167000.0,8849
2026-07-15 12:53:00,2168000.0,2168000.0,2168000.0,2168000.0,15161
2026-07-15 12:54:00,2168000.0,2168000.0,2168000.0,2168000.0,11977
2026-07-15 12:55:00,2167000.0,2167000.0,2167000.0,2167000.0,8446
2026-07-15 12:56:00,2170000.0,2170000.0,2170000.0,2170000.0,6653
2026-07-15 12:57:00,2168000.0,2168000.0,2168000.0,2168000.0,6040
2026-07-15 12:58:00,2162000.0,2162000.0,2162000.0,2162000.0,8158
2026-07-15 12:59:00,2163000.0,2163000.0,2163000.0,2163000.0,8789
2026-07-15 13:00:00,2168000.0,2168000.0,2168000.0,2168000.0,11230
2026-07-15 13:01:00,2164000.0,2164000.0,2164000.0,2164000.0,6745
2026-07-15 13:02:00,2164000.0,2164000.0,2164000.0,2164000.0,4585
2026-07-15 13:03:00,2166000.0,2166000.0,2166000.0,2166000.0,11214
2026-07-15 13:04:00,2169000.0,2169000.0,2169000.0,2169000.0,5763
2026-07-15 13:05:00,2167000.0,2167000.0,2167000.0,2167000.0,6766
2026-07-15 13:06:00,2167000.0,2167000.0,2167000.0,2167000.0,5091
2026-07-15 13:07:00,2160000.0,2160000.0,2160000.0,2160000.0,8946
2026-07-15 13:08:00,2163000.0,2163000.0,2163000.0,2163000.0,11053
2026-07-15 13:09:00,2157000.0,2157000.0,2157000.0,2157000.0,5176
2026-07-15 13:10:00,2163000.0,2163000.0,2163000.0,2163000.0,8957
2026-07-15 13:11:00,2166000.0,2166000.0,2166000.0,2166000.0,5555
2026-07-15 13:12:00,2164000.0,2164000.0,2164000.0,2164000.0,4518
2026-07-15 13:13:00,2165000.0,2165000.0,2165000.0,2165000.0,2635
2026-07-15 13:14:00,2161000.0,2161000.0,2161000.0,2161000.0,7116
2026-07-15 13:15:00,2156000.0,2156000.0,2156000.0,2156000.0,8627
2026-07-15 13:16:00,2158000.0,2158000.0,2158000.0,2158000.0,6335
2026-07-15 13:17:00,2161000.0,2161000.0,2161000.0,2161000.0,7717
2026-07-15 13:18:00,2161000.0,2161000.0,2161000.0,2161000.0,5534
2026-07-15 13:19:00,2163500.0,2163500.0,2163500.0,2163500.0,4063
2026-07-15 13:20:00,2163000.0,2163000.0,2163000.0,2163000.0,5279
2026-07-15 13:21:00,2160000.0,2160000.0,2160000.0,2160000.0,6283
2026-07-15 13:22:00,2161000.0,2161000.0,2161000.0,2161000.0,8775
2026-07-15 13:23:00,2162000.0,2162000.0,2162000.0,2162000.0,6576
2026-07-15 13:24:00,2161000.0,2161000.0,2161000.0,2161000.0,6328
2026-07-15 13:25:00,2161000.0,2161000.0,2161000.0,2161000.0,6146
2026-07-15 13:26:00,2158000.0,2158000.0,2158000.0,2158000.0,4629
2026-07-15 13:27:00,2152000.0,2152000.0,2152000.0,2152000.0,14167
2026-07-15 13:28:00,2152000.0,2152000.0,2152000.0,2152000.0,14403
2026-07-15 13:29:00,2152000.0,2152000.0,2152000.0,2152000.0,5929
2026-07-15 13:30:00,2150000.0,2150000.0,2150000.0,2150000.0,14892
2026-07-15 13:31:00,2147000.0,2147000.0,2147000.0,2147000.0,7040
2026-07-15 13:32:00,2147000.0,2147000.0,2147000.0,2147000.0,10686
2026-07-15 13:33:00,2153000.0,2153000.0,2153000.0,2153000.0,11634
2026-07-15 13:34:00,2148000.0,2148000.0,2148000.0,2148000.0,7441
2026-07-15 13:35:00,2156000.0,2156000.0,2156000.0,2156000.0,8512
2026-07-15 13:36:00,2155000.0,2155000.0,2155000.0,2155000.0,6316
2026-07-15 13:37:00,2152000.0,2152000.0,2152000.0,2152000.0,7833
2026-07-15 13:38:00,2156000.0,2156000.0,2156000.0,2156000.0,8238
2026-07-15 13:39:00,2160000.0,2160000.0,2160000.0,2160000.0,10326
2026-07-15 13:40:00,2161000.0,2161000.0,2161000.0,2161000.0,6279
2026-07-15 13:41:00,2160000.0,2160000.0,2160000.0,2160000.0,10068
2026-07-15 13:42:00,2158000.0,2158000.0,2158000.0,2158000.0,5190
2026-07-15 13:43:00,2152000.0,2152000.0,2152000.0,2152000.0,8791
2026-07-15 13:44:00,2152000.0,2152000.0,2152000.0,2152000.0,10162
2026-07-15 13:45:00,2151000.0,2151000.0,2151000.0,2151000.0,5146
2026-07-15 13:46:00,2149000.0,2149000.0,2149000.0,2149000.0,9053
2026-07-15 13:47:00,2150000.0,2150000.0,2150000.0,2150000.0,6209
2026-07-15 13:48:00,2152000.0,2152000.0,2152000.0,2152000.0,7285
2026-07-15 13:49:00,2150000.0,2150000.0,2150000.0,2150000.0,9030
2026-07-15 13:50:00,2148000.0,2148000.0,2148000.0,2148000.0,3799
2026-07-15 13:51:00,2148000.0,2148000.0,2148000.0,2148000.0,10091
2026-07-15 13:52:00,2148000.0,2148000.0,2148000.0,2148000.0,7089
2026-07-15 13:53:00,2145000.0,2145000.0,2145000.0,2145000.0,6793
2026-07-15 13:54:00,2144000.0,2144000.0,2144000.0,2144000.0,10887
2026-07-15 13:55:00,2148000.0,2148000.0,2148000.0,2148000.0,8207
2026-07-15 13:56:00,2147000.0,2147000.0,2147000.0,2147000.0,9573
2026-07-15 13:57:00,2148000.0,2148000.0,2148000.0,2148000.0,4877
2026-07-15 13:58:00,2152000.0,2152000.0,2152000.0,2152000.0,10602
2026-07-15 13:59:00,2148000.0,2148000.0,2148000.0,2148000.0,9613
2026-07-15 14:00:00,2154000.0,2154000.0,2154000.0,2154000.0,18686
2026-07-15 14:01:00,2142000.0,2142000.0,2142000.0,2142000.0,19904
2026-07-15 14:02:00,2136000.0,2136000.0,2136000.0,2136000.0,14326
2026-07-15 14:03:00,2134000.0,2134000.0,2134000.0,2134000.0,9948
2026-07-15 14:04:00,2132000.0,2132000.0,2132000.0,2132000.0,11856
2026-07-15 14:05:00,2125000.0,2125000.0,2125000.0,2125000.0,19375
2026-07-15 14:06:00,2118000.0,2118000.0,2118000.0,2118000.0,20077
2026-07-15 14:07:00,2121000.0,2121000.0,2121000.0,2121000.0,17497
2026-07-15 14:08:00,2123000.0,2123000.0,2123000.0,2123000.0,14839
2026-07-15 14:09:00,2134000.0,2134000.0,2134000.0,2134000.0,10790
2026-07-15 14:10:00,2122000.0,2122000.0,2122000.0,2122000.0,11616
2026-07-15 14:11:00,2115000.0,2115000.0,2115000.0,2115000.0,15015
2026-07-15 14:12:00,2114000.0,2114000.0,2114000.0,2114000.0,17665
2026-07-15 14:13:00,2110000.0,2110000.0,2110000.0,2110000.0,20934
2026-07-15 14:14:00,2109000.0,2109000.0,2109000.0,2109000.0,11918
2026-07-15 14:15:00,2105000.0,2105000.0,2105000.0,2105000.0,22572
2026-07-15 14:16:00,2105000.0,2105000.0,2105000.0,2105000.0,26514
2026-07-15 14:17:00,2113000.0,2113000.0,2113000.0,2113000.0,11829
2026-07-15 14:18:00,2115000.0,2115000.0,2115000.0,2115000.0,11671
2026-07-15 14:19:00,2113000.0,2113000.0,2113000.0,2113000.0,8233
2026-07-15 14:20:00,2112000.0,2112000.0,2112000.0,2112000.0,9688
2026-07-15 14:21:00,2104000.0,2104000.0,2104000.0,2104000.0,13046
2026-07-15 14:22:00,2108000.0,2108000.0,2108000.0,2108000.0,13310
2026-07-15 14:23:00,2105000.0,2105000.0,2105000.0,2105000.0,13729
2026-07-15 14:24:00,2099000.0,2099000.0,2099000.0,2099000.0,21858
2026-07-15 14:25:00,2090000.0,2090000.0,2090000.0,2090000.0,20901
2026-07-15 14:26:00,2087000.0,2087000.0,2087000.0,2087000.0,19250
2026-07-15 14:27:00,2086000.0,2086000.0,2086000.0,2086000.0,10542
2026-07-15 14:28:00,2088000.0,2088000.0,2088000.0,2088000.0,14579
2026-07-15 14:29:00,2087500.0,2087500.0,2087500.0,2087500.0,13852
2026-07-15 14:30:00,2082000.0,2082000.0,2082000.0,2082000.0,13979
2026-07-15 14:31:00,2081000.0,2081000.0,2081000.0,2081000.0,16928
2026-07-15 14:32:00,2092000.0,2092000.0,2092000.0,2092000.0,12977
2026-07-15 14:33:00,2085000.0,2085000.0,2085000.0,2085000.0,11932
2026-07-15 14:34:00,2101000.0,2101000.0,2101000.0,2101000.0,15796
2026-07-15 14:35:00,2102500.0,2102500.0,2102500.0,2102500.0,16874
2026-07-15 14:36:00,2103500.0,2103500.0,2103500.0,2103500.0,14172
2026-07-15 14:37:00,2108000.0,2108000.0,2108000.0,2108000.0,12620
2026-07-15 14:38:00,2102000.0,2102000.0,2102000.0,2102000.0,13359
2026-07-15 14:39:00,2109000.0,2109000.0,2109000.0,2109000.0,12322
2026-07-15 14:40:00,2093000.0,2093000.0,2093000.0,2093000.0,12654
2026-07-15 14:41:00,2094000.0,2094000.0,2094000.0,2094000.0,9490
2026-07-15 14:42:00,2095000.0,2095000.0,2095000.0,2095000.0,9376
2026-07-15 14:43:00,2088000.0,2088000.0,2088000.0,2088000.0,13569
2026-07-15 14:44:00,2083000.0,2083000.0,2083000.0,2083000.0,16109
2026-07-15 14:45:00,2084000.0,2084000.0,2084000.0,2084000.0,8846
2026-07-15 14:46:00,2097000.0,2097000.0,2097000.0,2097000.0,9278
2026-07-15 14:47:00,2097000.0,2097000.0,2097000.0,2097000.0,9508
2026-07-15 14:48:00,2104000.0,2104000.0,2104000.0,2104000.0,11364
2026-07-15 14:49:00,2100000.0,2100000.0,2100000.0,2100000.0,16115
2026-07-15 14:50:00,2101000.0,2101000.0,2101000.0,2101000.0,20678
2026-07-15 14:51:00,2095000.0,2095000.0,2095000.0,2095000.0,10663
2026-07-15 14:52:00,2092000.0,2092000.0,2092000.0,2092000.0,11434
2026-07-15 14:53:00,2092000.0,2092000.0,2092000.0,2092000.0,9541
2026-07-15 14:54:00,2097000.0,2097000.0,2097000.0,2097000.0,10749
2026-07-15 14:55:00,2101000.0,2101000.0,2101000.0,2101000.0,9015
2026-07-15 14:56:00,2108000.0,2108000.0,2108000.0,2108000.0,12362
2026-07-15 14:57:00,2108000.0,2108000.0,2108000.0,2108000.0,8113
2026-07-15 14:58:00,2111000.0,2111000.0,2111000.0,2111000.0,7338
2026-07-15 14:59:00,2117000.0,2117000.0,2117000.0,2117000.0,13194
2026-07-15 15:00:00,2124000.0,2124000.0,2124000.0,2124000.0,18086
2026-07-15 15:01:00,2125000.0,2125000.0,2125000.0,2125000.0,15484
2026-07-15 15:02:00,2114000.0,2114000.0,2114000.0,2114000.0,13609
2026-07-15 15:03:00,2112000.0,2112000.0,2112000.0,2112000.0,9624
2026-07-15 15:04:00,2113000.0,2113000.0,2113000.0,2113000.0,11011
2026-07-15 15:05:00,2116000.0,2116000.0,2116000.0,2116000.0,14564
2026-07-15 15:06:00,2109000.0,2109000.0,2109000.0,2109000.0,12719
2026-07-15 15:07:00,2116000.0,2116000.0,2116000.0,2116000.0,11675
2026-07-15 15:08:00,2112000.0,2112000.0,2112000.0,2112000.0,8814
2026-07-15 15:09:00,2112000.0,2112000.0,2112000.0,2112000.0,9431
2026-07-15 15:10:00,2108000.0,2108000.0,2108000.0,2108000.0,17958
2026-07-15 15:11:00,2101000.0,2101000.0,2101000.0,2101000.0,18514
2026-07-15 15:12:00,2106000.0,2106000.0,2106000.0,2106000.0,19649
2026-07-15 15:13:00,2106000.0,2106000.0,2106000.0,2106000.0,18623
2026-07-15 15:14:00,2105000.0,2105000.0,2105000.0,2105000.0,16932
2026-07-15 15:15:00,2094000.0,2094000.0,2094000.0,2094000.0,29078
2026-07-15 15:16:00,2092000.0,2092000.0,2092000.0,2092000.0,21309
2026-07-15 15:17:00,2091000.0,2091000.0,2091000.0,2091000.0,23607
2026-07-15 15:18:00,2090000.0,2090000.0,2090000.0,2090000.0,17196
2026-07-15 15:19:00,2092000.0,2092000.0,2092000.0,2092000.0,21677
2026-07-15 15:30:00,2082000.0,2082000.0,2082000.0,2082000.0,544610
2026-07-16 09:00:00,1909000.0,1909000.0,1909000.0,1909000.0,262265
2026-07-16 09:01:00,1892000.0,1892000.0,1892000.0,1892000.0,48376
2026-07-16 09:02:00,1907000.0,1907000.0,1907000.0,1907000.0,29490
2026-07-16 09:03:00,1895000.0,1895000.0,1895000.0,1895000.0,25850
2026-07-16 09:04:00,1895000.0,1895000.0,1895000.0,1895000.0,24873
2026-07-16 09:05:00,1904000.0,1904000.0,1904000.0,1904000.0,16722
2026-07-16 09:06:00,1913000.0,1913000.0,1913000.0,1913000.0,19190
2026-07-16 09:07:00,1900000.0,1900000.0,1900000.0,1900000.0,20818
2026-07-16 09:08:00,1900000.0,1900000.0,1900000.0,1900000.0,13664
2026-07-16 09:09:00,1897000.0,1897000.0,1897000.0,1897000.0,16311
2026-07-16 09:10:00,1901000.0,1901000.0,1901000.0,1901000.0,10139
2026-07-16 09:11:00,1907000.0,1907000.0,1907000.0,1907000.0,10240
2026-07-16 09:12:00,1900000.0,1900000.0,1900000.0,1900000.0,9417
2026-07-16 09:13:00,1907000.0,1907000.0,1907000.0,1907000.0,10917
2026-07-16 09:14:00,1908000.0,1908000.0,1908000.0,1908000.0,10541
2026-07-16 09:15:00,1897500.0,1897500.0,1897500.0,1897500.0,26354
2026-07-16 09:16:00,1880000.0,1880000.0,1880000.0,1880000.0,45568
2026-07-16 09:17:00,1874000.0,1874000.0,1874000.0,1874000.0,33875
2026-07-16 09:18:00,1870000.0,1870000.0,1870000.0,1870000.0,29222
2026-07-16 09:19:00,1870000.0,1870000.0,1870000.0,1870000.0,20997
2026-07-16 09:20:00,1876000.0,1876000.0,1876000.0,1876000.0,36797
2026-07-16 09:21:00,1885000.0,1885000.0,1885000.0,1885000.0,17767
2026-07-16 09:22:00,1883000.0,1883000.0,1883000.0,1883000.0,18486
2026-07-16 09:23:00,1882000.0,1882000.0,1882000.0,1882000.0,13205
2026-07-16 09:24:00,1889000.0,1889000.0,1889000.0,1889000.0,17388
2026-07-16 09:25:00,1896000.0,1896000.0,1896000.0,1896000.0,14563
2026-07-16 09:26:00,1882000.0,1882000.0,1882000.0,1882000.0,21003
2026-07-16 09:27:00,1880000.0,1880000.0,1880000.0,1880000.0,20493
2026-07-16 09:28:00,1888000.0,1888000.0,1888000.0,1888000.0,12079
2026-07-16 09:29:00,1882000.0,1882000.0,1882000.0,1882000.0,10672
2026-07-16 09:30:00,1889000.0,1889000.0,1889000.0,1889000.0,17480
2026-07-16 09:31:00,1871000.0,1871000.0,1871000.0,1871000.0,18036
2026-07-16 09:32:00,1869000.0,1869000.0,1869000.0,1869000.0,18137
2026-07-16 09:33:00,1873000.0,1873000.0,1873000.0,1873000.0,9384
2026-07-16 09:34:00,1873000.0,1873000.0,1873000.0,1873000.0,14703
2026-07-16 09:35:00,1880000.0,1880000.0,1880000.0,1880000.0,13833
2026-07-16 09:36:00,1863000.0,1863000.0,1863000.0,1863000.0,27118
2026-07-16 09:37:00,1858000.0,1858000.0,1858000.0,1858000.0,26662
2026-07-16 09:38:00,1859000.0,1859000.0,1859000.0,1859000.0,17436
2026-07-16 09:39:00,1855000.0,1855000.0,1855000.0,1855000.0,16796
2026-07-16 09:40:00,1852000.0,1852000.0,1852000.0,1852000.0,14462
2026-07-16 09:41:00,1854000.0,1854000.0,1854000.0,1854000.0,13893
2026-07-16 09:42:00,1851000.0,1851000.0,1851000.0,1851000.0,12296
2026-07-16 09:43:00,1857000.0,1857000.0,1857000.0,1857000.0,24400
2026-07-16 09:44:00,1851000.0,1851000.0,1851000.0,1851000.0,31297
2026-07-16 09:45:00,1848000.0,1848000.0,1848000.0,1848000.0,16283
2026-07-16 09:46:00,1853000.0,1853000.0,1853000.0,1853000.0,16121
2026-07-16 09:47:00,1851000.0,1851000.0,1851000.0,1851000.0,18060
2026-07-16 09:48:00,1846000.0,1846000.0,1846000.0,1846000.0,16215
2026-07-16 09:49:00,1851000.0,1851000.0,1851000.0,1851000.0,20758
2026-07-16 09:50:00,1843000.0,1843000.0,1843000.0,1843000.0,9845
2026-07-16 09:51:00,1845000.0,1845000.0,1845000.0,1845000.0,10400
2026-07-16 09:52:00,1859000.0,1859000.0,1859000.0,1859000.0,15676
2026-07-16 09:53:00,1858000.0,1858000.0,1858000.0,1858000.0,13339
2026-07-16 09:54:00,1853000.0,1853000.0,1853000.0,1853000.0,10081
2026-07-16 09:55:00,1849000.0,1849000.0,1849000.0,1849000.0,11004
2026-07-16 09:56:00,1850000.0,1850000.0,1850000.0,1850000.0,10116
2026-07-16 09:57:00,1849000.0,1849000.0,1849000.0,1849000.0,16107
2026-07-16 09:58:00,1844000.0,1844000.0,1844000.0,1844000.0,8349
2026-07-16 09:59:00,1851000.0,1851000.0,1851000.0,1851000.0,7146
2026-07-16 10:00:00,1859000.0,1859000.0,1859000.0,1859000.0,11163
2026-07-16 10:01:00,1859000.0,1859000.0,1859000.0,1859000.0,10488
2026-07-16 10:02:00,1860000.0,1860000.0,1860000.0,1860000.0,13648
2026-07-16 10:03:00,1871000.0,1871000.0,1871000.0,1871000.0,18635
2026-07-16 10:04:00,1870000.0,1870000.0,1870000.0,1870000.0,11317
2026-07-16 10:05:00,1865500.0,1865500.0,1865500.0,1865500.0,17098
2026-07-16 10:06:00,1861000.0,1861000.0,1861000.0,1861000.0,14528
2026-07-16 10:07:00,1856000.0,1856000.0,1856000.0,1856000.0,11112
2026-07-16 10:08:00,1856000.0,1856000.0,1856000.0,1856000.0,10151
2026-07-16 10:09:00,1850000.0,1850000.0,1850000.0,1850000.0,13230
2026-07-16 10:10:00,1853000.0,1853000.0,1853000.0,1853000.0,9709
2026-07-16 10:11:00,1846000.0,1846000.0,1846000.0,1846000.0,14492
2026-07-16 10:12:00,1841000.0,1841000.0,1841000.0,1841000.0,22964
2026-07-16 10:13:00,1835000.0,1835000.0,1835000.0,1835000.0,34302
2026-07-16 10:14:00,1837000.0,1837000.0,1837000.0,1837000.0,17140
2026-07-16 10:15:00,1837000.0,1837000.0,1837000.0,1837000.0,15768
2026-07-16 10:16:00,1841000.0,1841000.0,1841000.0,1841000.0,11593
2026-07-16 10:17:00,1836000.0,1836000.0,1836000.0,1836000.0,12273
2026-07-16 10:18:00,1831000.0,1831000.0,1831000.0,1831000.0,17340
2026-07-16 10:19:00,1825000.0,1825000.0,1825000.0,1825000.0,30673
2026-07-16 10:20:00,1827000.0,1827000.0,1827000.0,1827000.0,14580
2026-07-16 10:21:00,1828000.0,1828000.0,1828000.0,1828000.0,14459
2026-07-16 10:22:00,1823000.0,1823000.0,1823000.0,1823000.0,15058
2026-07-16 10:23:00,1827000.0,1827000.0,1827000.0,1827000.0,14583
2026-07-16 10:24:00,1830000.0,1830000.0,1830000.0,1830000.0,9278
2026-07-16 10:25:00,1830000.0,1830000.0,1830000.0,1830000.0,8441
2026-07-16 10:26:00,1837000.0,1837000.0,1837000.0,1837000.0,20288
2026-07-16 10:27:00,1834000.0,1834000.0,1834000.0,1834000.0,15134
2026-07-16 10:28:00,1841000.0,1841000.0,1841000.0,1841000.0,17389
2026-07-16 10:29:00,1834000.0,1834000.0,1834000.0,1834000.0,12051
2026-07-16 10:30:00,1838000.0,1838000.0,1838000.0,1838000.0,22022
2026-07-16 10:31:00,1837000.0,1837000.0,1837000.0,1837000.0,24583
2026-07-16 10:32:00,1835000.0,1835000.0,1835000.0,1835000.0,17735
2026-07-16 10:33:00,1826000.0,1826000.0,1826000.0,1826000.0,15414
2026-07-16 10:34:00,1835000.0,1835000.0,1835000.0,1835000.0,21034
2026-07-16 10:35:00,1846000.0,1846000.0,1846000.0,1846000.0,19345
2026-07-16 10:36:00,1855000.0,1855000.0,1855000.0,1855000.0,27590
2026-07-16 10:37:00,1856000.0,1856000.0,1856000.0,1856000.0,15884
2026-07-16 10:38:00,1849000.0,1849000.0,1849000.0,1849000.0,18556
2026-07-16 10:39:00,1856000.0,1856000.0,1856000.0,1856000.0,11512
2026-07-16 10:40:00,1860000.0,1860000.0,1860000.0,1860000.0,10854
2026-07-16 10:41:00,1857000.0,1857000.0,1857000.0,1857000.0,10323
2026-07-16 10:42:00,1848000.0,1848000.0,1848000.0,1848000.0,13309
2026-07-16 10:43:00,1849000.0,1849000.0,1849000.0,1849000.0,12880
2026-07-16 10:44:00,1848000.0,1848000.0,1848000.0,1848000.0,8041
2026-07-16 10:45:00,1851000.0,1851000.0,1851000.0,1851000.0,12518
2026-07-16 10:46:00,1860000.0,1860000.0,1860000.0,1860000.0,11319
2026-07-16 10:47:00,1865000.0,1865000.0,1865000.0,1865000.0,15916
2026-07-16 10:48:00,1867000.0,1867000.0,1867000.0,1867000.0,13297
2026-07-16 10:49:00,1866000.0,1866000.0,1866000.0,1866000.0,13070
2026-07-16 10:50:00,1877000.0,1877000.0,1877000.0,1877000.0,18606
2026-07-16 10:51:00,1870500.0,1870500.0,1870500.0,1870500.0,12177
2026-07-16 10:52:00,1874000.0,1874000.0,1874000.0,1874000.0,13279
2026-07-16 10:53:00,1867000.0,1867000.0,1867000.0,1867000.0,8532
2026-07-16 10:54:00,1870000.0,1870000.0,1870000.0,1870000.0,11625
2026-07-16 10:55:00,1877000.0,1877000.0,1877000.0,1877000.0,9084
2026-07-16 10:56:00,1872000.0,1872000.0,1872000.0,1872000.0,12214
2026-07-16 10:57:00,1862000.0,1862000.0,1862000.0,1862000.0,11795
2026-07-16 10:58:00,1855000.0,1855000.0,1855000.0,1855000.0,12827
2026-07-16 10:59:00,1854000.0,1854000.0,1854000.0,1854000.0,7498
2026-07-16 11:00:00,1851000.0,1851000.0,1851000.0,1851000.0,7069
2026-07-16 11:01:00,1849000.0,1849000.0,1849000.0,1849000.0,12337
2026-07-16 11:02:00,1850000.0,1850000.0,1850000.0,1850000.0,8021
2026-07-16 11:03:00,1842000.0,1842000.0,1842000.0,1842000.0,11641
2026-07-16 11:04:00,1842000.0,1842000.0,1842000.0,1842000.0,10122
2026-07-16 11:05:00,1841000.0,1841000.0,1841000.0,1841000.0,12378
2026-07-16 11:06:00,1841000.0,1841000.0,1841000.0,1841000.0,9343
2026-07-16 11:07:00,1840000.0,1840000.0,1840000.0,1840000.0,7060
2026-07-16 11:08:00,1844000.0,1844000.0,1844000.0,1844000.0,8075
2026-07-16 11:09:00,1839000.0,1839000.0,1839000.0,1839000.0,10071
2026-07-16 11:10:00,1833000.0,1833000.0,1833000.0,1833000.0,22189
2026-07-16 11:11:00,1834000.0,1834000.0,1834000.0,1834000.0,10027
2026-07-16 11:12:00,1837000.0,1837000.0,1837000.0,1837000.0,9972
2026-07-16 11:13:00,1841000.0,1841000.0,1841000.0,1841000.0,9437
2026-07-16 11:14:00,1846000.0,1846000.0,1846000.0,1846000.0,10422
2026-07-16 11:15:00,1841000.0,1841000.0,1841000.0,1841000.0,10910
2026-07-16 11:16:00,1835000.0,1835000.0,1835000.0,1835000.0,9974
2026-07-16 11:17:00,1842000.0,1842000.0,1842000.0,1842000.0,7344
2026-07-16 11:18:00,1846000.0,1846000.0,1846000.0,1846000.0,8406
2026-07-16 11:19:00,1850500.0,1850500.0,1850500.0,1850500.0,5314
2026-07-16 11:20:00,1848000.0,1848000.0,1848000.0,1848000.0,9367
2026-07-16 11:21:00,1848000.0,1848000.0,1848000.0,1848000.0,8055
2026-07-16 11:22:00,1849000.0,1849000.0,1849000.0,1849000.0,5132
2026-07-16 11:23:00,1859000.0,1859000.0,1859000.0,1859000.0,8052
2026-07-16 11:24:00,1860000.0,1860000.0,1860000.0,1860000.0,8443
2026-07-16 11:25:00,1858000.0,1858000.0,1858000.0,1858000.0,11051
2026-07-16 11:26:00,1859000.0,1859000.0,1859000.0,1859000.0,7117
2026-07-16 11:27:00,1853000.0,1853000.0,1853000.0,1853000.0,8468
2026-07-16 11:28:00,1856000.0,1856000.0,1856000.0,1856000.0,4821
2026-07-16 11:29:00,1862000.0,1862000.0,1862000.0,1862000.0,9428
2026-07-16 11:30:00,1864000.0,1864000.0,1864000.0,1864000.0,6094
2026-07-16 11:31:00,1863000.0,1863000.0,1863000.0,1863000.0,7577
2026-07-16 11:32:00,1864000.0,1864000.0,1864000.0,1864000.0,5742
2026-07-16 11:33:00,1865000.0,1865000.0,1865000.0,1865000.0,6240
2026-07-16 11:34:00,1859000.0,1859000.0,1859000.0,1859000.0,8840
2026-07-16 11:35:00,1868000.0,1868000.0,1868000.0,1868000.0,10677
2026-07-16 11:36:00,1869000.0,1869000.0,1869000.0,1869000.0,4211
2026-07-16 11:37:00,1863000.0,1863000.0,1863000.0,1863000.0,4343
2026-07-16 11:38:00,1867000.0,1867000.0,1867000.0,1867000.0,3600
2026-07-16 11:39:00,1864000.0,1864000.0,1864000.0,1864000.0,6466
2026-07-16 11:40:00,1860000.0,1860000.0,1860000.0,1860000.0,4636
2026-07-16 11:41:00,1856000.0,1856000.0,1856000.0,1856000.0,5408
2026-07-16 11:42:00,1854000.0,1854000.0,1854000.0,1854000.0,3865
2026-07-16 11:43:00,1856000.0,1856000.0,1856000.0,1856000.0,6083
2026-07-16 11:44:00,1854000.0,1854000.0,1854000.0,1854000.0,5453
2026-07-16 11:45:00,1856000.0,1856000.0,1856000.0,1856000.0,3739
2026-07-16 11:46:00,1858000.0,1858000.0,1858000.0,1858000.0,4238
2026-07-16 11:47:00,1858000.0,1858000.0,1858000.0,1858000.0,4641
2026-07-16 11:48:00,1867000.0,1867000.0,1867000.0,1867000.0,7015
2026-07-16 11:49:00,1874000.0,1874000.0,1874000.0,1874000.0,22478
2026-07-16 11:50:00,1869000.0,1869000.0,1869000.0,1869000.0,9450
2026-07-16 11:51:00,1869000.0,1869000.0,1869000.0,1869000.0,7098
2026-07-16 11:52:00,1872000.0,1872000.0,1872000.0,1872000.0,7146
2026-07-16 11:53:00,1873000.0,1873000.0,1873000.0,1873000.0,4981
2026-07-16 11:54:00,1870000.0,1870000.0,1870000.0,1870000.0,7223
2026-07-16 11:55:00,1873000.0,1873000.0,1873000.0,1873000.0,7380
2026-07-16 11:56:00,1871000.0,1871000.0,1871000.0,1871000.0,6916
2026-07-16 11:57:00,1869500.0,1869500.0,1869500.0,1869500.0,6654
2026-07-16 11:58:00,1872000.0,1872000.0,1872000.0,1872000.0,5599
2026-07-16 11:59:00,1869000.0,1869000.0,1869000.0,1869000.0,5061
2026-07-16 12:00:00,1865000.0,1865000.0,1865000.0,1865000.0,9184
2026-07-16 12:01:00,1860000.0,1860000.0,1860000.0,1860000.0,8508
2026-07-16 12:02:00,1861000.0,1861000.0,1861000.0,1861000.0,3464
2026-07-16 12:03:00,1858000.0,1858000.0,1858000.0,1858000.0,6393
2026-07-16 12:04:00,1858000.0,1858000.0,1858000.0,1858000.0,4569
2026-07-16 12:05:00,1861000.0,1861000.0,1861000.0,1861000.0,5898
2026-07-16 12:06:00,1868000.0,1868000.0,1868000.0,1868000.0,7468
2026-07-16 12:07:00,1866000.0,1866000.0,1866000.0,1866000.0,5162
2026-07-16 12:08:00,1873000.0,1873000.0,1873000.0,1873000.0,11409
2026-07-16 12:09:00,1876000.0,1876000.0,1876000.0,1876000.0,7715
2026-07-16 12:10:00,1873000.0,1873000.0,1873000.0,1873000.0,5631
2026-07-16 12:11:00,1873000.0,1873000.0,1873000.0,1873000.0,6906
2026-07-16 12:12:00,1872000.0,1872000.0,1872000.0,1872000.0,10909
2026-07-16 12:13:00,1873000.0,1873000.0,1873000.0,1873000.0,4011
2026-07-16 12:14:00,1865000.0,1865000.0,1865000.0,1865000.0,6218
2026-07-16 12:15:00,1865000.0,1865000.0,1865000.0,1865000.0,4196
2026-07-16 12:16:00,1860000.0,1860000.0,1860000.0,1860000.0,6914
2026-07-16 12:17:00,1857000.0,1857000.0,1857000.0,1857000.0,7589
2026-07-16 12:18:00,1860000.0,1860000.0,1860000.0,1860000.0,6341
2026-07-16 12:19:00,1856000.0,1856000.0,1856000.0,1856000.0,5493
2026-07-16 12:20:00,1857000.0,1857000.0,1857000.0,1857000.0,6250
2026-07-16 12:21:00,1860000.0,1860000.0,1860000.0,1860000.0,7558
2026-07-16 12:22:00,1860000.0,1860000.0,1860000.0,1860000.0,5631
2026-07-16 12:23:00,1856000.0,1856000.0,1856000.0,1856000.0,4943
2026-07-16 12:24:00,1853000.0,1853000.0,1853000.0,1853000.0,8021
2026-07-16 12:25:00,1854000.0,1854000.0,1854000.0,1854000.0,3994
2026-07-16 12:26:00,1852000.0,1852000.0,1852000.0,1852000.0,5866
2026-07-16 12:27:00,1850000.0,1850000.0,1850000.0,1850000.0,15021
2026-07-16 12:28:00,1848000.0,1848000.0,1848000.0,1848000.0,8378
2026-07-16 12:29:00,1848000.0,1848000.0,1848000.0,1848000.0,4143
2026-07-16 12:30:00,1855000.0,1855000.0,1855000.0,1855000.0,8474
2026-07-16 12:31:00,1853000.0,1853000.0,1853000.0,1853000.0,5529
2026-07-16 12:32:00,1852000.0,1852000.0,1852000.0,1852000.0,9228
2026-07-16 12:33:00,1853000.0,1853000.0,1853000.0,1853000.0,3825
2026-07-16 12:34:00,1855000.0,1855000.0,1855000.0,1855000.0,4258
2026-07-16 12:35:00,1856000.0,1856000.0,1856000.0,1856000.0,3925
2026-07-16 12:36:00,1851000.0,1851000.0,1851000.0,1851000.0,7452
2026-07-16 12:37:00,1849000.0,1849000.0,1849000.0,1849000.0,4502
2026-07-16 12:38:00,1849000.0,1849000.0,1849000.0,1849000.0,1320
2026-07-16 12:39:00,1846500.0,1846500.0,1846500.0,1846500.0,6557
2026-07-16 12:40:00,1848000.0,1848000.0,1848000.0,1848000.0,7687
2026-07-16 12:41:00,1849000.0,1849000.0,1849000.0,1849000.0,3894
2026-07-16 12:42:00,1846000.0,1846000.0,1846000.0,1846000.0,6279
2026-07-16 12:43:00,1846000.0,1846000.0,1846000.0,1846000.0,6178
2026-07-16 12:44:00,1845500.0,1845500.0,1845500.0,1845500.0,9218
2026-07-16 12:45:00,1842000.0,1842000.0,1842000.0,1842000.0,6791
2026-07-16 12:46:00,1842000.0,1842000.0,1842000.0,1842000.0,9085
2026-07-16 12:47:00,1846000.0,1846000.0,1846000.0,1846000.0,5098
2026-07-16 12:48:00,1845000.0,1845000.0,1845000.0,1845000.0,4362
2026-07-16 12:49:00,1842000.0,1842000.0,1842000.0,1842000.0,5337
2026-07-16 12:50:00,1851000.0,1851000.0,1851000.0,1851000.0,8877
2026-07-16 12:51:00,1845000.0,1845000.0,1845000.0,1845000.0,4616
2026-07-16 12:52:00,1845000.0,1845000.0,1845000.0,1845000.0,5325
2026-07-16 12:53:00,1844000.0,1844000.0,1844000.0,1844000.0,3048
2026-07-16 12:54:00,1847000.0,1847000.0,1847000.0,1847000.0,5754
2026-07-16 12:55:00,1848000.0,1848000.0,1848000.0,1848000.0,4005
2026-07-16 12:56:00,1849500.0,1849500.0,1849500.0,1849500.0,6826
2026-07-16 12:57:00,1849000.0,1849000.0,1849000.0,1849000.0,5341
2026-07-16 12:58:00,1853000.0,1853000.0,1853000.0,1853000.0,5084
2026-07-16 12:59:00,1855500.0,1855500.0,1855500.0,1855500.0,5285
2026-07-16 13:00:00,1855000.0,1855000.0,1855000.0,1855000.0,6277
2026-07-16 13:01:00,1852000.0,1852000.0,1852000.0,1852000.0,5268
2026-07-16 13:02:00,1850000.0,1850000.0,1850000.0,1850000.0,6550
2026-07-16 13:03:00,1852000.0,1852000.0,1852000.0,1852000.0,3846
2026-07-16 13:04:00,1851000.0,1851000.0,1851000.0,1851000.0,7405
2026-07-16 13:05:00,1851000.0,1851000.0,1851000.0,1851000.0,7996
2026-07-16 13:06:00,1852000.0,1852000.0,1852000.0,1852000.0,3641
2026-07-16 13:07:00,1849000.0,1849000.0,1849000.0,1849000.0,5721
2026-07-16 13:08:00,1845000.0,1845000.0,1845000.0,1845000.0,9532
2026-07-16 13:09:00,1844000.0,1844000.0,1844000.0,1844000.0,4894
2026-07-16 13:10:00,1846000.0,1846000.0,1846000.0,1846000.0,6268
2026-07-16 13:11:00,1848000.0,1848000.0,1848000.0,1848000.0,7089
2026-07-16 13:12:00,1851000.0,1851000.0,1851000.0,1851000.0,7211
2026-07-16 13:13:00,1850000.0,1850000.0,1850000.0,1850000.0,4622
2026-07-16 13:14:00,1855000.0,1855000.0,1855000.0,1855000.0,9825
2026-07-16 13:15:00,1851000.0,1851000.0,1851000.0,1851000.0,5131
2026-07-16 13:16:00,1846000.0,1846000.0,1846000.0,1846000.0,9872
2026-07-16 13:17:00,1844000.0,1844000.0,1844000.0,1844000.0,6522
2026-07-16 13:18:00,1840000.0,1840000.0,1840000.0,1840000.0,14734
2026-07-16 13:19:00,1839000.0,1839000.0,1839000.0,1839000.0,16916
2026-07-16 13:20:00,1841000.0,1841000.0,1841000.0,1841000.0,7990
2026-07-16 13:21:00,1837000.0,1837000.0,1837000.0,1837000.0,9374
2026-07-16 13:22:00,1835000.0,1835000.0,1835000.0,1835000.0,12220
2026-07-16 13:23:00,1837000.0,1837000.0,1837000.0,1837000.0,8063
2026-07-16 13:24:00,1837000.0,1837000.0,1837000.0,1837000.0,7638
2026-07-16 13:25:00,1834000.0,1834000.0,1834000.0,1834000.0,6612
2026-07-16 13:26:00,1833000.0,1833000.0,1833000.0,1833000.0,9898
2026-07-16 13:27:00,1839000.0,1839000.0,1839000.0,1839000.0,7372
2026-07-16 13:28:00,1833000.0,1833000.0,1833000.0,1833000.0,13721
2026-07-16 13:29:00,1834000.0,1834000.0,1834000.0,1834000.0,5665
2026-07-16 13:30:00,1832000.0,1832000.0,1832000.0,1832000.0,9382
2026-07-16 13:31:00,1836000.0,1836000.0,1836000.0,1836000.0,7164
2026-07-16 13:32:00,1833000.0,1833000.0,1833000.0,1833000.0,5544
2026-07-16 13:33:00,1833000.0,1833000.0,1833000.0,1833000.0,6761
2026-07-16 13:34:00,1834000.0,1834000.0,1834000.0,1834000.0,8232
2026-07-16 13:35:00,1832000.0,1832000.0,1832000.0,1832000.0,5764
2026-07-16 13:36:00,1832000.0,1832000.0,1832000.0,1832000.0,8861
2026-07-16 13:37:00,1830000.0,1830000.0,1830000.0,1830000.0,19861
2026-07-16 13:38:00,1828000.0,1828000.0,1828000.0,1828000.0,16250
2026-07-16 13:39:00,1833000.0,1833000.0,1833000.0,1833000.0,10513
2026-07-16 13:40:00,1832000.0,1832000.0,1832000.0,1832000.0,6772
2026-07-16 13:41:00,1838000.0,1838000.0,1838000.0,1838000.0,7345
2026-07-16 13:42:00,1839000.0,1839000.0,1839000.0,1839000.0,8540
2026-07-16 13:43:00,1840000.0,1840000.0,1840000.0,1840000.0,7857
2026-07-16 13:44:00,1834000.0,1834000.0,1834000.0,1834000.0,7870
2026-07-16 13:45:00,1833000.0,1833000.0,1833000.0,1833000.0,10145
2026-07-16 13:46:00,1829000.0,1829000.0,1829000.0,1829000.0,6880
2026-07-16 13:47:00,1830000.0,1830000.0,1830000.0,1830000.0,7837
2026-07-16 13:48:00,1832000.0,1832000.0,1832000.0,1832000.0,4425
2026-07-16 13:49:00,1835000.0,1835000.0,1835000.0,1835000.0,6221
2026-07-16 13:50:00,1834000.0,1834000.0,1834000.0,1834000.0,5863
2026-07-16 13:51:00,1833000.0,1833000.0,1833000.0,1833000.0,6359
2026-07-16 13:52:00,1835000.0,1835000.0,1835000.0,1835000.0,4538
2026-07-16 13:53:00,1834000.0,1834000.0,1834000.0,1834000.0,4346
2026-07-16 13:54:00,1836000.0,1836000.0,1836000.0,1836000.0,6263
2026-07-16 13:55:00,1838000.0,1838000.0,1838000.0,1838000.0,6179
2026-07-16 13:56:00,1837000.0,1837000.0,1837000.0,1837000.0,7113
2026-07-16 13:57:00,1839000.0,1839000.0,1839000.0,1839000.0,4411
2026-07-16 13:58:00,1840000.0,1840000.0,1840000.0,1840000.0,8052
2026-07-16 13:59:00,1839000.0,1839000.0,1839000.0,1839000.0,5845
2026-07-16 14:00:00,1844000.0,1844000.0,1844000.0,1844000.0,9402
2026-07-16 14:01:00,1845500.0,1845500.0,1845500.0,1845500.0,4781
2026-07-16 14:02:00,1846000.0,1846000.0,1846000.0,1846000.0,5726
2026-07-16 14:03:00,1850000.0,1850000.0,1850000.0,1850000.0,10724
2026-07-16 14:04:00,1846000.0,1846000.0,1846000.0,1846000.0,5912
2026-07-16 14:05:00,1842000.0,1842000.0,1842000.0,1842000.0,5544
2026-07-16 14:06:00,1848000.0,1848000.0,1848000.0,1848000.0,5113
2026-07-16 14:07:00,1842000.0,1842000.0,1842000.0,1842000.0,4572
2026-07-16 14:08:00,1839000.0,1839000.0,1839000.0,1839000.0,7090
2026-07-16 14:09:00,1838000.0,1838000.0,1838000.0,1838000.0,4185
2026-07-16 14:10:00,1842000.0,1842000.0,1842000.0,1842000.0,8610
2026-07-16 14:11:00,1854000.0,1854000.0,1854000.0,1854000.0,11770
2026-07-16 14:12:00,1857000.0,1857000.0,1857000.0,1857000.0,11883
2026-07-16 14:13:00,1863000.0,1863000.0,1863000.0,1863000.0,12893
2026-07-16 14:14:00,1864000.0,1864000.0,1864000.0,1864000.0,9246
2026-07-16 14:15:00,1868000.0,1868000.0,1868000.0,1868000.0,17413
2026-07-16 14:16:00,1867000.0,1867000.0,1867000.0,1867000.0,11600
2026-07-16 14:17:00,1865000.0,1865000.0,1865000.0,1865000.0,17291
2026-07-16 14:18:00,1865000.0,1865000.0,1865000.0,1865000.0,7840
2026-07-16 14:19:00,1872500.0,1872500.0,1872500.0,1872500.0,10944
2026-07-16 14:20:00,1878000.0,1878000.0,1878000.0,1878000.0,24285
2026-07-16 14:21:00,1884000.0,1884000.0,1884000.0,1884000.0,16236
2026-07-16 14:22:00,1885000.0,1885000.0,1885000.0,1885000.0,16079
2026-07-16 14:23:00,1889000.0,1889000.0,1889000.0,1889000.0,20702
2026-07-16 14:24:00,1879000.0,1879000.0,1879000.0,1879000.0,21430
2026-07-16 14:25:00,1885000.0,1885000.0,1885000.0,1885000.0,12349
2026-07-16 14:26:00,1885000.0,1885000.0,1885000.0,1885000.0,13533
2026-07-16 14:27:00,1880000.0,1880000.0,1880000.0,1880000.0,6011
2026-07-16 14:28:00,1877000.0,1877000.0,1877000.0,1877000.0,14217
2026-07-16 14:29:00,1885000.0,1885000.0,1885000.0,1885000.0,14023
2026-07-16 14:30:00,1892000.0,1892000.0,1892000.0,1892000.0,31618
2026-07-16 14:31:00,1885000.0,1885000.0,1885000.0,1885000.0,14909
2026-07-16 14:32:00,1879000.0,1879000.0,1879000.0,1879000.0,15273
2026-07-16 14:33:00,1867000.0,1867000.0,1867000.0,1867000.0,26666
2026-07-16 14:34:00,1861000.0,1861000.0,1861000.0,1861000.0,17193
2026-07-16 14:35:00,1856000.0,1856000.0,1856000.0,1856000.0,16709
2026-07-16 14:36:00,1860000.0,1860000.0,1860000.0,1860000.0,11950
2026-07-16 14:37:00,1859000.0,1859000.0,1859000.0,1859000.0,10734
2026-07-16 14:38:00,1862000.0,1862000.0,1862000.0,1862000.0,11171
2026-07-16 14:39:00,1851000.0,1851000.0,1851000.0,1851000.0,20614
2026-07-16 14:40:00,1854000.0,1854000.0,1854000.0,1854000.0,15773
2026-07-16 14:41:00,1862000.0,1862000.0,1862000.0,1862000.0,15874
2026-07-16 14:42:00,1860000.0,1860000.0,1860000.0,1860000.0,15259
2026-07-16 14:43:00,1862000.0,1862000.0,1862000.0,1862000.0,10918
2026-07-16 14:44:00,1858000.0,1858000.0,1858000.0,1858000.0,11052
2026-07-16 14:45:00,1856000.0,1856000.0,1856000.0,1856000.0,10669
2026-07-16 14:46:00,1856000.0,1856000.0,1856000.0,1856000.0,11650
2026-07-16 14:47:00,1863000.0,1863000.0,1863000.0,1863000.0,12918
2026-07-16 14:48:00,1861000.0,1861000.0,1861000.0,1861000.0,7731
2026-07-16 14:49:00,1859000.0,1859000.0,1859000.0,1859000.0,10145
2026-07-16 14:50:00,1864000.0,1864000.0,1864000.0,1864000.0,12817
2026-07-16 14:51:00,1860000.0,1860000.0,1860000.0,1860000.0,19103
2026-07-16 14:52:00,1863000.0,1863000.0,1863000.0,1863000.0,8387
2026-07-16 14:53:00,1862000.0,1862000.0,1862000.0,1862000.0,6961
2026-07-16 14:54:00,1865000.0,1865000.0,1865000.0,1865000.0,9747
2026-07-16 14:55:00,1866000.0,1866000.0,1866000.0,1866000.0,8152
2026-07-16 14:56:00,1869000.0,1869000.0,1869000.0,1869000.0,18167
2026-07-16 14:57:00,1871000.0,1871000.0,1871000.0,1871000.0,8866
2026-07-16 14:58:00,1864000.0,1864000.0,1864000.0,1864000.0,10927
2026-07-16 14:59:00,1862000.0,1862000.0,1862000.0,1862000.0,6100
2026-07-16 15:00:00,1876000.0,1876000.0,1876000.0,1876000.0,23723
2026-07-16 15:01:00,1860000.0,1860000.0,1860000.0,1860000.0,15984
2026-07-16 15:02:00,1856000.0,1856000.0,1856000.0,1856000.0,16595
2026-07-16 15:03:00,1850000.0,1850000.0,1850000.0,1850000.0,24081
2026-07-16 15:04:00,1841000.0,1841000.0,1841000.0,1841000.0,29244
2026-07-16 15:05:00,1836000.0,1836000.0,1836000.0,1836000.0,22795
2026-07-16 15:06:00,1838000.0,1838000.0,1838000.0,1838000.0,20090
2026-07-16 15:07:00,1834000.0,1834000.0,1834000.0,1834000.0,22324
2026-07-16 15:08:00,1837000.0,1837000.0,1837000.0,1837000.0,30377
2026-07-16 15:09:00,1840000.0,1840000.0,1840000.0,1840000.0,18002
2026-07-16 15:10:00,1836000.0,1836000.0,1836000.0,1836000.0,17561
2026-07-16 15:11:00,1834000.0,1834000.0,1834000.0,1834000.0,17352
2026-07-16 15:12:00,1835000.0,1835000.0,1835000.0,1835000.0,12467
2026-07-16 15:13:00,1834000.0,1834000.0,1834000.0,1834000.0,16327
2026-07-16 15:14:00,1830000.0,1830000.0,1830000.0,1830000.0,35853
2026-07-16 15:15:00,1839000.0,1839000.0,1839000.0,1839000.0,24158
2026-07-16 15:16:00,1841000.0,1841000.0,1841000.0,1841000.0,16867
2026-07-16 15:17:00,1840000.0,1840000.0,1840000.0,1840000.0,20861
2026-07-16 15:18:00,1840000.0,1840000.0,1840000.0,1840000.0,20323
2026-07-16 15:19:00,1840000.0,1840000.0,1840000.0,1840000.0,35689
2026-07-16 15:30:00,1842000.0,1842000.0,1842000.0,1842000.0,771732
2026-07-20 09:00:00,1740000.0,1740000.0,1740000.0,1740000.0,398769
2026-07-20 09:01:00,1753000.0,1753000.0,1753000.0,1753000.0,44068
2026-07-20 09:02:00,1781000.0,1781000.0,1781000.0,1781000.0,55860
2026-07-20 09:03:00,1772000.0,1772000.0,1772000.0,1772000.0,61276
2026-07-20 09:04:00,1798000.0,1798000.0,1798000.0,1798000.0,57130
2026-07-20 09:05:00,1816000.0,1816000.0,1816000.0,1816000.0,63694
2026-07-20 09:06:00,1823000.0,1823000.0,1823000.0,1823000.0,51854
2026-07-20 09:07:00,1831000.0,1831000.0,1831000.0,1831000.0,67719
2026-07-20 09:08:00,1851000.0,1851000.0,1851000.0,1851000.0,47862
2026-07-20 09:09:00,1845000.0,1845000.0,1845000.0,1845000.0,75003
2026-07-20 09:10:00,1843000.0,1843000.0,1843000.0,1843000.0,42871
2026-07-20 09:11:00,1854000.0,1854000.0,1854000.0,1854000.0,41760
2026-07-20 09:12:00,1850000.0,1850000.0,1850000.0,1850000.0,45259
2026-07-20 09:13:00,1872000.0,1872000.0,1872000.0,1872000.0,49214
2026-07-20 09:14:00,1865000.0,1865000.0,1865000.0,1865000.0,47738
2026-07-20 09:15:00,1872000.0,1872000.0,1872000.0,1872000.0,34876
2026-07-20 09:16:00,1872000.0,1872000.0,1872000.0,1872000.0,41308
2026-07-20 09:17:00,1889000.0,1889000.0,1889000.0,1889000.0,47236
2026-07-20 09:18:00,1875000.0,1875000.0,1875000.0,1875000.0,31127
2026-07-20 09:19:00,1879000.0,1879000.0,1879000.0,1879000.0,26107
2026-07-20 09:20:00,1877000.0,1877000.0,1877000.0,1877000.0,25182
2026-07-20 09:21:00,1878000.0,1878000.0,1878000.0,1878000.0,34894
2026-07-20 09:22:00,1878000.0,1878000.0,1878000.0,1878000.0,28668
2026-07-20 09:23:00,1887000.0,1887000.0,1887000.0,1887000.0,21861
2026-07-20 09:24:00,1888500.0,1888500.0,1888500.0,1888500.0,20634
2026-07-20 09:25:00,1875000.0,1875000.0,1875000.0,1875000.0,24495
2026-07-20 09:26:00,1871000.0,1871000.0,1871000.0,1871000.0,17357
2026-07-20 09:27:00,1870000.0,1870000.0,1870000.0,1870000.0,14705
2026-07-20 09:28:00,1869000.0,1869000.0,1869000.0,1869000.0,13687
2026-07-20 09:29:00,1860000.0,1860000.0,1860000.0,1860000.0,22931
2026-07-20 09:30:00,1853000.0,1853000.0,1853000.0,1853000.0,23273
2026-07-20 09:31:00,1852000.0,1852000.0,1852000.0,1852000.0,16364
2026-07-20 09:32:00,1845000.0,1845000.0,1845000.0,1845000.0,31525
2026-07-20 09:33:00,1844000.0,1844000.0,1844000.0,1844000.0,31635
2026-07-20 09:34:00,1848000.0,1848000.0,1848000.0,1848000.0,33538
2026-07-20 09:35:00,1864000.0,1864000.0,1864000.0,1864000.0,24374
2026-07-20 09:36:00,1875000.0,1875000.0,1875000.0,1875000.0,19829
2026-07-20 09:37:00,1877000.0,1877000.0,1877000.0,1877000.0,18662
2026-07-20 09:38:00,1882000.0,1882000.0,1882000.0,1882000.0,16431
2026-07-20 09:39:00,1872000.0,1872000.0,1872000.0,1872000.0,22052
2026-07-20 09:40:00,1873000.0,1873000.0,1873000.0,1873000.0,14515
2026-07-20 09:41:00,1883000.0,1883000.0,1883000.0,1883000.0,10787
2026-07-20 09:42:00,1880000.0,1880000.0,1880000.0,1880000.0,17495
2026-07-20 09:43:00,1878000.0,1878000.0,1878000.0,1878000.0,10328
2026-07-20 09:44:00,1866000.0,1866000.0,1866000.0,1866000.0,9163
2026-07-20 09:45:00,1863000.0,1863000.0,1863000.0,1863000.0,17274
2026-07-20 09:46:00,1865000.0,1865000.0,1865000.0,1865000.0,18083
2026-07-20 09:47:00,1859000.0,1859000.0,1859000.0,1859000.0,17731
2026-07-20 09:48:00,1863000.0,1863000.0,1863000.0,1863000.0,11883
2026-07-20 09:49:00,1865000.0,1865000.0,1865000.0,1865000.0,13299
2026-07-20 09:50:00,1857000.0,1857000.0,1857000.0,1857000.0,12291
2026-07-20 09:51:00,1861000.0,1861000.0,1861000.0,1861000.0,8582
2026-07-20 09:52:00,1851000.0,1851000.0,1851000.0,1851000.0,10817
2026-07-20 09:53:00,1848000.0,1848000.0,1848000.0,1848000.0,15456
2026-07-20 09:54:00,1844000.0,1844000.0,1844000.0,1844000.0,14141
2026-07-20 09:55:00,1853000.0,1853000.0,1853000.0,1853000.0,13326
2026-07-20 09:56:00,1837000.0,1837000.0,1837000.0,1837000.0,23166
2026-07-20 09:57:00,1830000.0,1830000.0,1830000.0,1830000.0,38522
2026-07-20 09:58:00,1824000.0,1824000.0,1824000.0,1824000.0,23228
2026-07-20 09:59:00,1827000.0,1827000.0,1827000.0,1827000.0,16438
2026-07-20 10:00:00,1841000.0,1841000.0,1841000.0,1841000.0,17823
2026-07-20 10:01:00,1833000.0,1833000.0,1833000.0,1833000.0,14135
2026-07-20 10:02:00,1831000.0,1831000.0,1831000.0,1831000.0,16129
2026-07-20 10:03:00,1827000.0,1827000.0,1827000.0,1827000.0,11833
2026-07-20 10:04:00,1832000.0,1832000.0,1832000.0,1832000.0,13384
2026-07-20 10:05:00,1843000.0,1843000.0,1843000.0,1843000.0,16229
2026-07-20 10:06:00,1850000.0,1850000.0,1850000.0,1850000.0,14465
2026-07-20 10:07:00,1844000.0,1844000.0,1844000.0,1844000.0,12521
2026-07-20 10:08:00,1845000.0,1845000.0,1845000.0,1845000.0,9620
2026-07-20 10:09:00,1847000.0,1847000.0,1847000.0,1847000.0,11081
2026-07-20 10:10:00,1849000.0,1849000.0,1849000.0,1849000.0,13183
2026-07-20 10:11:00,1837000.0,1837000.0,1837000.0,1837000.0,8938
2026-07-20 10:12:00,1838000.0,1838000.0,1838000.0,1838000.0,9195
2026-07-20 10:13:00,1831000.0,1831000.0,1831000.0,1831000.0,11369
2026-07-20 10:14:00,1826000.0,1826000.0,1826000.0,1826000.0,9912
2026-07-20 10:15:00,1826000.0,1826000.0,1826000.0,1826000.0,12268
2026-07-20 10:16:00,1830000.0,1830000.0,1830000.0,1830000.0,7466
2026-07-20 10:17:00,1831000.0,1831000.0,1831000.0,1831000.0,13088
2026-07-20 10:18:00,1831000.0,1831000.0,1831000.0,1831000.0,11270
2026-07-20 10:19:00,1824000.0,1824000.0,1824000.0,1824000.0,13133
2026-07-20 10:20:00,1832000.0,1832000.0,1832000.0,1832000.0,17441
2026-07-20 10:21:00,1836000.0,1836000.0,1836000.0,1836000.0,17112
2026-07-20 10:22:00,1834000.0,1834000.0,1834000.0,1834000.0,12734
2026-07-20 10:23:00,1844000.0,1844000.0,1844000.0,1844000.0,9668
2026-07-20 10:24:00,1844000.0,1844000.0,1844000.0,1844000.0,7994
2026-07-20 10:25:00,1854000.0,1854000.0,1854000.0,1854000.0,14827
2026-07-20 10:26:00,1856000.0,1856000.0,1856000.0,1856000.0,10696
2026-07-20 10:27:00,1850000.0,1850000.0,1850000.0,1850000.0,12867
2026-07-20 10:28:00,1839000.0,1839000.0,1839000.0,1839000.0,11072
2026-07-20 10:29:00,1833000.0,1833000.0,1833000.0,1833000.0,5991
2026-07-20 10:30:00,1823000.0,1823000.0,1823000.0,1823000.0,21027
2026-07-20 10:31:00,1804000.0,1804000.0,1804000.0,1804000.0,37457
2026-07-20 10:32:00,1808000.0,1808000.0,1808000.0,1808000.0,20854
2026-07-20 10:33:00,1799000.0,1799000.0,1799000.0,1799000.0,27182
2026-07-20 10:34:00,1794000.0,1794000.0,1794000.0,1794000.0,19126
2026-07-20 10:35:00,1791000.0,1791000.0,1791000.0,1791000.0,18054
2026-07-20 10:36:00,1800000.0,1800000.0,1800000.0,1800000.0,23205
2026-07-20 10:37:00,1803000.0,1803000.0,1803000.0,1803000.0,20109
2026-07-20 10:38:00,1801000.0,1801000.0,1801000.0,1801000.0,15734
2026-07-20 10:39:00,1804000.0,1804000.0,1804000.0,1804000.0,26398
2026-07-20 10:40:00,1801000.0,1801000.0,1801000.0,1801000.0,15977
2026-07-20 10:41:00,1801000.0,1801000.0,1801000.0,1801000.0,10290
2026-07-20 10:42:00,1795000.0,1795000.0,1795000.0,1795000.0,17369
2026-07-20 10:43:00,1784000.0,1784000.0,1784000.0,1784000.0,16244
2026-07-20 10:44:00,1789000.0,1789000.0,1789000.0,1789000.0,15533
2026-07-20 10:45:00,1788000.0,1788000.0,1788000.0,1788000.0,15041
2026-07-20 10:46:00,1782000.0,1782000.0,1782000.0,1782000.0,14298
2026-07-20 10:47:00,1784000.0,1784000.0,1784000.0,1784000.0,12124
2026-07-20 10:48:00,1788000.0,1788000.0,1788000.0,1788000.0,15269
2026-07-20 10:49:00,1789000.0,1789000.0,1789000.0,1789000.0,13841
2026-07-20 10:50:00,1781000.0,1781000.0,1781000.0,1781000.0,11138
2026-07-20 10:51:00,1771000.0,1771000.0,1771000.0,1771000.0,26150
2026-07-20 10:52:00,1771000.0,1771000.0,1771000.0,1771000.0,19293
2026-07-20 10:53:00,1759000.0,1759000.0,1759000.0,1759000.0,23238
2026-07-20 10:54:00,1758000.0,1758000.0,1758000.0,1758000.0,20159
2026-07-20 10:55:00,1755000.0,1755000.0,1755000.0,1755000.0,19753
2026-07-20 10:56:00,1758000.0,1758000.0,1758000.0,1758000.0,17462
2026-07-20 10:57:00,1766000.0,1766000.0,1766000.0,1766000.0,16686
2026-07-20 10:58:00,1773000.0,1773000.0,1773000.0,1773000.0,18610
2026-07-20 10:59:00,1770000.0,1770000.0,1770000.0,1770000.0,21841
2026-07-20 11:00:00,1786000.0,1786000.0,1786000.0,1786000.0,18811
2026-07-20 11:01:00,1780000.0,1780000.0,1780000.0,1780000.0,15825
2026-07-20 11:02:00,1791000.0,1791000.0,1791000.0,1791000.0,15515
2026-07-20 11:03:00,1783000.0,1783000.0,1783000.0,1783000.0,13298
2026-07-20 11:04:00,1788000.0,1788000.0,1788000.0,1788000.0,9759
2026-07-20 11:05:00,1792000.0,1792000.0,1792000.0,1792000.0,10993
2026-07-20 11:06:00,1790000.0,1790000.0,1790000.0,1790000.0,11062
2026-07-20 11:07:00,1789000.0,1789000.0,1789000.0,1789000.0,11443
2026-07-20 11:08:00,1800000.0,1800000.0,1800000.0,1800000.0,24950
2026-07-20 11:09:00,1796000.0,1796000.0,1796000.0,1796000.0,13392
2026-07-20 11:10:00,1789000.0,1789000.0,1789000.0,1789000.0,8015
2026-07-20 11:11:00,1781000.0,1781000.0,1781000.0,1781000.0,14394
2026-07-20 11:12:00,1780000.0,1780000.0,1780000.0,1780000.0,9420
2026-07-20 11:13:00,1771000.0,1771000.0,1771000.0,1771000.0,12868
2026-07-20 11:14:00,1770000.0,1770000.0,1770000.0,1770000.0,9057
2026-07-20 11:15:00,1765000.0,1765000.0,1765000.0,1765000.0,20496
2026-07-20 11:16:00,1776000.0,1776000.0,1776000.0,1776000.0,16712
2026-07-20 11:17:00,1775500.0,1775500.0,1775500.0,1775500.0,12942
2026-07-20 11:18:00,1768000.0,1768000.0,1768000.0,1768000.0,10449
2026-07-20 11:19:00,1767000.0,1767000.0,1767000.0,1767000.0,11873
2026-07-20 11:20:00,1761000.0,1761000.0,1761000.0,1761000.0,12526
2026-07-20 11:21:00,1764000.0,1764000.0,1764000.0,1764000.0,21754
2026-07-20 11:22:00,1761000.0,1761000.0,1761000.0,1761000.0,10432
2026-07-20 11:23:00,1771000.0,1771000.0,1771000.0,1771000.0,17034
2026-07-20 11:24:00,1765000.0,1765000.0,1765000.0,1765000.0,10287
2026-07-20 11:25:00,1764000.0,1764000.0,1764000.0,1764000.0,19214
2026-07-20 11:26:00,1753000.0,1753000.0,1753000.0,1753000.0,38121
2026-07-20 11:27:00,1762000.0,1762000.0,1762000.0,1762000.0,19612
2026-07-20 11:28:00,1759000.0,1759000.0,1759000.0,1759000.0,14002
2026-07-20 11:29:00,1755000.0,1755000.0,1755000.0,1755000.0,14309
2026-07-20 11:30:00,1772000.0,1772000.0,1772000.0,1772000.0,13903
2026-07-20 11:31:00,1770000.0,1770000.0,1770000.0,1770000.0,8670
2026-07-20 11:32:00,1780000.0,1780000.0,1780000.0,1780000.0,13625
2026-07-20 11:33:00,1783000.0,1783000.0,1783000.0,1783000.0,11187
2026-07-20 11:34:00,1781000.0,1781000.0,1781000.0,1781000.0,8965
2026-07-20 11:35:00,1782000.0,1782000.0,1782000.0,1782000.0,10249
2026-07-20 11:36:00,1785000.0,1785000.0,1785000.0,1785000.0,7863
2026-07-20 11:37:00,1780000.0,1780000.0,1780000.0,1780000.0,5842
2026-07-20 11:38:00,1776000.0,1776000.0,1776000.0,1776000.0,10065
2026-07-20 11:39:00,1774000.0,1774000.0,1774000.0,1774000.0,4928
2026-07-20 11:40:00,1780000.0,1780000.0,1780000.0,1780000.0,7354
2026-07-20 11:41:00,1783000.0,1783000.0,1783000.0,1783000.0,7736
2026-07-20 11:42:00,1792000.0,1792000.0,1792000.0,1792000.0,10979
2026-07-20 11:43:00,1796000.0,1796000.0,1796000.0,1796000.0,5814
2026-07-20 11:44:00,1794000.0,1794000.0,1794000.0,1794000.0,10449
2026-07-20 11:45:00,1795000.0,1795000.0,1795000.0,1795000.0,5439
2026-07-20 11:46:00,1788000.0,1788000.0,1788000.0,1788000.0,5011
2026-07-20 11:47:00,1786000.0,1786000.0,1786000.0,1786000.0,7191
2026-07-20 11:48:00,1798000.0,1798000.0,1798000.0,1798000.0,9336
2026-07-20 11:49:00,1795000.0,1795000.0,1795000.0,1795000.0,8782
2026-07-20 11:50:00,1792000.0,1792000.0,1792000.0,1792000.0,4996
2026-07-20 11:51:00,1788000.0,1788000.0,1788000.0,1788000.0,7131
2026-07-20 11:52:00,1792000.0,1792000.0,1792000.0,1792000.0,4752
2026-07-20 11:53:00,1791000.0,1791000.0,1791000.0,1791000.0,3990
2026-07-20 11:54:00,1785000.0,1785000.0,1785000.0,1785000.0,6718
2026-07-20 11:55:00,1780000.0,1780000.0,1780000.0,1780000.0,3938
2026-07-20 11:56:00,1789000.0,1789000.0,1789000.0,1789000.0,5983
2026-07-20 11:57:00,1783000.0,1783000.0,1783000.0,1783000.0,5512
2026-07-20 11:58:00,1786000.0,1786000.0,1786000.0,1786000.0,5709
2026-07-20 11:59:00,1782000.0,1782000.0,1782000.0,1782000.0,5828
2026-07-20 12:00:00,1789000.0,1789000.0,1789000.0,1789000.0,6041
2026-07-20 12:01:00,1784000.0,1784000.0,1784000.0,1784000.0,5972
2026-07-20 12:02:00,1778000.0,1778000.0,1778000.0,1778000.0,8027
2026-07-20 12:03:00,1780000.0,1780000.0,1780000.0,1780000.0,4646
2026-07-20 12:04:00,1773000.0,1773000.0,1773000.0,1773000.0,6063
2026-07-20 12:05:00,1767000.0,1767000.0,1767000.0,1767000.0,7801
2026-07-20 12:06:00,1764000.0,1764000.0,1764000.0,1764000.0,6395
2026-07-20 12:07:00,1768000.0,1768000.0,1768000.0,1768000.0,3056
2026-07-20 12:08:00,1769000.0,1769000.0,1769000.0,1769000.0,4588
2026-07-20 12:09:00,1774000.0,1774000.0,1774000.0,1774000.0,4344
2026-07-20 12:10:00,1776000.0,1776000.0,1776000.0,1776000.0,3938
2026-07-20 12:11:00,1777000.0,1777000.0,1777000.0,1777000.0,9055
2026-07-20 12:12:00,1776000.0,1776000.0,1776000.0,1776000.0,4830
2026-07-20 12:13:00,1782000.0,1782000.0,1782000.0,1782000.0,5652
2026-07-20 12:14:00,1782000.0,1782000.0,1782000.0,1782000.0,5420
2026-07-20 12:15:00,1784000.0,1784000.0,1784000.0,1784000.0,6444
2026-07-20 12:16:00,1779000.0,1779000.0,1779000.0,1779000.0,4240
2026-07-20 12:17:00,1776000.0,1776000.0,1776000.0,1776000.0,4235
2026-07-20 12:18:00,1775000.0,1775000.0,1775000.0,1775000.0,4090
2026-07-20 12:19:00,1774000.0,1774000.0,1774000.0,1774000.0,2356
2026-07-20 12:20:00,1776000.0,1776000.0,1776000.0,1776000.0,2634
2026-07-20 12:21:00,1779000.0,1779000.0,1779000.0,1779000.0,5502
2026-07-20 12:22:00,1779000.0,1779000.0,1779000.0,1779000.0,5290
2026-07-20 12:23:00,1771000.0,1771000.0,1771000.0,1771000.0,11018
2026-07-20 12:24:00,1777000.0,1777000.0,1777000.0,1777000.0,11072
2026-07-20 12:25:00,1773000.0,1773000.0,1773000.0,1773000.0,7385
2026-07-20 12:26:00,1773000.0,1773000.0,1773000.0,1773000.0,2952
2026-07-20 12:27:00,1772000.0,1772000.0,1772000.0,1772000.0,2304
2026-07-20 12:28:00,1773000.0,1773000.0,1773000.0,1773000.0,3277
2026-07-20 12:29:00,1769000.0,1769000.0,1769000.0,1769000.0,8960
2026-07-20 12:30:00,1776000.0,1776000.0,1776000.0,1776000.0,4253
2026-07-20 12:31:00,1769000.0,1769000.0,1769000.0,1769000.0,7754
2026-07-20 12:32:00,1771000.0,1771000.0,1771000.0,1771000.0,2621
2026-07-20 12:33:00,1769000.0,1769000.0,1769000.0,1769000.0,6018
2026-07-20 12:34:00,1772000.0,1772000.0,1772000.0,1772000.0,4276
2026-07-20 12:35:00,1770000.0,1770000.0,1770000.0,1770000.0,7646
2026-07-20 12:36:00,1771000.0,1771000.0,1771000.0,1771000.0,6723
2026-07-20 12:37:00,1779000.0,1779000.0,1779000.0,1779000.0,8556
2026-07-20 12:38:00,1774000.0,1774000.0,1774000.0,1774000.0,5046
2026-07-20 12:39:00,1778000.0,1778000.0,1778000.0,1778000.0,3431
2026-07-20 12:40:00,1771000.0,1771000.0,1771000.0,1771000.0,4751
2026-07-20 12:41:00,1775000.0,1775000.0,1775000.0,1775000.0,6193
2026-07-20 12:42:00,1780000.0,1780000.0,1780000.0,1780000.0,6924
2026-07-20 12:43:00,1778000.0,1778000.0,1778000.0,1778000.0,3874
2026-07-20 12:44:00,1779000.0,1779000.0,1779000.0,1779000.0,3666
2026-07-20 12:45:00,1778000.0,1778000.0,1778000.0,1778000.0,3174
2026-07-20 12:46:00,1777000.0,1777000.0,1777000.0,1777000.0,4303
2026-07-20 12:47:00,1778000.0,1778000.0,1778000.0,1778000.0,6302
2026-07-20 12:48:00,1783000.0,1783000.0,1783000.0,1783000.0,5377
2026-07-20 12:49:00,1780000.0,1780000.0,1780000.0,1780000.0,5873
2026-07-20 12:50:00,1789000.0,1789000.0,1789000.0,1789000.0,6713
2026-07-20 12:51:00,1791000.0,1791000.0,1791000.0,1791000.0,7064
2026-07-20 12:52:00,1799000.0,1799000.0,1799000.0,1799000.0,9260
2026-07-20 12:53:00,1801000.0,1801000.0,1801000.0,1801000.0,11927
2026-07-20 12:54:00,1808000.0,1808000.0,1808000.0,1808000.0,11210
2026-07-20 12:55:00,1801000.0,1801000.0,1801000.0,1801000.0,6972
2026-07-20 12:56:00,1791000.0,1791000.0,1791000.0,1791000.0,8577
2026-07-20 12:57:00,1786000.0,1786000.0,1786000.0,1786000.0,8167
2026-07-20 12:58:00,1785000.0,1785000.0,1785000.0,1785000.0,6467
2026-07-20 12:59:00,1789000.0,1789000.0,1789000.0,1789000.0,5200
2026-07-20 13:00:00,1789500.0,1789500.0,1789500.0,1789500.0,5543
2026-07-20 13:01:00,1790000.0,1790000.0,1790000.0,1790000.0,11000
2026-07-20 13:02:00,1791000.0,1791000.0,1791000.0,1791000.0,3729
2026-07-20 13:03:00,1790000.0,1790000.0,1790000.0,1790000.0,4108
2026-07-20 13:04:00,1787000.0,1787000.0,1787000.0,1787000.0,4714
2026-07-20 13:05:00,1782000.0,1782000.0,1782000.0,1782000.0,5153
2026-07-20 13:06:00,1779000.0,1779000.0,1779000.0,1779000.0,6141
2026-07-20 13:07:00,1778000.0,1778000.0,1778000.0,1778000.0,4773
2026-07-20 13:08:00,1780000.0,1780000.0,1780000.0,1780000.0,5405
2026-07-20 13:09:00,1776000.0,1776000.0,1776000.0,1776000.0,4856
2026-07-20 13:10:00,1776000.0,1776000.0,1776000.0,1776000.0,5228
2026-07-20 13:11:00,1776000.0,1776000.0,1776000.0,1776000.0,4224
2026-07-20 13:12:00,1776000.0,1776000.0,1776000.0,1776000.0,2578
2026-07-20 13:13:00,1775000.0,1775000.0,1775000.0,1775000.0,9960
2026-07-20 13:14:00,1767500.0,1767500.0,1767500.0,1767500.0,11850
2026-07-20 13:15:00,1762000.0,1762000.0,1762000.0,1762000.0,11781
2026-07-20 13:16:00,1760000.0,1760000.0,1760000.0,1760000.0,12862
2026-07-20 13:17:00,1759000.0,1759000.0,1759000.0,1759000.0,9173
2026-07-20 13:18:00,1761000.0,1761000.0,1761000.0,1761000.0,10388
2026-07-20 13:19:00,1764000.0,1764000.0,1764000.0,1764000.0,4315
2026-07-20 13:20:00,1766000.0,1766000.0,1766000.0,1766000.0,9987
2026-07-20 13:21:00,1763000.0,1763000.0,1763000.0,1763000.0,4306
2026-07-20 13:22:00,1767000.0,1767000.0,1767000.0,1767000.0,8757
2026-07-20 13:23:00,1773000.0,1773000.0,1773000.0,1773000.0,10458
2026-07-20 13:24:00,1777000.0,1777000.0,1777000.0,1777000.0,8685
2026-07-20 13:25:00,1776000.0,1776000.0,1776000.0,1776000.0,6662
2026-07-20 13:26:00,1777000.0,1777000.0,1777000.0,1777000.0,6615
2026-07-20 13:27:00,1781000.0,1781000.0,1781000.0,1781000.0,8001
2026-07-20 13:28:00,1781000.0,1781000.0,1781000.0,1781000.0,4501
2026-07-20 13:29:00,1779000.0,1779000.0,1779000.0,1779000.0,6966
2026-07-20 13:30:00,1778000.0,1778000.0,1778000.0,1778000.0,5639
2026-07-20 13:31:00,1783000.0,1783000.0,1783000.0,1783000.0,7902
2026-07-20 13:32:00,1798000.0,1798000.0,1798000.0,1798000.0,17690
2026-07-20 13:33:00,1800000.0,1800000.0,1800000.0,1800000.0,17020
2026-07-20 13:34:00,1795000.0,1795000.0,1795000.0,1795000.0,16882
2026-07-20 13:35:00,1799000.0,1799000.0,1799000.0,1799000.0,5953
2026-07-20 13:36:00,1791000.0,1791000.0,1791000.0,1791000.0,4972
2026-07-20 13:37:00,1797000.0,1797000.0,1797000.0,1797000.0,9561
2026-07-20 13:38:00,1802000.0,1802000.0,1802000.0,1802000.0,7713
2026-07-20 13:39:00,1808000.0,1808000.0,1808000.0,1808000.0,17590
2026-07-20 13:40:00,1798000.0,1798000.0,1798000.0,1798000.0,10112
2026-07-20 13:41:00,1794000.0,1794000.0,1794000.0,1794000.0,4417
2026-07-20 13:42:00,1804000.0,1804000.0,1804000.0,1804000.0,7851
2026-07-20 13:43:00,1802000.0,1802000.0,1802000.0,1802000.0,4759
2026-07-20 13:44:00,1804000.0,1804000.0,1804000.0,1804000.0,10478
2026-07-20 13:45:00,1802000.0,1802000.0,1802000.0,1802000.0,4703
2026-07-20 13:46:00,1804000.0,1804000.0,1804000.0,1804000.0,5876
2026-07-20 13:47:00,1808000.0,1808000.0,1808000.0,1808000.0,10098
2026-07-20 13:48:00,1810000.0,1810000.0,1810000.0,1810000.0,3291
2026-07-20 13:49:00,1819000.0,1819000.0,1819000.0,1819000.0,19149
2026-07-20 13:50:00,1816000.0,1816000.0,1816000.0,1816000.0,5863
2026-07-20 13:51:00,1816000.0,1816000.0,1816000.0,1816000.0,6958
2026-07-20 13:52:00,1813000.0,1813000.0,1813000.0,1813000.0,7923
2026-07-20 13:53:00,1807000.0,1807000.0,1807000.0,1807000.0,6474
2026-07-20 13:54:00,1809000.0,1809000.0,1809000.0,1809000.0,4989
2026-07-20 13:55:00,1802000.0,1802000.0,1802000.0,1802000.0,7385
2026-07-20 13:56:00,1805000.0,1805000.0,1805000.0,1805000.0,7720
2026-07-20 13:57:00,1806000.0,1806000.0,1806000.0,1806000.0,5301
2026-07-20 13:58:00,1801000.0,1801000.0,1801000.0,1801000.0,6439
2026-07-20 13:59:00,1801000.0,1801000.0,1801000.0,1801000.0,3561
2026-07-20 14:00:00,1798000.0,1798000.0,1798000.0,1798000.0,6817
2026-07-20 14:01:00,1798000.0,1798000.0,1798000.0,1798000.0,5075
2026-07-20 14:02:00,1797000.0,1797000.0,1797000.0,1797000.0,5329
2026-07-20 14:03:00,1797000.0,1797000.0,1797000.0,1797000.0,5992
2026-07-20 14:04:00,1794000.0,1794000.0,1794000.0,1794000.0,4766
2026-07-20 14:05:00,1789000.0,1789000.0,1789000.0,1789000.0,10914
2026-07-20 14:06:00,1790000.0,1790000.0,1790000.0,1790000.0,7629
2026-07-20 14:07:00,1792000.0,1792000.0,1792000.0,1792000.0,5534
2026-07-20 14:08:00,1786000.0,1786000.0,1786000.0,1786000.0,8659
2026-07-20 14:09:00,1785000.0,1785000.0,1785000.0,1785000.0,6181
2026-07-20 14:10:00,1781000.0,1781000.0,1781000.0,1781000.0,8000
2026-07-20 14:11:00,1775000.0,1775000.0,1775000.0,1775000.0,10735
2026-07-20 14:12:00,1773000.0,1773000.0,1773000.0,1773000.0,10761
2026-07-20 14:13:00,1780000.0,1780000.0,1780000.0,1780000.0,9233
2026-07-20 14:14:00,1786000.0,1786000.0,1786000.0,1786000.0,10382
2026-07-20 14:15:00,1783000.0,1783000.0,1783000.0,1783000.0,11685
2026-07-20 14:16:00,1786000.0,1786000.0,1786000.0,1786000.0,12870
2026-07-20 14:17:00,1783000.0,1783000.0,1783000.0,1783000.0,8494
2026-07-20 14:18:00,1780000.0,1780000.0,1780000.0,1780000.0,4732
2026-07-20 14:19:00,1778000.0,1778000.0,1778000.0,1778000.0,4989
2026-07-20 14:20:00,1772000.0,1772000.0,1772000.0,1772000.0,12471
2026-07-20 14:21:00,1774000.0,1774000.0,1774000.0,1774000.0,6923
2026-07-20 14:22:00,1773000.0,1773000.0,1773000.0,1773000.0,5533
2026-07-20 14:23:00,1773000.0,1773000.0,1773000.0,1773000.0,8511
2026-07-20 14:24:00,1775000.0,1775000.0,1775000.0,1775000.0,5852
2026-07-20 14:25:00,1783000.0,1783000.0,1783000.0,1783000.0,7816
2026-07-20 14:26:00,1783000.0,1783000.0,1783000.0,1783000.0,13860
2026-07-20 14:27:00,1787000.0,1787000.0,1787000.0,1787000.0,10492
2026-07-20 14:28:00,1779000.0,1779000.0,1779000.0,1779000.0,8687
2026-07-20 14:29:00,1779000.0,1779000.0,1779000.0,1779000.0,4181
2026-07-20 14:30:00,1778000.0,1778000.0,1778000.0,1778000.0,6599
2026-07-20 14:31:00,1776000.0,1776000.0,1776000.0,1776000.0,6042
2026-07-20 14:32:00,1774000.0,1774000.0,1774000.0,1774000.0,4248
2026-07-20 14:33:00,1773000.0,1773000.0,1773000.0,1773000.0,9574
2026-07-20 14:34:00,1778000.0,1778000.0,1778000.0,1778000.0,10620
2026-07-20 14:35:00,1775000.0,1775000.0,1775000.0,1775000.0,10231
2026-07-20 14:36:00,1778000.0,1778000.0,1778000.0,1778000.0,4791
2026-07-20 14:37:00,1775000.0,1775000.0,1775000.0,1775000.0,7409
2026-07-20 14:38:00,1783000.0,1783000.0,1783000.0,1783000.0,8851
2026-07-20 14:39:00,1773000.0,1773000.0,1773000.0,1773000.0,10116
2026-07-20 14:40:00,1782000.0,1782000.0,1782000.0,1782000.0,11112
2026-07-20 14:41:00,1780000.0,1780000.0,1780000.0,1780000.0,8358
2026-07-20 14:42:00,1777000.0,1777000.0,1777000.0,1777000.0,10403
2026-07-20 14:43:00,1780000.0,1780000.0,1780000.0,1780000.0,12047
2026-07-20 14:44:00,1777000.0,1777000.0,1777000.0,1777000.0,6693
2026-07-20 14:45:00,1779000.0,1779000.0,1779000.0,1779000.0,8170
2026-07-20 14:46:00,1772000.0,1772000.0,1772000.0,1772000.0,12364
2026-07-20 14:47:00,1772000.0,1772000.0,1772000.0,1772000.0,11604
2026-07-20 14:48:00,1770000.0,1770000.0,1770000.0,1770000.0,22197
2026-07-20 14:49:00,1774000.0,1774000.0,1774000.0,1774000.0,11272
2026-07-20 14:50:00,1773000.0,1773000.0,1773000.0,1773000.0,10378
2026-07-20 14:51:00,1771000.0,1771000.0,1771000.0,1771000.0,5922
2026-07-20 14:52:00,1772000.0,1772000.0,1772000.0,1772000.0,10140
2026-07-20 14:53:00,1769000.0,1769000.0,1769000.0,1769000.0,8542
2026-07-20 14:54:00,1770000.0,1770000.0,1770000.0,1770000.0,11207
2026-07-20 14:55:00,1776000.0,1776000.0,1776000.0,1776000.0,9719
2026-07-20 14:56:00,1785000.0,1785000.0,1785000.0,1785000.0,17710
2026-07-20 14:57:00,1788000.0,1788000.0,1788000.0,1788000.0,12903
2026-07-20 14:58:00,1781000.0,1781000.0,1781000.0,1781000.0,12098
2026-07-20 14:59:00,1775000.0,1775000.0,1775000.0,1775000.0,11093
2026-07-20 15:00:00,1774000.0,1774000.0,1774000.0,1774000.0,12837
2026-07-20 15:01:00,1770000.0,1770000.0,1770000.0,1770000.0,10940
2026-07-20 15:02:00,1769000.0,1769000.0,1769000.0,1769000.0,16761
2026-07-20 15:03:00,1767000.0,1767000.0,1767000.0,1767000.0,12649
2026-07-20 15:04:00,1767000.0,1767000.0,1767000.0,1767000.0,11861
2026-07-20 15:05:00,1766000.0,1766000.0,1766000.0,1766000.0,17511
2026-07-20 15:06:00,1766000.0,1766000.0,1766000.0,1766000.0,10938
2026-07-20 15:07:00,1767000.0,1767000.0,1767000.0,1767000.0,16003
2026-07-20 15:08:00,1770000.0,1770000.0,1770000.0,1770000.0,16783
2026-07-20 15:09:00,1767000.0,1767000.0,1767000.0,1767000.0,16607
2026-07-20 15:10:00,1765000.0,1765000.0,1765000.0,1765000.0,17230
2026-07-20 15:11:00,1762000.0,1762000.0,1762000.0,1762000.0,14838
2026-07-20 15:12:00,1759000.0,1759000.0,1759000.0,1759000.0,28341
2026-07-20 15:13:00,1760000.0,1760000.0,1760000.0,1760000.0,14407
2026-07-20 15:14:00,1757000.0,1757000.0,1757000.0,1757000.0,20302
2026-07-20 15:15:00,1766000.0,1766000.0,1766000.0,1766000.0,27754
2026-07-20 15:16:00,1771000.0,1771000.0,1771000.0,1771000.0,17138
2026-07-20 15:17:00,1769000.0,1769000.0,1769000.0,1769000.0,17905
2026-07-20 15:18:00,1772000.0,1772000.0,1772000.0,1772000.0,16469
2026-07-20 15:19:00,1775000.0,1775000.0,1775000.0,1775000.0,18209
2026-07-20 15:30:00,1764000.0,1764000.0,1764000.0,1764000.0,426156
2026-07-21 09:00:00,1755000.0,1755000.0,1755000.0,1755000.0,147953
2026-07-21 09:01:00,1754000.0,1754000.0,1754000.0,1754000.0,51741
2026-07-21 09:02:00,1756000.0,1756000.0,1756000.0,1756000.0,28678
2026-07-21 09:03:00,1763000.0,1763000.0,1763000.0,1763000.0,36728
2026-07-21 09:04:00,1771000.0,1771000.0,1771000.0,1771000.0,30275
2026-07-21 09:05:00,1768000.0,1768000.0,1768000.0,1768000.0,34851
2026-07-21 09:06:00,1761000.0,1761000.0,1761000.0,1761000.0,21431
2026-07-21 09:07:00,1741000.0,1741000.0,1741000.0,1741000.0,36382
2026-07-21 09:08:00,1743000.0,1743000.0,1743000.0,1743000.0,50576
2026-07-21 09:09:00,1748000.0,1748000.0,1748000.0,1748000.0,23683
2026-07-21 09:10:00,1748000.0,1748000.0,1748000.0,1748000.0,17016
2026-07-21 09:11:00,1748000.0,1748000.0,1748000.0,1748000.0,15839
2026-07-21 09:12:00,1754000.0,1754000.0,1754000.0,1754000.0,15336
2026-07-21 09:13:00,1775000.0,1775000.0,1775000.0,1775000.0,31907
2026-07-21 09:14:00,1776000.0,1776000.0,1776000.0,1776000.0,27176
2026-07-21 09:15:00,1764000.0,1764000.0,1764000.0,1764000.0,21427
2026-07-21 09:16:00,1768000.0,1768000.0,1768000.0,1768000.0,13605
2026-07-21 09:17:00,1774000.0,1774000.0,1774000.0,1774000.0,15194
2026-07-21 09:18:00,1769000.0,1769000.0,1769000.0,1769000.0,9719
2026-07-21 09:19:00,1777000.0,1777000.0,1777000.0,1777000.0,13076
2026-07-21 09:20:00,1768000.0,1768000.0,1768000.0,1768000.0,11534
2026-07-21 09:21:00,1776000.0,1776000.0,1776000.0,1776000.0,18538
2026-07-21 09:22:00,1773000.0,1773000.0,1773000.0,1773000.0,19326
2026-07-21 09:23:00,1769000.0,1769000.0,1769000.0,1769000.0,10678
2026-07-21 09:24:00,1783000.0,1783000.0,1783000.0,1783000.0,26620
2026-07-21 09:25:00,1778000.0,1778000.0,1778000.0,1778000.0,20407
2026-07-21 09:26:00,1776000.0,1776000.0,1776000.0,1776000.0,14196
2026-07-21 09:27:00,1781000.0,1781000.0,1781000.0,1781000.0,11155
2026-07-21 09:28:00,1774000.0,1774000.0,1774000.0,1774000.0,25623
2026-07-21 09:29:00,1775000.0,1775000.0,1775000.0,1775000.0,13244
2026-07-21 09:30:00,1770000.0,1770000.0,1770000.0,1770000.0,15918
2026-07-21 09:31:00,1773000.0,1773000.0,1773000.0,1773000.0,13050
2026-07-21 09:32:00,1775000.0,1775000.0,1775000.0,1775000.0,9411
2026-07-21 09:33:00,1771000.0,1771000.0,1771000.0,1771000.0,9369
2026-07-21 09:34:00,1774000.0,1774000.0,1774000.0,1774000.0,10156
2026-07-21 09:35:00,1777000.0,1777000.0,1777000.0,1777000.0,4523
2026-07-21 09:36:00,1779000.0,1779000.0,1779000.0,1779000.0,14444
2026-07-21 09:37:00,1777000.0,1777000.0,1777000.0,1777000.0,9437
2026-07-21 09:38:00,1781000.0,1781000.0,1781000.0,1781000.0,9082
2026-07-21 09:39:00,1790000.0,1790000.0,1790000.0,1790000.0,19860
2026-07-21 09:40:00,1790000.0,1790000.0,1790000.0,1790000.0,16878
2026-07-21 09:41:00,1791000.0,1791000.0,1791000.0,1791000.0,12975
2026-07-21 09:42:00,1798000.0,1798000.0,1798000.0,1798000.0,33717
2026-07-21 09:43:00,1796000.0,1796000.0,1796000.0,1796000.0,14129
2026-07-21 09:44:00,1800000.0,1800000.0,1800000.0,1800000.0,9920
2026-07-21 09:45:00,1798000.0,1798000.0,1798000.0,1798000.0,17189
2026-07-21 09:46:00,1799000.0,1799000.0,1799000.0,1799000.0,9018
2026-07-21 09:47:00,1800000.0,1800000.0,1800000.0,1800000.0,9974
2026-07-21 09:48:00,1805000.0,1805000.0,1805000.0,1805000.0,17502
2026-07-21 09:49:00,1801000.0,1801000.0,1801000.0,1801000.0,26902
2026-07-21 09:50:00,1802000.0,1802000.0,1802000.0,1802000.0,12184
2026-07-21 09:51:00,1801000.0,1801000.0,1801000.0,1801000.0,13641
2026-07-21 09:52:00,1797000.0,1797000.0,1797000.0,1797000.0,13157
2026-07-21 09:53:00,1799000.0,1799000.0,1799000.0,1799000.0,6845
2026-07-21 09:54:00,1793000.0,1793000.0,1793000.0,1793000.0,10130
2026-07-21 09:55:00,1791000.0,1791000.0,1791000.0,1791000.0,13556
2026-07-21 09:56:00,1790000.0,1790000.0,1790000.0,1790000.0,18314
2026-07-21 09:57:00,1791000.0,1791000.0,1791000.0,1791000.0,11023
2026-07-21 09:58:00,1782000.0,1782000.0,1782000.0,1782000.0,19526
2026-07-21 09:59:00,1782000.0,1782000.0,1782000.0,1782000.0,11209
2026-07-21 10:00:00,1786000.0,1786000.0,1786000.0,1786000.0,10923
2026-07-21 10:01:00,1785000.0,1785000.0,1785000.0,1785000.0,11940
2026-07-21 10:02:00,1782000.0,1782000.0,1782000.0,1782000.0,8626
2026-07-21 10:03:00,1787000.0,1787000.0,1787000.0,1787000.0,12992
2026-07-21 10:04:00,1799000.0,1799000.0,1799000.0,1799000.0,19308
2026-07-21 10:05:00,1806000.0,1806000.0,1806000.0,1806000.0,23372
2026-07-21 10:06:00,1807000.0,1807000.0,1807000.0,1807000.0,24456
2026-07-21 10:07:00,1808000.0,1808000.0,1808000.0,1808000.0,9284
2026-07-21 10:08:00,1813000.0,1813000.0,1813000.0,1813000.0,25601
2026-07-21 10:09:00,1819000.0,1819000.0,1819000.0,1819000.0,27894
2026-07-21 10:10:00,1815000.0,1815000.0,1815000.0,1815000.0,21147
2026-07-21 10:11:00,1814000.0,1814000.0,1814000.0,1814000.0,15755
2026-07-21 10:12:00,1823000.0,1823000.0,1823000.0,1823000.0,26837
2026-07-21 10:13:00,1822000.0,1822000.0,1822000.0,1822000.0,17341
2026-07-21 10:14:00,1825000.0,1825000.0,1825000.0,1825000.0,17492
2026-07-21 10:15:00,1823000.0,1823000.0,1823000.0,1823000.0,22739
2026-07-21 10:16:00,1819000.0,1819000.0,1819000.0,1819000.0,13643
2026-07-21 10:17:00,1809000.0,1809000.0,1809000.0,1809000.0,13058
2026-07-21 10:18:00,1810000.0,1810000.0,1810000.0,1810000.0,12039
2026-07-21 10:19:00,1818000.0,1818000.0,1818000.0,1818000.0,10322
2026-07-21 10:20:00,1822000.0,1822000.0,1822000.0,1822000.0,16235
2026-07-21 10:21:00,1813000.0,1813000.0,1813000.0,1813000.0,4832
2026-07-21 10:22:00,1815000.0,1815000.0,1815000.0,1815000.0,5797
2026-07-21 10:23:00,1811000.0,1811000.0,1811000.0,1811000.0,7415
2026-07-21 10:24:00,1817000.0,1817000.0,1817000.0,1817000.0,5365
2026-07-21 10:25:00,1817000.0,1817000.0,1817000.0,1817000.0,4726
2026-07-21 10:26:00,1811000.0,1811000.0,1811000.0,1811000.0,7544
2026-07-21 10:27:00,1815000.0,1815000.0,1815000.0,1815000.0,8292
2026-07-21 10:28:00,1817000.0,1817000.0,1817000.0,1817000.0,6766
2026-07-21 10:29:00,1816000.0,1816000.0,1816000.0,1816000.0,3816
2026-07-21 10:30:00,1827000.0,1827000.0,1827000.0,1827000.0,14396
2026-07-21 10:31:00,1829000.0,1829000.0,1829000.0,1829000.0,18625
2026-07-21 10:32:00,1835000.0,1835000.0,1835000.0,1835000.0,22548
2026-07-21 10:33:00,1834000.0,1834000.0,1834000.0,1834000.0,10264
2026-07-21 10:34:00,1836000.0,1836000.0,1836000.0,1836000.0,13070
2026-07-21 10:35:00,1831000.0,1831000.0,1831000.0,1831000.0,10523
2026-07-21 10:36:00,1839000.0,1839000.0,1839000.0,1839000.0,17014
2026-07-21 10:37:00,1843000.0,1843000.0,1843000.0,1843000.0,17870
2026-07-21 10:38:00,1838000.0,1838000.0,1838000.0,1838000.0,7928
2026-07-21 10:39:00,1834000.0,1834000.0,1834000.0,1834000.0,6490
2026-07-21 10:40:00,1840000.0,1840000.0,1840000.0,1840000.0,17244
2026-07-21 10:41:00,1837000.0,1837000.0,1837000.0,1837000.0,10463
2026-07-21 10:42:00,1834000.0,1834000.0,1834000.0,1834000.0,7167
2026-07-21 10:43:00,1831000.0,1831000.0,1831000.0,1831000.0,12927
2026-07-21 10:44:00,1833000.0,1833000.0,1833000.0,1833000.0,8865
2026-07-21 10:45:00,1827000.0,1827000.0,1827000.0,1827000.0,13664
2026-07-21 10:46:00,1825000.0,1825000.0,1825000.0,1825000.0,11969
2026-07-21 10:47:00,1830000.0,1830000.0,1830000.0,1830000.0,9839
2026-07-21 10:48:00,1835000.0,1835000.0,1835000.0,1835000.0,8856
2026-07-21 10:49:00,1837000.0,1837000.0,1837000.0,1837000.0,8811
2026-07-21 10:50:00,1832000.0,1832000.0,1832000.0,1832000.0,7687
2026-07-21 10:51:00,1820000.0,1820000.0,1820000.0,1820000.0,14177
2026-07-21 10:52:00,1822000.0,1822000.0,1822000.0,1822000.0,8962
2026-07-21 10:53:00,1826000.0,1826000.0,1826000.0,1826000.0,7579
2026-07-21 10:54:00,1828000.0,1828000.0,1828000.0,1828000.0,6721
2026-07-21 10:55:00,1824000.0,1824000.0,1824000.0,1824000.0,9566
2026-07-21 10:56:00,1820000.0,1820000.0,1820000.0,1820000.0,7477
2026-07-21 10:57:00,1814000.0,1814000.0,1814000.0,1814000.0,9274
2026-07-21 10:58:00,1811000.0,1811000.0,1811000.0,1811000.0,9779
2026-07-21 10:59:00,1818000.0,1818000.0,1818000.0,1818000.0,7169
2026-07-21 11:00:00,1821000.0,1821000.0,1821000.0,1821000.0,10607
2026-07-21 11:01:00,1818000.0,1818000.0,1818000.0,1818000.0,8083
2026-07-21 11:02:00,1824000.0,1824000.0,1824000.0,1824000.0,9812
2026-07-21 11:03:00,1825000.0,1825000.0,1825000.0,1825000.0,6144
2026-07-21 11:04:00,1828000.0,1828000.0,1828000.0,1828000.0,5830
2026-07-21 11:05:00,1828000.0,1828000.0,1828000.0,1828000.0,8858
2026-07-21 11:06:00,1826000.0,1826000.0,1826000.0,1826000.0,8482
2026-07-21 11:07:00,1820000.0,1820000.0,1820000.0,1820000.0,4851
2026-07-21 11:08:00,1816000.0,1816000.0,1816000.0,1816000.0,6772
2026-07-21 11:09:00,1809000.0,1809000.0,1809000.0,1809000.0,11719
2026-07-21 11:10:00,1808000.0,1808000.0,1808000.0,1808000.0,7556
2026-07-21 11:11:00,1812000.0,1812000.0,1812000.0,1812000.0,13428
2026-07-21 11:12:00,1812000.0,1812000.0,1812000.0,1812000.0,4055
2026-07-21 11:13:00,1812000.0,1812000.0,1812000.0,1812000.0,4152
2026-07-21 11:14:00,1815000.0,1815000.0,1815000.0,1815000.0,3261
2026-07-21 11:15:00,1814000.0,1814000.0,1814000.0,1814000.0,3200
2026-07-21 11:16:00,1808000.0,1808000.0,1808000.0,1808000.0,7403
2026-07-21 11:17:00,1811000.0,1811000.0,1811000.0,1811000.0,6509
2026-07-21 11:18:00,1809000.0,1809000.0,1809000.0,1809000.0,4159
2026-07-21 11:19:00,1803000.0,1803000.0,1803000.0,1803000.0,11584
2026-07-21 11:20:00,1801000.0,1801000.0,1801000.0,1801000.0,10126
2026-07-21 11:21:00,1807000.0,1807000.0,1807000.0,1807000.0,8884
2026-07-21 11:22:00,1806000.0,1806000.0,1806000.0,1806000.0,5962
2026-07-21 11:23:00,1810000.0,1810000.0,1810000.0,1810000.0,4277
2026-07-21 11:24:00,1814000.0,1814000.0,1814000.0,1814000.0,6992
2026-07-21 11:25:00,1813000.0,1813000.0,1813000.0,1813000.0,3417
2026-07-21 11:26:00,1812000.0,1812000.0,1812000.0,1812000.0,4459
2026-07-21 11:27:00,1810000.0,1810000.0,1810000.0,1810000.0,5198
2026-07-21 11:28:00,1808000.0,1808000.0,1808000.0,1808000.0,4015
2026-07-21 11:29:00,1811000.0,1811000.0,1811000.0,1811000.0,6505
2026-07-21 11:30:00,1819000.0,1819000.0,1819000.0,1819000.0,7457
2026-07-21 11:31:00,1819000.0,1819000.0,1819000.0,1819000.0,6154
2026-07-21 11:32:00,1824000.0,1824000.0,1824000.0,1824000.0,6408
2026-07-21 11:33:00,1823000.0,1823000.0,1823000.0,1823000.0,4728
2026-07-21 11:34:00,1820000.0,1820000.0,1820000.0,1820000.0,4337
2026-07-21 11:35:00,1824000.0,1824000.0,1824000.0,1824000.0,4953
2026-07-21 11:36:00,1825000.0,1825000.0,1825000.0,1825000.0,5493
2026-07-21 11:37:00,1826000.0,1826000.0,1826000.0,1826000.0,7459
2026-07-21 11:38:00,1823000.0,1823000.0,1823000.0,1823000.0,3997
2026-07-21 11:39:00,1826000.0,1826000.0,1826000.0,1826000.0,7611
2026-07-21 11:40:00,1827000.0,1827000.0,1827000.0,1827000.0,6069
2026-07-21 11:41:00,1824000.0,1824000.0,1824000.0,1824000.0,2801
2026-07-21 11:42:00,1827000.0,1827000.0,1827000.0,1827000.0,2969
2026-07-21 11:43:00,1832000.0,1832000.0,1832000.0,1832000.0,8201
2026-07-21 11:44:00,1831000.0,1831000.0,1831000.0,1831000.0,6034
2026-07-21 11:45:00,1829000.0,1829000.0,1829000.0,1829000.0,2445
2026-07-21 11:46:00,1828000.0,1828000.0,1828000.0,1828000.0,4231
2026-07-21 11:47:00,1830000.0,1830000.0,1830000.0,1830000.0,2561
2026-07-21 11:48:00,1830000.0,1830000.0,1830000.0,1830000.0,5217
2026-07-21 11:49:00,1829000.0,1829000.0,1829000.0,1829000.0,3767
2026-07-21 11:50:00,1832000.0,1832000.0,1832000.0,1832000.0,4530
2026-07-21 11:51:00,1833000.0,1833000.0,1833000.0,1833000.0,2708
2026-07-21 11:52:00,1825000.0,1825000.0,1825000.0,1825000.0,7658
2026-07-21 11:53:00,1822000.0,1822000.0,1822000.0,1822000.0,3610
2026-07-21 11:54:00,1825000.0,1825000.0,1825000.0,1825000.0,4145
2026-07-21 11:55:00,1825000.0,1825000.0,1825000.0,1825000.0,3382
2026-07-21 11:56:00,1827000.0,1827000.0,1827000.0,1827000.0,4505
2026-07-21 11:57:00,1827000.0,1827000.0,1827000.0,1827000.0,3544
2026-07-21 11:58:00,1834000.0,1834000.0,1834000.0,1834000.0,13839
2026-07-21 11:59:00,1830000.0,1830000.0,1830000.0,1830000.0,1737
2026-07-21 12:00:00,1833000.0,1833000.0,1833000.0,1833000.0,5060
2026-07-21 12:01:00,1835000.0,1835000.0,1835000.0,1835000.0,9296
2026-07-21 12:02:00,1837000.0,1837000.0,1837000.0,1837000.0,6667
2026-07-21 12:03:00,1837000.0,1837000.0,1837000.0,1837000.0,2895
2026-07-21 12:04:00,1837000.0,1837000.0,1837000.0,1837000.0,7224
2026-07-21 12:05:00,1835000.0,1835000.0,1835000.0,1835000.0,5378
2026-07-21 12:06:00,1835000.0,1835000.0,1835000.0,1835000.0,4457
2026-07-21 12:07:00,1833000.0,1833000.0,1833000.0,1833000.0,3567
2026-07-21 12:08:00,1836000.0,1836000.0,1836000.0,1836000.0,4681
2026-07-21 12:09:00,1833000.0,1833000.0,1833000.0,1833000.0,6724
2026-07-21 12:10:00,1834000.0,1834000.0,1834000.0,1834000.0,7239
2026-07-21 12:11:00,1840000.0,1840000.0,1840000.0,1840000.0,18013
2026-07-21 12:12:00,1841000.0,1841000.0,1841000.0,1841000.0,22405
2026-07-21 12:13:00,1843000.0,1843000.0,1843000.0,1843000.0,6061
2026-07-21 12:14:00,1845000.0,1845000.0,1845000.0,1845000.0,18588
2026-07-21 12:15:00,1843000.0,1843000.0,1843000.0,1843000.0,13726
2026-07-21 12:16:00,1848000.0,1848000.0,1848000.0,1848000.0,11782
2026-07-21 12:17:00,1849000.0,1849000.0,1849000.0,1849000.0,8711
2026-07-21 12:18:00,1849000.0,1849000.0,1849000.0,1849000.0,8359
2026-07-21 12:19:00,1853000.0,1853000.0,1853000.0,1853000.0,17819
2026-07-21 12:20:00,1855000.0,1855000.0,1855000.0,1855000.0,7158
2026-07-21 12:21:00,1855000.0,1855000.0,1855000.0,1855000.0,11193
2026-07-21 12:22:00,1850000.0,1850000.0,1850000.0,1850000.0,16489
2026-07-21 12:23:00,1846000.0,1846000.0,1846000.0,1846000.0,11671
2026-07-21 12:24:00,1851000.0,1851000.0,1851000.0,1851000.0,10248
2026-07-21 12:25:00,1850000.0,1850000.0,1850000.0,1850000.0,5700
2026-07-21 12:26:00,1845000.0,1845000.0,1845000.0,1845000.0,6523
2026-07-21 12:27:00,1843000.0,1843000.0,1843000.0,1843000.0,5555
2026-07-21 12:28:00,1850000.0,1850000.0,1850000.0,1850000.0,8097
2026-07-21 12:29:00,1851000.0,1851000.0,1851000.0,1851000.0,3778
2026-07-21 12:30:00,1850000.0,1850000.0,1850000.0,1850000.0,5285
2026-07-21 12:31:00,1853000.0,1853000.0,1853000.0,1853000.0,5324
2026-07-21 12:32:00,1855000.0,1855000.0,1855000.0,1855000.0,6532
2026-07-21 12:33:00,1857000.0,1857000.0,1857000.0,1857000.0,6372
2026-07-21 12:34:00,1858000.0,1858000.0,1858000.0,1858000.0,9177
2026-07-21 12:35:00,1862000.0,1862000.0,1862000.0,1862000.0,13234
2026-07-21 12:36:00,1862000.0,1862000.0,1862000.0,1862000.0,16014
2026-07-21 12:37:00,1863000.0,1863000.0,1863000.0,1863000.0,10748
2026-07-21 12:38:00,1869000.0,1869000.0,1869000.0,1869000.0,15384
2026-07-21 12:39:00,1869000.0,1869000.0,1869000.0,1869000.0,7817
2026-07-21 12:40:00,1876000.0,1876000.0,1876000.0,1876000.0,22043
2026-07-21 12:41:00,1873000.0,1873000.0,1873000.0,1873000.0,20041
2026-07-21 12:42:00,1876000.0,1876000.0,1876000.0,1876000.0,6149
2026-07-21 12:43:00,1874000.0,1874000.0,1874000.0,1874000.0,8803
2026-07-21 12:44:00,1871000.0,1871000.0,1871000.0,1871000.0,11466
2026-07-21 12:45:00,1879000.0,1879000.0,1879000.0,1879000.0,12120
2026-07-21 12:46:00,1878000.0,1878000.0,1878000.0,1878000.0,33376
2026-07-21 12:47:00,1871000.0,1871000.0,1871000.0,1871000.0,13018
2026-07-21 12:48:00,1873000.0,1873000.0,1873000.0,1873000.0,8740
2026-07-21 12:49:00,1875000.0,1875000.0,1875000.0,1875000.0,5409
2026-07-21 12:50:00,1879000.0,1879000.0,1879000.0,1879000.0,9935
2026-07-21 12:51:00,1883000.0,1883000.0,1883000.0,1883000.0,17772
2026-07-21 12:52:00,1886000.0,1886000.0,1886000.0,1886000.0,20388
2026-07-21 12:53:00,1889000.0,1889000.0,1889000.0,1889000.0,16604
2026-07-21 12:54:00,1879000.0,1879000.0,1879000.0,1879000.0,34029
2026-07-21 12:55:00,1878000.0,1878000.0,1878000.0,1878000.0,19669
2026-07-21 12:56:00,1879000.0,1879000.0,1879000.0,1879000.0,13393
2026-07-21 12:57:00,1877000.0,1877000.0,1877000.0,1877000.0,14753
2026-07-21 12:58:00,1874000.0,1874000.0,1874000.0,1874000.0,7272
2026-07-21 12:59:00,1877500.0,1877500.0,1877500.0,1877500.0,22431
2026-07-21 13:00:00,1875000.0,1875000.0,1875000.0,1875000.0,8956
2026-07-21 13:01:00,1881000.0,1881000.0,1881000.0,1881000.0,18180
2026-07-21 13:02:00,1878000.0,1878000.0,1878000.0,1878000.0,7987
2026-07-21 13:03:00,1876000.0,1876000.0,1876000.0,1876000.0,10624
2026-07-21 13:04:00,1877000.0,1877000.0,1877000.0,1877000.0,5121
2026-07-21 13:05:00,1876000.0,1876000.0,1876000.0,1876000.0,8523
2026-07-21 13:06:00,1876000.0,1876000.0,1876000.0,1876000.0,5998
2026-07-21 13:07:00,1873000.0,1873000.0,1873000.0,1873000.0,5605
2026-07-21 13:08:00,1883000.0,1883000.0,1883000.0,1883000.0,11613
2026-07-21 13:09:00,1874000.0,1874000.0,1874000.0,1874000.0,8398
2026-07-21 13:10:00,1879000.0,1879000.0,1879000.0,1879000.0,5475
2026-07-21 13:11:00,1878000.0,1878000.0,1878000.0,1878000.0,6117
2026-07-21 13:12:00,1878000.0,1878000.0,1878000.0,1878000.0,8943
2026-07-21 13:13:00,1879000.0,1879000.0,1879000.0,1879000.0,6950
2026-07-21 13:14:00,1878000.0,1878000.0,1878000.0,1878000.0,4335
2026-07-21 13:15:00,1878000.0,1878000.0,1878000.0,1878000.0,2742
2026-07-21 13:16:00,1881000.0,1881000.0,1881000.0,1881000.0,12460
2026-07-21 13:17:00,1879000.0,1879000.0,1879000.0,1879000.0,9765
2026-07-21 13:18:00,1877000.0,1877000.0,1877000.0,1877000.0,11593
2026-07-21 13:19:00,1875000.0,1875000.0,1875000.0,1875000.0,9428
2026-07-21 13:20:00,1878000.0,1878000.0,1878000.0,1878000.0,10262
2026-07-21 13:21:00,1876000.0,1876000.0,1876000.0,1876000.0,8823
2026-07-21 13:22:00,1867000.0,1867000.0,1867000.0,1867000.0,12175
2026-07-21 13:23:00,1865000.0,1865000.0,1865000.0,1865000.0,14927
2026-07-21 13:24:00,1866000.0,1866000.0,1866000.0,1866000.0,7455
2026-07-21 13:25:00,1870000.0,1870000.0,1870000.0,1870000.0,7078
2026-07-21 13:26:00,1868000.0,1868000.0,1868000.0,1868000.0,6829
2026-07-21 13:27:00,1870000.0,1870000.0,1870000.0,1870000.0,7658
2026-07-21 13:28:00,1871000.0,1871000.0,1871000.0,1871000.0,7337
2026-07-21 13:29:00,1867000.0,1867000.0,1867000.0,1867000.0,7221
2026-07-21 13:30:00,1864000.0,1864000.0,1864000.0,1864000.0,10454
2026-07-21 13:31:00,1864000.0,1864000.0,1864000.0,1864000.0,9889
2026-07-21 13:32:00,1866000.0,1866000.0,1866000.0,1866000.0,7877
2026-07-21 13:33:00,1863000.0,1863000.0,1863000.0,1863000.0,5749
2026-07-21 13:34:00,1860000.0,1860000.0,1860000.0,1860000.0,10821
2026-07-21 13:35:00,1868000.0,1868000.0,1868000.0,1868000.0,13903
2026-07-21 13:36:00,1866000.0,1866000.0,1866000.0,1866000.0,10111
2026-07-21 13:37:00,1866000.0,1866000.0,1866000.0,1866000.0,7194
2026-07-21 13:38:00,1867000.0,1867000.0,1867000.0,1867000.0,5026
2026-07-21 13:39:00,1867000.0,1867000.0,1867000.0,1867000.0,5477
2026-07-21 13:40:00,1870000.0,1870000.0,1870000.0,1870000.0,8867
2026-07-21 13:41:00,1868000.0,1868000.0,1868000.0,1868000.0,8941
2026-07-21 13:42:00,1864000.0,1864000.0,1864000.0,1864000.0,10669
2026-07-21 13:43:00,1865000.0,1865000.0,1865000.0,1865000.0,7789
2026-07-21 13:44:00,1865500.0,1865500.0,1865500.0,1865500.0,8157
2026-07-21 13:45:00,1865000.0,1865000.0,1865000.0,1865000.0,5694
2026-07-21 13:46:00,1866000.0,1866000.0,1866000.0,1866000.0,5804
2026-07-21 13:47:00,1872000.0,1872000.0,1872000.0,1872000.0,9122
2026-07-21 13:48:00,1874000.0,1874000.0,1874000.0,1874000.0,9505
2026-07-21 13:49:00,1873000.0,1873000.0,1873000.0,1873000.0,3180
2026-07-21 13:50:00,1869000.0,1869000.0,1869000.0,1869000.0,9923
2026-07-21 13:51:00,1863000.0,1863000.0,1863000.0,1863000.0,10251
2026-07-21 13:52:00,1863000.0,1863000.0,1863000.0,1863000.0,8230
2026-07-21 13:53:00,1857000.0,1857000.0,1857000.0,1857000.0,8102
2026-07-21 13:54:00,1857000.0,1857000.0,1857000.0,1857000.0,10049
2026-07-21 13:55:00,1851000.0,1851000.0,1851000.0,1851000.0,10228
2026-07-21 13:56:00,1853000.0,1853000.0,1853000.0,1853000.0,14432
2026-07-21 13:57:00,1854000.0,1854000.0,1854000.0,1854000.0,6987
2026-07-21 13:58:00,1858000.0,1858000.0,1858000.0,1858000.0,7024
2026-07-21 13:59:00,1854000.0,1854000.0,1854000.0,1854000.0,9592
2026-07-21 14:00:00,1857000.0,1857000.0,1857000.0,1857000.0,5784
2026-07-21 14:01:00,1857000.0,1857000.0,1857000.0,1857000.0,4367
2026-07-21 14:02:00,1854000.0,1854000.0,1854000.0,1854000.0,6267
2026-07-21 14:03:00,1854000.0,1854000.0,1854000.0,1854000.0,6744
2026-07-21 14:04:00,1858000.0,1858000.0,1858000.0,1858000.0,6252
2026-07-21 14:05:00,1857000.0,1857000.0,1857000.0,1857000.0,5119
2026-07-21 14:06:00,1855000.0,1855000.0,1855000.0,1855000.0,4034
2026-07-21 14:07:00,1857000.0,1857000.0,1857000.0,1857000.0,7869
2026-07-21 14:08:00,1858000.0,1858000.0,1858000.0,1858000.0,6164
2026-07-21 14:09:00,1862000.0,1862000.0,1862000.0,1862000.0,9379
2026-07-21 14:10:00,1853000.0,1853000.0,1853000.0,1853000.0,6399
2026-07-21 14:11:00,1851000.0,1851000.0,1851000.0,1851000.0,10012
2026-07-21 14:12:00,1847000.0,1847000.0,1847000.0,1847000.0,10028
2026-07-21 14:13:00,1845000.0,1845000.0,1845000.0,1845000.0,13902
2026-07-21 14:14:00,1843000.0,1843000.0,1843000.0,1843000.0,5982
2026-07-21 14:15:00,1839000.0,1839000.0,1839000.0,1839000.0,16767
2026-07-21 14:16:00,1838000.0,1838000.0,1838000.0,1838000.0,9064
2026-07-21 14:17:00,1833000.0,1833000.0,1833000.0,1833000.0,10626
2026-07-21 14:18:00,1839000.0,1839000.0,1839000.0,1839000.0,12403
2026-07-21 14:19:00,1831000.0,1831000.0,1831000.0,1831000.0,10263
2026-07-21 14:20:00,1834000.0,1834000.0,1834000.0,1834000.0,7931
2026-07-21 14:21:00,1837000.0,1837000.0,1837000.0,1837000.0,9233
2026-07-21 14:22:00,1839000.0,1839000.0,1839000.0,1839000.0,8226
2026-07-21 14:23:00,1841000.0,1841000.0,1841000.0,1841000.0,9649
2026-07-21 14:24:00,1844000.0,1844000.0,1844000.0,1844000.0,11274
2026-07-21 14:25:00,1840000.0,1840000.0,1840000.0,1840000.0,6233
2026-07-21 14:26:00,1847000.0,1847000.0,1847000.0,1847000.0,7596
2026-07-21 14:27:00,1849000.0,1849000.0,1849000.0,1849000.0,8953
2026-07-21 14:28:00,1845000.0,1845000.0,1845000.0,1845000.0,7248
2026-07-21 14:29:00,1849000.0,1849000.0,1849000.0,1849000.0,4695
2026-07-21 14:30:00,1846000.0,1846000.0,1846000.0,1846000.0,6208
2026-07-21 14:31:00,1841000.0,1841000.0,1841000.0,1841000.0,5415
2026-07-21 14:32:00,1842000.0,1842000.0,1842000.0,1842000.0,6466
2026-07-21 14:33:00,1837000.0,1837000.0,1837000.0,1837000.0,9347
2026-07-21 14:34:00,1845000.0,1845000.0,1845000.0,1845000.0,8223
2026-07-21 14:35:00,1849000.0,1849000.0,1849000.0,1849000.0,9135
2026-07-21 14:36:00,1847000.0,1847000.0,1847000.0,1847000.0,4034
2026-07-21 14:37:00,1845000.0,1845000.0,1845000.0,1845000.0,6504
2026-07-21 14:38:00,1845000.0,1845000.0,1845000.0,1845000.0,8478
2026-07-21 14:39:00,1845000.0,1845000.0,1845000.0,1845000.0,6282
2026-07-21 14:40:00,1844000.0,1844000.0,1844000.0,1844000.0,7431
2026-07-21 14:41:00,1846000.0,1846000.0,1846000.0,1846000.0,5570
2026-07-21 14:42:00,1842000.0,1842000.0,1842000.0,1842000.0,12241
2026-07-21 14:43:00,1844000.0,1844000.0,1844000.0,1844000.0,7407
2026-07-21 14:44:00,1843000.0,1843000.0,1843000.0,1843000.0,6496
2026-07-21 14:45:00,1848000.0,1848000.0,1848000.0,1848000.0,9015
2026-07-21 14:46:00,1851000.0,1851000.0,1851000.0,1851000.0,11233
2026-07-21 14:47:00,1850000.0,1850000.0,1850000.0,1850000.0,5914
2026-07-21 14:48:00,1853000.0,1853000.0,1853000.0,1853000.0,9236
2026-07-21 14:49:00,1851000.0,1851000.0,1851000.0,1851000.0,11729
2026-07-21 14:50:00,1847000.0,1847000.0,1847000.0,1847000.0,10607
2026-07-21 14:51:00,1844000.0,1844000.0,1844000.0,1844000.0,10603
2026-07-21 14:52:00,1843000.0,1843000.0,1843000.0,1843000.0,6769
2026-07-21 14:53:00,1841000.0,1841000.0,1841000.0,1841000.0,8701
2026-07-21 14:54:00,1844000.0,1844000.0,1844000.0,1844000.0,9802
2026-07-21 14:55:00,1845000.0,1845000.0,1845000.0,1845000.0,5745
2026-07-21 14:56:00,1846000.0,1846000.0,1846000.0,1846000.0,6869
2026-07-21 14:57:00,1845000.0,1845000.0,1845000.0,1845000.0,5091
2026-07-21 14:58:00,1846000.0,1846000.0,1846000.0,1846000.0,8022
2026-07-21 14:59:00,1846000.0,1846000.0,1846000.0,1846000.0,7663
2026-07-21 15:00:00,1846000.0,1846000.0,1846000.0,1846000.0,8945
2026-07-21 15:01:00,1854000.0,1854000.0,1854000.0,1854000.0,15079
2026-07-21 15:02:00,1852000.0,1852000.0,1852000.0,1852000.0,10432
2026-07-21 15:03:00,1855000.0,1855000.0,1855000.0,1855000.0,10023
2026-07-21 15:04:00,1857000.0,1857000.0,1857000.0,1857000.0,15398
2026-07-21 15:05:00,1863000.0,1863000.0,1863000.0,1863000.0,18191
2026-07-21 15:06:00,1863000.0,1863000.0,1863000.0,1863000.0,10162
2026-07-21 15:07:00,1858000.0,1858000.0,1858000.0,1858000.0,5952
2026-07-21 15:08:00,1857000.0,1857000.0,1857000.0,1857000.0,6845
2026-07-21 15:09:00,1858000.0,1858000.0,1858000.0,1858000.0,6258
2026-07-21 15:10:00,1854000.0,1854000.0,1854000.0,1854000.0,10023
2026-07-21 15:11:00,1853000.0,1853000.0,1853000.0,1853000.0,8175
2026-07-21 15:12:00,1857000.0,1857000.0,1857000.0,1857000.0,9728
2026-07-21 15:13:00,1856000.0,1856000.0,1856000.0,1856000.0,12185
2026-07-21 15:14:00,1855000.0,1855000.0,1855000.0,1855000.0,18517
2026-07-21 15:15:00,1851000.0,1851000.0,1851000.0,1851000.0,17136
2026-07-21 15:16:00,1850000.0,1850000.0,1850000.0,1850000.0,9347
2026-07-21 15:17:00,1851000.0,1851000.0,1851000.0,1851000.0,14815
2026-07-21 15:18:00,1847000.0,1847000.0,1847000.0,1847000.0,14552
2026-07-21 15:19:00,1847000.0,1847000.0,1847000.0,1847000.0,12884
2026-07-21 15:30:00,1836000.0,1836000.0,1836000.0,1836000.0,321482
2026-07-22 09:00:00,1969000.0,1969000.0,1969000.0,1969000.0,300239
2026-07-22 09:01:00,1983000.0,1983000.0,1983000.0,1983000.0,84553
2026-07-22 09:02:00,1978000.0,1978000.0,1978000.0,1978000.0,53606
2026-07-22 09:03:00,1989000.0,1989000.0,1989000.0,1989000.0,67554
2026-07-22 09:04:00,1995000.0,1995000.0,1995000.0,1995000.0,48593
2026-07-22 09:05:00,1995000.0,1995000.0,1995000.0,1995000.0,52975
2026-07-22 09:06:00,1989000.0,1989000.0,1989000.0,1989000.0,24393
2026-07-22 09:07:00,1992000.0,1992000.0,1992000.0,1992000.0,19503
2026-07-22 09:08:00,1984000.0,1984000.0,1984000.0,1984000.0,24206
2026-07-22 09:09:00,1988000.0,1988000.0,1988000.0,1988000.0,17843
2026-07-22 09:10:00,1985000.0,1985000.0,1985000.0,1985000.0,39739
2026-07-22 09:11:00,1990000.0,1990000.0,1990000.0,1990000.0,124924
2026-07-22 09:12:00,1993000.0,1993000.0,1993000.0,1993000.0,30349
2026-07-22 09:13:00,1996000.0,1996000.0,1996000.0,1996000.0,16856
2026-07-22 09:14:00,1998000.0,1998000.0,1998000.0,1998000.0,17984
2026-07-22 09:15:00,2000000.0,2000000.0,2000000.0,2000000.0,68593
2026-07-22 09:16:00,2000000.0,2000000.0,2000000.0,2000000.0,14960
2026-07-22 09:17:00,1998000.0,1998000.0,1998000.0,1998000.0,19040
2026-07-22 09:18:00,1998000.0,1998000.0,1998000.0,1998000.0,9208
2026-07-22 09:19:00,2000000.0,2000000.0,2000000.0,2000000.0,11657
2026-07-22 09:20:00,2003000.0,2003000.0,2003000.0,2003000.0,14061
2026-07-22 09:21:00,2000000.0,2000000.0,2000000.0,2000000.0,12081
2026-07-22 09:22:00,1998000.0,1998000.0,1998000.0,1998000.0,12855
2026-07-22 09:23:00,1993000.0,1993000.0,1993000.0,1993000.0,16140
2026-07-22 09:24:00,1993000.0,1993000.0,1993000.0,1993000.0,9641
2026-07-22 09:25:00,1992000.0,1992000.0,1992000.0,1992000.0,10849
2026-07-22 09:26:00,1990000.0,1990000.0,1990000.0,1990000.0,10225
2026-07-22 09:27:00,1988000.0,1988000.0,1988000.0,1988000.0,11649
2026-07-22 09:28:00,1987000.0,1987000.0,1987000.0,1987000.0,18624
2026-07-22 09:29:00,1984000.0,1984000.0,1984000.0,1984000.0,19428
2026-07-22 09:30:00,1990000.0,1990000.0,1990000.0,1990000.0,14163
2026-07-22 09:31:00,1986000.0,1986000.0,1986000.0,1986000.0,10488
2026-07-22 09:32:00,1982000.0,1982000.0,1982000.0,1982000.0,14355
2026-07-22 09:33:00,1988000.0,1988000.0,1988000.0,1988000.0,12293
2026-07-22 09:34:00,1986000.0,1986000.0,1986000.0,1986000.0,7982
2026-07-22 09:35:00,1986000.0,1986000.0,1986000.0,1986000.0,10525
2026-07-22 09:36:00,1990000.0,1990000.0,1990000.0,1990000.0,6994
2026-07-22 09:37:00,1990000.0,1990000.0,1990000.0,1990000.0,9318
2026-07-22 09:38:00,1988000.0,1988000.0,1988000.0,1988000.0,10636
2026-07-22 09:39:00,1989000.0,1989000.0,1989000.0,1989000.0,6890
2026-07-22 09:40:00,1988000.0,1988000.0,1988000.0,1988000.0,7705
2026-07-22 09:41:00,1988000.0,1988000.0,1988000.0,1988000.0,7017
2026-07-22 09:42:00,1987000.0,1987000.0,1987000.0,1987000.0,11580
2026-07-22 09:43:00,1983000.0,1983000.0,1983000.0,1983000.0,12163
2026-07-22 09:44:00,1984000.0,1984000.0,1984000.0,1984000.0,12518
2026-07-22 09:45:00,1983000.0,1983000.0,1983000.0,1983000.0,8062
2026-07-22 09:46:00,1979000.0,1979000.0,1979000.0,1979000.0,19604
2026-07-22 09:47:00,1977000.0,1977000.0,1977000.0,1977000.0,11605
2026-07-22 09:48:00,1975000.0,1975000.0,1975000.0,1975000.0,22817
2026-07-22 09:49:00,1980000.0,1980000.0,1980000.0,1980000.0,12636
2026-07-22 09:50:00,1981000.0,1981000.0,1981000.0,1981000.0,12633
2026-07-22 09:51:00,1986000.0,1986000.0,1986000.0,1986000.0,6685
2026-07-22 09:52:00,1979000.0,1979000.0,1979000.0,1979000.0,8937
2026-07-22 09:53:00,1976000.0,1976000.0,1976000.0,1976000.0,6545
2026-07-22 09:54:00,1970000.0,1970000.0,1970000.0,1970000.0,15505
2026-07-22 09:55:00,1974000.0,1974000.0,1974000.0,1974000.0,19560
2026-07-22 09:56:00,1978000.0,1978000.0,1978000.0,1978000.0,17579
2026-07-22 09:57:00,1980000.0,1980000.0,1980000.0,1980000.0,11060
2026-07-22 09:58:00,1979500.0,1979500.0,1979500.0,1979500.0,5451
2026-07-22 09:59:00,1982000.0,1982000.0,1982000.0,1982000.0,6354
2026-07-22 10:00:00,1978000.0,1978000.0,1978000.0,1978000.0,7352
2026-07-22 10:01:00,1974000.0,1974000.0,1974000.0,1974000.0,8669
2026-07-22 10:02:00,1976000.0,1976000.0,1976000.0,1976000.0,9766
2026-07-22 10:03:00,1977000.0,1977000.0,1977000.0,1977000.0,6771
2026-07-22 10:04:00,1980000.0,1980000.0,1980000.0,1980000.0,5539
2026-07-22 10:05:00,1986000.0,1986000.0,1986000.0,1986000.0,11794
2026-07-22 10:06:00,1989000.0,1989000.0,1989000.0,1989000.0,8611
2026-07-22 10:07:00,1990000.0,1990000.0,1990000.0,1990000.0,12041
2026-07-22 10:08:00,1989000.0,1989000.0,1989000.0,1989000.0,5439
2026-07-22 10:09:00,1987000.0,1987000.0,1987000.0,1987000.0,7178
2026-07-22 10:10:00,1987000.0,1987000.0,1987000.0,1987000.0,3659
2026-07-22 10:11:00,1989000.0,1989000.0,1989000.0,1989000.0,11421
2026-07-22 10:12:00,1989000.0,1989000.0,1989000.0,1989000.0,5914
2026-07-22 10:13:00,1994000.0,1994000.0,1994000.0,1994000.0,14395
2026-07-22 10:14:00,1994000.0,1994000.0,1994000.0,1994000.0,3933
2026-07-22 10:15:00,1994000.0,1994000.0,1994000.0,1994000.0,1763
2026-07-22 10:16:00,1996000.0,1996000.0,1996000.0,1996000.0,14100
2026-07-22 10:17:00,2000000.0,2000000.0,2000000.0,2000000.0,17334
2026-07-22 10:18:00,2002000.0,2002000.0,2002000.0,2002000.0,35294
2026-07-22 10:19:00,1999000.0,1999000.0,1999000.0,1999000.0,8192
2026-07-22 10:20:00,1997000.0,1997000.0,1997000.0,1997000.0,9332
2026-07-22 10:21:00,1998000.0,1998000.0,1998000.0,1998000.0,9402
2026-07-22 10:22:00,2000000.0,2000000.0,2000000.0,2000000.0,3343
2026-07-22 10:23:00,2000000.0,2000000.0,2000000.0,2000000.0,4792
2026-07-22 10:24:00,1998000.0,1998000.0,1998000.0,1998000.0,5527
2026-07-22 10:25:00,2000000.0,2000000.0,2000000.0,2000000.0,3877
2026-07-22 10:26:00,2003000.0,2003000.0,2003000.0,2003000.0,12616
2026-07-22 10:27:00,2002000.0,2002000.0,2002000.0,2002000.0,8845
2026-07-22 10:28:00,1998000.0,1998000.0,1998000.0,1998000.0,8865
2026-07-22 10:29:00,1995000.0,1995000.0,1995000.0,1995000.0,12531
2026-07-22 10:30:00,1993000.0,1993000.0,1993000.0,1993000.0,11406
2026-07-22 10:31:00,1990000.0,1990000.0,1990000.0,1990000.0,9645
2026-07-22 10:32:00,1991000.0,1991000.0,1991000.0,1991000.0,7037
2026-07-22 10:33:00,1988000.0,1988000.0,1988000.0,1988000.0,6520
2026-07-22 10:34:00,1989000.0,1989000.0,1989000.0,1989000.0,5621
2026-07-22 10:35:00,1990500.0,1990500.0,1990500.0,1990500.0,3667
2026-07-22 10:36:00,1992000.0,1992000.0,1992000.0,1992000.0,5660
2026-07-22 10:37:00,1992000.0,1992000.0,1992000.0,1992000.0,4802
2026-07-22 10:38:00,1990500.0,1990500.0,1990500.0,1990500.0,4509
2026-07-22 10:39:00,1988000.0,1988000.0,1988000.0,1988000.0,6626
2026-07-22 10:40:00,1988000.0,1988000.0,1988000.0,1988000.0,4566
2026-07-22 10:41:00,1981000.0,1981000.0,1981000.0,1981000.0,9263
2026-07-22 10:42:00,1976000.0,1976000.0,1976000.0,1976000.0,21979
2026-07-22 10:43:00,1984000.0,1984000.0,1984000.0,1984000.0,16281
2026-07-22 10:44:00,1983000.0,1983000.0,1983000.0,1983000.0,7165
2026-07-22 10:45:00,1987000.0,1987000.0,1987000.0,1987000.0,9741
2026-07-22 10:46:00,1990000.0,1990000.0,1990000.0,1990000.0,8338
2026-07-22 10:47:00,1991000.0,1991000.0,1991000.0,1991000.0,3935
2026-07-22 10:48:00,1993000.0,1993000.0,1993000.0,1993000.0,6370
2026-07-22 10:49:00,1992000.0,1992000.0,1992000.0,1992000.0,5208
2026-07-22 10:50:00,1989000.0,1989000.0,1989000.0,1989000.0,6121
2026-07-22 10:51:00,1992000.0,1992000.0,1992000.0,1992000.0,4896
2026-07-22 10:52:00,1994000.0,1994000.0,1994000.0,1994000.0,4075
2026-07-22 10:53:00,1992000.0,1992000.0,1992000.0,1992000.0,3633
2026-07-22 10:54:00,1990000.0,1990000.0,1990000.0,1990000.0,5997
2026-07-22 10:55:00,1990000.0,1990000.0,1990000.0,1990000.0,7732
2026-07-22 10:56:00,1989000.0,1989000.0,1989000.0,1989000.0,5462
2026-07-22 10:57:00,1990000.0,1990000.0,1990000.0,1990000.0,5041
2026-07-22 10:58:00,1989000.0,1989000.0,1989000.0,1989000.0,3408
2026-07-22 10:59:00,1984000.0,1984000.0,1984000.0,1984000.0,4801
2026-07-22 11:00:00,1982000.0,1982000.0,1982000.0,1982000.0,9788
2026-07-22 11:01:00,1980000.0,1980000.0,1980000.0,1980000.0,7667
2026-07-22 11:02:00,1981000.0,1981000.0,1981000.0,1981000.0,7502
2026-07-22 11:03:00,1982000.0,1982000.0,1982000.0,1982000.0,5674
2026-07-22 11:04:00,1984000.0,1984000.0,1984000.0,1984000.0,5180
2026-07-22 11:05:00,1981000.0,1981000.0,1981000.0,1981000.0,7879
2026-07-22 11:06:00,1982000.0,1982000.0,1982000.0,1982000.0,4332
2026-07-22 11:07:00,1979000.0,1979000.0,1979000.0,1979000.0,7254
2026-07-22 11:08:00,1980000.0,1980000.0,1980000.0,1980000.0,4598
2026-07-22 11:09:00,1980000.0,1980000.0,1980000.0,1980000.0,4141
2026-07-22 11:10:00,1979000.0,1979000.0,1979000.0,1979000.0,3566
2026-07-22 11:11:00,1980500.0,1980500.0,1980500.0,1980500.0,5492
2026-07-22 11:12:00,1982000.0,1982000.0,1982000.0,1982000.0,6081
2026-07-22 11:13:00,1982000.0,1982000.0,1982000.0,1982000.0,1414
2026-07-22 11:14:00,1980000.0,1980000.0,1980000.0,1980000.0,8045
2026-07-22 11:15:00,1980000.0,1980000.0,1980000.0,1980000.0,5393
2026-07-22 11:16:00,1980000.0,1980000.0,1980000.0,1980000.0,2718
2026-07-22 11:17:00,1978000.0,1978000.0,1978000.0,1978000.0,4907
2026-07-22 11:18:00,1979000.0,1979000.0,1979000.0,1979000.0,3544
2026-07-22 11:19:00,1979000.0,1979000.0,1979000.0,1979000.0,3380
2026-07-22 11:20:00,1983000.0,1983000.0,1983000.0,1983000.0,6988
2026-07-22 11:21:00,1980000.0,1980000.0,1980000.0,1980000.0,4837
2026-07-22 11:22:00,1984000.0,1984000.0,1984000.0,1984000.0,4572
2026-07-22 11:23:00,1985000.0,1985000.0,1985000.0,1985000.0,4596
2026-07-22 11:24:00,1985000.0,1985000.0,1985000.0,1985000.0,2392
2026-07-22 11:25:00,1981000.0,1981000.0,1981000.0,1981000.0,4313
2026-07-22 11:26:00,1982000.0,1982000.0,1982000.0,1982000.0,4264
2026-07-22 11:27:00,1985000.0,1985000.0,1985000.0,1985000.0,4451
2026-07-22 11:28:00,1986000.0,1986000.0,1986000.0,1986000.0,2885
2026-07-22 11:29:00,1984000.0,1984000.0,1984000.0,1984000.0,4584
2026-07-22 11:30:00,1978000.0,1978000.0,1978000.0,1978000.0,10366
2026-07-22 11:31:00,1981000.0,1981000.0,1981000.0,1981000.0,5534
2026-07-22 11:32:00,1979000.0,1979000.0,1979000.0,1979000.0,3040
2026-07-22 11:33:00,1974000.0,1974000.0,1974000.0,1974000.0,15755
2026-07-22 11:34:00,1977000.0,1977000.0,1977000.0,1977000.0,3760
2026-07-22 11:35:00,1977500.0,1977500.0,1977500.0,1977500.0,5775
2026-07-22 11:36:00,1975000.0,1975000.0,1975000.0,1975000.0,3908
2026-07-22 11:37:00,1972000.0,1972000.0,1972000.0,1972000.0,3587
2026-07-22 11:38:00,1972000.0,1972000.0,1972000.0,1972000.0,5534
2026-07-22 11:39:00,1971000.0,1971000.0,1971000.0,1971000.0,6937
2026-07-22 11:40:00,1971000.0,1971000.0,1971000.0,1971000.0,14710
2026-07-22 11:41:00,1971000.0,1971000.0,1971000.0,1971000.0,3835
2026-07-22 11:42:00,1971000.0,1971000.0,1971000.0,1971000.0,3710
2026-07-22 11:43:00,1967000.0,1967000.0,1967000.0,1967000.0,4865
2026-07-22 11:44:00,1965000.0,1965000.0,1965000.0,1965000.0,13374
2026-07-22 11:45:00,1956000.0,1956000.0,1956000.0,1956000.0,28362
2026-07-22 11:46:00,1962000.0,1962000.0,1962000.0,1962000.0,10011
2026-07-22 11:47:00,1967000.0,1967000.0,1967000.0,1967000.0,8030
2026-07-22 11:48:00,1966000.0,1966000.0,1966000.0,1966000.0,5526
2026-07-22 11:49:00,1967000.0,1967000.0,1967000.0,1967000.0,4194
2026-07-22 11:50:00,1968000.0,1968000.0,1968000.0,1968000.0,3484
2026-07-22 11:51:00,1963000.0,1963000.0,1963000.0,1963000.0,5832
2026-07-22 11:52:00,1965000.0,1965000.0,1965000.0,1965000.0,3922
2026-07-22 11:53:00,1964000.0,1964000.0,1964000.0,1964000.0,1619
2026-07-22 11:54:00,1964000.0,1964000.0,1964000.0,1964000.0,3693
2026-07-22 11:55:00,1960000.0,1960000.0,1960000.0,1960000.0,5348
2026-07-22 11:56:00,1957000.0,1957000.0,1957000.0,1957000.0,5574
2026-07-22 11:57:00,1957000.0,1957000.0,1957000.0,1957000.0,4909
2026-07-22 11:58:00,1953000.0,1953000.0,1953000.0,1953000.0,6486
2026-07-22 11:59:00,1956000.0,1956000.0,1956000.0,1956000.0,11217
2026-07-22 12:00:00,1955000.0,1955000.0,1955000.0,1955000.0,3953
2026-07-22 12:01:00,1953000.0,1953000.0,1953000.0,1953000.0,3937
2026-07-22 12:02:00,1951000.0,1951000.0,1951000.0,1951000.0,9194
2026-07-22 12:03:00,1949000.0,1949000.0,1949000.0,1949000.0,23118
2026-07-22 12:04:00,1946000.0,1946000.0,1946000.0,1946000.0,7733
2026-07-22 12:05:00,1952000.0,1952000.0,1952000.0,1952000.0,10762
2026-07-22 12:06:00,1955000.0,1955000.0,1955000.0,1955000.0,7039
2026-07-22 12:07:00,1950000.0,1950000.0,1950000.0,1950000.0,4649
2026-07-22 12:08:00,1947000.0,1947000.0,1947000.0,1947000.0,6030
2026-07-22 12:09:00,1938000.0,1938000.0,1938000.0,1938000.0,15502
2026-07-22 12:10:00,1938000.0,1938000.0,1938000.0,1938000.0,9278
2026-07-22 12:11:00,1932000.0,1932000.0,1932000.0,1932000.0,14492
2026-07-22 12:12:00,1933000.0,1933000.0,1933000.0,1933000.0,18823
2026-07-22 12:13:00,1931000.0,1931000.0,1931000.0,1931000.0,4983
2026-07-22 12:14:00,1924000.0,1924000.0,1924000.0,1924000.0,17648
2026-07-22 12:15:00,1931000.0,1931000.0,1931000.0,1931000.0,10462
2026-07-22 12:16:00,1932000.0,1932000.0,1932000.0,1932000.0,9732
2026-07-22 12:17:00,1931000.0,1931000.0,1931000.0,1931000.0,4223
2026-07-22 12:18:00,1926000.0,1926000.0,1926000.0,1926000.0,6980
2026-07-22 12:19:00,1929000.0,1929000.0,1929000.0,1929000.0,11396
2026-07-22 12:20:00,1929000.0,1929000.0,1929000.0,1929000.0,7314
2026-07-22 12:21:00,1930000.0,1930000.0,1930000.0,1930000.0,14035
2026-07-22 12:22:00,1930000.0,1930000.0,1930000.0,1930000.0,5278
2026-07-22 12:23:00,1940000.0,1940000.0,1940000.0,1940000.0,11163
2026-07-22 12:24:00,1943000.0,1943000.0,1943000.0,1943000.0,13277
2026-07-22 12:25:00,1947000.0,1947000.0,1947000.0,1947000.0,5787
2026-07-22 12:26:00,1950000.0,1950000.0,1950000.0,1950000.0,6565
2026-07-22 12:27:00,1947000.0,1947000.0,1947000.0,1947000.0,10182
2026-07-22 12:28:00,1949000.0,1949000.0,1949000.0,1949000.0,7057
2026-07-22 12:29:00,1954000.0,1954000.0,1954000.0,1954000.0,11787
2026-07-22 12:30:00,1949000.0,1949000.0,1949000.0,1949000.0,6721
2026-07-22 12:31:00,1943000.0,1943000.0,1943000.0,1943000.0,6256
2026-07-22 12:32:00,1941000.0,1941000.0,1941000.0,1941000.0,5692
2026-07-22 12:33:00,1942500.0,1942500.0,1942500.0,1942500.0,4859
2026-07-22 12:34:00,1937000.0,1937000.0,1937000.0,1937000.0,4949
2026-07-22 12:35:00,1939000.0,1939000.0,1939000.0,1939000.0,3392
2026-07-22 12:36:00,1943000.0,1943000.0,1943000.0,1943000.0,3928
2026-07-22 12:37:00,1943000.0,1943000.0,1943000.0,1943000.0,3816
2026-07-22 12:38:00,1942000.0,1942000.0,1942000.0,1942000.0,1783
2026-07-22 12:39:00,1944000.0,1944000.0,1944000.0,1944000.0,2075
2026-07-22 12:40:00,1947000.0,1947000.0,1947000.0,1947000.0,3172
2026-07-22 12:41:00,1947000.0,1947000.0,1947000.0,1947000.0,4030
2026-07-22 12:42:00,1944000.0,1944000.0,1944000.0,1944000.0,2633
2026-07-22 12:43:00,1947000.0,1947000.0,1947000.0,1947000.0,3594
2026-07-22 12:44:00,1948000.0,1948000.0,1948000.0,1948000.0,2920
2026-07-22 12:45:00,1954000.0,1954000.0,1954000.0,1954000.0,6950
2026-07-22 12:46:00,1955000.0,1955000.0,1955000.0,1955000.0,4556
2026-07-22 12:47:00,1958500.0,1958500.0,1958500.0,1958500.0,10621
2026-07-22 12:48:00,1958000.0,1958000.0,1958000.0,1958000.0,5220
2026-07-22 12:49:00,1955000.0,1955000.0,1955000.0,1955000.0,6531
2026-07-22 12:50:00,1954000.0,1954000.0,1954000.0,1954000.0,3909
2026-07-22 12:51:00,1947000.0,1947000.0,1947000.0,1947000.0,7705
2026-07-22 12:52:00,1949000.0,1949000.0,1949000.0,1949000.0,3936
2026-07-22 12:53:00,1946000.0,1946000.0,1946000.0,1946000.0,2559
2026-07-22 12:54:00,1942000.0,1942000.0,1942000.0,1942000.0,3628
2026-07-22 12:55:00,1945000.0,1945000.0,1945000.0,1945000.0,4626
2026-07-22 12:56:00,1943000.0,1943000.0,1943000.0,1943000.0,3888
2026-07-22 12:57:00,1943000.0,1943000.0,1943000.0,1943000.0,4824
2026-07-22 12:58:00,1944000.0,1944000.0,1944000.0,1944000.0,2600
2026-07-22 12:59:00,1949000.0,1949000.0,1949000.0,1949000.0,3542
2026-07-22 13:00:00,1952000.0,1952000.0,1952000.0,1952000.0,5364
2026-07-22 13:01:00,1947000.0,1947000.0,1947000.0,1947000.0,3518
2026-07-22 13:02:00,1950000.0,1950000.0,1950000.0,1950000.0,3105
2026-07-22 13:03:00,1952000.0,1952000.0,1952000.0,1952000.0,2306
2026-07-22 13:04:00,1952000.0,1952000.0,1952000.0,1952000.0,2520
2026-07-22 13:05:00,1953000.0,1953000.0,1953000.0,1953000.0,2422
2026-07-22 13:06:00,1954000.0,1954000.0,1954000.0,1954000.0,2887
2026-07-22 13:07:00,1957000.0,1957000.0,1957000.0,1957000.0,3997
2026-07-22 13:08:00,1953000.0,1953000.0,1953000.0,1953000.0,5216
2026-07-22 13:09:00,1954000.0,1954000.0,1954000.0,1954000.0,2614
2026-07-22 13:10:00,1955000.0,1955000.0,1955000.0,1955000.0,3175
2026-07-22 13:11:00,1951000.0,1951000.0,1951000.0,1951000.0,2949
2026-07-22 13:12:00,1948000.0,1948000.0,1948000.0,1948000.0,4122
2026-07-22 13:13:00,1950000.0,1950000.0,1950000.0,1950000.0,3470
2026-07-22 13:14:00,1950000.0,1950000.0,1950000.0,1950000.0,2884
2026-07-22 13:15:00,1954000.0,1954000.0,1954000.0,1954000.0,3801
2026-07-22 13:16:00,1952000.0,1952000.0,1952000.0,1952000.0,1679
2026-07-22 13:17:00,1952000.0,1952000.0,1952000.0,1952000.0,2014
2026-07-22 13:18:00,1952000.0,1952000.0,1952000.0,1952000.0,3687
2026-07-22 13:19:00,1952000.0,1952000.0,1952000.0,1952000.0,1767
2026-07-22 13:20:00,1955000.0,1955000.0,1955000.0,1955000.0,2591
2026-07-22 13:21:00,1954000.0,1954000.0,1954000.0,1954000.0,3023
2026-07-22 13:22:00,1962000.0,1962000.0,1962000.0,1962000.0,12580
2026-07-22 13:23:00,1961000.0,1961000.0,1961000.0,1961000.0,3706
2026-07-22 13:24:00,1959000.0,1959000.0,1959000.0,1959000.0,4545
2026-07-22 13:25:00,1956000.0,1956000.0,1956000.0,1956000.0,6036
2026-07-22 13:26:00,1953000.0,1953000.0,1953000.0,1953000.0,5867
2026-07-22 13:27:00,1953500.0,1953500.0,1953500.0,1953500.0,1675
2026-07-22 13:28:00,1957000.0,1957000.0,1957000.0,1957000.0,3842
2026-07-22 13:29:00,1954000.0,1954000.0,1954000.0,1954000.0,2426
2026-07-22 13:30:00,1945000.0,1945000.0,1945000.0,1945000.0,14132
2026-07-22 13:31:00,1943000.0,1943000.0,1943000.0,1943000.0,2306
2026-07-22 13:32:00,1944500.0,1944500.0,1944500.0,1944500.0,2838
2026-07-22 13:33:00,1949000.0,1949000.0,1949000.0,1949000.0,3358
2026-07-22 13:34:00,1945000.0,1945000.0,1945000.0,1945000.0,3418
2026-07-22 13:35:00,1943000.0,1943000.0,1943000.0,1943000.0,6133
2026-07-22 13:36:00,1945000.0,1945000.0,1945000.0,1945000.0,2431
2026-07-22 13:37:00,1941000.0,1941000.0,1941000.0,1941000.0,4899
2026-07-22 13:38:00,1941000.0,1941000.0,1941000.0,1941000.0,1984
2026-07-22 13:39:00,1939000.0,1939000.0,1939000.0,1939000.0,15206
2026-07-22 13:40:00,1934000.0,1934000.0,1934000.0,1934000.0,11878
2026-07-22 13:41:00,1940000.0,1940000.0,1940000.0,1940000.0,5341
2026-07-22 13:42:00,1936000.0,1936000.0,1936000.0,1936000.0,5140
2026-07-22 13:43:00,1938000.0,1938000.0,1938000.0,1938000.0,2839
2026-07-22 13:44:00,1940000.0,1940000.0,1940000.0,1940000.0,2907
2026-07-22 13:45:00,1938000.0,1938000.0,1938000.0,1938000.0,3212
2026-07-22 13:46:00,1933000.0,1933000.0,1933000.0,1933000.0,5103
2026-07-22 13:47:00,1933000.0,1933000.0,1933000.0,1933000.0,4331
2026-07-22 13:48:00,1937000.0,1937000.0,1937000.0,1937000.0,4909
2026-07-22 13:49:00,1932000.0,1932000.0,1932000.0,1932000.0,4246
2026-07-22 13:50:00,1931000.0,1931000.0,1931000.0,1931000.0,6980
2026-07-22 13:51:00,1928500.0,1928500.0,1928500.0,1928500.0,7413
2026-07-22 13:52:00,1930000.0,1930000.0,1930000.0,1930000.0,4256
2026-07-22 13:53:00,1931000.0,1931000.0,1931000.0,1931000.0,2327
2026-07-22 13:54:00,1927000.0,1927000.0,1927000.0,1927000.0,4123
2026-07-22 13:55:00,1922000.0,1922000.0,1922000.0,1922000.0,13005
2026-07-22 13:56:00,1921000.0,1921000.0,1921000.0,1921000.0,9271
2026-07-22 13:57:00,1928000.0,1928000.0,1928000.0,1928000.0,12952
2026-07-22 13:58:00,1929000.0,1929000.0,1929000.0,1929000.0,3919
2026-07-22 13:59:00,1932000.0,1932000.0,1932000.0,1932000.0,6662
2026-07-22 14:00:00,1927000.0,1927000.0,1927000.0,1927000.0,8934
2026-07-22 14:01:00,1922000.0,1922000.0,1922000.0,1922000.0,10131
2026-07-22 14:02:00,1914000.0,1914000.0,1914000.0,1914000.0,16025
2026-07-22 14:03:00,1911000.0,1911000.0,1911000.0,1911000.0,11757
2026-07-22 14:04:00,1909000.0,1909000.0,1909000.0,1909000.0,16623
2026-07-22 14:05:00,1911000.0,1911000.0,1911000.0,1911000.0,9999
2026-07-22 14:06:00,1903500.0,1903500.0,1903500.0,1903500.0,15426
2026-07-22 14:07:00,1903000.0,1903000.0,1903000.0,1903000.0,32024
2026-07-22 14:08:00,1900000.0,1900000.0,1900000.0,1900000.0,16296
2026-07-22 14:09:00,1898000.0,1898000.0,1898000.0,1898000.0,30334
2026-07-22 14:10:00,1905000.0,1905000.0,1905000.0,1905000.0,20219
2026-07-22 14:11:00,1895000.0,1895000.0,1895000.0,1895000.0,16547
2026-07-22 14:12:00,1893000.0,1893000.0,1893000.0,1893000.0,12789
2026-07-22 14:13:00,1893000.0,1893000.0,1893000.0,1893000.0,11593
2026-07-22 14:14:00,1888000.0,1888000.0,1888000.0,1888000.0,28849
2026-07-22 14:15:00,1885000.0,1885000.0,1885000.0,1885000.0,15753
2026-07-22 14:16:00,1881000.0,1881000.0,1881000.0,1881000.0,17907
2026-07-22 14:17:00,1885000.0,1885000.0,1885000.0,1885000.0,19897
2026-07-22 14:18:00,1891000.0,1891000.0,1891000.0,1891000.0,12470
2026-07-22 14:19:00,1886000.0,1886000.0,1886000.0,1886000.0,12715
2026-07-22 14:20:00,1876000.0,1876000.0,1876000.0,1876000.0,21112
2026-07-22 14:21:00,1876000.0,1876000.0,1876000.0,1876000.0,18297
2026-07-22 14:22:00,1880000.0,1880000.0,1880000.0,1880000.0,10298
2026-07-22 14:23:00,1870000.0,1870000.0,1870000.0,1870000.0,25372
2026-07-22 14:24:00,1875000.0,1875000.0,1875000.0,1875000.0,19449
2026-07-22 14:25:00,1874000.0,1874000.0,1874000.0,1874000.0,14471
2026-07-22 14:26:00,1879000.0,1879000.0,1879000.0,1879000.0,19331
2026-07-22 14:27:00,1874000.0,1874000.0,1874000.0,1874000.0,14295
2026-07-22 14:28:00,1869000.0,1869000.0,1869000.0,1869000.0,11232
2026-07-22 14:29:00,1862000.0,1862000.0,1862000.0,1862000.0,30776
2026-07-22 14:30:00,1864000.0,1864000.0,1864000.0,1864000.0,24435
2026-07-22 14:31:00,1871000.0,1871000.0,1871000.0,1871000.0,15290
2026-07-22 14:32:00,1871000.0,1871000.0,1871000.0,1871000.0,18576
2026-07-22 14:33:00,1873000.0,1873000.0,1873000.0,1873000.0,15163
2026-07-22 14:34:00,1885000.0,1885000.0,1885000.0,1885000.0,19267
2026-07-22 14:35:00,1876000.0,1876000.0,1876000.0,1876000.0,15004
2026-07-22 14:36:00,1866000.0,1866000.0,1866000.0,1866000.0,17749
2026-07-22 14:37:00,1869000.0,1869000.0,1869000.0,1869000.0,14121
2026-07-22 14:38:00,1873000.0,1873000.0,1873000.0,1873000.0,12244
2026-07-22 14:39:00,1873000.0,1873000.0,1873000.0,1873000.0,10113
2026-07-22 14:40:00,1868000.0,1868000.0,1868000.0,1868000.0,14606
2026-07-22 14:41:00,1861000.0,1861000.0,1861000.0,1861000.0,24280
2026-07-22 14:42:00,1856000.0,1856000.0,1856000.0,1856000.0,29328
2026-07-22 14:43:00,1860000.0,1860000.0,1860000.0,1860000.0,11996
2026-07-22 14:44:00,1863000.0,1863000.0,1863000.0,1863000.0,11582
2026-07-22 14:45:00,1856000.0,1856000.0,1856000.0,1856000.0,9632
2026-07-22 14:46:00,1856000.0,1856000.0,1856000.0,1856000.0,20352
2026-07-22 14:47:00,1856000.0,1856000.0,1856000.0,1856000.0,11045
2026-07-22 14:48:00,1855000.0,1855000.0,1855000.0,1855000.0,28543
2026-07-22 14:49:00,1858000.0,1858000.0,1858000.0,1858000.0,11353
2026-07-22 14:50:00,1867000.0,1867000.0,1867000.0,1867000.0,13814
2026-07-22 14:51:00,1865000.0,1865000.0,1865000.0,1865000.0,15654
2026-07-22 14:52:00,1862000.0,1862000.0,1862000.0,1862000.0,17543
2026-07-22 14:53:00,1861000.0,1861000.0,1861000.0,1861000.0,16145
2026-07-22 14:54:00,1854000.0,1854000.0,1854000.0,1854000.0,11473
2026-07-22 14:55:00,1861000.0,1861000.0,1861000.0,1861000.0,11941
2026-07-22 14:56:00,1859000.0,1859000.0,1859000.0,1859000.0,11037
2026-07-22 14:57:00,1859000.0,1859000.0,1859000.0,1859000.0,7290
2026-07-22 14:58:00,1866000.0,1866000.0,1866000.0,1866000.0,14251
2026-07-22 14:59:00,1861000.0,1861000.0,1861000.0,1861000.0,16944
2026-07-22 15:00:00,1852000.0,1852000.0,1852000.0,1852000.0,16360
2026-07-22 15:01:00,1842000.0,1842000.0,1842000.0,1842000.0,28826
2026-07-22 15:02:00,1843000.0,1843000.0,1843000.0,1843000.0,18783
2026-07-22 15:03:00,1842000.0,1842000.0,1842000.0,1842000.0,18292
2026-07-22 15:04:00,1842000.0,1842000.0,1842000.0,1842000.0,14580
2026-07-22 15:05:00,1840000.0,1840000.0,1840000.0,1840000.0,29438
2026-07-22 15:06:00,1838000.0,1838000.0,1838000.0,1838000.0,18954
2026-07-22 15:07:00,1843000.0,1843000.0,1843000.0,1843000.0,14486
2026-07-22 15:08:00,1845000.0,1845000.0,1845000.0,1845000.0,16293
2026-07-22 15:09:00,1836000.0,1836000.0,1836000.0,1836000.0,15074
2026-07-22 15:10:00,1835000.0,1835000.0,1835000.0,1835000.0,16810
2026-07-22 15:11:00,1843000.0,1843000.0,1843000.0,1843000.0,17924
2026-07-22 15:12:00,1842000.0,1842000.0,1842000.0,1842000.0,16348
2026-07-22 15:13:00,1841000.0,1841000.0,1841000.0,1841000.0,16149
2026-07-22 15:14:00,1845000.0,1845000.0,1845000.0,1845000.0,15459
2026-07-22 15:15:00,1837000.0,1837000.0,1837000.0,1837000.0,21046
2026-07-22 15:16:00,1839000.0,1839000.0,1839000.0,1839000.0,13248
2026-07-22 15:17:00,1834000.0,1834000.0,1834000.0,1834000.0,33143
2026-07-22 15:18:00,1832000.0,1832000.0,1832000.0,1832000.0,19396
2026-07-22 15:19:00,1836000.0,1836000.0,1836000.0,1836000.0,25952
2026-07-22 15:30:00,1830000.0,1830000.0,1830000.0,1830000.0,292899
2026-07-23 09:00:00,1910000.0,1910000.0,1910000.0,1910000.0,103251
2026-07-23 09:01:00,1918000.0,1918000.0,1918000.0,1918000.0,35867
2026-07-23 09:02:00,1920000.0,1920000.0,1920000.0,1920000.0,38548
2026-07-23 09:03:00,1903000.0,1903000.0,1903000.0,1903000.0,24430
2026-07-23 09:04:00,1905000.0,1905000.0,1905000.0,1905000.0,15132
2026-07-23 09:05:00,1914000.0,1914000.0,1914000.0,1914000.0,17824
2026-07-23 09:06:00,1913000.0,1913000.0,1913000.0,1913000.0,15098
2026-07-23 09:07:00,1906000.0,1906000.0,1906000.0,1906000.0,11564
2026-07-23 09:08:00,1908000.0,1908000.0,1908000.0,1908000.0,11481
2026-07-23 09:09:00,1905500.0,1905500.0,1905500.0,1905500.0,14087
2026-07-23 09:10:00,1914000.0,1914000.0,1914000.0,1914000.0,12602
2026-07-23 09:11:00,1916000.0,1916000.0,1916000.0,1916000.0,20453
2026-07-23 09:12:00,1919000.0,1919000.0,1919000.0,1919000.0,18873
2026-07-23 09:13:00,1925000.0,1925000.0,1925000.0,1925000.0,33515
2026-07-23 09:14:00,1932000.0,1932000.0,1932000.0,1932000.0,26234
2026-07-23 09:15:00,1927000.0,1927000.0,1927000.0,1927000.0,14826
2026-07-23 09:16:00,1929000.0,1929000.0,1929000.0,1929000.0,12820
2026-07-23 09:17:00,1931000.0,1931000.0,1931000.0,1931000.0,11484
2026-07-23 09:18:00,1925000.0,1925000.0,1925000.0,1925000.0,11151
2026-07-23 09:19:00,1928000.0,1928000.0,1928000.0,1928000.0,12511
2026-07-23 09:20:00,1928000.0,1928000.0,1928000.0,1928000.0,15294
2026-07-23 09:21:00,1923500.0,1923500.0,1923500.0,1923500.0,10225
2026-07-23 09:22:00,1920000.0,1920000.0,1920000.0,1920000.0,15715
2026-07-23 09:23:00,1916000.0,1916000.0,1916000.0,1916000.0,13363
2026-07-23 09:24:00,1911000.0,1911000.0,1911000.0,1911000.0,21737
2026-07-23 09:25:00,1916000.0,1916000.0,1916000.0,1916000.0,11916
2026-07-23 09:26:00,1920000.0,1920000.0,1920000.0,1920000.0,7189
2026-07-23 09:27:00,1927000.0,1927000.0,1927000.0,1927000.0,10462
2026-07-23 09:28:00,1920000.0,1920000.0,1920000.0,1920000.0,9506
2026-07-23 09:29:00,1914000.0,1914000.0,1914000.0,1914000.0,16694
2026-07-23 09:30:00,1906000.0,1906000.0,1906000.0,1906000.0,13415
2026-07-23 09:31:00,1906000.0,1906000.0,1906000.0,1906000.0,8401
2026-07-23 09:32:00,1908000.0,1908000.0,1908000.0,1908000.0,13532
2026-07-23 09:33:00,1908000.0,1908000.0,1908000.0,1908000.0,13405
2026-07-23 09:34:00,1910000.0,1910000.0,1910000.0,1910000.0,13177
2026-07-23 09:35:00,1911000.0,1911000.0,1911000.0,1911000.0,7026
2026-07-23 09:36:00,1909000.0,1909000.0,1909000.0,1909000.0,11501
2026-07-23 09:37:00,1907000.0,1907000.0,1907000.0,1907000.0,9241
2026-07-23 09:38:00,1910000.0,1910000.0,1910000.0,1910000.0,8344
2026-07-23 09:39:00,1908000.0,1908000.0,1908000.0,1908000.0,9500
2026-07-23 09:40:00,1908000.0,1908000.0,1908000.0,1908000.0,13100
2026-07-23 09:41:00,1910000.0,1910000.0,1910000.0,1910000.0,8439
2026-07-23 09:42:00,1907000.0,1907000.0,1907000.0,1907000.0,7800
2026-07-23 09:43:00,1906000.0,1906000.0,1906000.0,1906000.0,6088
2026-07-23 09:44:00,1911000.0,1911000.0,1911000.0,1911000.0,9905
2026-07-23 09:45:00,1918000.0,1918000.0,1918000.0,1918000.0,13823
2026-07-23 09:46:00,1921000.0,1921000.0,1921000.0,1921000.0,15659
2026-07-23 09:47:00,1920000.0,1920000.0,1920000.0,1920000.0,6876
2026-07-23 09:48:00,1923000.0,1923000.0,1923000.0,1923000.0,13811
2026-07-23 09:49:00,1925000.0,1925000.0,1925000.0,1925000.0,11076
2026-07-23 09:50:00,1916000.0,1916000.0,1916000.0,1916000.0,16971
2026-07-23 09:51:00,1922000.0,1922000.0,1922000.0,1922000.0,7042
2026-07-23 09:52:00,1916000.0,1916000.0,1916000.0,1916000.0,7522
2026-07-23 09:53:00,1914500.0,1914500.0,1914500.0,1914500.0,13894
2026-07-23 09:54:00,1921000.0,1921000.0,1921000.0,1921000.0,11744
2026-07-23 09:55:00,1919000.0,1919000.0,1919000.0,1919000.0,7037
2026-07-23 09:56:00,1922000.0,1922000.0,1922000.0,1922000.0,7611
2026-07-23 09:57:00,1923000.0,1923000.0,1923000.0,1923000.0,11130
2026-07-23 09:58:00,1932000.0,1932000.0,1932000.0,1932000.0,29042
2026-07-23 09:59:00,1929000.0,1929000.0,1929000.0,1929000.0,22249
2026-07-23 10:00:00,1923000.0,1923000.0,1923000.0,1923000.0,12053
2026-07-23 10:01:00,1925000.0,1925000.0,1925000.0,1925000.0,8539
2026-07-23 10:02:00,1930000.0,1930000.0,1930000.0,1930000.0,8050
2026-07-23 10:03:00,1935000.0,1935000.0,1935000.0,1935000.0,25088
2026-07-23 10:04:00,1935000.0,1935000.0,1935000.0,1935000.0,14526
2026-07-23 10:05:00,1935000.0,1935000.0,1935000.0,1935000.0,6850
2026-07-23 10:06:00,1930000.0,1930000.0,1930000.0,1930000.0,10654
2026-07-23 10:07:00,1935000.0,1935000.0,1935000.0,1935000.0,10335
2026-07-23 10:08:00,1936500.0,1936500.0,1936500.0,1936500.0,13592
2026-07-23 10:09:00,1943000.0,1943000.0,1943000.0,1943000.0,22869
2026-07-23 10:10:00,1941000.0,1941000.0,1941000.0,1941000.0,10301
2026-07-23 10:11:00,1940000.0,1940000.0,1940000.0,1940000.0,5846
2026-07-23 10:12:00,1942000.0,1942000.0,1942000.0,1942000.0,4007
2026-07-23 10:13:00,1945000.0,1945000.0,1945000.0,1945000.0,9582
2026-07-23 10:14:00,1948000.0,1948000.0,1948000.0,1948000.0,13677
2026-07-23 10:15:00,1945000.0,1945000.0,1945000.0,1945000.0,7213
2026-07-23 10:16:00,1940000.0,1940000.0,1940000.0,1940000.0,8015
2026-07-23 10:17:00,1938000.0,1938000.0,1938000.0,1938000.0,9933
2026-07-23 10:18:00,1935000.0,1935000.0,1935000.0,1935000.0,6835
2026-07-23 10:19:00,1928000.0,1928000.0,1928000.0,1928000.0,14722
2026-07-23 10:20:00,1926000.0,1926000.0,1926000.0,1926000.0,13139
2026-07-23 10:21:00,1922000.0,1922000.0,1922000.0,1922000.0,11278
2026-07-23 10:22:00,1917000.0,1917000.0,1917000.0,1917000.0,11585
2026-07-23 10:23:00,1918000.0,1918000.0,1918000.0,1918000.0,11457
2026-07-23 10:24:00,1919000.0,1919000.0,1919000.0,1919000.0,7043
2026-07-23 10:25:00,1912000.0,1912000.0,1912000.0,1912000.0,12389
2026-07-23 10:26:00,1916000.0,1916000.0,1916000.0,1916000.0,11638
2026-07-23 10:27:00,1916000.0,1916000.0,1916000.0,1916000.0,8056
2026-07-23 10:28:00,1912000.0,1912000.0,1912000.0,1912000.0,8379
2026-07-23 10:29:00,1913000.0,1913000.0,1913000.0,1913000.0,7775
2026-07-23 10:30:00,1901000.0,1901000.0,1901000.0,1901000.0,35261
2026-07-23 10:31:00,1894000.0,1894000.0,1894000.0,1894000.0,34120
2026-07-23 10:32:00,1906000.0,1906000.0,1906000.0,1906000.0,15602
2026-07-23 10:33:00,1904000.0,1904000.0,1904000.0,1904000.0,9962
2026-07-23 10:34:00,1911000.0,1911000.0,1911000.0,1911000.0,11603
2026-07-23 10:35:00,1911000.0,1911000.0,1911000.0,1911000.0,8892
2026-07-23 10:36:00,1912000.0,1912000.0,1912000.0,1912000.0,9392
2026-07-23 10:37:00,1909000.0,1909000.0,1909000.0,1909000.0,9722
2026-07-23 10:38:00,1913000.0,1913000.0,1913000.0,1913000.0,5062
2026-07-23 10:39:00,1908500.0,1908500.0,1908500.0,1908500.0,7487
2026-07-23 10:40:00,1910000.0,1910000.0,1910000.0,1910000.0,6013
2026-07-23 10:41:00,1905000.0,1905000.0,1905000.0,1905000.0,6846
2026-07-23 10:42:00,1908000.0,1908000.0,1908000.0,1908000.0,6896
2026-07-23 10:43:00,1905000.0,1905000.0,1905000.0,1905000.0,6143
2026-07-23 10:44:00,1897000.0,1897000.0,1897000.0,1897000.0,11139
2026-07-23 10:45:00,1901000.0,1901000.0,1901000.0,1901000.0,8836
2026-07-23 10:46:00,1896000.0,1896000.0,1896000.0,1896000.0,8176
2026-07-23 10:47:00,1892000.0,1892000.0,1892000.0,1892000.0,7910
2026-07-23 10:48:00,1890000.0,1890000.0,1890000.0,1890000.0,16579
2026-07-23 10:49:00,1884000.0,1884000.0,1884000.0,1884000.0,16340
2026-07-23 10:50:00,1891000.0,1891000.0,1891000.0,1891000.0,9245
2026-07-23 10:51:00,1898000.0,1898000.0,1898000.0,1898000.0,9209
2026-07-23 10:52:00,1897000.0,1897000.0,1897000.0,1897000.0,5404
2026-07-23 10:53:00,1893000.0,1893000.0,1893000.0,1893000.0,8343
2026-07-23 10:54:00,1887000.0,1887000.0,1887000.0,1887000.0,10704
2026-07-23 10:55:00,1888000.0,1888000.0,1888000.0,1888000.0,8182
2026-07-23 10:56:00,1885000.0,1885000.0,1885000.0,1885000.0,10598
2026-07-23 10:57:00,1883000.0,1883000.0,1883000.0,1883000.0,12240
2026-07-23 10:58:00,1876000.0,1876000.0,1876000.0,1876000.0,20103
2026-07-23 10:59:00,1872000.0,1872000.0,1872000.0,1872000.0,13315
2026-07-23 11:00:00,1875000.0,1875000.0,1875000.0,1875000.0,11078
2026-07-23 11:01:00,1881000.0,1881000.0,1881000.0,1881000.0,9034
2026-07-23 11:02:00,1881000.0,1881000.0,1881000.0,1881000.0,6249
2026-07-23 11:03:00,1875000.0,1875000.0,1875000.0,1875000.0,11458
2026-07-23 11:04:00,1888000.0,1888000.0,1888000.0,1888000.0,8132
2026-07-23 11:05:00,1887000.0,1887000.0,1887000.0,1887000.0,6295
2026-07-23 11:06:00,1887000.0,1887000.0,1887000.0,1887000.0,3159
2026-07-23 11:07:00,1886000.0,1886000.0,1886000.0,1886000.0,7324
2026-07-23 11:08:00,1882000.0,1882000.0,1882000.0,1882000.0,4266
2026-07-23 11:09:00,1879000.0,1879000.0,1879000.0,1879000.0,6146
2026-07-23 11:10:00,1875000.0,1875000.0,1875000.0,1875000.0,14016
2026-07-23 11:11:00,1874000.0,1874000.0,1874000.0,1874000.0,7255
2026-07-23 11:12:00,1871000.0,1871000.0,1871000.0,1871000.0,15538
2026-07-23 11:13:00,1877000.0,1877000.0,1877000.0,1877000.0,5880
2026-07-23 11:14:00,1871000.0,1871000.0,1871000.0,1871000.0,8168
2026-07-23 11:15:00,1875000.0,1875000.0,1875000.0,1875000.0,5935
2026-07-23 11:16:00,1881000.0,1881000.0,1881000.0,1881000.0,6705
2026-07-23 11:17:00,1878000.0,1878000.0,1878000.0,1878000.0,9204
2026-07-23 11:18:00,1871000.0,1871000.0,1871000.0,1871000.0,9140
2026-07-23 11:19:00,1872000.0,1872000.0,1872000.0,1872000.0,4896
2026-07-23 11:20:00,1870000.0,1870000.0,1870000.0,1870000.0,3599
2026-07-23 11:21:00,1861000.0,1861000.0,1861000.0,1861000.0,41198
2026-07-23 11:22:00,1855000.0,1855000.0,1855000.0,1855000.0,11893
2026-07-23 11:23:00,1853000.0,1853000.0,1853000.0,1853000.0,22628
2026-07-23 11:24:00,1856000.0,1856000.0,1856000.0,1856000.0,9457
2026-07-23 11:25:00,1848000.0,1848000.0,1848000.0,1848000.0,22743
2026-07-23 11:26:00,1849000.0,1849000.0,1849000.0,1849000.0,11843
2026-07-23 11:27:00,1850000.0,1850000.0,1850000.0,1850000.0,11758
2026-07-23 11:28:00,1857000.0,1857000.0,1857000.0,1857000.0,20065
2026-07-23 11:29:00,1863000.0,1863000.0,1863000.0,1863000.0,13488
2026-07-23 11:30:00,1856000.0,1856000.0,1856000.0,1856000.0,8309
2026-07-23 11:31:00,1863500.0,1863500.0,1863500.0,1863500.0,4727
2026-07-23 11:32:00,1861000.0,1861000.0,1861000.0,1861000.0,8349
2026-07-23 11:33:00,1869000.0,1869000.0,1869000.0,1869000.0,5424
2026-07-23 11:34:00,1867000.0,1867000.0,1867000.0,1867000.0,4631
2026-07-23 11:35:00,1862000.0,1862000.0,1862000.0,1862000.0,6535
2026-07-23 11:36:00,1861000.0,1861000.0,1861000.0,1861000.0,3990
2026-07-23 11:37:00,1853000.0,1853000.0,1853000.0,1853000.0,7797
2026-07-23 11:38:00,1853000.0,1853000.0,1853000.0,1853000.0,6930
2026-07-23 11:39:00,1856000.0,1856000.0,1856000.0,1856000.0,3700
2026-07-23 11:40:00,1854000.0,1854000.0,1854000.0,1854000.0,6982
2026-07-23 11:41:00,1859000.0,1859000.0,1859000.0,1859000.0,6017
2026-07-23 11:42:00,1862000.0,1862000.0,1862000.0,1862000.0,5346
2026-07-23 11:43:00,1861000.0,1861000.0,1861000.0,1861000.0,3789
2026-07-23 11:44:00,1865000.0,1865000.0,1865000.0,1865000.0,5813
2026-07-23 11:45:00,1874000.0,1874000.0,1874000.0,1874000.0,7194
2026-07-23 11:46:00,1874000.0,1874000.0,1874000.0,1874000.0,9700
2026-07-23 11:47:00,1879000.0,1879000.0,1879000.0,1879000.0,12516
2026-07-23 11:48:00,1883000.0,1883000.0,1883000.0,1883000.0,11148
2026-07-23 11:49:00,1877000.0,1877000.0,1877000.0,1877000.0,5088
2026-07-23 11:50:00,1878000.0,1878000.0,1878000.0,1878000.0,5185
2026-07-23 11:51:00,1884000.0,1884000.0,1884000.0,1884000.0,8270
2026-07-23 11:52:00,1884000.0,1884000.0,1884000.0,1884000.0,7610
2026-07-23 11:53:00,1886000.0,1886000.0,1886000.0,1886000.0,9503
2026-07-23 11:54:00,1888000.0,1888000.0,1888000.0,1888000.0,4160
2026-07-23 11:55:00,1883000.0,1883000.0,1883000.0,1883000.0,5541
2026-07-23 11:56:00,1887000.0,1887000.0,1887000.0,1887000.0,4301
2026-07-23 11:57:00,1886000.0,1886000.0,1886000.0,1886000.0,3050
2026-07-23 11:58:00,1888000.0,1888000.0,1888000.0,1888000.0,5326
2026-07-23 11:59:00,1883000.0,1883000.0,1883000.0,1883000.0,4566
2026-07-23 12:00:00,1879000.0,1879000.0,1879000.0,1879000.0,8843
2026-07-23 12:01:00,1875000.0,1875000.0,1875000.0,1875000.0,5925
2026-07-23 12:02:00,1878000.0,1878000.0,1878000.0,1878000.0,2242
2026-07-23 12:03:00,1873000.0,1873000.0,1873000.0,1873000.0,2745
2026-07-23 12:04:00,1876000.0,1876000.0,1876000.0,1876000.0,1390
2026-07-23 12:05:00,1874000.0,1874000.0,1874000.0,1874000.0,3074
2026-07-23 12:06:00,1880000.0,1880000.0,1880000.0,1880000.0,2741
2026-07-23 12:07:00,1874000.0,1874000.0,1874000.0,1874000.0,4209
2026-07-23 12:08:00,1871000.0,1871000.0,1871000.0,1871000.0,5783
2026-07-23 12:09:00,1870000.0,1870000.0,1870000.0,1870000.0,4469
2026-07-23 12:10:00,1869000.0,1869000.0,1869000.0,1869000.0,4379
2026-07-23 12:11:00,1866000.0,1866000.0,1866000.0,1866000.0,6049
2026-07-23 12:12:00,1867000.0,1867000.0,1867000.0,1867000.0,4233
2026-07-23 12:13:00,1872000.0,1872000.0,1872000.0,1872000.0,3055
2026-07-23 12:14:00,1877000.0,1877000.0,1877000.0,1877000.0,2164
2026-07-23 12:15:00,1869000.0,1869000.0,1869000.0,1869000.0,3692
2026-07-23 12:16:00,1871000.0,1871000.0,1871000.0,1871000.0,2809
2026-07-23 12:17:00,1872000.0,1872000.0,1872000.0,1872000.0,2201
2026-07-23 12:18:00,1876000.0,1876000.0,1876000.0,1876000.0,2524
2026-07-23 12:19:00,1881000.0,1881000.0,1881000.0,1881000.0,2292
2026-07-23 12:20:00,1883000.0,1883000.0,1883000.0,1883000.0,5293
2026-07-23 12:21:00,1886000.0,1886000.0,1886000.0,1886000.0,8349
2026-07-23 12:22:00,1887000.0,1887000.0,1887000.0,1887000.0,5834
2026-07-23 12:23:00,1883000.0,1883000.0,1883000.0,1883000.0,4330
2026-07-23 12:24:00,1886000.0,1886000.0,1886000.0,1886000.0,4833
2026-07-23 12:25:00,1885000.0,1885000.0,1885000.0,1885000.0,3631
2026-07-23 12:26:00,1890000.0,1890000.0,1890000.0,1890000.0,8655
2026-07-23 12:27:00,1891000.0,1891000.0,1891000.0,1891000.0,7853
2026-07-23 12:28:00,1894000.0,1894000.0,1894000.0,1894000.0,5577
2026-07-23 12:29:00,1898000.0,1898000.0,1898000.0,1898000.0,7082
2026-07-23 12:30:00,1900000.0,1900000.0,1900000.0,1900000.0,10836
2026-07-23 12:31:00,1893000.0,1893000.0,1893000.0,1893000.0,9986
2026-07-23 12:32:00,1891000.0,1891000.0,1891000.0,1891000.0,11018
2026-07-23 12:33:00,1895000.0,1895000.0,1895000.0,1895000.0,9846
2026-07-23 12:34:00,1891000.0,1891000.0,1891000.0,1891000.0,7020
2026-07-23 12:35:00,1894000.0,1894000.0,1894000.0,1894000.0,8860
2026-07-23 12:36:00,1901000.0,1901000.0,1901000.0,1901000.0,8661
2026-07-23 12:37:00,1900000.0,1900000.0,1900000.0,1900000.0,7782
2026-07-23 12:38:00,1902000.0,1902000.0,1902000.0,1902000.0,2935
2026-07-23 12:39:00,1903000.0,1903000.0,1903000.0,1903000.0,8142
2026-07-23 12:40:00,1899000.0,1899000.0,1899000.0,1899000.0,8427
2026-07-23 12:41:00,1900000.0,1900000.0,1900000.0,1900000.0,6078
2026-07-23 12:42:00,1900000.0,1900000.0,1900000.0,1900000.0,6001
2026-07-23 12:43:00,1904000.0,1904000.0,1904000.0,1904000.0,4244
2026-07-23 12:44:00,1903000.0,1903000.0,1903000.0,1903000.0,5038
2026-07-23 12:45:00,1902000.0,1902000.0,1902000.0,1902000.0,4735
2026-07-23 12:46:00,1898000.0,1898000.0,1898000.0,1898000.0,4394
2026-07-23 12:47:00,1902000.0,1902000.0,1902000.0,1902000.0,5261
2026-07-23 12:48:00,1909000.0,1909000.0,1909000.0,1909000.0,8520
2026-07-23 12:49:00,1908000.0,1908000.0,1908000.0,1908000.0,5682
2026-07-23 12:50:00,1910000.0,1910000.0,1910000.0,1910000.0,7038
2026-07-23 12:51:00,1909000.0,1909000.0,1909000.0,1909000.0,7524
2026-07-23 12:52:00,1913000.0,1913000.0,1913000.0,1913000.0,8388
2026-07-23 12:53:00,1914000.0,1914000.0,1914000.0,1914000.0,5158
2026-07-23 12:54:00,1915000.0,1915000.0,1915000.0,1915000.0,8827
2026-07-23 12:55:00,1907000.0,1907000.0,1907000.0,1907000.0,3967
2026-07-23 12:56:00,1908000.0,1908000.0,1908000.0,1908000.0,8139
2026-07-23 12:57:00,1905000.0,1905000.0,1905000.0,1905000.0,4734
2026-07-23 12:58:00,1902000.0,1902000.0,1902000.0,1902000.0,7664
2026-07-23 12:59:00,1901000.0,1901000.0,1901000.0,1901000.0,6216
2026-07-23 13:00:00,1893000.0,1893000.0,1893000.0,1893000.0,9526
2026-07-23 13:01:00,1898000.0,1898000.0,1898000.0,1898000.0,3603
2026-07-23 13:02:00,1898000.0,1898000.0,1898000.0,1898000.0,7602
2026-07-23 13:03:00,1900000.0,1900000.0,1900000.0,1900000.0,4557
2026-07-23 13:04:00,1900000.0,1900000.0,1900000.0,1900000.0,1730
2026-07-23 13:05:00,1892000.0,1892000.0,1892000.0,1892000.0,6561
2026-07-23 13:06:00,1887000.0,1887000.0,1887000.0,1887000.0,13761
2026-07-23 13:07:00,1886000.0,1886000.0,1886000.0,1886000.0,5637
2026-07-23 13:08:00,1897000.0,1897000.0,1897000.0,1897000.0,5899
2026-07-23 13:09:00,1894000.0,1894000.0,1894000.0,1894000.0,5450
2026-07-23 13:10:00,1894000.0,1894000.0,1894000.0,1894000.0,2906
2026-07-23 13:11:00,1898000.0,1898000.0,1898000.0,1898000.0,4695
2026-07-23 13:12:00,1905000.0,1905000.0,1905000.0,1905000.0,6646
2026-07-23 13:13:00,1907000.0,1907000.0,1907000.0,1907000.0,5607
2026-07-23 13:14:00,1909000.0,1909000.0,1909000.0,1909000.0,4161
2026-07-23 13:15:00,1910000.0,1910000.0,1910000.0,1910000.0,11461
2026-07-23 13:16:00,1906000.0,1906000.0,1906000.0,1906000.0,5467
2026-07-23 13:17:00,1906000.0,1906000.0,1906000.0,1906000.0,5637
2026-07-23 13:18:00,1910000.0,1910000.0,1910000.0,1910000.0,7539
2026-07-23 13:19:00,1907000.0,1907000.0,1907000.0,1907000.0,4814
2026-07-23 13:20:00,1909000.0,1909000.0,1909000.0,1909000.0,4231
2026-07-23 13:21:00,1916000.0,1916000.0,1916000.0,1916000.0,9880
2026-07-23 13:22:00,1919000.0,1919000.0,1919000.0,1919000.0,12097
2026-07-23 13:23:00,1918000.0,1918000.0,1918000.0,1918000.0,6613
2026-07-23 13:24:00,1922000.0,1922000.0,1922000.0,1922000.0,5638
2026-07-23 13:25:00,1926000.0,1926000.0,1926000.0,1926000.0,9898
2026-07-23 13:26:00,1924000.0,1924000.0,1924000.0,1924000.0,6381
2026-07-23 13:27:00,1920000.0,1920000.0,1920000.0,1920000.0,7947
2026-07-23 13:28:00,1921000.0,1921000.0,1921000.0,1921000.0,7553
2026-07-23 13:29:00,1924000.0,1924000.0,1924000.0,1924000.0,6679
2026-07-23 13:30:00,1922000.0,1922000.0,1922000.0,1922000.0,4195
2026-07-23 13:31:00,1917000.0,1917000.0,1917000.0,1917000.0,6390
2026-07-23 13:32:00,1919000.0,1919000.0,1919000.0,1919000.0,6319
2026-07-23 13:33:00,1927000.0,1927000.0,1927000.0,1927000.0,14348
2026-07-23 13:34:00,1928000.0,1928000.0,1928000.0,1928000.0,6395
2026-07-23 13:35:00,1923000.0,1923000.0,1923000.0,1923000.0,5714
2026-07-23 13:36:00,1924000.0,1924000.0,1924000.0,1924000.0,6728
2026-07-23 13:37:00,1923000.0,1923000.0,1923000.0,1923000.0,5686
2026-07-23 13:38:00,1922000.0,1922000.0,1922000.0,1922000.0,3957
2026-07-23 13:39:00,1924000.0,1924000.0,1924000.0,1924000.0,5634
2026-07-23 13:40:00,1923000.0,1923000.0,1923000.0,1923000.0,4346
2026-07-23 13:41:00,1914500.0,1914500.0,1914500.0,1914500.0,15830
2026-07-23 13:42:00,1912000.0,1912000.0,1912000.0,1912000.0,8228
2026-07-23 13:43:00,1913000.0,1913000.0,1913000.0,1913000.0,4909
2026-07-23 13:44:00,1921000.0,1921000.0,1921000.0,1921000.0,4022
2026-07-23 13:45:00,1921000.0,1921000.0,1921000.0,1921000.0,9612
2026-07-23 13:46:00,1924000.0,1924000.0,1924000.0,1924000.0,5382
2026-07-23 13:47:00,1925000.0,1925000.0,1925000.0,1925000.0,6597
2026-07-23 13:48:00,1923000.0,1923000.0,1923000.0,1923000.0,5333
2026-07-23 13:49:00,1919000.0,1919000.0,1919000.0,1919000.0,7924
2026-07-23 13:50:00,1914000.0,1914000.0,1914000.0,1914000.0,5505
2026-07-23 13:51:00,1912000.0,1912000.0,1912000.0,1912000.0,6495
2026-07-23 13:52:00,1913000.0,1913000.0,1913000.0,1913000.0,6607
2026-07-23 13:53:00,1910000.0,1910000.0,1910000.0,1910000.0,11744
2026-07-23 13:54:00,1914000.0,1914000.0,1914000.0,1914000.0,6984
2026-07-23 13:55:00,1913000.0,1913000.0,1913000.0,1913000.0,6679
2026-07-23 13:56:00,1915000.0,1915000.0,1915000.0,1915000.0,4158
2026-07-23 13:57:00,1916000.0,1916000.0,1916000.0,1916000.0,2663
2026-07-23 13:58:00,1919000.0,1919000.0,1919000.0,1919000.0,5100
2026-07-23 13:59:00,1919000.0,1919000.0,1919000.0,1919000.0,9455
2026-07-23 14:00:00,1911000.0,1911000.0,1911000.0,1911000.0,7316
2026-07-23 14:01:00,1907000.0,1907000.0,1907000.0,1907000.0,8642
2026-07-23 14:02:00,1907000.0,1907000.0,1907000.0,1907000.0,6964
2026-07-23 14:03:00,1905000.0,1905000.0,1905000.0,1905000.0,6214
2026-07-23 14:04:00,1905000.0,1905000.0,1905000.0,1905000.0,9697
2026-07-23 14:05:00,1909000.0,1909000.0,1909000.0,1909000.0,8911
2026-07-23 14:06:00,1910000.0,1910000.0,1910000.0,1910000.0,4483
2026-07-23 14:07:00,1911000.0,1911000.0,1911000.0,1911000.0,9543
2026-07-23 14:08:00,1907000.0,1907000.0,1907000.0,1907000.0,10684
2026-07-23 14:09:00,1910000.0,1910000.0,1910000.0,1910000.0,4477
2026-07-23 14:10:00,1909000.0,1909000.0,1909000.0,1909000.0,8232
2026-07-23 14:11:00,1900000.0,1900000.0,1900000.0,1900000.0,9437
2026-07-23 14:12:00,1902000.0,1902000.0,1902000.0,1902000.0,10778
2026-07-23 14:13:00,1895000.0,1895000.0,1895000.0,1895000.0,11533
2026-07-23 14:14:00,1898000.0,1898000.0,1898000.0,1898000.0,7521
2026-07-23 14:15:00,1897000.0,1897000.0,1897000.0,1897000.0,11452
2026-07-23 14:16:00,1892000.0,1892000.0,1892000.0,1892000.0,9312
2026-07-23 14:17:00,1893000.0,1893000.0,1893000.0,1893000.0,9498
2026-07-23 14:18:00,1895000.0,1895000.0,1895000.0,1895000.0,6940
2026-07-23 14:19:00,1898000.0,1898000.0,1898000.0,1898000.0,3402
2026-07-23 14:20:00,1907000.0,1907000.0,1907000.0,1907000.0,8696
2026-07-23 14:21:00,1911000.0,1911000.0,1911000.0,1911000.0,7455
2026-07-23 14:22:00,1910000.0,1910000.0,1910000.0,1910000.0,10436
2026-07-23 14:23:00,1908000.0,1908000.0,1908000.0,1908000.0,6166
2026-07-23 14:24:00,1910000.0,1910000.0,1910000.0,1910000.0,6411
2026-07-23 14:25:00,1917000.0,1917000.0,1917000.0,1917000.0,9052
2026-07-23 14:26:00,1921000.0,1921000.0,1921000.0,1921000.0,11517
2026-07-23 14:27:00,1925000.0,1925000.0,1925000.0,1925000.0,16427
2026-07-23 14:28:00,1929000.0,1929000.0,1929000.0,1929000.0,17811
2026-07-23 14:29:00,1928000.0,1928000.0,1928000.0,1928000.0,11094
2026-07-23 14:30:00,1930000.0,1930000.0,1930000.0,1930000.0,17110
2026-07-23 14:31:00,1934000.0,1934000.0,1934000.0,1934000.0,18294
2026-07-23 14:32:00,1928000.0,1928000.0,1928000.0,1928000.0,13768
2026-07-23 14:33:00,1924000.0,1924000.0,1924000.0,1924000.0,14712
2026-07-23 14:34:00,1921000.0,1921000.0,1921000.0,1921000.0,13122
2026-07-23 14:35:00,1917000.0,1917000.0,1917000.0,1917000.0,7259
2026-07-23 14:36:00,1919000.0,1919000.0,1919000.0,1919000.0,9330
2026-07-23 14:37:00,1918000.0,1918000.0,1918000.0,1918000.0,6028
2026-07-23 14:38:00,1912000.0,1912000.0,1912000.0,1912000.0,12576
2026-07-23 14:39:00,1910000.0,1910000.0,1910000.0,1910000.0,15925
2026-07-23 14:40:00,1911000.0,1911000.0,1911000.0,1911000.0,10646
2026-07-23 14:41:00,1912000.0,1912000.0,1912000.0,1912000.0,6739
2026-07-23 14:42:00,1911000.0,1911000.0,1911000.0,1911000.0,9314
2026-07-23 14:43:00,1908000.0,1908000.0,1908000.0,1908000.0,10898
2026-07-23 14:44:00,1908000.0,1908000.0,1908000.0,1908000.0,9386
2026-07-23 14:45:00,1904000.0,1904000.0,1904000.0,1904000.0,12233
2026-07-23 14:46:00,1904000.0,1904000.0,1904000.0,1904000.0,8196
2026-07-23 14:47:00,1901000.0,1901000.0,1901000.0,1901000.0,12854
2026-07-23 14:48:00,1895500.0,1895500.0,1895500.0,1895500.0,21964
2026-07-23 14:49:00,1894000.0,1894000.0,1894000.0,1894000.0,14347
2026-07-23 14:50:00,1894000.0,1894000.0,1894000.0,1894000.0,14880
2026-07-23 14:51:00,1901000.0,1901000.0,1901000.0,1901000.0,19004
2026-07-23 14:52:00,1898000.0,1898000.0,1898000.0,1898000.0,11062
2026-07-23 14:53:00,1899000.0,1899000.0,1899000.0,1899000.0,24783
2026-07-23 14:54:00,1894000.0,1894000.0,1894000.0,1894000.0,15342
2026-07-23 14:55:00,1899000.0,1899000.0,1899000.0,1899000.0,17927
2026-07-23 14:56:00,1901000.0,1901000.0,1901000.0,1901000.0,7256
2026-07-23 14:57:00,1898000.0,1898000.0,1898000.0,1898000.0,13366
2026-07-23 14:58:00,1899000.0,1899000.0,1899000.0,1899000.0,9887
2026-07-23 14:59:00,1899000.0,1899000.0,1899000.0,1899000.0,11900
2026-07-23 15:00:00,1899000.0,1899000.0,1899000.0,1899000.0,8434
2026-07-23 15:01:00,1909500.0,1909500.0,1909500.0,1909500.0,9976
2026-07-23 15:02:00,1902000.0,1902000.0,1902000.0,1902000.0,10854
2026-07-23 15:03:00,1897000.0,1897000.0,1897000.0,1897000.0,15258
2026-07-23 15:04:00,1898000.0,1898000.0,1898000.0,1898000.0,10134
2026-07-23 15:05:00,1904000.0,1904000.0,1904000.0,1904000.0,6134
2026-07-23 15:06:00,1903000.0,1903000.0,1903000.0,1903000.0,7529
2026-07-23 15:07:00,1900000.0,1900000.0,1900000.0,1900000.0,12795
2026-07-23 15:08:00,1899000.0,1899000.0,1899000.0,1899000.0,12833
2026-07-23 15:09:00,1895000.0,1895000.0,1895000.0,1895000.0,12948
2026-07-23 15:10:00,1898000.0,1898000.0,1898000.0,1898000.0,9515
2026-07-23 15:11:00,1898000.0,1898000.0,1898000.0,1898000.0,11920
2026-07-23 15:12:00,1905000.0,1905000.0,1905000.0,1905000.0,7440
2026-07-23 15:13:00,1907000.0,1907000.0,1907000.0,1907000.0,11630
2026-07-23 15:14:00,1912000.0,1912000.0,1912000.0,1912000.0,13050
2026-07-23 15:15:00,1903000.0,1903000.0,1903000.0,1903000.0,18122
2026-07-23 15:16:00,1902000.0,1902000.0,1902000.0,1902000.0,14085
2026-07-23 15:17:00,1904000.0,1904000.0,1904000.0,1904000.0,10607
2026-07-23 15:18:00,1903500.0,1903500.0,1903500.0,1903500.0,12374
2026-07-23 15:19:00,1907000.0,1907000.0,1907000.0,1907000.0,15115
2026-07-23 15:30:00,1919000.0,1919000.0,1919000.0,1919000.0,301534
