datetime,open,high,low,close,volume
2026-07-15 09:02:00,19015.0,19015.0,19015.0,19015.0,5560736
2026-07-15 09:03:00,19055.0,19055.0,19055.0,19055.0,3345074
2026-07-15 09:04:00,18825.0,18825.0,18825.0,18825.0,2349420
2026-07-15 09:05:00,18760.0,18760.0,18760.0,18760.0,1802308
2026-07-15 09:06:00,18835.0,18835.0,18835.0,18835.0,2101013
2026-07-15 09:07:00,18835.0,18835.0,18835.0,18835.0,1151088
2026-07-15 09:08:00,18780.0,18780.0,18780.0,18780.0,910965
2026-07-15 09:09:00,18760.0,18760.0,18760.0,18760.0,1093596
2026-07-15 09:10:00,18950.0,18950.0,18950.0,18950.0,1896519
2026-07-15 09:11:00,19095.0,19095.0,19095.0,19095.0,1612300
2026-07-15 09:12:00,19055.0,19055.0,19055.0,19055.0,1687387
2026-07-15 09:13:00,19040.0,19040.0,19040.0,19040.0,1256616
2026-07-15 09:14:00,18975.0,18975.0,18975.0,18975.0,861635
2026-07-15 09:15:00,18940.0,18940.0,18940.0,18940.0,718966
2026-07-15 09:16:00,19200.0,19200.0,19200.0,19200.0,1517926
2026-07-15 09:17:00,19235.0,19235.0,19235.0,19235.0,1529804
2026-07-15 09:18:00,19390.0,19390.0,19390.0,19390.0,1607936
2026-07-15 09:19:00,19595.0,19595.0,19595.0,19595.0,1304384
2026-07-15 09:20:00,19745.0,19745.0,19745.0,19745.0,1854345
2026-07-15 09:21:00,19760.0,19760.0,19760.0,19760.0,1412886
2026-07-15 09:22:00,19620.0,19620.0,19620.0,19620.0,1257530
2026-07-15 09:23:00,19655.0,19655.0,19655.0,19655.0,857144
2026-07-15 09:24:00,19595.0,19595.0,19595.0,19595.0,769137
2026-07-15 09:25:00,19515.0,19515.0,19515.0,19515.0,1345883
2026-07-15 09:26:00,19765.0,19765.0,19765.0,19765.0,936810
2026-07-15 09:27:00,19640.0,19640.0,19640.0,19640.0,944369
2026-07-15 09:28:00,19805.0,19805.0,19805.0,19805.0,1309686
2026-07-15 09:29:00,19825.0,19825.0,19825.0,19825.0,1113717
2026-07-15 09:30:00,19985.0,19985.0,19985.0,19985.0,1652953
2026-07-15 09:31:00,19815.0,19815.0,19815.0,19815.0,1154785
2026-07-15 09:32:00,19660.0,19660.0,19660.0,19660.0,1268912
2026-07-15 09:33:00,19670.0,19670.0,19670.0,19670.0,1118546
2026-07-15 09:34:00,19665.0,19665.0,19665.0,19665.0,800271
2026-07-15 09:35:00,19480.0,19480.0,19480.0,19480.0,1004576
2026-07-15 09:36:00,19425.0,19425.0,19425.0,19425.0,1379777
2026-07-15 09:37:00,19260.0,19260.0,19260.0,19260.0,1170983
2026-07-15 09:38:00,19500.0,19500.0,19500.0,19500.0,1594690
2026-07-15 09:39:00,19435.0,19435.0,19435.0,19435.0,923606
2026-07-15 09:40:00,19425.0,19425.0,19425.0,19425.0,696452
2026-07-15 09:41:00,19345.0,19345.0,19345.0,19345.0,627023
2026-07-15 09:42:00,19460.0,19460.0,19460.0,19460.0,777016
2026-07-15 09:43:00,19310.0,19310.0,19310.0,19310.0,797003
2026-07-15 09:44:00,19450.0,19450.0,19450.0,19450.0,753682
2026-07-15 09:45:00,19445.0,19445.0,19445.0,19445.0,798661
2026-07-15 09:46:00,19610.0,19610.0,19610.0,19610.0,904232
2026-07-15 09:47:00,19620.0,19620.0,19620.0,19620.0,1226329
2026-07-15 09:48:00,19610.0,19610.0,19610.0,19610.0,540735
2026-07-15 09:49:00,19635.0,19635.0,19635.0,19635.0,551142
2026-07-15 09:50:00,19770.0,19770.0,19770.0,19770.0,917038
2026-07-15 09:51:00,19840.0,19840.0,19840.0,19840.0,645219
2026-07-15 09:52:00,19765.0,19765.0,19765.0,19765.0,828346
2026-07-15 09:53:00,19720.0,19720.0,19720.0,19720.0,655285
2026-07-15 09:54:00,19795.0,19795.0,19795.0,19795.0,633328
2026-07-15 09:55:00,19785.0,19785.0,19785.0,19785.0,690883
2026-07-15 09:56:00,19780.0,19780.0,19780.0,19780.0,516709
2026-07-15 09:57:00,19840.0,19840.0,19840.0,19840.0,752558
2026-07-15 09:58:00,19875.0,19875.0,19875.0,19875.0,809852
2026-07-15 09:59:00,19830.0,19830.0,19830.0,19830.0,671972
2026-07-15 10:00:00,19650.0,19650.0,19650.0,19650.0,918367
2026-07-15 10:01:00,19580.0,19580.0,19580.0,19580.0,951445
2026-07-15 10:02:00,19500.0,19500.0,19500.0,19500.0,1003503
2026-07-15 10:03:00,19375.0,19375.0,19375.0,19375.0,999053
2026-07-15 10:04:00,19545.0,19545.0,19545.0,19545.0,965434
2026-07-15 10:05:00,19300.0,19300.0,19300.0,19300.0,854631
2026-07-15 10:06:00,19400.0,19400.0,19400.0,19400.0,718977
2026-07-15 10:07:00,19260.0,19260.0,19260.0,19260.0,835620
2026-07-15 10:08:00,19205.0,19205.0,19205.0,19205.0,1287622
2026-07-15 10:09:00,19195.0,19195.0,19195.0,19195.0,819742
2026-07-15 10:10:00,19135.0,19135.0,19135.0,19135.0,851383
2026-07-15 10:11:00,18975.0,18975.0,18975.0,18975.0,1383296
2026-07-15 10:12:00,19220.0,19220.0,19220.0,19220.0,1622921
2026-07-15 10:13:00,19285.0,19285.0,19285.0,19285.0,806941
2026-07-15 10:14:00,19180.0,19180.0,19180.0,19180.0,1068580
2026-07-15 10:15:00,19320.0,19320.0,19320.0,19320.0,888649
2026-07-15 10:16:00,19285.0,19285.0,19285.0,19285.0,632474
2026-07-15 10:17:00,19310.0,19310.0,19310.0,19310.0,537291
2026-07-15 10:18:00,19310.0,19310.0,19310.0,19310.0,398619
2026-07-15 10:19:00,19435.0,19435.0,19435.0,19435.0,660657
2026-07-15 10:20:00,19285.0,19285.0,19285.0,19285.0,686675
2026-07-15 10:21:00,19330.0,19330.0,19330.0,19330.0,540529
2026-07-15 10:22:00,19460.0,19460.0,19460.0,19460.0,757858
2026-07-15 10:23:00,19460.0,19460.0,19460.0,19460.0,428824
2026-07-15 10:24:00,19430.0,19430.0,19430.0,19430.0,372925
2026-07-15 10:25:00,19415.0,19415.0,19415.0,19415.0,417268
2026-07-15 10:26:00,19580.0,19580.0,19580.0,19580.0,700469
2026-07-15 10:27:00,19635.0,19635.0,19635.0,19635.0,778626
2026-07-15 10:28:00,19605.0,19605.0,19605.0,19605.0,621836
2026-07-15 10:29:00,19620.0,19620.0,19620.0,19620.0,527691
2026-07-15 10:30:00,19525.0,19525.0,19525.0,19525.0,876000
2026-07-15 10:31:00,19475.0,19475.0,19475.0,19475.0,664532
2026-07-15 10:32:00,19265.0,19265.0,19265.0,19265.0,779932
2026-07-15 10:33:00,19100.0,19100.0,19100.0,19100.0,945159
2026-07-15 10:34:00,19145.0,19145.0,19145.0,19145.0,1020164
2026-07-15 10:35:00,19160.0,19160.0,19160.0,19160.0,597857
2026-07-15 10:36:00,19130.0,19130.0,19130.0,19130.0,638968
2026-07-15 10:37:00,19195.0,19195.0,19195.0,19195.0,834360
2026-07-15 10:38:00,19260.0,19260.0,19260.0,19260.0,867026
2026-07-15 10:39:00,19180.0,19180.0,19180.0,19180.0,382723
2026-07-15 10:40:00,18910.0,18910.0,18910.0,18910.0,1051083
2026-07-15 10:41:00,18875.0,18875.0,18875.0,18875.0,846636
2026-07-15 10:42:00,18715.0,18715.0,18715.0,18715.0,1124606
2026-07-15 10:43:00,18685.0,18685.0,18685.0,18685.0,980868
2026-07-15 10:44:00,18585.0,18585.0,18585.0,18585.0,853798
2026-07-15 10:45:00,18845.0,18845.0,18845.0,18845.0,1462794
2026-07-15 10:46:00,18775.0,18775.0,18775.0,18775.0,995706
2026-07-15 10:47:00,18770.0,18770.0,18770.0,18770.0,673704
2026-07-15 10:48:00,18655.0,18655.0,18655.0,18655.0,612614
2026-07-15 10:49:00,18880.0,18880.0,18880.0,18880.0,909688
2026-07-15 10:50:00,18940.0,18940.0,18940.0,18940.0,773935
2026-07-15 10:51:00,18895.0,18895.0,18895.0,18895.0,550092
2026-07-15 10:52:00,18820.0,18820.0,18820.0,18820.0,510184
2026-07-15 10:53:00,19020.0,19020.0,19020.0,19020.0,858107
2026-07-15 10:54:00,19095.0,19095.0,19095.0,19095.0,578282
2026-07-15 10:55:00,19115.0,19115.0,19115.0,19115.0,863197
2026-07-15 10:56:00,19075.0,19075.0,19075.0,19075.0,531910
2026-07-15 10:57:00,19150.0,19150.0,19150.0,19150.0,500593
2026-07-15 10:58:00,19225.0,19225.0,19225.0,19225.0,458013
2026-07-15 10:59:00,19295.0,19295.0,19295.0,19295.0,693896
2026-07-15 11:00:00,19380.0,19380.0,19380.0,19380.0,723038
2026-07-15 11:01:00,19400.0,19400.0,19400.0,19400.0,639181
2026-07-15 11:02:00,19365.0,19365.0,19365.0,19365.0,425718
2026-07-15 11:03:00,19480.0,19480.0,19480.0,19480.0,742046
2026-07-15 11:04:00,19535.0,19535.0,19535.0,19535.0,494077
2026-07-15 11:05:00,19465.0,19465.0,19465.0,19465.0,879314
2026-07-15 11:06:00,19345.0,19345.0,19345.0,19345.0,810205
2026-07-15 11:07:00,19505.0,19505.0,19505.0,19505.0,656161
2026-07-15 11:08:00,19530.0,19530.0,19530.0,19530.0,316444
2026-07-15 11:09:00,19640.0,19640.0,19640.0,19640.0,861982
2026-07-15 11:10:00,19635.0,19635.0,19635.0,19635.0,727204
2026-07-15 11:11:00,19545.0,19545.0,19545.0,19545.0,629324
2026-07-15 11:12:00,19690.0,19690.0,19690.0,19690.0,747557
2026-07-15 11:13:00,19680.0,19680.0,19680.0,19680.0,632914
2026-07-15 11:14:00,19640.0,19640.0,19640.0,19640.0,615533
2026-07-15 11:15:00,19625.0,19625.0,19625.0,19625.0,529391
2026-07-15 11:16:00,19540.0,19540.0,19540.0,19540.0,629012
2026-07-15 11:17:00,19665.0,19665.0,19665.0,19665.0,735936
2026-07-15 11:18:00,19655.0,19655.0,19655.0,19655.0,331742
2026-07-15 11:19:00,19610.0,19610.0,19610.0,19610.0,355733
2026-07-15 11:20:00,19495.0,19495.0,19495.0,19495.0,547004
2026-07-15 11:21:00,19535.0,19535.0,19535.0,19535.0,680312
2026-07-15 11:22:00,19600.0,19600.0,19600.0,19600.0,474562
2026-07-15 11:23:00,19560.0,19560.0,19560.0,19560.0,366429
2026-07-15 11:24:00,19425.0,19425.0,19425.0,19425.0,560621
2026-07-15 11:25:00,19430.0,19430.0,19430.0,19430.0,310161
2026-07-15 11:26:00,19380.0,19380.0,19380.0,19380.0,561508
2026-07-15 11:27:00,19365.0,19365.0,19365.0,19365.0,348106
2026-07-15 11:28:00,19400.0,19400.0,19400.0,19400.0,452942
2026-07-15 11:29:00,19490.0,19490.0,19490.0,19490.0,540226
2026-07-15 11:30:00,19505.0,19505.0,19505.0,19505.0,585275
2026-07-15 11:31:00,19425.0,19425.0,19425.0,19425.0,356748
2026-07-15 11:32:00,19490.0,19490.0,19490.0,19490.0,355195
2026-07-15 11:33:00,19555.0,19555.0,19555.0,19555.0,603992
2026-07-15 11:34:00,19550.0,19550.0,19550.0,19550.0,255686
2026-07-15 11:35:00,19570.0,19570.0,19570.0,19570.0,338786
2026-07-15 11:36:00,19640.0,19640.0,19640.0,19640.0,527031
2026-07-15 11:37:00,19562.0,19562.0,19562.0,19562.0,413357
2026-07-15 11:38:00,19555.0,19555.0,19555.0,19555.0,411935
2026-07-15 11:39:00,19505.0,19505.0,19505.0,19505.0,365578
2026-07-15 11:40:00,19625.0,19625.0,19625.0,19625.0,394487
2026-07-15 11:41:00,19590.0,19590.0,19590.0,19590.0,325129
2026-07-15 11:42:00,19625.0,19625.0,19625.0,19625.0,351877
2026-07-15 11:43:00,19660.0,19660.0,19660.0,19660.0,231790
2026-07-15 11:44:00,19665.0,19665.0,19665.0,19665.0,266000
2026-07-15 11:45:00,19695.0,19695.0,19695.0,19695.0,450653
2026-07-15 11:46:00,19750.0,19750.0,19750.0,19750.0,474235
2026-07-15 11:47:00,19647.0,19647.0,19647.0,19647.0,541150
2026-07-15 11:48:00,19745.0,19745.0,19745.0,19745.0,366763
2026-07-15 11:49:00,19790.0,19790.0,19790.0,19790.0,354589
2026-07-15 11:50:00,19600.0,19600.0,19600.0,19600.0,613201
2026-07-15 11:51:00,19430.0,19430.0,19430.0,19430.0,1110568
2026-07-15 11:52:00,19515.0,19515.0,19515.0,19515.0,708540
2026-07-15 11:53:00,19440.0,19440.0,19440.0,19440.0,308154
2026-07-15 11:54:00,19490.0,19490.0,19490.0,19490.0,419561
2026-07-15 11:55:00,19535.0,19535.0,19535.0,19535.0,256234
2026-07-15 11:56:00,19460.0,19460.0,19460.0,19460.0,468636
2026-07-15 11:57:00,19430.0,19430.0,19430.0,19430.0,321419
2026-07-15 11:58:00,19430.0,19430.0,19430.0,19430.0,495154
2026-07-15 11:59:00,19315.0,19315.0,19315.0,19315.0,521431
2026-07-15 12:00:00,19310.0,19310.0,19310.0,19310.0,543493
2026-07-15 12:01:00,19445.0,19445.0,19445.0,19445.0,438522
2026-07-15 12:02:00,19535.0,19535.0,19535.0,19535.0,427957
2026-07-15 12:03:00,19470.0,19470.0,19470.0,19470.0,516885
2026-07-15 12:04:00,19500.0,19500.0,19500.0,19500.0,345504
2026-07-15 12:05:00,19490.0,19490.0,19490.0,19490.0,252134
2026-07-15 12:06:00,19480.0,19480.0,19480.0,19480.0,160997
2026-07-15 12:07:00,19515.0,19515.0,19515.0,19515.0,218061
2026-07-15 12:08:00,19545.0,19545.0,19545.0,19545.0,352640
2026-07-15 12:09:00,19590.0,19590.0,19590.0,19590.0,450270
2026-07-15 12:10:00,19580.0,19580.0,19580.0,19580.0,202350
2026-07-15 12:11:00,19505.0,19505.0,19505.0,19505.0,267904
2026-07-15 12:12:00,19525.0,19525.0,19525.0,19525.0,223633
2026-07-15 12:13:00,19585.0,19585.0,19585.0,19585.0,316140
2026-07-15 12:14:00,19630.0,19630.0,19630.0,19630.0,359070
2026-07-15 12:15:00,19615.0,19615.0,19615.0,19615.0,339839
2026-07-15 12:16:00,19630.0,19630.0,19630.0,19630.0,191685
2026-07-15 12:17:00,19615.0,19615.0,19615.0,19615.0,461868
2026-07-15 12:18:00,19595.0,19595.0,19595.0,19595.0,190622
2026-07-15 12:19:00,19640.0,19640.0,19640.0,19640.0,318173
2026-07-15 12:20:00,19615.0,19615.0,19615.0,19615.0,282533
2026-07-15 12:21:00,19595.0,19595.0,19595.0,19595.0,152025
2026-07-15 12:22:00,19610.0,19610.0,19610.0,19610.0,217291
2026-07-15 12:23:00,19585.0,19585.0,19585.0,19585.0,572064
2026-07-15 12:24:00,19655.0,19655.0,19655.0,19655.0,158811
2026-07-15 12:25:00,19665.0,19665.0,19665.0,19665.0,172747
2026-07-15 12:26:00,19720.0,19720.0,19720.0,19720.0,344178
2026-07-15 12:27:00,19760.0,19760.0,19760.0,19760.0,363173
2026-07-15 12:28:00,19800.0,19800.0,19800.0,19800.0,308378
2026-07-15 12:29:00,19825.0,19825.0,19825.0,19825.0,639326
2026-07-15 12:30:00,19805.0,19805.0,19805.0,19805.0,320271
2026-07-15 12:31:00,19755.0,19755.0,19755.0,19755.0,367286
2026-07-15 12:32:00,19810.0,19810.0,19810.0,19810.0,234457
2026-07-15 12:33:00,19840.0,19840.0,19840.0,19840.0,243667
2026-07-15 12:34:00,19915.0,19915.0,19915.0,19915.0,596470
2026-07-15 12:35:00,19880.0,19880.0,19880.0,19880.0,422359
2026-07-15 12:36:00,19880.0,19880.0,19880.0,19880.0,326173
2026-07-15 12:37:00,19920.0,19920.0,19920.0,19920.0,310495
2026-07-15 12:38:00,19940.0,19940.0,19940.0,19940.0,286630
2026-07-15 12:39:00,19920.0,19920.0,19920.0,19920.0,323742
2026-07-15 12:40:00,19950.0,19950.0,19950.0,19950.0,295817
2026-07-15 12:41:00,20000.0,20000.0,20000.0,20000.0,884155
2026-07-15 12:42:00,19885.0,19885.0,19885.0,19885.0,850808
2026-07-15 12:43:00,19870.0,19870.0,19870.0,19870.0,411438
2026-07-15 12:44:00,19805.0,19805.0,19805.0,19805.0,625852
2026-07-15 12:45:00,19895.0,19895.0,19895.0,19895.0,545983
2026-07-15 12:46:00,19900.0,19900.0,19900.0,19900.0,569555
2026-07-15 12:47:00,19995.0,19995.0,19995.0,19995.0,348154
2026-07-15 12:48:00,20100.0,20100.0,20100.0,20100.0,962704
2026-07-15 12:49:00,20190.0,20190.0,20190.0,20190.0,850380
2026-07-15 12:50:00,20225.0,20225.0,20225.0,20225.0,792696
2026-07-15 12:51:00,20140.0,20140.0,20140.0,20140.0,932239
2026-07-15 12:52:00,20220.0,20220.0,20220.0,20220.0,728173
2026-07-15 12:53:00,20260.0,20260.0,20260.0,20260.0,612603
2026-07-15 12:54:00,20240.0,20240.0,20240.0,20240.0,605779
2026-07-15 12:55:00,20235.0,20235.0,20235.0,20235.0,654414
2026-07-15 12:56:00,20285.0,20285.0,20285.0,20285.0,503235
2026-07-15 12:57:00,20225.0,20225.0,20225.0,20225.0,694388
2026-07-15 12:58:00,20165.0,20165.0,20165.0,20165.0,919102
2026-07-15 12:59:00,20175.0,20175.0,20175.0,20175.0,620079
2026-07-15 13:00:00,20245.0,20245.0,20245.0,20245.0,530938
2026-07-15 13:01:00,20175.0,20175.0,20175.0,20175.0,367293
2026-07-15 13:02:00,20190.0,20190.0,20190.0,20190.0,326394
2026-07-15 13:03:00,20220.0,20220.0,20220.0,20220.0,344194
2026-07-15 13:04:00,20240.0,20240.0,20240.0,20240.0,242684
2026-07-15 13:05:00,20200.0,20200.0,20200.0,20200.0,583628
2026-07-15 13:06:00,20225.0,20225.0,20225.0,20225.0,300539
2026-07-15 13:07:00,20085.0,20085.0,20085.0,20085.0,590477
2026-07-15 13:08:00,20150.0,20150.0,20150.0,20150.0,739489
2026-07-15 13:09:00,20065.0,20065.0,20065.0,20065.0,371799
2026-07-15 13:10:00,20175.0,20175.0,20175.0,20175.0,486276
2026-07-15 13:11:00,20220.0,20220.0,20220.0,20220.0,461741
2026-07-15 13:12:00,20185.0,20185.0,20185.0,20185.0,307773
2026-07-15 13:13:00,20180.0,20180.0,20180.0,20180.0,221193
2026-07-15 13:14:00,20135.0,20135.0,20135.0,20135.0,326088
2026-07-15 13:15:00,20060.0,20060.0,20060.0,20060.0,680166
2026-07-15 13:16:00,20090.0,20090.0,20090.0,20090.0,332264
2026-07-15 13:17:00,20155.0,20155.0,20155.0,20155.0,348022
2026-07-15 13:18:00,20130.0,20130.0,20130.0,20130.0,383345
2026-07-15 13:19:00,20175.0,20175.0,20175.0,20175.0,353732
2026-07-15 13:20:00,20170.0,20170.0,20170.0,20170.0,295841
2026-07-15 13:21:00,20085.0,20085.0,20085.0,20085.0,248850
2026-07-15 13:22:00,20130.0,20130.0,20130.0,20130.0,366720
2026-07-15 13:23:00,20120.0,20120.0,20120.0,20120.0,383973
2026-07-15 13:24:00,20145.0,20145.0,20145.0,20145.0,254833
2026-07-15 13:25:00,20145.0,20145.0,20145.0,20145.0,290339
2026-07-15 13:26:00,20057.0,20057.0,20057.0,20057.0,277498
2026-07-15 13:27:00,19970.0,19970.0,19970.0,19970.0,509197
2026-07-15 13:28:00,19985.0,19985.0,19985.0,19985.0,614313
2026-07-15 13:29:00,19965.0,19965.0,19965.0,19965.0,298099
2026-07-15 13:30:00,19950.0,19950.0,19950.0,19950.0,999476
2026-07-15 13:31:00,19900.0,19900.0,19900.0,19900.0,457116
2026-07-15 13:32:00,19900.0,19900.0,19900.0,19900.0,465455
2026-07-15 13:33:00,19995.0,19995.0,19995.0,19995.0,739003
2026-07-15 13:34:00,19925.0,19925.0,19925.0,19925.0,353778
2026-07-15 13:35:00,20070.0,20070.0,20070.0,20070.0,459410
2026-07-15 13:36:00,20035.0,20035.0,20035.0,20035.0,473262
2026-07-15 13:37:00,19990.0,19990.0,19990.0,19990.0,342353
2026-07-15 13:38:00,20060.0,20060.0,20060.0,20060.0,407449
2026-07-15 13:39:00,20140.0,20140.0,20140.0,20140.0,425202
2026-07-15 13:40:00,20125.0,20125.0,20125.0,20125.0,323942
2026-07-15 13:41:00,20115.0,20115.0,20115.0,20115.0,312756
2026-07-15 13:42:00,20065.0,20065.0,20065.0,20065.0,212573
2026-07-15 13:43:00,19980.0,19980.0,19980.0,19980.0,436530
2026-07-15 13:44:00,20020.0,20020.0,20020.0,20020.0,301110
2026-07-15 13:45:00,19985.0,19985.0,19985.0,19985.0,308737
2026-07-15 13:46:00,19955.0,19955.0,19955.0,19955.0,326501
2026-07-15 13:47:00,19960.0,19960.0,19960.0,19960.0,262764
2026-07-15 13:48:00,20000.0,20000.0,20000.0,20000.0,343979
2026-07-15 13:49:00,19975.0,19975.0,19975.0,19975.0,276078
2026-07-15 13:50:00,19940.0,19940.0,19940.0,19940.0,200840
2026-07-15 13:51:00,19940.0,19940.0,19940.0,19940.0,412432
2026-07-15 13:52:00,19940.0,19940.0,19940.0,19940.0,215958
2026-07-15 13:53:00,19900.0,19900.0,19900.0,19900.0,220013
2026-07-15 13:54:00,19845.0,19845.0,19845.0,19845.0,393061
2026-07-15 13:55:00,19910.0,19910.0,19910.0,19910.0,288365
2026-07-15 13:56:00,19940.0,19940.0,19940.0,19940.0,521837
2026-07-15 13:57:00,19945.0,19945.0,19945.0,19945.0,280890
2026-07-15 13:58:00,19985.0,19985.0,19985.0,19985.0,376367
2026-07-15 13:59:00,19940.0,19940.0,19940.0,19940.0,317901
2026-07-15 14:00:00,20035.0,20035.0,20035.0,20035.0,988564
2026-07-15 14:01:00,19815.0,19815.0,19815.0,19815.0,1274478
2026-07-15 14:02:00,19745.0,19745.0,19745.0,19745.0,805404
2026-07-15 14:03:00,19700.0,19700.0,19700.0,19700.0,799027
2026-07-15 14:04:00,19645.0,19645.0,19645.0,19645.0,493157
2026-07-15 14:05:00,19575.0,19575.0,19575.0,19575.0,940321
2026-07-15 14:06:00,19465.0,19465.0,19465.0,19465.0,786582
2026-07-15 14:07:00,19505.0,19505.0,19505.0,19505.0,946851
2026-07-15 14:08:00,19565.0,19565.0,19565.0,19565.0,1716970
2026-07-15 14:09:00,19720.0,19720.0,19720.0,19720.0,1054364
2026-07-15 14:10:00,19505.0,19505.0,19505.0,19505.0,678774
2026-07-15 14:11:00,19405.0,19405.0,19405.0,19405.0,949434
2026-07-15 14:12:00,19390.0,19390.0,19390.0,19390.0,706076
2026-07-15 14:13:00,19295.0,19295.0,19295.0,19295.0,956185
2026-07-15 14:14:00,19270.0,19270.0,19270.0,19270.0,687699
2026-07-15 14:15:00,19215.0,19215.0,19215.0,19215.0,1084670
2026-07-15 14:16:00,19235.0,19235.0,19235.0,19235.0,1124988
2026-07-15 14:17:00,19360.0,19360.0,19360.0,19360.0,1201212
2026-07-15 14:18:00,19410.0,19410.0,19410.0,19410.0,696901
2026-07-15 14:19:00,19360.0,19360.0,19360.0,19360.0,784401
2026-07-15 14:20:00,19325.0,19325.0,19325.0,19325.0,624779
2026-07-15 14:21:00,19185.0,19185.0,19185.0,19185.0,604319
2026-07-15 14:22:00,19270.0,19270.0,19270.0,19270.0,681544
2026-07-15 14:23:00,19215.0,19215.0,19215.0,19215.0,882682
2026-07-15 14:24:00,19095.0,19095.0,19095.0,19095.0,522411
2026-07-15 14:25:00,18970.0,18970.0,18970.0,18970.0,1084358
2026-07-15 14:26:00,18920.0,18920.0,18920.0,18920.0,1213449
2026-07-15 14:27:00,18915.0,18915.0,18915.0,18915.0,695503
2026-07-15 14:28:00,18905.0,18905.0,18905.0,18905.0,914378
2026-07-15 14:29:00,18920.0,18920.0,18920.0,18920.0,722286
2026-07-15 14:30:00,18795.0,18795.0,18795.0,18795.0,864759
2026-07-15 14:31:00,18750.0,18750.0,18750.0,18750.0,680130
2026-07-15 14:32:00,18965.0,18965.0,18965.0,18965.0,1321647
2026-07-15 14:33:00,18870.0,18870.0,18870.0,18870.0,814972
2026-07-15 14:34:00,19130.0,19130.0,19130.0,19130.0,1222750
2026-07-15 14:35:00,19165.0,19165.0,19165.0,19165.0,1262546
2026-07-15 14:36:00,19195.0,19195.0,19195.0,19195.0,1027394
2026-07-15 14:37:00,19245.0,19245.0,19245.0,19245.0,981589
2026-07-15 14:38:00,19155.0,19155.0,19155.0,19155.0,728563
2026-07-15 14:39:00,19270.0,19270.0,19270.0,19270.0,797898
2026-07-15 14:40:00,18985.0,18985.0,18985.0,18985.0,908634
2026-07-15 14:41:00,19000.0,19000.0,19000.0,19000.0,471186
2026-07-15 14:42:00,19015.0,19015.0,19015.0,19015.0,340015
2026-07-15 14:43:00,18885.0,18885.0,18885.0,18885.0,724299
2026-07-15 14:44:00,18805.0,18805.0,18805.0,18805.0,623278
2026-07-15 14:45:00,18820.0,18820.0,18820.0,18820.0,540410
2026-07-15 14:46:00,19025.0,19025.0,19025.0,19025.0,771535
2026-07-15 14:47:00,19025.0,19025.0,19025.0,19025.0,538424
2026-07-15 14:48:00,19140.0,19140.0,19140.0,19140.0,751565
2026-07-15 14:49:00,19085.0,19085.0,19085.0,19085.0,459014
2026-07-15 14:50:00,19065.0,19065.0,19065.0,19065.0,634821
2026-07-15 14:51:00,18980.0,18980.0,18980.0,18980.0,344789
2026-07-15 14:52:00,18945.0,18945.0,18945.0,18945.0,361540
2026-07-15 14:53:00,18930.0,18930.0,18930.0,18930.0,427111
2026-07-15 14:54:00,19035.0,19035.0,19035.0,19035.0,405205
2026-07-15 14:55:00,19110.0,19110.0,19110.0,19110.0,573291
2026-07-15 14:56:00,19245.0,19245.0,19245.0,19245.0,807282
2026-07-15 14:57:00,19225.0,19225.0,19225.0,19225.0,439961
2026-07-15 14:58:00,19310.0,19310.0,19310.0,19310.0,457343
2026-07-15 14:59:00,19405.0,19405.0,19405.0,19405.0,818214
2026-07-15 15:00:00,19505.0,19505.0,19505.0,19505.0,910287
2026-07-15 15:01:00,19570.0,19570.0,19570.0,19570.0,619534
2026-07-15 15:02:00,19335.0,19335.0,19335.0,19335.0,837465
2026-07-15 15:03:00,19325.0,19325.0,19325.0,19325.0,469369
2026-07-15 15:04:00,19355.0,19355.0,19355.0,19355.0,365434
2026-07-15 15:05:00,19400.0,19400.0,19400.0,19400.0,457347
2026-07-15 15:06:00,19265.0,19265.0,19265.0,19265.0,519955
2026-07-15 15:07:00,19385.0,19385.0,19385.0,19385.0,432075
2026-07-15 15:08:00,19330.0,19330.0,19330.0,19330.0,303996
2026-07-15 15:09:00,19310.0,19310.0,19310.0,19310.0,213748
2026-07-15 15:10:00,19205.0,19205.0,19205.0,19205.0,624442
2026-07-15 15:11:00,19070.0,19070.0,19070.0,19070.0,577786
2026-07-15 15:12:00,19170.0,19170.0,19170.0,19170.0,637808
2026-07-15 15:13:00,19185.0,19185.0,19185.0,19185.0,310931
2026-07-15 15:14:00,19155.0,19155.0,19155.0,19155.0,341127
2026-07-15 15:15:00,18970.0,18970.0,18970.0,18970.0,596078
2026-07-15 15:16:00,18945.0,18945.0,18945.0,18945.0,529659
2026-07-15 15:17:00,18910.0,18910.0,18910.0,18910.0,815990
2026-07-15 15:18:00,18900.0,18900.0,18900.0,18900.0,412608
2026-07-15 15:19:00,18960.0,18960.0,18960.0,18960.0,900071
2026-07-15 15:30:00,18800.0,18800.0,18800.0,18800.0,558480
2026-07-16 09:02:00,15645.0,15645.0,15645.0,15645.0,2146818
2026-07-16 09:03:00,15420.0,15420.0,15420.0,15420.0,2299863
2026-07-16 09:04:00,15430.0,15430.0,15430.0,15430.0,1516289
2026-07-16 09:05:00,15610.0,15610.0,15610.0,15610.0,1373395
2026-07-16 09:06:00,15815.0,15815.0,15815.0,15815.0,1806686
2026-07-16 09:07:00,15570.0,15570.0,15570.0,15570.0,1508393
2026-07-16 09:08:00,15560.0,15560.0,15560.0,15560.0,1287448
2026-07-16 09:09:00,15505.0,15505.0,15505.0,15505.0,898968
2026-07-16 09:10:00,15580.0,15580.0,15580.0,15580.0,796961
2026-07-16 09:11:00,15655.0,15655.0,15655.0,15655.0,985368
2026-07-16 09:12:00,15525.0,15525.0,15525.0,15525.0,782398
2026-07-16 09:13:00,15670.0,15670.0,15670.0,15670.0,881348
2026-07-16 09:14:00,15680.0,15680.0,15680.0,15680.0,962324
2026-07-16 09:15:00,15510.0,15510.0,15510.0,15510.0,1713579
2026-07-16 09:16:00,15180.0,15180.0,15180.0,15180.0,1968929
2026-07-16 09:17:00,15055.0,15055.0,15055.0,15055.0,1620114
2026-07-16 09:18:00,15015.0,15015.0,15015.0,15015.0,1756168
2026-07-16 09:19:00,14995.0,14995.0,14995.0,14995.0,1290891
2026-07-16 09:20:00,15135.0,15135.0,15135.0,15135.0,1548562
2026-07-16 09:21:00,15285.0,15285.0,15285.0,15285.0,1669764
2026-07-16 09:22:00,15265.0,15265.0,15265.0,15265.0,1554939
2026-07-16 09:23:00,15200.0,15200.0,15200.0,15200.0,915625
2026-07-16 09:24:00,15345.0,15345.0,15345.0,15345.0,1638051
2026-07-16 09:25:00,15485.0,15485.0,15485.0,15485.0,1170203
2026-07-16 09:26:00,15250.0,15250.0,15250.0,15250.0,977375
2026-07-16 09:27:00,15215.0,15215.0,15215.0,15215.0,775798
2026-07-16 09:28:00,15335.0,15335.0,15335.0,15335.0,802492
2026-07-16 09:29:00,15245.0,15245.0,15245.0,15245.0,381452
2026-07-16 09:30:00,15370.0,15370.0,15370.0,15370.0,903851
2026-07-16 09:31:00,15020.0,15020.0,15020.0,15020.0,899471
2026-07-16 09:32:00,14985.0,14985.0,14985.0,14985.0,1395936
2026-07-16 09:33:00,15060.0,15060.0,15060.0,15060.0,866016
2026-07-16 09:34:00,15055.0,15055.0,15055.0,15055.0,849422
2026-07-16 09:35:00,15210.0,15210.0,15210.0,15210.0,883796
2026-07-16 09:36:00,14890.0,14890.0,14890.0,14890.0,1662222
2026-07-16 09:37:00,14820.0,14820.0,14820.0,14820.0,1334363
2026-07-16 09:38:00,14815.0,14815.0,14815.0,14815.0,1047630
2026-07-16 09:39:00,14755.0,14755.0,14755.0,14755.0,1221691
2026-07-16 09:40:00,14715.0,14715.0,14715.0,14715.0,821853
2026-07-16 09:41:00,14750.0,14750.0,14750.0,14750.0,698720
2026-07-16 09:42:00,14690.0,14690.0,14690.0,14690.0,678210
2026-07-16 09:43:00,14785.0,14785.0,14785.0,14785.0,1361792
2026-07-16 09:44:00,14640.0,14640.0,14640.0,14640.0,754010
2026-07-16 09:45:00,14600.0,14600.0,14600.0,14600.0,816555
2026-07-16 09:46:00,14710.0,14710.0,14710.0,14710.0,893131
2026-07-16 09:47:00,14670.0,14670.0,14670.0,14670.0,952827
2026-07-16 09:48:00,14590.0,14590.0,14590.0,14590.0,903305
2026-07-16 09:49:00,14685.0,14685.0,14685.0,14685.0,1087148
2026-07-16 09:50:00,14520.0,14520.0,14520.0,14520.0,1103978
2026-07-16 09:51:00,14600.0,14600.0,14600.0,14600.0,849123
2026-07-16 09:52:00,14820.0,14820.0,14820.0,14820.0,1516713
2026-07-16 09:53:00,14795.0,14795.0,14795.0,14795.0,1132617
2026-07-16 09:54:00,14715.0,14715.0,14715.0,14715.0,749996
2026-07-16 09:55:00,14610.0,14610.0,14610.0,14610.0,609136
2026-07-16 09:56:00,14645.0,14645.0,14645.0,14645.0,523750
2026-07-16 09:57:00,14630.0,14630.0,14630.0,14630.0,802474
2026-07-16 09:58:00,14550.0,14550.0,14550.0,14550.0,621408
2026-07-16 09:59:00,14665.0,14665.0,14665.0,14665.0,573679
2026-07-16 10:00:00,14805.0,14805.0,14805.0,14805.0,1257487
2026-07-16 10:01:00,14820.0,14820.0,14820.0,14820.0,949473
2026-07-16 10:02:00,14850.0,14850.0,14850.0,14850.0,1209582
2026-07-16 10:03:00,15025.0,15025.0,15025.0,15025.0,1727726
2026-07-16 10:04:00,14990.0,14990.0,14990.0,14990.0,1019186
2026-07-16 10:05:00,14925.0,14925.0,14925.0,14925.0,1697030
2026-07-16 10:06:00,14860.0,14860.0,14860.0,14860.0,1286207
2026-07-16 10:07:00,14760.0,14760.0,14760.0,14760.0,976752
2026-07-16 10:08:00,14770.0,14770.0,14770.0,14770.0,766320
2026-07-16 10:09:00,14685.0,14685.0,14685.0,14685.0,705075
2026-07-16 10:10:00,14695.0,14695.0,14695.0,14695.0,678159
2026-07-16 10:11:00,14545.0,14545.0,14545.0,14545.0,1136289
2026-07-16 10:12:00,14440.0,14440.0,14440.0,14440.0,1343847
2026-07-16 10:13:00,14375.0,14375.0,14375.0,14375.0,1039321
2026-07-16 10:14:00,14385.0,14385.0,14385.0,14385.0,1137951
2026-07-16 10:15:00,14400.0,14400.0,14400.0,14400.0,1239965
2026-07-16 10:16:00,14470.0,14470.0,14470.0,14470.0,919204
2026-07-16 10:17:00,14375.0,14375.0,14375.0,14375.0,683960
2026-07-16 10:18:00,14260.0,14260.0,14260.0,14260.0,747556
2026-07-16 10:19:00,14195.0,14195.0,14195.0,14195.0,1328697
2026-07-16 10:20:00,14220.0,14220.0,14220.0,14220.0,1089987
2026-07-16 10:21:00,14230.0,14230.0,14230.0,14230.0,1304899
2026-07-16 10:22:00,14160.0,14160.0,14160.0,14160.0,691850
2026-07-16 10:23:00,14225.0,14225.0,14225.0,14225.0,903011
2026-07-16 10:24:00,14280.0,14280.0,14280.0,14280.0,665925
2026-07-16 10:25:00,14290.0,14290.0,14290.0,14290.0,603143
2026-07-16 10:26:00,14390.0,14390.0,14390.0,14390.0,1269041
2026-07-16 10:27:00,14335.0,14335.0,14335.0,14335.0,925836
2026-07-16 10:28:00,14450.0,14450.0,14450.0,14450.0,1163106
2026-07-16 10:29:00,14320.0,14320.0,14320.0,14320.0,632398
2026-07-16 10:30:00,14420.0,14420.0,14420.0,14420.0,1001620
2026-07-16 10:31:00,14430.0,14430.0,14430.0,14430.0,901757
2026-07-16 10:32:00,14375.0,14375.0,14375.0,14375.0,654149
2026-07-16 10:33:00,14195.0,14195.0,14195.0,14195.0,817617
2026-07-16 10:34:00,14365.0,14365.0,14365.0,14365.0,869409
2026-07-16 10:35:00,14585.0,14585.0,14585.0,14585.0,2013132
2026-07-16 10:36:00,14725.0,14725.0,14725.0,14725.0,2709578
2026-07-16 10:37:00,14775.0,14775.0,14775.0,14775.0,1191151
2026-07-16 10:38:00,14625.0,14625.0,14625.0,14625.0,1088708
2026-07-16 10:39:00,14770.0,14770.0,14770.0,14770.0,930967
2026-07-16 10:40:00,14840.0,14840.0,14840.0,14840.0,1167239
2026-07-16 10:41:00,14770.0,14770.0,14770.0,14770.0,755678
2026-07-16 10:42:00,14595.0,14595.0,14595.0,14595.0,1005233
2026-07-16 10:43:00,14630.0,14630.0,14630.0,14630.0,923244
2026-07-16 10:44:00,14610.0,14610.0,14610.0,14610.0,606193
2026-07-16 10:45:00,14660.0,14660.0,14660.0,14660.0,764563
2026-07-16 10:46:00,14850.0,14850.0,14850.0,14850.0,546220
2026-07-16 10:47:00,14925.0,14925.0,14925.0,14925.0,1132702
2026-07-16 10:48:00,15005.0,15005.0,15005.0,15005.0,902802
2026-07-16 10:49:00,14985.0,14985.0,14985.0,14985.0,990748
2026-07-16 10:50:00,15155.0,15155.0,15155.0,15155.0,1281447
2026-07-16 10:51:00,15015.0,15015.0,15015.0,15015.0,1081933
2026-07-16 10:52:00,15095.0,15095.0,15095.0,15095.0,1107236
2026-07-16 10:53:00,14945.0,14945.0,14945.0,14945.0,732282
2026-07-16 10:54:00,14995.0,14995.0,14995.0,14995.0,963347
2026-07-16 10:55:00,15150.0,15150.0,15150.0,15150.0,773490
2026-07-16 10:56:00,15055.0,15055.0,15055.0,15055.0,1017201
2026-07-16 10:57:00,14885.0,14885.0,14885.0,14885.0,762769
2026-07-16 10:58:00,14735.0,14735.0,14735.0,14735.0,871816
2026-07-16 10:59:00,14725.0,14725.0,14725.0,14725.0,676739
2026-07-16 11:00:00,14665.0,14665.0,14665.0,14665.0,755233
2026-07-16 11:01:00,14632.0,14632.0,14632.0,14632.0,617841
2026-07-16 11:02:00,14690.0,14690.0,14690.0,14690.0,679351
2026-07-16 11:03:00,14495.0,14495.0,14495.0,14495.0,681026
2026-07-16 11:04:00,14500.0,14500.0,14500.0,14500.0,656252
2026-07-16 11:05:00,14485.0,14485.0,14485.0,14485.0,630089
2026-07-16 11:06:00,14495.0,14495.0,14495.0,14495.0,507019
2026-07-16 11:07:00,14490.0,14490.0,14490.0,14490.0,505744
2026-07-16 11:08:00,14545.0,14545.0,14545.0,14545.0,797353
2026-07-16 11:09:00,14440.0,14440.0,14440.0,14440.0,543388
2026-07-16 11:10:00,14350.0,14350.0,14350.0,14350.0,1012201
2026-07-16 11:11:00,14350.0,14350.0,14350.0,14350.0,529457
2026-07-16 11:12:00,14420.0,14420.0,14420.0,14420.0,683013
2026-07-16 11:13:00,14500.0,14500.0,14500.0,14500.0,602380
2026-07-16 11:14:00,14605.0,14605.0,14605.0,14605.0,1258288
2026-07-16 11:15:00,14515.0,14515.0,14515.0,14515.0,852983
2026-07-16 11:16:00,14395.0,14395.0,14395.0,14395.0,429964
2026-07-16 11:17:00,14525.0,14525.0,14525.0,14525.0,571371
2026-07-16 11:18:00,14595.0,14595.0,14595.0,14595.0,518742
2026-07-16 11:19:00,14665.0,14665.0,14665.0,14665.0,548388
2026-07-16 11:20:00,14595.0,14595.0,14595.0,14595.0,966692
2026-07-16 11:21:00,14600.0,14600.0,14600.0,14600.0,498962
2026-07-16 11:22:00,14635.0,14635.0,14635.0,14635.0,253897
2026-07-16 11:23:00,14810.0,14810.0,14810.0,14810.0,707912
2026-07-16 11:24:00,14840.0,14840.0,14840.0,14840.0,785098
2026-07-16 11:25:00,14810.0,14810.0,14810.0,14810.0,505668
2026-07-16 11:26:00,14810.0,14810.0,14810.0,14810.0,406198
2026-07-16 11:27:00,14720.0,14720.0,14720.0,14720.0,449149
2026-07-16 11:28:00,14770.0,14770.0,14770.0,14770.0,462737
2026-07-16 11:29:00,14885.0,14885.0,14885.0,14885.0,565917
2026-07-16 11:30:00,14890.0,14890.0,14890.0,14890.0,487097
2026-07-16 11:31:00,14875.0,14875.0,14875.0,14875.0,290641
2026-07-16 11:32:00,14890.0,14890.0,14890.0,14890.0,319755
2026-07-16 11:33:00,14925.0,14925.0,14925.0,14925.0,486296
2026-07-16 11:34:00,14840.0,14840.0,14840.0,14840.0,596264
2026-07-16 11:35:00,14965.0,14965.0,14965.0,14965.0,658584
2026-07-16 11:36:00,15010.0,15010.0,15010.0,15010.0,731615
2026-07-16 11:37:00,14905.0,14905.0,14905.0,14905.0,345417
2026-07-16 11:38:00,14970.0,14970.0,14970.0,14970.0,401883
2026-07-16 11:39:00,14910.0,14910.0,14910.0,14910.0,478723
2026-07-16 11:40:00,14860.0,14860.0,14860.0,14860.0,456264
2026-07-16 11:41:00,14755.0,14755.0,14755.0,14755.0,508119
2026-07-16 11:42:00,14750.0,14750.0,14750.0,14750.0,304095
2026-07-16 11:43:00,14750.0,14750.0,14750.0,14750.0,479690
2026-07-16 11:44:00,14730.0,14730.0,14730.0,14730.0,296686
2026-07-16 11:45:00,14755.0,14755.0,14755.0,14755.0,376100
2026-07-16 11:46:00,14780.0,14780.0,14780.0,14780.0,318552
2026-07-16 11:47:00,14790.0,14790.0,14790.0,14790.0,297228
2026-07-16 11:48:00,14940.0,14940.0,14940.0,14940.0,638417
2026-07-16 11:49:00,15065.0,15065.0,15065.0,15065.0,1480894
2026-07-16 11:50:00,15005.0,15005.0,15005.0,15005.0,665656
2026-07-16 11:51:00,14985.0,14985.0,14985.0,14985.0,466191
2026-07-16 11:52:00,15055.0,15055.0,15055.0,15055.0,548542
2026-07-16 11:53:00,15065.0,15065.0,15065.0,15065.0,454201
2026-07-16 11:54:00,15040.0,15040.0,15040.0,15040.0,565267
2026-07-16 11:55:00,15075.0,15075.0,15075.0,15075.0,584717
2026-07-16 11:56:00,15015.0,15015.0,15015.0,15015.0,510894
2026-07-16 11:57:00,14985.0,14985.0,14985.0,14985.0,462210
2026-07-16 11:58:00,15060.0,15060.0,15060.0,15060.0,433342
2026-07-16 11:59:00,14970.0,14970.0,14970.0,14970.0,376861
2026-07-16 12:00:00,14915.0,14915.0,14915.0,14915.0,713011
2026-07-16 12:01:00,14815.0,14815.0,14815.0,14815.0,624944
2026-07-16 12:02:00,14835.0,14835.0,14835.0,14835.0,293842
2026-07-16 12:03:00,14760.0,14760.0,14760.0,14760.0,376659
2026-07-16 12:04:00,14785.0,14785.0,14785.0,14785.0,350281
2026-07-16 12:05:00,14850.0,14850.0,14850.0,14850.0,446312
2026-07-16 12:06:00,14970.0,14970.0,14970.0,14970.0,810883
2026-07-16 12:07:00,14935.0,14935.0,14935.0,14935.0,329878
2026-07-16 12:08:00,15070.0,15070.0,15070.0,15070.0,843459
2026-07-16 12:09:00,15120.0,15120.0,15120.0,15120.0,747079
2026-07-16 12:10:00,15020.0,15020.0,15020.0,15020.0,514344
2026-07-16 12:11:00,15040.0,15040.0,15040.0,15040.0,476232
2026-07-16 12:12:00,15020.0,15020.0,15020.0,15020.0,293363
2026-07-16 12:13:00,15050.0,15050.0,15050.0,15050.0,272618
2026-07-16 12:14:00,14915.0,14915.0,14915.0,14915.0,680069
2026-07-16 12:15:00,14910.0,14910.0,14910.0,14910.0,668324
2026-07-16 12:16:00,14810.0,14810.0,14810.0,14810.0,925965
2026-07-16 12:17:00,14755.0,14755.0,14755.0,14755.0,951651
2026-07-16 12:18:00,14790.0,14790.0,14790.0,14790.0,502891
2026-07-16 12:19:00,14715.0,14715.0,14715.0,14715.0,591755
2026-07-16 12:20:00,14750.0,14750.0,14750.0,14750.0,540937
2026-07-16 12:21:00,14810.0,14810.0,14810.0,14810.0,523588
2026-07-16 12:22:00,14785.0,14785.0,14785.0,14785.0,393633
2026-07-16 12:23:00,14730.0,14730.0,14730.0,14730.0,323580
2026-07-16 12:24:00,14680.0,14680.0,14680.0,14680.0,889602
2026-07-16 12:25:00,14695.0,14695.0,14695.0,14695.0,342048
2026-07-16 12:26:00,14635.0,14635.0,14635.0,14635.0,250423
2026-07-16 12:27:00,14610.0,14610.0,14610.0,14610.0,378216
2026-07-16 12:28:00,14620.0,14620.0,14620.0,14620.0,566324
2026-07-16 12:29:00,14605.0,14605.0,14605.0,14605.0,404636
2026-07-16 12:30:00,14705.0,14705.0,14705.0,14705.0,739104
2026-07-16 12:31:00,14680.0,14680.0,14680.0,14680.0,440890
2026-07-16 12:32:00,14675.0,14675.0,14675.0,14675.0,548589
2026-07-16 12:33:00,14715.0,14715.0,14715.0,14715.0,362306
2026-07-16 12:34:00,14745.0,14745.0,14745.0,14745.0,476347
2026-07-16 12:35:00,14760.0,14760.0,14760.0,14760.0,493837
2026-07-16 12:36:00,14640.0,14640.0,14640.0,14640.0,418418
2026-07-16 12:37:00,14620.0,14620.0,14620.0,14620.0,250041
2026-07-16 12:38:00,14630.0,14630.0,14630.0,14630.0,149933
2026-07-16 12:39:00,14565.0,14565.0,14565.0,14565.0,515969
2026-07-16 12:40:00,14605.0,14605.0,14605.0,14605.0,599202
2026-07-16 12:41:00,14630.0,14630.0,14630.0,14630.0,233973
2026-07-16 12:42:00,14560.0,14560.0,14560.0,14560.0,393440
2026-07-16 12:43:00,14570.0,14570.0,14570.0,14570.0,298663
2026-07-16 12:44:00,14560.0,14560.0,14560.0,14560.0,427002
2026-07-16 12:45:00,14480.0,14480.0,14480.0,14480.0,667509
2026-07-16 12:46:00,14490.0,14490.0,14490.0,14490.0,890582
2026-07-16 12:47:00,14555.0,14555.0,14555.0,14555.0,382892
2026-07-16 12:48:00,14515.0,14515.0,14515.0,14515.0,260386
2026-07-16 12:49:00,14470.0,14470.0,14470.0,14470.0,210610
2026-07-16 12:50:00,14680.0,14680.0,14680.0,14680.0,765611
2026-07-16 12:51:00,14535.0,14535.0,14535.0,14535.0,465309
2026-07-16 12:52:00,14545.0,14545.0,14545.0,14545.0,656750
2026-07-16 12:53:00,14555.0,14555.0,14555.0,14555.0,324601
2026-07-16 12:54:00,14585.0,14585.0,14585.0,14585.0,423013
2026-07-16 12:55:00,14600.0,14600.0,14600.0,14600.0,341359
2026-07-16 12:56:00,14615.0,14615.0,14615.0,14615.0,679716
2026-07-16 12:57:00,14610.0,14610.0,14610.0,14610.0,464271
2026-07-16 12:58:00,14695.0,14695.0,14695.0,14695.0,380767
2026-07-16 12:59:00,14770.0,14770.0,14770.0,14770.0,863064
2026-07-16 13:00:00,14740.0,14740.0,14740.0,14740.0,391464
2026-07-16 13:01:00,14685.0,14685.0,14685.0,14685.0,251707
2026-07-16 13:02:00,14635.0,14635.0,14635.0,14635.0,310927
2026-07-16 13:03:00,14665.0,14665.0,14665.0,14665.0,219624
2026-07-16 13:04:00,14660.0,14660.0,14660.0,14660.0,244313
2026-07-16 13:05:00,14665.0,14665.0,14665.0,14665.0,414086
2026-07-16 13:06:00,14675.0,14675.0,14675.0,14675.0,168449
2026-07-16 13:07:00,14615.0,14615.0,14615.0,14615.0,329133
2026-07-16 13:08:00,14525.0,14525.0,14525.0,14525.0,341791
2026-07-16 13:09:00,14510.0,14510.0,14510.0,14510.0,330998
2026-07-16 13:10:00,14565.0,14565.0,14565.0,14565.0,570072
2026-07-16 13:11:00,14585.0,14585.0,14585.0,14585.0,447570
2026-07-16 13:12:00,14645.0,14645.0,14645.0,14645.0,614532
2026-07-16 13:13:00,14630.0,14630.0,14630.0,14630.0,293922
2026-07-16 13:14:00,14720.0,14720.0,14720.0,14720.0,687661
2026-07-16 13:15:00,14650.0,14650.0,14650.0,14650.0,230755
2026-07-16 13:16:00,14535.0,14535.0,14535.0,14535.0,254561
2026-07-16 13:17:00,14485.0,14485.0,14485.0,14485.0,624364
2026-07-16 13:18:00,14445.0,14445.0,14445.0,14445.0,781301
2026-07-16 13:19:00,14415.0,14415.0,14415.0,14415.0,428826
2026-07-16 13:20:00,14470.0,14470.0,14470.0,14470.0,357841
2026-07-16 13:21:00,14365.0,14365.0,14365.0,14365.0,588901
2026-07-16 13:22:00,14350.0,14350.0,14350.0,14350.0,546349
2026-07-16 13:23:00,14395.0,14395.0,14395.0,14395.0,302844
2026-07-16 13:24:00,14395.0,14395.0,14395.0,14395.0,359309
2026-07-16 13:25:00,14350.0,14350.0,14350.0,14350.0,327426
2026-07-16 13:26:00,14325.0,14325.0,14325.0,14325.0,452842
2026-07-16 13:27:00,14410.0,14410.0,14410.0,14410.0,399463
2026-07-16 13:28:00,14325.0,14325.0,14325.0,14325.0,355486
2026-07-16 13:29:00,14335.0,14335.0,14335.0,14335.0,266424
2026-07-16 13:30:00,14295.0,14295.0,14295.0,14295.0,394370
2026-07-16 13:31:00,14365.0,14365.0,14365.0,14365.0,447440
2026-07-16 13:32:00,14330.0,14330.0,14330.0,14330.0,368836
2026-07-16 13:33:00,14335.0,14335.0,14335.0,14335.0,337067
2026-07-16 13:34:00,14335.0,14335.0,14335.0,14335.0,254485
2026-07-16 13:35:00,14330.0,14330.0,14330.0,14330.0,188599
2026-07-16 13:36:00,14270.0,14270.0,14270.0,14270.0,354052
2026-07-16 13:37:00,14260.0,14260.0,14260.0,14260.0,344768
2026-07-16 13:38:00,14225.0,14225.0,14225.0,14225.0,533755
2026-07-16 13:39:00,14310.0,14310.0,14310.0,14310.0,658475
2026-07-16 13:40:00,14300.0,14300.0,14300.0,14300.0,495400
2026-07-16 13:41:00,14400.0,14400.0,14400.0,14400.0,589824
2026-07-16 13:42:00,14430.0,14430.0,14430.0,14430.0,801102
2026-07-16 13:43:00,14455.0,14455.0,14455.0,14455.0,577954
2026-07-16 13:44:00,14340.0,14340.0,14340.0,14340.0,344103
2026-07-16 13:45:00,14300.0,14300.0,14300.0,14300.0,383262
2026-07-16 13:46:00,14215.0,14215.0,14215.0,14215.0,331754
2026-07-16 13:47:00,14270.0,14270.0,14270.0,14270.0,316349
2026-07-16 13:48:00,14330.0,14330.0,14330.0,14330.0,213239
2026-07-16 13:49:00,14400.0,14400.0,14400.0,14400.0,388618
2026-07-16 13:50:00,14340.0,14340.0,14340.0,14340.0,349739
2026-07-16 13:51:00,14320.0,14320.0,14320.0,14320.0,280035
2026-07-16 13:52:00,14365.0,14365.0,14365.0,14365.0,250836
2026-07-16 13:53:00,14330.0,14330.0,14330.0,14330.0,173075
2026-07-16 13:54:00,14380.0,14380.0,14380.0,14380.0,252872
2026-07-16 13:55:00,14420.0,14420.0,14420.0,14420.0,465986
2026-07-16 13:56:00,14390.0,14390.0,14390.0,14390.0,326345
2026-07-16 13:57:00,14450.0,14450.0,14450.0,14450.0,388352
2026-07-16 13:58:00,14465.0,14465.0,14465.0,14465.0,431677
2026-07-16 13:59:00,14425.0,14425.0,14425.0,14425.0,242825
2026-07-16 14:00:00,14535.0,14535.0,14535.0,14535.0,740315
2026-07-16 14:01:00,14575.0,14575.0,14575.0,14575.0,394346
2026-07-16 14:02:00,14585.0,14585.0,14585.0,14585.0,432256
2026-07-16 14:03:00,14650.0,14650.0,14650.0,14650.0,723093
2026-07-16 14:04:00,14570.0,14570.0,14570.0,14570.0,606134
2026-07-16 14:05:00,14495.0,14495.0,14495.0,14495.0,634770
2026-07-16 14:06:00,14600.0,14600.0,14600.0,14600.0,370032
2026-07-16 14:07:00,14495.0,14495.0,14495.0,14495.0,457485
2026-07-16 14:08:00,14425.0,14425.0,14425.0,14425.0,292844
2026-07-16 14:09:00,14405.0,14405.0,14405.0,14405.0,271284
2026-07-16 14:10:00,14490.0,14490.0,14490.0,14490.0,439068
2026-07-16 14:11:00,14715.0,14715.0,14715.0,14715.0,924557
2026-07-16 14:12:00,14775.0,14775.0,14775.0,14775.0,990345
2026-07-16 14:13:00,14865.0,14865.0,14865.0,14865.0,907494
2026-07-16 14:14:00,14880.0,14880.0,14880.0,14880.0,1200773
2026-07-16 14:15:00,14935.0,14935.0,14935.0,14935.0,1265385
2026-07-16 14:16:00,14930.0,14930.0,14930.0,14930.0,726990
2026-07-16 14:17:00,14900.0,14900.0,14900.0,14900.0,1189592
2026-07-16 14:18:00,14865.0,14865.0,14865.0,14865.0,938322
2026-07-16 14:19:00,15020.0,15020.0,15020.0,15020.0,956608
2026-07-16 14:20:00,15125.0,15125.0,15125.0,15125.0,1309611
2026-07-16 14:21:00,15255.0,15255.0,15255.0,15255.0,1102246
2026-07-16 14:22:00,15285.0,15285.0,15285.0,15285.0,1437966
2026-07-16 14:23:00,15350.0,15350.0,15350.0,15350.0,1400504
2026-07-16 14:24:00,15170.0,15170.0,15170.0,15170.0,1158152
2026-07-16 14:25:00,15255.0,15255.0,15255.0,15255.0,940392
2026-07-16 14:26:00,15265.0,15265.0,15265.0,15265.0,931736
2026-07-16 14:27:00,15195.0,15195.0,15195.0,15195.0,741415
2026-07-16 14:28:00,15115.0,15115.0,15115.0,15115.0,969505
2026-07-16 14:29:00,15265.0,15265.0,15265.0,15265.0,941167
2026-07-16 14:30:00,15420.0,15420.0,15420.0,15420.0,2330705
2026-07-16 14:31:00,15265.0,15265.0,15265.0,15265.0,1167940
2026-07-16 14:32:00,15135.0,15135.0,15135.0,15135.0,1040173
2026-07-16 14:33:00,14910.0,14910.0,14910.0,14910.0,1992965
2026-07-16 14:34:00,14795.0,14795.0,14795.0,14795.0,1348623
2026-07-16 14:35:00,14725.0,14725.0,14725.0,14725.0,836302
2026-07-16 14:36:00,14802.0,14802.0,14802.0,14802.0,1204886
2026-07-16 14:37:00,14800.0,14800.0,14800.0,14800.0,804776
2026-07-16 14:38:00,14820.0,14820.0,14820.0,14820.0,711163
2026-07-16 14:39:00,14635.0,14635.0,14635.0,14635.0,1329749
2026-07-16 14:40:00,14670.0,14670.0,14670.0,14670.0,892483
2026-07-16 14:41:00,14855.0,14855.0,14855.0,14855.0,1369300
2026-07-16 14:42:00,14810.0,14810.0,14810.0,14810.0,682033
2026-07-16 14:43:00,14835.0,14835.0,14835.0,14835.0,552047
2026-07-16 14:44:00,14765.0,14765.0,14765.0,14765.0,633253
2026-07-16 14:45:00,14735.0,14735.0,14735.0,14735.0,532359
2026-07-16 14:46:00,14720.0,14720.0,14720.0,14720.0,461137
2026-07-16 14:47:00,14840.0,14840.0,14840.0,14840.0,541415
2026-07-16 14:48:00,14805.0,14805.0,14805.0,14805.0,710977
2026-07-16 14:49:00,14775.0,14775.0,14775.0,14775.0,886459
2026-07-16 14:50:00,14870.0,14870.0,14870.0,14870.0,1158409
2026-07-16 14:51:00,14805.0,14805.0,14805.0,14805.0,655579
2026-07-16 14:52:00,14850.0,14850.0,14850.0,14850.0,367633
2026-07-16 14:53:00,14845.0,14845.0,14845.0,14845.0,546051
2026-07-16 14:54:00,14875.0,14875.0,14875.0,14875.0,704288
2026-07-16 14:55:00,14920.0,14920.0,14920.0,14920.0,564599
2026-07-16 14:56:00,14945.0,14945.0,14945.0,14945.0,1070472
2026-07-16 14:57:00,14965.0,14965.0,14965.0,14965.0,549876
2026-07-16 14:58:00,14845.0,14845.0,14845.0,14845.0,634778
2026-07-16 14:59:00,14840.0,14840.0,14840.0,14840.0,400227
2026-07-16 15:00:00,15065.0,15065.0,15065.0,15065.0,1231367
2026-07-16 15:01:00,14775.0,14775.0,14775.0,14775.0,858781
2026-07-16 15:02:00,14710.0,14710.0,14710.0,14710.0,664731
2026-07-16 15:03:00,14605.0,14605.0,14605.0,14605.0,948466
2026-07-16 15:04:00,14440.0,14440.0,14440.0,14440.0,1320279
2026-07-16 15:05:00,14350.0,14350.0,14350.0,14350.0,938037
2026-07-16 15:06:00,14385.0,14385.0,14385.0,14385.0,932149
2026-07-16 15:07:00,14310.0,14310.0,14310.0,14310.0,843163
2026-07-16 15:08:00,14365.0,14365.0,14365.0,14365.0,1058273
2026-07-16 15:09:00,14405.0,14405.0,14405.0,14405.0,968089
2026-07-16 15:10:00,14370.0,14370.0,14370.0,14370.0,401205
2026-07-16 15:11:00,14365.0,14365.0,14365.0,14365.0,378192
2026-07-16 15:12:00,14360.0,14360.0,14360.0,14360.0,311438
2026-07-16 15:13:00,14315.0,14315.0,14315.0,14315.0,662361
2026-07-16 15:14:00,14265.0,14265.0,14265.0,14265.0,1037425
2026-07-16 15:15:00,14435.0,14435.0,14435.0,14435.0,685099
2026-07-16 15:16:00,14455.0,14455.0,14455.0,14455.0,659344
2026-07-16 15:17:00,14475.0,14475.0,14475.0,14475.0,648281
2026-07-16 15:18:00,14480.0,14480.0,14480.0,14480.0,912894
2026-07-16 15:19:00,14500.0,14500.0,14500.0,14500.0,728956
2026-07-16 15:30:00,14585.0,14585.0,14585.0,14585.0,947857
2026-07-20 09:02:00,13510.0,13510.0,13510.0,13510.0,1996875
2026-07-20 09:03:00,13375.0,13375.0,13375.0,13375.0,2090751
2026-07-20 09:04:00,13815.0,13815.0,13815.0,13815.0,2468722
2026-07-20 09:05:00,14080.0,14080.0,14080.0,14080.0,2774945
2026-07-20 09:06:00,14190.0,14190.0,14190.0,14190.0,1675017
2026-07-20 09:07:00,14305.0,14305.0,14305.0,14305.0,1626638
2026-07-20 09:08:00,14620.0,14620.0,14620.0,14620.0,2097212
2026-07-20 09:09:00,14670.0,14670.0,14670.0,14670.0,404417
2026-07-20 09:11:00,14680.0,14680.0,14680.0,14680.0,1293102
2026-07-20 09:12:00,14640.0,14640.0,14640.0,14640.0,1743528
2026-07-20 09:13:00,14965.0,14965.0,14965.0,14965.0,1984816
2026-07-20 09:14:00,14860.0,14860.0,14860.0,14860.0,1974215
2026-07-20 09:15:00,14970.0,14970.0,14970.0,14970.0,1690530
2026-07-20 09:16:00,14945.0,14945.0,14945.0,14945.0,1842850
2026-07-20 09:17:00,15215.0,15215.0,15215.0,15215.0,1880526
2026-07-20 09:18:00,14980.0,14980.0,14980.0,14980.0,1474422
2026-07-20 09:19:00,15060.0,15060.0,15060.0,15060.0,1299687
2026-07-20 09:20:00,15030.0,15030.0,15030.0,15030.0,1737034
2026-07-20 09:21:00,14985.0,14985.0,14985.0,14985.0,1687218
2026-07-20 09:22:00,15045.0,15045.0,15045.0,15045.0,1628111
2026-07-20 09:23:00,15175.0,15175.0,15175.0,15175.0,1438155
2026-07-20 09:24:00,15205.0,15205.0,15205.0,15205.0,1121284
2026-07-20 09:25:00,14970.0,14970.0,14970.0,14970.0,1562689
2026-07-20 09:26:00,14935.0,14935.0,14935.0,14935.0,997059
2026-07-20 09:27:00,14900.0,14900.0,14900.0,14900.0,1028964
2026-07-20 09:28:00,14880.0,14880.0,14880.0,14880.0,846336
2026-07-20 09:29:00,14745.0,14745.0,14745.0,14745.0,1586701
2026-07-20 09:30:00,14620.0,14620.0,14620.0,14620.0,1685500
2026-07-20 09:31:00,14580.0,14580.0,14580.0,14580.0,1406186
2026-07-20 09:32:00,14505.0,14505.0,14505.0,14505.0,1641867
2026-07-20 09:33:00,14500.0,14500.0,14500.0,14500.0,1809555
2026-07-20 09:34:00,14565.0,14565.0,14565.0,14565.0,1949561
2026-07-20 09:35:00,14830.0,14830.0,14830.0,14830.0,1619516
2026-07-20 09:36:00,14965.0,14965.0,14965.0,14965.0,2161547
2026-07-20 09:37:00,15020.0,15020.0,15020.0,15020.0,1381665
2026-07-20 09:38:00,15110.0,15110.0,15110.0,15110.0,1263792
2026-07-20 09:39:00,14930.0,14930.0,14930.0,14930.0,1531355
2026-07-20 09:40:00,14940.0,14940.0,14940.0,14940.0,1122544
2026-07-20 09:41:00,15115.0,15115.0,15115.0,15115.0,965170
2026-07-20 09:42:00,15055.0,15055.0,15055.0,15055.0,1348026
2026-07-20 09:43:00,15025.0,15025.0,15025.0,15025.0,759704
2026-07-20 09:44:00,14865.0,14865.0,14865.0,14865.0,859294
2026-07-20 09:45:00,14790.0,14790.0,14790.0,14790.0,1386230
2026-07-20 09:46:00,14820.0,14820.0,14820.0,14820.0,1124705
2026-07-20 09:47:00,14745.0,14745.0,14745.0,14745.0,904399
2026-07-20 09:48:00,14805.0,14805.0,14805.0,14805.0,616953
2026-07-20 09:49:00,14830.0,14830.0,14830.0,14830.0,992782
2026-07-20 09:50:00,14680.0,14680.0,14680.0,14680.0,1080946
2026-07-20 09:51:00,14790.0,14790.0,14790.0,14790.0,428110
2026-07-20 09:52:00,14585.0,14585.0,14585.0,14585.0,718417
2026-07-20 09:53:00,14550.0,14550.0,14550.0,14550.0,639407
2026-07-20 09:54:00,14515.0,14515.0,14515.0,14515.0,970443
2026-07-20 09:55:00,14645.0,14645.0,14645.0,14645.0,850400
2026-07-20 09:56:00,14410.0,14410.0,14410.0,14410.0,1008662
2026-07-20 09:57:00,14290.0,14290.0,14290.0,14290.0,1919580
2026-07-20 09:58:00,14185.0,14185.0,14185.0,14185.0,1387005
2026-07-20 09:59:00,14255.0,14255.0,14255.0,14255.0,1256505
2026-07-20 10:00:00,14445.0,14445.0,14445.0,14445.0,1867223
2026-07-20 10:01:00,14295.0,14295.0,14295.0,14295.0,879015
2026-07-20 10:02:00,14260.0,14260.0,14260.0,14260.0,907815
2026-07-20 10:03:00,14220.0,14220.0,14220.0,14220.0,948424
2026-07-20 10:04:00,14300.0,14300.0,14300.0,14300.0,787279
2026-07-20 10:05:00,14490.0,14490.0,14490.0,14490.0,1149980
2026-07-20 10:06:00,14590.0,14590.0,14590.0,14590.0,1317840
2026-07-20 10:07:00,14510.0,14510.0,14510.0,14510.0,789654
2026-07-20 10:08:00,14510.0,14510.0,14510.0,14510.0,616513
2026-07-20 10:09:00,14565.0,14565.0,14565.0,14565.0,1087421
2026-07-20 10:10:00,14585.0,14585.0,14585.0,14585.0,872278
2026-07-20 10:11:00,14400.0,14400.0,14400.0,14400.0,808323
2026-07-20 10:12:00,14360.0,14360.0,14360.0,14360.0,716864
2026-07-20 10:13:00,14300.0,14300.0,14300.0,14300.0,606694
2026-07-20 10:14:00,14200.0,14200.0,14200.0,14200.0,650509
2026-07-20 10:15:00,14205.0,14205.0,14205.0,14205.0,724221
2026-07-20 10:16:00,14300.0,14300.0,14300.0,14300.0,486389
2026-07-20 10:17:00,14290.0,14290.0,14290.0,14290.0,657270
2026-07-20 10:18:00,14275.0,14275.0,14275.0,14275.0,576974
2026-07-20 10:19:00,14155.0,14155.0,14155.0,14155.0,625995
2026-07-20 10:20:00,14300.0,14300.0,14300.0,14300.0,785778
2026-07-20 10:21:00,14390.0,14390.0,14390.0,14390.0,682973
2026-07-20 10:22:00,14345.0,14345.0,14345.0,14345.0,1134463
2026-07-20 10:23:00,14490.0,14490.0,14490.0,14490.0,872522
2026-07-20 10:24:00,14485.0,14485.0,14485.0,14485.0,944239
2026-07-20 10:25:00,14670.0,14670.0,14670.0,14670.0,1004760
2026-07-20 10:26:00,14670.0,14670.0,14670.0,14670.0,948406
2026-07-20 10:27:00,14585.0,14585.0,14585.0,14585.0,869356
2026-07-20 10:28:00,14405.0,14405.0,14405.0,14405.0,1188161
2026-07-20 10:29:00,14300.0,14300.0,14300.0,14300.0,579942
2026-07-20 10:30:00,14145.0,14145.0,14145.0,14145.0,1257913
2026-07-20 10:31:00,13860.0,13860.0,13860.0,13860.0,1602132
2026-07-20 10:32:00,13907.0,13907.0,13907.0,13907.0,1349854
2026-07-20 10:33:00,13750.0,13750.0,13750.0,13750.0,1460437
2026-07-20 10:34:00,13685.0,13685.0,13685.0,13685.0,1742436
2026-07-20 10:35:00,13640.0,13640.0,13640.0,13640.0,1493817
2026-07-20 10:36:00,13785.0,13785.0,13785.0,13785.0,1848323
2026-07-20 10:37:00,13800.0,13800.0,13800.0,13800.0,1815649
2026-07-20 10:38:00,13750.0,13750.0,13750.0,13750.0,1110078
2026-07-20 10:39:00,13815.0,13815.0,13815.0,13815.0,1119843
2026-07-20 10:40:00,13805.0,13805.0,13805.0,13805.0,1007595
2026-07-20 10:41:00,13805.0,13805.0,13805.0,13805.0,655946
2026-07-20 10:42:00,13690.0,13690.0,13690.0,13690.0,1304917
2026-07-20 10:43:00,13510.0,13510.0,13510.0,13510.0,1107487
2026-07-20 10:44:00,13590.0,13590.0,13590.0,13590.0,1249802
2026-07-20 10:45:00,13600.0,13600.0,13600.0,13600.0,1072053
2026-07-20 10:46:00,13500.0,13500.0,13500.0,13500.0,625256
2026-07-20 10:47:00,13530.0,13530.0,13530.0,13530.0,562369
2026-07-20 10:48:00,13580.0,13580.0,13580.0,13580.0,692500
2026-07-20 10:49:00,13625.0,13625.0,13625.0,13625.0,1245031
2026-07-20 10:50:00,13460.0,13460.0,13460.0,13460.0,649573
2026-07-20 10:51:00,13320.0,13320.0,13320.0,13320.0,1681863
2026-07-20 10:52:00,13350.0,13350.0,13350.0,13350.0,1409442
2026-07-20 10:53:00,13205.0,13205.0,13205.0,13205.0,537313
2026-07-20 10:55:00,13120.0,13120.0,13120.0,13120.0,629738
2026-07-20 10:56:00,13150.0,13150.0,13150.0,13150.0,1547347
2026-07-20 10:57:00,13285.0,13285.0,13285.0,13285.0,1229883
2026-07-20 10:58:00,13385.0,13385.0,13385.0,13385.0,1397265
2026-07-20 10:59:00,13340.0,13340.0,13340.0,13340.0,1339780
2026-07-20 11:00:00,13570.0,13570.0,13570.0,13570.0,1305497
2026-07-20 11:01:00,13500.0,13500.0,13500.0,13500.0,1461465
2026-07-20 11:02:00,13665.0,13665.0,13665.0,13665.0,1180580
2026-07-20 11:03:00,13535.0,13535.0,13535.0,13535.0,886354
2026-07-20 11:04:00,13615.0,13615.0,13615.0,13615.0,570276
2026-07-20 11:05:00,13665.0,13665.0,13665.0,13665.0,906222
2026-07-20 11:06:00,13660.0,13660.0,13660.0,13660.0,1122394
2026-07-20 11:07:00,13640.0,13640.0,13640.0,13640.0,626957
2026-07-20 11:08:00,13810.0,13810.0,13810.0,13810.0,1036606
2026-07-20 11:09:00,13730.0,13730.0,13730.0,13730.0,686616
2026-07-20 11:10:00,13595.0,13595.0,13595.0,13595.0,684161
2026-07-20 11:11:00,13470.0,13470.0,13470.0,13470.0,584330
2026-07-20 11:12:00,13480.0,13480.0,13480.0,13480.0,552217
2026-07-20 11:13:00,13335.0,13335.0,13335.0,13335.0,1033163
2026-07-20 11:14:00,13345.0,13345.0,13345.0,13345.0,732830
2026-07-20 11:15:00,13255.0,13255.0,13255.0,13255.0,687503
2026-07-20 11:16:00,13400.0,13400.0,13400.0,13400.0,816514
2026-07-20 11:17:00,13440.0,13440.0,13440.0,13440.0,1214184
2026-07-20 11:18:00,13280.0,13280.0,13280.0,13280.0,397096
2026-07-20 11:19:00,13270.0,13270.0,13270.0,13270.0,348779
2026-07-20 11:20:00,13175.0,13175.0,13175.0,13175.0,782402
2026-07-20 11:21:00,13205.0,13205.0,13205.0,13205.0,1273956
2026-07-20 11:22:00,13190.0,13190.0,13190.0,13190.0,726382
2026-07-20 11:23:00,13325.0,13325.0,13325.0,13325.0,1030357
2026-07-20 11:24:00,13235.0,13235.0,13235.0,13235.0,560846
2026-07-20 11:25:00,13165.0,13165.0,13165.0,13165.0,1119568
2026-07-20 11:26:00,13075.0,13075.0,13075.0,13075.0,1173177
2026-07-20 11:27:00,13210.0,13210.0,13210.0,13210.0,1133922
2026-07-20 11:28:00,13180.0,13180.0,13180.0,13180.0,647308
2026-07-20 11:29:00,13075.0,13075.0,13075.0,13075.0,540664
2026-07-20 11:30:00,13360.0,13360.0,13360.0,13360.0,687075
2026-07-20 11:31:00,13325.0,13325.0,13325.0,13325.0,973767
2026-07-20 11:32:00,13480.0,13480.0,13480.0,13480.0,1276644
2026-07-20 11:33:00,13515.0,13515.0,13515.0,13515.0,1106884
2026-07-20 11:34:00,13475.0,13475.0,13475.0,13475.0,815834
2026-07-20 11:35:00,13505.0,13505.0,13505.0,13505.0,911672
2026-07-20 11:36:00,13550.0,13550.0,13550.0,13550.0,880715
2026-07-20 11:37:00,13490.0,13490.0,13490.0,13490.0,653483
2026-07-20 11:38:00,13425.0,13425.0,13425.0,13425.0,608952
2026-07-20 11:39:00,13375.0,13375.0,13375.0,13375.0,554961
2026-07-20 11:40:00,13515.0,13515.0,13515.0,13515.0,658977
2026-07-20 11:41:00,13520.0,13520.0,13520.0,13520.0,1000702
2026-07-20 11:42:00,13650.0,13650.0,13650.0,13650.0,1499702
2026-07-20 11:43:00,13745.0,13745.0,13745.0,13745.0,718953
2026-07-20 11:44:00,13695.0,13695.0,13695.0,13695.0,887901
2026-07-20 11:45:00,13715.0,13715.0,13715.0,13715.0,541537
2026-07-20 11:46:00,13610.0,13610.0,13610.0,13610.0,473592
2026-07-20 11:47:00,13560.0,13560.0,13560.0,13560.0,752267
2026-07-20 11:48:00,13745.0,13745.0,13745.0,13745.0,861293
2026-07-20 11:49:00,13725.0,13725.0,13725.0,13725.0,675630
2026-07-20 11:50:00,13675.0,13675.0,13675.0,13675.0,347518
2026-07-20 11:51:00,13635.0,13635.0,13635.0,13635.0,561550
2026-07-20 11:52:00,13680.0,13680.0,13680.0,13680.0,415044
2026-07-20 11:53:00,13655.0,13655.0,13655.0,13655.0,328481
2026-07-20 11:54:00,13570.0,13570.0,13570.0,13570.0,466278
2026-07-20 11:55:00,13500.0,13500.0,13500.0,13500.0,480542
2026-07-20 11:56:00,13600.0,13600.0,13600.0,13600.0,812026
2026-07-20 11:57:00,13525.0,13525.0,13525.0,13525.0,309365
2026-07-20 11:58:00,13590.0,13590.0,13590.0,13590.0,424819
2026-07-20 11:59:00,13520.0,13520.0,13520.0,13520.0,379780
2026-07-20 12:00:00,13650.0,13650.0,13650.0,13650.0,566136
2026-07-20 12:01:00,13540.0,13540.0,13540.0,13540.0,552791
2026-07-20 12:02:00,13445.0,13445.0,13445.0,13445.0,538183
2026-07-20 12:03:00,13475.0,13475.0,13475.0,13475.0,489431
2026-07-20 12:04:00,13385.0,13385.0,13385.0,13385.0,435482
2026-07-20 12:05:00,13310.0,13310.0,13310.0,13310.0,566603
2026-07-20 12:06:00,13270.0,13270.0,13270.0,13270.0,355159
2026-07-20 12:07:00,13305.0,13305.0,13305.0,13305.0,293410
2026-07-20 12:08:00,13310.0,13310.0,13310.0,13310.0,452165
2026-07-20 12:09:00,13425.0,13425.0,13425.0,13425.0,526388
2026-07-20 12:10:00,13435.0,13435.0,13435.0,13435.0,494309
2026-07-20 12:11:00,13460.0,13460.0,13460.0,13460.0,702052
2026-07-20 12:12:00,13435.0,13435.0,13435.0,13435.0,331823
2026-07-20 12:13:00,13515.0,13515.0,13515.0,13515.0,599206
2026-07-20 12:14:00,13520.0,13520.0,13520.0,13520.0,581287
2026-07-20 12:15:00,13555.0,13555.0,13555.0,13555.0,456936
2026-07-20 12:16:00,13475.0,13475.0,13475.0,13475.0,419806
2026-07-20 12:17:00,13435.0,13435.0,13435.0,13435.0,489599
2026-07-20 12:18:00,13420.0,13420.0,13420.0,13420.0,242315
2026-07-20 12:19:00,13395.0,13395.0,13395.0,13395.0,172077
2026-07-20 12:20:00,13430.0,13430.0,13430.0,13430.0,230860
2026-07-20 12:21:00,13470.0,13470.0,13470.0,13470.0,444134
2026-07-20 12:22:00,13460.0,13460.0,13460.0,13460.0,279796
2026-07-20 12:23:00,13355.0,13355.0,13355.0,13355.0,382818
2026-07-20 12:24:00,13440.0,13440.0,13440.0,13440.0,371869
2026-07-20 12:25:00,13375.0,13375.0,13375.0,13375.0,197172
2026-07-20 12:26:00,13355.0,13355.0,13355.0,13355.0,205167
2026-07-20 12:27:00,13370.0,13370.0,13370.0,13370.0,481238
2026-07-20 12:28:00,13370.0,13370.0,13370.0,13370.0,213341
2026-07-20 12:29:00,13300.0,13300.0,13300.0,13300.0,317209
2026-07-20 12:30:00,13425.0,13425.0,13425.0,13425.0,523806
2026-07-20 12:31:00,13335.0,13335.0,13335.0,13335.0,556227
2026-07-20 12:32:00,13340.0,13340.0,13340.0,13340.0,184158
2026-07-20 12:33:00,13335.0,13335.0,13335.0,13335.0,363349
2026-07-20 12:34:00,13400.0,13400.0,13400.0,13400.0,291968
2026-07-20 12:35:00,13345.0,13345.0,13345.0,13345.0,336642
2026-07-20 12:36:00,13370.0,13370.0,13370.0,13370.0,179562
2026-07-20 12:37:00,13465.0,13465.0,13465.0,13465.0,598700
2026-07-20 12:38:00,13405.0,13405.0,13405.0,13405.0,465361
2026-07-20 12:39:00,13455.0,13455.0,13455.0,13455.0,270354
2026-07-20 12:40:00,13365.0,13365.0,13365.0,13365.0,505769
2026-07-20 12:41:00,13395.0,13395.0,13395.0,13395.0,550097
2026-07-20 12:42:00,13460.0,13460.0,13460.0,13460.0,532119
2026-07-20 12:43:00,13450.0,13450.0,13450.0,13450.0,307395
2026-07-20 12:44:00,13485.0,13485.0,13485.0,13485.0,271348
2026-07-20 12:45:00,13425.0,13425.0,13425.0,13425.0,221725
2026-07-20 12:46:00,13420.0,13420.0,13420.0,13420.0,355662
2026-07-20 12:47:00,13450.0,13450.0,13450.0,13450.0,309823
2026-07-20 12:48:00,13530.0,13530.0,13530.0,13530.0,395854
2026-07-20 12:49:00,13505.0,13505.0,13505.0,13505.0,420957
2026-07-20 12:50:00,13625.0,13625.0,13625.0,13625.0,541202
2026-07-20 12:51:00,13655.0,13655.0,13655.0,13655.0,725418
2026-07-20 12:52:00,13765.0,13765.0,13765.0,13765.0,973403
2026-07-20 12:53:00,13820.0,13820.0,13820.0,13820.0,931856
2026-07-20 12:54:00,13915.0,13915.0,13915.0,13915.0,819625
2026-07-20 12:55:00,13775.0,13775.0,13775.0,13775.0,864286
2026-07-20 12:56:00,13630.0,13630.0,13630.0,13630.0,1014494
2026-07-20 12:57:00,13570.0,13570.0,13570.0,13570.0,879864
2026-07-20 12:58:00,13555.0,13555.0,13555.0,13555.0,936528
2026-07-20 12:59:00,13600.0,13600.0,13600.0,13600.0,589435
2026-07-20 13:00:00,13630.0,13630.0,13630.0,13630.0,670853
2026-07-20 13:01:00,13625.0,13625.0,13625.0,13625.0,1345306
2026-07-20 13:02:00,13645.0,13645.0,13645.0,13645.0,497134
2026-07-20 13:03:00,13635.0,13635.0,13635.0,13635.0,748529
2026-07-20 13:04:00,13610.0,13610.0,13610.0,13610.0,519813
2026-07-20 13:05:00,13515.0,13515.0,13515.0,13515.0,637064
2026-07-20 13:06:00,13450.0,13450.0,13450.0,13450.0,482689
2026-07-20 13:07:00,13445.0,13445.0,13445.0,13445.0,412535
2026-07-20 13:08:00,13460.0,13460.0,13460.0,13460.0,444606
2026-07-20 13:09:00,13410.0,13410.0,13410.0,13410.0,398643
2026-07-20 13:10:00,13410.0,13410.0,13410.0,13410.0,620127
2026-07-20 13:11:00,13420.0,13420.0,13420.0,13420.0,247767
2026-07-20 13:12:00,13405.0,13405.0,13405.0,13405.0,261925
2026-07-20 13:13:00,13390.0,13390.0,13390.0,13390.0,519161
2026-07-20 13:14:00,13275.0,13275.0,13275.0,13275.0,734486
2026-07-20 13:15:00,13195.0,13195.0,13195.0,13195.0,668923
2026-07-20 13:16:00,13170.0,13170.0,13170.0,13170.0,591173
2026-07-20 13:17:00,13160.0,13160.0,13160.0,13160.0,811382
2026-07-20 13:18:00,13170.0,13170.0,13170.0,13170.0,697598
2026-07-20 13:19:00,13225.0,13225.0,13225.0,13225.0,468127
2026-07-20 13:20:00,13255.0,13255.0,13255.0,13255.0,865755
2026-07-20 13:21:00,13220.0,13220.0,13220.0,13220.0,463906
2026-07-20 13:22:00,13275.0,13275.0,13275.0,13275.0,574848
2026-07-20 13:23:00,13385.0,13385.0,13385.0,13385.0,818874
2026-07-20 13:24:00,13415.0,13415.0,13415.0,13415.0,587575
2026-07-20 13:25:00,13415.0,13415.0,13415.0,13415.0,604103
2026-07-20 13:26:00,13465.0,13465.0,13465.0,13465.0,507589
2026-07-20 13:27:00,13490.0,13490.0,13490.0,13490.0,668628
2026-07-20 13:28:00,13505.0,13505.0,13505.0,13505.0,386063
2026-07-20 13:29:00,13450.0,13450.0,13450.0,13450.0,520640
2026-07-20 13:30:00,13440.0,13440.0,13440.0,13440.0,364915
2026-07-20 13:31:00,13530.0,13530.0,13530.0,13530.0,544673
2026-07-20 13:32:00,13770.0,13770.0,13770.0,13770.0,1360960
2026-07-20 13:33:00,13770.0,13770.0,13770.0,13770.0,1863034
2026-07-20 13:34:00,13705.0,13705.0,13705.0,13705.0,1291980
2026-07-20 13:35:00,13775.0,13775.0,13775.0,13775.0,675950
2026-07-20 13:36:00,13645.0,13645.0,13645.0,13645.0,849510
2026-07-20 13:37:00,13750.0,13750.0,13750.0,13750.0,743663
2026-07-20 13:38:00,13845.0,13845.0,13845.0,13845.0,637285
2026-07-20 13:39:00,13955.0,13955.0,13955.0,13955.0,1536814
2026-07-20 13:40:00,13760.0,13760.0,13760.0,13760.0,1404080
2026-07-20 13:41:00,13715.0,13715.0,13715.0,13715.0,571331
2026-07-20 13:42:00,13860.0,13860.0,13860.0,13860.0,885811
2026-07-20 13:43:00,13865.0,13865.0,13865.0,13865.0,472629
2026-07-20 13:44:00,13895.0,13895.0,13895.0,13895.0,1075798
2026-07-20 13:45:00,13865.0,13865.0,13865.0,13865.0,713359
2026-07-20 13:46:00,13865.0,13865.0,13865.0,13865.0,776775
2026-07-20 13:47:00,13940.0,13940.0,13940.0,13940.0,1393860
2026-07-20 13:48:00,13985.0,13985.0,13985.0,13985.0,663398
2026-07-20 13:49:00,14100.0,14100.0,14100.0,14100.0,1411322
2026-07-20 13:50:00,14045.0,14045.0,14045.0,14045.0,970158
2026-07-20 13:51:00,14080.0,14080.0,14080.0,14080.0,875880
2026-07-20 13:52:00,14010.0,14010.0,14010.0,14010.0,610074
2026-07-20 13:53:00,13895.0,13895.0,13895.0,13895.0,744117
2026-07-20 13:54:00,13920.0,13920.0,13920.0,13920.0,582101
2026-07-20 13:55:00,13820.0,13820.0,13820.0,13820.0,876626
2026-07-20 13:56:00,13875.0,13875.0,13875.0,13875.0,684192
2026-07-20 13:57:00,13880.0,13880.0,13880.0,13880.0,522288
2026-07-20 13:58:00,13805.0,13805.0,13805.0,13805.0,746050
2026-07-20 13:59:00,13825.0,13825.0,13825.0,13825.0,395702
2026-07-20 14:00:00,13765.0,13765.0,13765.0,13765.0,695685
2026-07-20 14:01:00,13765.0,13765.0,13765.0,13765.0,660080
2026-07-20 14:02:00,13740.0,13740.0,13740.0,13740.0,606317
2026-07-20 14:03:00,13755.0,13755.0,13755.0,13755.0,437946
2026-07-20 14:04:00,13685.0,13685.0,13685.0,13685.0,560936
2026-07-20 14:05:00,13605.0,13605.0,13605.0,13605.0,754024
2026-07-20 14:06:00,13640.0,13640.0,13640.0,13640.0,459798
2026-07-20 14:07:00,13685.0,13685.0,13685.0,13685.0,661326
2026-07-20 14:08:00,13585.0,13585.0,13585.0,13585.0,383887
2026-07-20 14:09:00,13570.0,13570.0,13570.0,13570.0,563771
2026-07-20 14:10:00,13490.0,13490.0,13490.0,13490.0,565234
2026-07-20 14:11:00,13430.0,13430.0,13430.0,13430.0,814259
2026-07-20 14:12:00,13385.0,13385.0,13385.0,13385.0,795261
2026-07-20 14:13:00,13485.0,13485.0,13485.0,13485.0,963582
2026-07-20 14:14:00,13595.0,13595.0,13595.0,13595.0,1249265
2026-07-20 14:15:00,13515.0,13515.0,13515.0,13515.0,853232
2026-07-20 14:16:00,13575.0,13575.0,13575.0,13575.0,759970
2026-07-20 14:17:00,13500.0,13500.0,13500.0,13500.0,574455
2026-07-20 14:18:00,13465.0,13465.0,13465.0,13465.0,401354
2026-07-20 14:19:00,13425.0,13425.0,13425.0,13425.0,720058
2026-07-20 14:20:00,13350.0,13350.0,13350.0,13350.0,751474
2026-07-20 14:21:00,13400.0,13400.0,13400.0,13400.0,838634
2026-07-20 14:22:00,13360.0,13360.0,13360.0,13360.0,446578
2026-07-20 14:23:00,13375.0,13375.0,13375.0,13375.0,515128
2026-07-20 14:24:00,13430.0,13430.0,13430.0,13430.0,455432
2026-07-20 14:25:00,13535.0,13535.0,13535.0,13535.0,757717
2026-07-20 14:26:00,13525.0,13525.0,13525.0,13525.0,558539
2026-07-20 14:27:00,13590.0,13590.0,13590.0,13590.0,664400
2026-07-20 14:28:00,13455.0,13455.0,13455.0,13455.0,518869
2026-07-20 14:29:00,13455.0,13455.0,13455.0,13455.0,266210
2026-07-20 14:30:00,13440.0,13440.0,13440.0,13440.0,612457
2026-07-20 14:31:00,13410.0,13410.0,13410.0,13410.0,474078
2026-07-20 14:32:00,13400.0,13400.0,13400.0,13400.0,282165
2026-07-20 14:33:00,13380.0,13380.0,13380.0,13380.0,443828
2026-07-20 14:34:00,13440.0,13440.0,13440.0,13440.0,457839
2026-07-20 14:35:00,13405.0,13405.0,13405.0,13405.0,458167
2026-07-20 14:36:00,13460.0,13460.0,13460.0,13460.0,472193
2026-07-20 14:37:00,13415.0,13415.0,13415.0,13415.0,580110
2026-07-20 14:38:00,13510.0,13510.0,13510.0,13510.0,513590
2026-07-20 14:39:00,13380.0,13380.0,13380.0,13380.0,444034
2026-07-20 14:40:00,13525.0,13525.0,13525.0,13525.0,601316
2026-07-20 14:41:00,13475.0,13475.0,13475.0,13475.0,455428
2026-07-20 14:42:00,13460.0,13460.0,13460.0,13460.0,491194
2026-07-20 14:43:00,13480.0,13480.0,13480.0,13480.0,804375
2026-07-20 14:44:00,13455.0,13455.0,13455.0,13455.0,369902
2026-07-20 14:45:00,13450.0,13450.0,13450.0,13450.0,367679
2026-07-20 14:46:00,13370.0,13370.0,13370.0,13370.0,708417
2026-07-20 14:47:00,13395.0,13395.0,13395.0,13395.0,509763
2026-07-20 14:48:00,13320.0,13320.0,13320.0,13320.0,751687
2026-07-20 14:49:00,13400.0,13400.0,13400.0,13400.0,890319
2026-07-20 14:50:00,13385.0,13385.0,13385.0,13385.0,512151
2026-07-20 14:51:00,13335.0,13335.0,13335.0,13335.0,255804
2026-07-20 14:52:00,13375.0,13375.0,13375.0,13375.0,444651
2026-07-20 14:53:00,13335.0,13335.0,13335.0,13335.0,277978
2026-07-20 14:54:00,13340.0,13340.0,13340.0,13340.0,334201
2026-07-20 14:55:00,13435.0,13435.0,13435.0,13435.0,485608
2026-07-20 14:56:00,13560.0,13560.0,13560.0,13560.0,1018827
2026-07-20 14:57:00,13625.0,13625.0,13625.0,13625.0,810046
2026-07-20 14:58:00,13490.0,13490.0,13490.0,13490.0,859778
2026-07-20 14:59:00,13405.0,13405.0,13405.0,13405.0,564398
2026-07-20 15:00:00,13400.0,13400.0,13400.0,13400.0,727426
2026-07-20 15:01:00,13330.0,13330.0,13330.0,13330.0,429771
2026-07-20 15:02:00,13310.0,13310.0,13310.0,13310.0,964693
2026-07-20 15:03:00,13265.0,13265.0,13265.0,13265.0,369701
2026-07-20 15:04:00,13295.0,13295.0,13295.0,13295.0,332662
2026-07-20 15:05:00,13280.0,13280.0,13280.0,13280.0,629507
2026-07-20 15:06:00,13255.0,13255.0,13255.0,13255.0,345491
2026-07-20 15:07:00,13275.0,13275.0,13275.0,13275.0,306127
2026-07-20 15:08:00,13320.0,13320.0,13320.0,13320.0,481212
2026-07-20 15:09:00,13270.0,13270.0,13270.0,13270.0,485101
2026-07-20 15:10:00,13230.0,13230.0,13230.0,13230.0,435792
2026-07-20 15:11:00,13180.0,13180.0,13180.0,13180.0,659119
2026-07-20 15:12:00,13170.0,13170.0,13170.0,13170.0,792834
2026-07-20 15:13:00,13165.0,13165.0,13165.0,13165.0,371867
2026-07-20 15:14:00,13130.0,13130.0,13130.0,13130.0,397255
2026-07-20 15:15:00,13295.0,13295.0,13295.0,13295.0,870914
2026-07-20 15:16:00,13360.0,13360.0,13360.0,13360.0,694216
2026-07-20 15:17:00,13355.0,13355.0,13355.0,13355.0,425338
2026-07-20 15:18:00,13375.0,13375.0,13375.0,13375.0,625901
2026-07-20 15:19:00,13440.0,13440.0,13440.0,13440.0,860917
2026-07-20 15:30:00,13250.0,13250.0,13250.0,13250.0,824050
2026-07-21 09:00:00,13025.0,13025.0,13025.0,13025.0,1577491
2026-07-21 09:01:00,13060.0,13060.0,13060.0,13060.0,2021210
2026-07-21 09:02:00,13100.0,13100.0,13100.0,13100.0,1686858
2026-07-21 09:03:00,13230.0,13230.0,13230.0,13230.0,2079868
2026-07-21 09:04:00,13300.0,13300.0,13300.0,13300.0,1696974
2026-07-21 09:05:00,13280.0,13280.0,13280.0,13280.0,1689887
2026-07-21 09:06:00,13150.0,13150.0,13150.0,13150.0,1103210
2026-07-21 09:07:00,12880.0,12880.0,12880.0,12880.0,1874053
2026-07-21 09:08:00,12920.0,12920.0,12920.0,12920.0,1846242
2026-07-21 09:09:00,12985.0,12985.0,12985.0,12985.0,1818613
2026-07-21 09:10:00,12965.0,12965.0,12965.0,12965.0,1385377
2026-07-21 09:11:00,12985.0,12985.0,12985.0,12985.0,1112929
2026-07-21 09:12:00,13080.0,13080.0,13080.0,13080.0,996589
2026-07-21 09:13:00,13405.0,13405.0,13405.0,13405.0,1889389
2026-07-21 09:14:00,13370.0,13370.0,13370.0,13370.0,1539542
2026-07-21 09:15:00,13225.0,13225.0,13225.0,13225.0,1240125
2026-07-21 09:16:00,13285.0,13285.0,13285.0,13285.0,1071563
2026-07-21 09:17:00,13375.0,13375.0,13375.0,13375.0,1107108
2026-07-21 09:18:00,13320.0,13320.0,13320.0,13320.0,538898
2026-07-21 09:19:00,13395.0,13395.0,13395.0,13395.0,1253648
2026-07-21 09:20:00,13280.0,13280.0,13280.0,13280.0,817343
2026-07-21 09:21:00,13400.0,13400.0,13400.0,13400.0,971399
2026-07-21 09:22:00,13370.0,13370.0,13370.0,13370.0,763000
2026-07-21 09:23:00,13285.0,13285.0,13285.0,13285.0,562753
2026-07-21 09:24:00,13500.0,13500.0,13500.0,13500.0,1395470
2026-07-21 09:25:00,13445.0,13445.0,13445.0,13445.0,1146058
2026-07-21 09:26:00,13425.0,13425.0,13425.0,13425.0,807617
2026-07-21 09:27:00,13495.0,13495.0,13495.0,13495.0,782139
2026-07-21 09:28:00,13365.0,13365.0,13365.0,13365.0,1823920
2026-07-21 09:29:00,13365.0,13365.0,13365.0,13365.0,1023876
2026-07-21 09:30:00,13310.0,13310.0,13310.0,13310.0,1051334
2026-07-21 09:31:00,13330.0,13330.0,13330.0,13330.0,747341
2026-07-21 09:32:00,13400.0,13400.0,13400.0,13400.0,699395
2026-07-21 09:33:00,13310.0,13310.0,13310.0,13310.0,1092021
2026-07-21 09:34:00,13375.0,13375.0,13375.0,13375.0,800901
2026-07-21 09:35:00,13400.0,13400.0,13400.0,13400.0,294602
2026-07-21 09:36:00,13425.0,13425.0,13425.0,13425.0,1055759
2026-07-21 09:37:00,13430.0,13430.0,13430.0,13430.0,904042
2026-07-21 09:38:00,13475.0,13475.0,13475.0,13475.0,694447
2026-07-21 09:39:00,13605.0,13605.0,13605.0,13605.0,1324451
2026-07-21 09:40:00,13615.0,13615.0,13615.0,13615.0,1214230
2026-07-21 09:41:00,13620.0,13620.0,13620.0,13620.0,972139
2026-07-21 09:42:00,13735.0,13735.0,13735.0,13735.0,1695178
2026-07-21 09:43:00,13690.0,13690.0,13690.0,13690.0,1089175
2026-07-21 09:44:00,13765.0,13765.0,13765.0,13765.0,1118073
2026-07-21 09:45:00,13740.0,13740.0,13740.0,13740.0,1026436
2026-07-21 09:46:00,13750.0,13750.0,13750.0,13750.0,766020
2026-07-21 09:47:00,13795.0,13795.0,13795.0,13795.0,672599
2026-07-21 09:48:00,13845.0,13845.0,13845.0,13845.0,1000147
2026-07-21 09:49:00,13795.0,13795.0,13795.0,13795.0,920068
2026-07-21 09:50:00,13805.0,13805.0,13805.0,13805.0,950068
2026-07-21 09:51:00,13795.0,13795.0,13795.0,13795.0,730979
2026-07-21 09:52:00,13740.0,13740.0,13740.0,13740.0,695596
2026-07-21 09:53:00,13755.0,13755.0,13755.0,13755.0,494672
2026-07-21 09:54:00,13665.0,13665.0,13665.0,13665.0,632307
2026-07-21 09:55:00,13625.0,13625.0,13625.0,13625.0,758852
2026-07-21 09:56:00,13620.0,13620.0,13620.0,13620.0,928597
2026-07-21 09:57:00,13640.0,13640.0,13640.0,13640.0,655961
2026-07-21 09:58:00,13535.0,13535.0,13535.0,13535.0,801138
2026-07-21 09:59:00,13510.0,13510.0,13510.0,13510.0,688557
2026-07-21 10:00:00,13545.0,13545.0,13545.0,13545.0,634168
2026-07-21 10:01:00,13565.0,13565.0,13565.0,13565.0,664171
2026-07-21 10:02:00,13500.0,13500.0,13500.0,13500.0,977827
2026-07-21 10:03:00,13580.0,13580.0,13580.0,13580.0,971107
2026-07-21 10:04:00,13750.0,13750.0,13750.0,13750.0,1142385
2026-07-21 10:05:00,13870.0,13870.0,13870.0,13870.0,1373777
2026-07-21 10:06:00,13870.0,13870.0,13870.0,13870.0,1456619
2026-07-21 10:07:00,13885.0,13885.0,13885.0,13885.0,1136407
2026-07-21 10:08:00,13965.0,13965.0,13965.0,13965.0,1522721
2026-07-21 10:09:00,14040.0,14040.0,14040.0,14040.0,1448873
2026-07-21 10:10:00,13995.0,13995.0,13995.0,13995.0,1275964
2026-07-21 10:11:00,13985.0,13985.0,13985.0,13985.0,777575
2026-07-21 10:12:00,14100.0,14100.0,14100.0,14100.0,1191073
2026-07-21 10:13:00,14120.0,14120.0,14120.0,14120.0,1140446
2026-07-21 10:14:00,14145.0,14145.0,14145.0,14145.0,1097701
2026-07-21 10:15:00,14105.0,14105.0,14105.0,14105.0,1071050
2026-07-21 10:16:00,14050.0,14050.0,14050.0,14050.0,1002328
2026-07-21 10:17:00,13915.0,13915.0,13915.0,13915.0,1087383
2026-07-21 10:18:00,13930.0,13930.0,13930.0,13930.0,888548
2026-07-21 10:19:00,14020.0,14020.0,14020.0,14020.0,1160141
2026-07-21 10:20:00,14095.0,14095.0,14095.0,14095.0,1078523
2026-07-21 10:21:00,13945.0,13945.0,13945.0,13945.0,702369
2026-07-21 10:22:00,13975.0,13975.0,13975.0,13975.0,523730
2026-07-21 10:23:00,13915.0,13915.0,13915.0,13915.0,585002
2026-07-21 10:24:00,14000.0,14000.0,14000.0,14000.0,686881
2026-07-21 10:25:00,14015.0,14015.0,14015.0,14015.0,420309
2026-07-21 10:26:00,13940.0,13940.0,13940.0,13940.0,601785
2026-07-21 10:27:00,14005.0,14005.0,14005.0,14005.0,686591
2026-07-21 10:28:00,14030.0,14030.0,14030.0,14030.0,535073
2026-07-21 10:29:00,14035.0,14035.0,14035.0,14035.0,439917
2026-07-21 10:30:00,14170.0,14170.0,14170.0,14170.0,913244
2026-07-21 10:31:00,14235.0,14235.0,14235.0,14235.0,1281511
2026-07-21 10:32:00,14320.0,14320.0,14320.0,14320.0,968029
2026-07-21 10:33:00,14295.0,14295.0,14295.0,14295.0,1028237
2026-07-21 10:34:00,14325.0,14325.0,14325.0,14325.0,707837
2026-07-21 10:35:00,14255.0,14255.0,14255.0,14255.0,837738
2026-07-21 10:36:00,14360.0,14360.0,14360.0,14360.0,819269
2026-07-21 10:37:00,14430.0,14430.0,14430.0,14430.0,829759
2026-07-21 10:38:00,14335.0,14335.0,14335.0,14335.0,833642
2026-07-21 10:39:00,14310.0,14310.0,14310.0,14310.0,551490
2026-07-21 10:40:00,14375.0,14375.0,14375.0,14375.0,817086
2026-07-21 10:41:00,14345.0,14345.0,14345.0,14345.0,640460
2026-07-21 10:42:00,14310.0,14310.0,14310.0,14310.0,513482
2026-07-21 10:43:00,14260.0,14260.0,14260.0,14260.0,681063
2026-07-21 10:44:00,14265.0,14265.0,14265.0,14265.0,489002
2026-07-21 10:45:00,14210.0,14210.0,14210.0,14210.0,710467
2026-07-21 10:46:00,14165.0,14165.0,14165.0,14165.0,579592
2026-07-21 10:47:00,14230.0,14230.0,14230.0,14230.0,739920
2026-07-21 10:48:00,14305.0,14305.0,14305.0,14305.0,779643
2026-07-21 10:49:00,14355.0,14355.0,14355.0,14355.0,550833
2026-07-21 10:50:00,14260.0,14260.0,14260.0,14260.0,704437
2026-07-21 10:51:00,14095.0,14095.0,14095.0,14095.0,1022219
2026-07-21 10:52:00,14115.0,14115.0,14115.0,14115.0,695952
2026-07-21 10:53:00,14180.0,14180.0,14180.0,14180.0,596271
2026-07-21 10:54:00,14210.0,14210.0,14210.0,14210.0,486864
2026-07-21 10:55:00,14170.0,14170.0,14170.0,14170.0,684993
2026-07-21 10:56:00,14105.0,14105.0,14105.0,14105.0,487890
2026-07-21 10:57:00,14020.0,14020.0,14020.0,14020.0,611075
2026-07-21 10:58:00,13980.0,13980.0,13980.0,13980.0,542012
2026-07-21 10:59:00,14060.0,14060.0,14060.0,14060.0,872742
2026-07-21 11:00:00,14110.0,14110.0,14110.0,14110.0,492258
2026-07-21 11:01:00,14060.0,14060.0,14060.0,14060.0,631784
2026-07-21 11:02:00,14125.0,14125.0,14125.0,14125.0,598185
2026-07-21 11:03:00,14180.0,14180.0,14180.0,14180.0,638362
2026-07-21 11:04:00,14200.0,14200.0,14200.0,14200.0,631328
2026-07-21 11:05:00,14210.0,14210.0,14210.0,14210.0,678360
2026-07-21 11:06:00,14175.0,14175.0,14175.0,14175.0,629305
2026-07-21 11:07:00,14100.0,14100.0,14100.0,14100.0,474060
2026-07-21 11:08:00,14030.0,14030.0,14030.0,14030.0,466555
2026-07-21 11:09:00,13970.0,13970.0,13970.0,13970.0,1383967
2026-07-21 11:10:00,13915.0,13915.0,13915.0,13915.0,639059
2026-07-21 11:11:00,13985.0,13985.0,13985.0,13985.0,1092443
2026-07-21 11:12:00,13975.0,13975.0,13975.0,13975.0,509368
2026-07-21 11:13:00,13985.0,13985.0,13985.0,13985.0,608726
2026-07-21 11:14:00,14015.0,14015.0,14015.0,14015.0,424333
2026-07-21 11:15:00,14000.0,14000.0,14000.0,14000.0,521367
2026-07-21 11:16:00,13930.0,13930.0,13930.0,13930.0,558259
2026-07-21 11:17:00,13935.0,13935.0,13935.0,13935.0,476988
2026-07-21 11:18:00,13920.0,13920.0,13920.0,13920.0,338999
2026-07-21 11:19:00,13855.0,13855.0,13855.0,13855.0,560665
2026-07-21 11:20:00,13825.0,13825.0,13825.0,13825.0,821802
2026-07-21 11:21:00,13905.0,13905.0,13905.0,13905.0,627914
2026-07-21 11:22:00,13885.0,13885.0,13885.0,13885.0,424553
2026-07-21 11:23:00,13945.0,13945.0,13945.0,13945.0,351607
2026-07-21 11:24:00,14010.0,14010.0,14010.0,14010.0,769888
2026-07-21 11:25:00,14010.0,14010.0,14010.0,14010.0,541843
2026-07-21 11:26:00,13985.0,13985.0,13985.0,13985.0,423230
2026-07-21 11:27:00,13960.0,13960.0,13960.0,13960.0,350115
2026-07-21 11:28:00,13915.0,13915.0,13915.0,13915.0,352051
2026-07-21 11:29:00,13955.0,13955.0,13955.0,13955.0,281159
2026-07-21 11:30:00,14070.0,14070.0,14070.0,14070.0,751026
2026-07-21 11:31:00,14095.0,14095.0,14095.0,14095.0,313330
2026-07-21 11:32:00,14145.0,14145.0,14145.0,14145.0,653570
2026-07-21 11:33:00,14130.0,14130.0,14130.0,14130.0,566785
2026-07-21 11:34:00,14110.0,14110.0,14110.0,14110.0,361332
2026-07-21 11:35:00,14160.0,14160.0,14160.0,14160.0,463190
2026-07-21 11:36:00,14175.0,14175.0,14175.0,14175.0,517942
2026-07-21 11:37:00,14180.0,14180.0,14180.0,14180.0,476405
2026-07-21 11:38:00,14140.0,14140.0,14140.0,14140.0,329968
2026-07-21 11:39:00,14200.0,14200.0,14200.0,14200.0,556075
2026-07-21 11:40:00,14205.0,14205.0,14205.0,14205.0,632487
2026-07-21 11:41:00,14150.0,14150.0,14150.0,14150.0,498768
2026-07-21 11:42:00,14205.0,14205.0,14205.0,14205.0,397917
2026-07-21 11:43:00,14290.0,14290.0,14290.0,14290.0,477205
2026-07-21 11:44:00,14270.0,14270.0,14270.0,14270.0,644190
2026-07-21 11:45:00,14230.0,14230.0,14230.0,14230.0,322479
2026-07-21 11:46:00,14215.0,14215.0,14215.0,14215.0,379814
2026-07-21 11:47:00,14220.0,14220.0,14220.0,14220.0,349403
2026-07-21 11:48:00,14260.0,14260.0,14260.0,14260.0,419845
2026-07-21 11:49:00,14225.0,14225.0,14225.0,14225.0,462074
2026-07-21 11:50:00,14300.0,14300.0,14300.0,14300.0,459536
2026-07-21 11:51:00,14270.0,14270.0,14270.0,14270.0,507824
2026-07-21 11:52:00,14170.0,14170.0,14170.0,14170.0,748286
2026-07-21 11:53:00,14130.0,14130.0,14130.0,14130.0,771941
2026-07-21 11:54:00,14175.0,14175.0,14175.0,14175.0,393560
2026-07-21 11:55:00,14190.0,14190.0,14190.0,14190.0,406050
2026-07-21 11:56:00,14220.0,14220.0,14220.0,14220.0,288656
2026-07-21 11:57:00,14220.0,14220.0,14220.0,14220.0,258513
2026-07-21 11:58:00,14300.0,14300.0,14300.0,14300.0,684146
2026-07-21 11:59:00,14285.0,14285.0,14285.0,14285.0,322953
2026-07-21 12:00:00,14310.0,14310.0,14310.0,14310.0,447119
2026-07-21 12:01:00,14350.0,14350.0,14350.0,14350.0,479924
2026-07-21 12:02:00,14350.0,14350.0,14350.0,14350.0,692091
2026-07-21 12:03:00,14370.0,14370.0,14370.0,14370.0,694094
2026-07-21 12:04:00,14375.0,14375.0,14375.0,14375.0,589499
2026-07-21 12:05:00,14330.0,14330.0,14330.0,14330.0,480785
2026-07-21 12:06:00,14340.0,14340.0,14340.0,14340.0,410725
2026-07-21 12:07:00,14315.0,14315.0,14315.0,14315.0,324458
2026-07-21 12:08:00,14320.0,14320.0,14320.0,14320.0,334379
2026-07-21 12:09:00,14305.0,14305.0,14305.0,14305.0,396616
2026-07-21 12:10:00,14325.0,14325.0,14325.0,14325.0,306344
2026-07-21 12:11:00,14415.0,14415.0,14415.0,14415.0,606743
2026-07-21 12:12:00,14430.0,14430.0,14430.0,14430.0,770146
2026-07-21 12:13:00,14460.0,14460.0,14460.0,14460.0,356863
2026-07-21 12:14:00,14490.0,14490.0,14490.0,14490.0,588445
2026-07-21 12:15:00,14455.0,14455.0,14455.0,14455.0,685767
2026-07-21 12:16:00,14540.0,14540.0,14540.0,14540.0,666151
2026-07-21 12:17:00,14540.0,14540.0,14540.0,14540.0,649120
2026-07-21 12:18:00,14555.0,14555.0,14555.0,14555.0,322919
2026-07-21 12:19:00,14625.0,14625.0,14625.0,14625.0,794115
2026-07-21 12:20:00,14640.0,14640.0,14640.0,14640.0,347907
2026-07-21 12:23:00,14515.0,14515.0,14515.0,14515.0,874489
2026-07-21 12:24:00,14570.0,14570.0,14570.0,14570.0,1013844
2026-07-21 12:25:00,14550.0,14550.0,14550.0,14550.0,566175
2026-07-21 12:26:00,14490.0,14490.0,14490.0,14490.0,435841
2026-07-21 12:27:00,14460.0,14460.0,14460.0,14460.0,770257
2026-07-21 12:28:00,14575.0,14575.0,14575.0,14575.0,583191
2026-07-21 12:29:00,14580.0,14580.0,14580.0,14580.0,661014
2026-07-21 12:30:00,14575.0,14575.0,14575.0,14575.0,432140
2026-07-21 12:31:00,14625.0,14625.0,14625.0,14625.0,496868
2026-07-21 12:32:00,14660.0,14660.0,14660.0,14660.0,572262
2026-07-21 12:33:00,14700.0,14700.0,14700.0,14700.0,596366
2026-07-21 12:34:00,14690.0,14690.0,14690.0,14690.0,498163
2026-07-21 12:35:00,14765.0,14765.0,14765.0,14765.0,627943
2026-07-21 12:36:00,14750.0,14750.0,14750.0,14750.0,786053
2026-07-21 12:37:00,14780.0,14780.0,14780.0,14780.0,419947
2026-07-21 12:38:00,14855.0,14855.0,14855.0,14855.0,624453
2026-07-21 12:39:00,14870.0,14870.0,14870.0,14870.0,544902
2026-07-21 12:40:00,14965.0,14965.0,14965.0,14965.0,1184986
2026-07-21 12:41:00,14930.0,14930.0,14930.0,14930.0,1616062
2026-07-21 12:42:00,14985.0,14985.0,14985.0,14985.0,615251
2026-07-21 12:43:00,14930.0,14930.0,14930.0,14930.0,722742
2026-07-21 12:44:00,14905.0,14905.0,14905.0,14905.0,830024
2026-07-21 12:45:00,14995.0,14995.0,14995.0,14995.0,1149476
2026-07-21 12:46:00,15000.0,15000.0,15000.0,15000.0,1263038
2026-07-21 12:47:00,14890.0,14890.0,14890.0,14890.0,886387
2026-07-21 12:48:00,14915.0,14915.0,14915.0,14915.0,801604
2026-07-21 12:49:00,14965.0,14965.0,14965.0,14965.0,481982
2026-07-21 12:50:00,15015.0,15015.0,15015.0,15015.0,731972
2026-07-21 12:51:00,15080.0,15080.0,15080.0,15080.0,926947
2026-07-21 12:52:00,15110.0,15110.0,15110.0,15110.0,678161
2026-07-21 12:53:00,15145.0,15145.0,15145.0,15145.0,613352
2026-07-21 12:54:00,14990.0,14990.0,14990.0,14990.0,1041396
2026-07-21 12:55:00,14995.0,14995.0,14995.0,14995.0,715823
2026-07-21 12:56:00,15020.0,15020.0,15020.0,15020.0,655985
2026-07-21 12:57:00,14975.0,14975.0,14975.0,14975.0,527755
2026-07-21 12:58:00,14950.0,14950.0,14950.0,14950.0,337738
2026-07-21 12:59:00,14990.0,14990.0,14990.0,14990.0,829673
2026-07-21 13:00:00,14955.0,14955.0,14955.0,14955.0,512743
2026-07-21 13:01:00,15040.0,15040.0,15040.0,15040.0,574339
2026-07-21 13:02:00,14990.0,14990.0,14990.0,14990.0,425836
2026-07-21 13:03:00,14950.0,14950.0,14950.0,14950.0,563043
2026-07-21 13:04:00,14955.0,14955.0,14955.0,14955.0,474447
2026-07-21 13:05:00,14960.0,14960.0,14960.0,14960.0,385951
2026-07-21 13:06:00,14975.0,14975.0,14975.0,14975.0,302736
2026-07-21 13:07:00,14920.0,14920.0,14920.0,14920.0,367414
2026-07-21 13:08:00,15060.0,15060.0,15060.0,15060.0,798950
2026-07-21 13:09:00,14920.0,14920.0,14920.0,14920.0,696648
2026-07-21 13:10:00,14995.0,14995.0,14995.0,14995.0,677920
2026-07-21 13:11:00,14990.0,14990.0,14990.0,14990.0,579553
2026-07-21 13:12:00,14995.0,14995.0,14995.0,14995.0,520515
2026-07-21 13:13:00,15005.0,15005.0,15005.0,15005.0,283304
2026-07-21 13:14:00,14980.0,14980.0,14980.0,14980.0,247814
2026-07-21 13:15:00,15000.0,15000.0,15000.0,15000.0,291282
2026-07-21 13:16:00,15050.0,15050.0,15050.0,15050.0,709841
2026-07-21 13:17:00,15010.0,15010.0,15010.0,15010.0,414714
2026-07-21 13:18:00,14990.0,14990.0,14990.0,14990.0,337562
2026-07-21 13:19:00,14940.0,14940.0,14940.0,14940.0,377253
2026-07-21 13:20:00,14995.0,14995.0,14995.0,14995.0,384135
2026-07-21 13:21:00,14965.0,14965.0,14965.0,14965.0,547065
2026-07-21 13:22:00,14815.0,14815.0,14815.0,14815.0,586765
2026-07-21 13:23:00,14770.0,14770.0,14770.0,14770.0,1111905
2026-07-21 13:24:00,14800.0,14800.0,14800.0,14800.0,718612
2026-07-21 13:25:00,14850.0,14850.0,14850.0,14850.0,753478
2026-07-21 13:26:00,14830.0,14830.0,14830.0,14830.0,301519
2026-07-21 13:27:00,14860.0,14860.0,14860.0,14860.0,574153
2026-07-21 13:28:00,14880.0,14880.0,14880.0,14880.0,483413
2026-07-21 13:29:00,14815.0,14815.0,14815.0,14815.0,387747
2026-07-21 13:30:00,14775.0,14775.0,14775.0,14775.0,428959
2026-07-21 13:31:00,14765.0,14765.0,14765.0,14765.0,520709
2026-07-21 13:32:00,14785.0,14785.0,14785.0,14785.0,428732
2026-07-21 13:33:00,14765.0,14765.0,14765.0,14765.0,494222
2026-07-21 13:34:00,14700.0,14700.0,14700.0,14700.0,562261
2026-07-21 13:35:00,14855.0,14855.0,14855.0,14855.0,864752
2026-07-21 13:36:00,14800.0,14800.0,14800.0,14800.0,479372
2026-07-21 13:37:00,14805.0,14805.0,14805.0,14805.0,356619
2026-07-21 13:38:00,14840.0,14840.0,14840.0,14840.0,301560
2026-07-21 13:39:00,14790.0,14790.0,14790.0,14790.0,355541
2026-07-21 13:40:00,14862.0,14862.0,14862.0,14862.0,537833
2026-07-21 13:41:00,14820.0,14820.0,14820.0,14820.0,572660
2026-07-21 13:42:00,14765.0,14765.0,14765.0,14765.0,586265
2026-07-21 13:43:00,14790.0,14790.0,14790.0,14790.0,424376
2026-07-21 13:44:00,14805.0,14805.0,14805.0,14805.0,443498
2026-07-21 13:45:00,14765.0,14765.0,14765.0,14765.0,301254
2026-07-21 13:46:00,14810.0,14810.0,14810.0,14810.0,272994
2026-07-21 13:47:00,14890.0,14890.0,14890.0,14890.0,728761
2026-07-21 13:48:00,14940.0,14940.0,14940.0,14940.0,670647
2026-07-21 13:49:00,14905.0,14905.0,14905.0,14905.0,500953
2026-07-21 13:50:00,14860.0,14860.0,14860.0,14860.0,558406
2026-07-21 13:51:00,14755.0,14755.0,14755.0,14755.0,597799
2026-07-21 13:52:00,14775.0,14775.0,14775.0,14775.0,812621
2026-07-21 13:53:00,14655.0,14655.0,14655.0,14655.0,630523
2026-07-21 13:54:00,14655.0,14655.0,14655.0,14655.0,736995
2026-07-21 13:55:00,14590.0,14590.0,14590.0,14590.0,832305
2026-07-21 13:56:00,14595.0,14595.0,14595.0,14595.0,782398
2026-07-21 13:57:00,14610.0,14610.0,14610.0,14610.0,443251
2026-07-21 13:58:00,14690.0,14690.0,14690.0,14690.0,708153
2026-07-21 13:59:00,14595.0,14595.0,14595.0,14595.0,548300
2026-07-21 14:00:00,14660.0,14660.0,14660.0,14660.0,634663
2026-07-21 14:01:00,14675.0,14675.0,14675.0,14675.0,448567
2026-07-21 14:02:00,14655.0,14655.0,14655.0,14655.0,426060
2026-07-21 14:03:00,14635.0,14635.0,14635.0,14635.0,389972
2026-07-21 14:04:00,14695.0,14695.0,14695.0,14695.0,610668
2026-07-21 14:05:00,14670.0,14670.0,14670.0,14670.0,350566
2026-07-21 14:06:00,14650.0,14650.0,14650.0,14650.0,323924
2026-07-21 14:07:00,14675.0,14675.0,14675.0,14675.0,589131
2026-07-21 14:08:00,14690.0,14690.0,14690.0,14690.0,703158
2026-07-21 14:09:00,14745.0,14745.0,14745.0,14745.0,915619
2026-07-21 14:10:00,14610.0,14610.0,14610.0,14610.0,596397
2026-07-21 14:11:00,14555.0,14555.0,14555.0,14555.0,677127
2026-07-21 14:12:00,14510.0,14510.0,14510.0,14510.0,805349
2026-07-21 14:13:00,14510.0,14510.0,14510.0,14510.0,723665
2026-07-21 14:14:00,14460.0,14460.0,14460.0,14460.0,634379
2026-07-21 14:15:00,14410.0,14410.0,14410.0,14410.0,1013096
2026-07-21 14:16:00,14390.0,14390.0,14390.0,14390.0,939913
2026-07-21 14:17:00,14330.0,14330.0,14330.0,14330.0,949267
2026-07-21 14:18:00,14420.0,14420.0,14420.0,14420.0,1157403
2026-07-21 14:19:00,14300.0,14300.0,14300.0,14300.0,761499
2026-07-21 14:20:00,14335.0,14335.0,14335.0,14335.0,783965
2026-07-21 14:21:00,14365.0,14365.0,14365.0,14365.0,1016651
2026-07-21 14:22:00,14405.0,14405.0,14405.0,14405.0,852240
2026-07-21 14:23:00,14445.0,14445.0,14445.0,14445.0,750918
2026-07-21 14:24:00,14490.0,14490.0,14490.0,14490.0,1301419
2026-07-21 14:25:00,14435.0,14435.0,14435.0,14435.0,723966
2026-07-21 14:26:00,14545.0,14545.0,14545.0,14545.0,879555
2026-07-21 14:27:00,14575.0,14575.0,14575.0,14575.0,726302
2026-07-21 14:28:00,14505.0,14505.0,14505.0,14505.0,684640
2026-07-21 14:29:00,14580.0,14580.0,14580.0,14580.0,561412
2026-07-21 14:30:00,14505.0,14505.0,14505.0,14505.0,609389
2026-07-21 14:31:00,14455.0,14455.0,14455.0,14455.0,682415
2026-07-21 14:32:00,14435.0,14435.0,14435.0,14435.0,426138
2026-07-21 14:33:00,14350.0,14350.0,14350.0,14350.0,676167
2026-07-21 14:34:00,14495.0,14495.0,14495.0,14495.0,586503
2026-07-21 14:35:00,14570.0,14570.0,14570.0,14570.0,842888
2026-07-21 14:36:00,14535.0,14535.0,14535.0,14535.0,542097
2026-07-21 14:37:00,14510.0,14510.0,14510.0,14510.0,484162
2026-07-21 14:38:00,14505.0,14505.0,14505.0,14505.0,459466
2026-07-21 14:39:00,14490.0,14490.0,14490.0,14490.0,583544
2026-07-21 14:40:00,14490.0,14490.0,14490.0,14490.0,638302
2026-07-21 14:41:00,14530.0,14530.0,14530.0,14530.0,366619
2026-07-21 14:42:00,14470.0,14470.0,14470.0,14470.0,592629
2026-07-21 14:43:00,14480.0,14480.0,14480.0,14480.0,539430
2026-07-21 14:44:00,14460.0,14460.0,14460.0,14460.0,307606
2026-07-21 14:45:00,14550.0,14550.0,14550.0,14550.0,746530
2026-07-21 14:46:00,14580.0,14580.0,14580.0,14580.0,954679
2026-07-21 14:47:00,14565.0,14565.0,14565.0,14565.0,339063
2026-07-21 14:48:00,14630.0,14630.0,14630.0,14630.0,606333
2026-07-21 14:49:00,14595.0,14595.0,14595.0,14595.0,715968
2026-07-21 14:50:00,14535.0,14535.0,14535.0,14535.0,606285
2026-07-21 14:51:00,14485.0,14485.0,14485.0,14485.0,606629
2026-07-21 14:52:00,14465.0,14465.0,14465.0,14465.0,357580
2026-07-21 14:53:00,14440.0,14440.0,14440.0,14440.0,467775
2026-07-21 14:54:00,14450.0,14450.0,14450.0,14450.0,555003
2026-07-21 14:55:00,14510.0,14510.0,14510.0,14510.0,379837
2026-07-21 14:56:00,14490.0,14490.0,14490.0,14490.0,317187
2026-07-21 14:57:00,14475.0,14475.0,14475.0,14475.0,339284
2026-07-21 14:58:00,14500.0,14500.0,14500.0,14500.0,387956
2026-07-21 14:59:00,14495.0,14495.0,14495.0,14495.0,165330
2026-07-21 15:00:00,14480.0,14480.0,14480.0,14480.0,421965
2026-07-21 15:01:00,14605.0,14605.0,14605.0,14605.0,570425
2026-07-21 15:02:00,14590.0,14590.0,14590.0,14590.0,628483
2026-07-21 15:03:00,14620.0,14620.0,14620.0,14620.0,604899
2026-07-21 15:04:00,14660.0,14660.0,14660.0,14660.0,581386
2026-07-21 15:05:00,14755.0,14755.0,14755.0,14755.0,414204
2026-07-21 15:06:00,14735.0,14735.0,14735.0,14735.0,867736
2026-07-21 15:07:00,14695.0,14695.0,14695.0,14695.0,481903
2026-07-21 15:08:00,14675.0,14675.0,14675.0,14675.0,413290
2026-07-21 15:09:00,14690.0,14690.0,14690.0,14690.0,310378
2026-07-21 15:10:00,14625.0,14625.0,14625.0,14625.0,411340
2026-07-21 15:11:00,14625.0,14625.0,14625.0,14625.0,400155
2026-07-21 15:12:00,14660.0,14660.0,14660.0,14660.0,306659
2026-07-21 15:13:00,14645.0,14645.0,14645.0,14645.0,322240
2026-07-21 15:14:00,14610.0,14610.0,14610.0,14610.0,285956
2026-07-21 15:15:00,14560.0,14560.0,14560.0,14560.0,565699
2026-07-21 15:16:00,14535.0,14535.0,14535.0,14535.0,282572
2026-07-21 15:17:00,14545.0,14545.0,14545.0,14545.0,249640
2026-07-21 15:18:00,14480.0,14480.0,14480.0,14480.0,396742
2026-07-21 15:19:00,14475.0,14475.0,14475.0,14475.0,681540
2026-07-21 15:30:00,14405.0,14405.0,14405.0,14405.0,750626
2026-07-22 09:02:00,16475.0,16475.0,16475.0,16475.0,3047350
2026-07-22 09:03:00,16660.0,16660.0,16660.0,16660.0,2727340
2026-07-22 09:04:00,16760.0,16760.0,16760.0,16760.0,1688362
2026-07-22 09:05:00,16755.0,16755.0,16755.0,16755.0,1613211
2026-07-22 09:06:00,16675.0,16675.0,16675.0,16675.0,1351824
2026-07-22 09:07:00,16705.0,16705.0,16705.0,16705.0,1199927
2026-07-22 09:08:00,16610.0,16610.0,16610.0,16610.0,1135768
2026-07-22 09:09:00,16665.0,16665.0,16665.0,16665.0,1007036
2026-07-22 09:10:00,16645.0,16645.0,16645.0,16645.0,1241944
2026-07-22 09:11:00,16720.0,16720.0,16720.0,16720.0,2319197
2026-07-22 09:12:00,16725.0,16725.0,16725.0,16725.0,950206
2026-07-22 09:13:00,16760.0,16760.0,16760.0,16760.0,653273
2026-07-22 09:14:00,16815.0,16815.0,16815.0,16815.0,870324
2026-07-22 09:15:00,16840.0,16840.0,16840.0,16840.0,1461325
2026-07-22 09:16:00,16845.0,16845.0,16845.0,16845.0,785273
2026-07-22 09:17:00,16825.0,16825.0,16825.0,16825.0,1071644
2026-07-22 09:18:00,16825.0,16825.0,16825.0,16825.0,697681
2026-07-22 09:19:00,16865.0,16865.0,16865.0,16865.0,602295
2026-07-22 09:20:00,16895.0,16895.0,16895.0,16895.0,773807
2026-07-22 09:21:00,16850.0,16850.0,16850.0,16850.0,614545
2026-07-22 09:22:00,16810.0,16810.0,16810.0,16810.0,890662
2026-07-22 09:23:00,16740.0,16740.0,16740.0,16740.0,850810
2026-07-22 09:24:00,16730.0,16730.0,16730.0,16730.0,665408
2026-07-22 09:25:00,16725.0,16725.0,16725.0,16725.0,792544
2026-07-22 09:26:00,16690.0,16690.0,16690.0,16690.0,598251
2026-07-22 09:27:00,16670.0,16670.0,16670.0,16670.0,549257
2026-07-22 09:28:00,16655.0,16655.0,16655.0,16655.0,746526
2026-07-22 09:29:00,16620.0,16620.0,16620.0,16620.0,1030020
2026-07-22 09:30:00,16705.0,16705.0,16705.0,16705.0,1173844
2026-07-22 09:31:00,16665.0,16665.0,16665.0,16665.0,1040878
2026-07-22 09:32:00,16610.0,16610.0,16610.0,16610.0,1049292
2026-07-22 09:33:00,16675.0,16675.0,16675.0,16675.0,1199811
2026-07-22 09:34:00,16660.0,16660.0,16660.0,16660.0,707759
2026-07-22 09:35:00,16640.0,16640.0,16640.0,16640.0,1039513
2026-07-22 09:36:00,16700.0,16700.0,16700.0,16700.0,733891
2026-07-22 09:37:00,16700.0,16700.0,16700.0,16700.0,1088960
2026-07-22 09:38:00,16685.0,16685.0,16685.0,16685.0,1156309
2026-07-22 09:39:00,16695.0,16695.0,16695.0,16695.0,592615
2026-07-22 09:40:00,16680.0,16680.0,16680.0,16680.0,384195
2026-07-22 09:41:00,16680.0,16680.0,16680.0,16680.0,611073
2026-07-22 09:42:00,16675.0,16675.0,16675.0,16675.0,1197704
2026-07-22 09:43:00,16625.0,16625.0,16625.0,16625.0,463859
2026-07-22 09:44:00,16625.0,16625.0,16625.0,16625.0,575362
2026-07-22 09:45:00,16595.0,16595.0,16595.0,16595.0,614145
2026-07-22 09:46:00,16550.0,16550.0,16550.0,16550.0,796605
2026-07-22 09:47:00,16510.0,16510.0,16510.0,16510.0,659967
2026-07-22 09:48:00,16495.0,16495.0,16495.0,16495.0,936558
2026-07-22 09:49:00,16575.0,16575.0,16575.0,16575.0,980575
2026-07-22 09:50:00,16550.0,16550.0,16550.0,16550.0,808439
2026-07-22 09:51:00,16645.0,16645.0,16645.0,16645.0,646635
2026-07-22 09:52:00,16535.0,16535.0,16535.0,16535.0,618306
2026-07-22 09:53:00,16480.0,16480.0,16480.0,16480.0,595652
2026-07-22 09:54:00,16410.0,16410.0,16410.0,16410.0,925475
2026-07-22 09:55:00,16455.0,16455.0,16455.0,16455.0,1088341
2026-07-22 09:56:00,16515.0,16515.0,16515.0,16515.0,1341709
2026-07-22 09:57:00,16560.0,16560.0,16560.0,16560.0,722988
2026-07-22 09:58:00,16550.0,16550.0,16550.0,16550.0,495093
2026-07-22 09:59:00,16575.0,16575.0,16575.0,16575.0,491794
2026-07-22 10:00:00,16520.0,16520.0,16520.0,16520.0,609248
2026-07-22 10:01:00,16465.0,16465.0,16465.0,16465.0,694586
2026-07-22 10:02:00,16500.0,16500.0,16500.0,16500.0,573006
2026-07-22 10:03:00,16510.0,16510.0,16510.0,16510.0,716649
2026-07-22 10:04:00,16565.0,16565.0,16565.0,16565.0,388370
2026-07-22 10:05:00,16640.0,16640.0,16640.0,16640.0,1104451
2026-07-22 10:06:00,16705.0,16705.0,16705.0,16705.0,973900
2026-07-22 10:07:00,16705.0,16705.0,16705.0,16705.0,659088
2026-07-22 10:08:00,16675.0,16675.0,16675.0,16675.0,437707
2026-07-22 10:09:00,16670.0,16670.0,16670.0,16670.0,725385
2026-07-22 10:10:00,16690.0,16690.0,16690.0,16690.0,369786
2026-07-22 10:11:00,16680.0,16680.0,16680.0,16680.0,538642
2026-07-22 10:12:00,16710.0,16710.0,16710.0,16710.0,421163
2026-07-22 10:13:00,16770.0,16770.0,16770.0,16770.0,504939
2026-07-22 10:14:00,16755.0,16755.0,16755.0,16755.0,368132
2026-07-22 10:15:00,16765.0,16765.0,16765.0,16765.0,296603
2026-07-22 10:16:00,16805.0,16805.0,16805.0,16805.0,904124
2026-07-22 10:17:00,16870.0,16870.0,16870.0,16870.0,638635
2026-07-22 10:18:00,16900.0,16900.0,16900.0,16900.0,1297769
2026-07-22 10:19:00,16855.0,16855.0,16855.0,16855.0,660578
2026-07-22 10:20:00,16810.0,16810.0,16810.0,16810.0,650652
2026-07-22 10:21:00,16850.0,16850.0,16850.0,16850.0,767383
2026-07-22 10:22:00,16865.0,16865.0,16865.0,16865.0,364764
2026-07-22 10:23:00,16860.0,16860.0,16860.0,16860.0,220443
2026-07-22 10:24:00,16830.0,16830.0,16830.0,16830.0,454129
2026-07-22 10:25:00,16855.0,16855.0,16855.0,16855.0,318265
2026-07-22 10:26:00,16950.0,16950.0,16950.0,16950.0,777572
2026-07-22 10:27:00,16890.0,16890.0,16890.0,16890.0,540004
2026-07-22 10:28:00,16810.0,16810.0,16810.0,16810.0,741936
2026-07-22 10:29:00,16785.0,16785.0,16785.0,16785.0,528448
2026-07-22 10:30:00,16755.0,16755.0,16755.0,16755.0,658258
2026-07-22 10:31:00,16720.0,16720.0,16720.0,16720.0,607088
2026-07-22 10:32:00,16730.0,16730.0,16730.0,16730.0,434491
2026-07-22 10:33:00,16685.0,16685.0,16685.0,16685.0,708920
2026-07-22 10:34:00,16700.0,16700.0,16700.0,16700.0,601002
2026-07-22 10:35:00,16705.0,16705.0,16705.0,16705.0,376961
2026-07-22 10:36:00,16755.0,16755.0,16755.0,16755.0,432237
2026-07-22 10:37:00,16740.0,16740.0,16740.0,16740.0,539612
2026-07-22 10:38:00,16725.0,16725.0,16725.0,16725.0,292462
2026-07-22 10:39:00,16670.0,16670.0,16670.0,16670.0,418997
2026-07-22 10:40:00,16700.0,16700.0,16700.0,16700.0,482271
2026-07-22 10:41:00,16565.0,16565.0,16565.0,16565.0,722248
2026-07-22 10:42:00,16510.0,16510.0,16510.0,16510.0,840613
2026-07-22 10:43:00,16625.0,16625.0,16625.0,16625.0,1105838
2026-07-22 10:44:00,16620.0,16620.0,16620.0,16620.0,496890
2026-07-22 10:45:00,16675.0,16675.0,16675.0,16675.0,673942
2026-07-22 10:46:00,16735.0,16735.0,16735.0,16735.0,553856
2026-07-22 10:47:00,16730.0,16730.0,16730.0,16730.0,298348
2026-07-22 10:48:00,16765.0,16765.0,16765.0,16765.0,409238
2026-07-22 10:49:00,16755.0,16755.0,16755.0,16755.0,387944
2026-07-22 10:50:00,16710.0,16710.0,16710.0,16710.0,355582
2026-07-22 10:51:00,16750.0,16750.0,16750.0,16750.0,368613
2026-07-22 10:52:00,16765.0,16765.0,16765.0,16765.0,332048
2026-07-22 10:53:00,16755.0,16755.0,16755.0,16755.0,235125
2026-07-22 10:54:00,16740.0,16740.0,16740.0,16740.0,250140
2026-07-22 10:55:00,16735.0,16735.0,16735.0,16735.0,382284
2026-07-22 10:56:00,16715.0,16715.0,16715.0,16715.0,245756
2026-07-22 10:57:00,16725.0,16725.0,16725.0,16725.0,221390
2026-07-22 10:58:00,16690.0,16690.0,16690.0,16690.0,106191
2026-07-22 10:59:00,16645.0,16645.0,16645.0,16645.0,330684
2026-07-22 11:00:00,16595.0,16595.0,16595.0,16595.0,398598
2026-07-22 11:01:00,16590.0,16590.0,16590.0,16590.0,520652
2026-07-22 11:02:00,16610.0,16610.0,16610.0,16610.0,604844
2026-07-22 11:03:00,16635.0,16635.0,16635.0,16635.0,349807
2026-07-22 11:04:00,16660.0,16660.0,16660.0,16660.0,246654
2026-07-22 11:05:00,16590.0,16590.0,16590.0,16590.0,436265
2026-07-22 11:06:00,16605.0,16605.0,16605.0,16605.0,273967
2026-07-22 11:07:00,16575.0,16575.0,16575.0,16575.0,250485
2026-07-22 11:08:00,16605.0,16605.0,16605.0,16605.0,336235
2026-07-22 11:09:00,16595.0,16595.0,16595.0,16595.0,212084
2026-07-22 11:10:00,16580.0,16580.0,16580.0,16580.0,190570
2026-07-22 11:11:00,16605.0,16605.0,16605.0,16605.0,181202
2026-07-22 11:12:00,16620.0,16620.0,16620.0,16620.0,244588
2026-07-22 11:13:00,16630.0,16630.0,16630.0,16630.0,221320
2026-07-22 11:14:00,16570.0,16570.0,16570.0,16570.0,337297
2026-07-22 11:15:00,16585.0,16585.0,16585.0,16585.0,365078
2026-07-22 11:16:00,16580.0,16580.0,16580.0,16580.0,197350
2026-07-22 11:17:00,16550.0,16550.0,16550.0,16550.0,274021
2026-07-22 11:18:00,16575.0,16575.0,16575.0,16575.0,165957
2026-07-22 11:19:00,16585.0,16585.0,16585.0,16585.0,128152
2026-07-22 11:20:00,16640.0,16640.0,16640.0,16640.0,506275
2026-07-22 11:21:00,16595.0,16595.0,16595.0,16595.0,186333
2026-07-22 11:22:00,16655.0,16655.0,16655.0,16655.0,403834
2026-07-22 11:23:00,16665.0,16665.0,16665.0,16665.0,231205
2026-07-22 11:24:00,16660.0,16660.0,16660.0,16660.0,122996
2026-07-22 11:25:00,16625.0,16625.0,16625.0,16625.0,277395
2026-07-22 11:26:00,16625.0,16625.0,16625.0,16625.0,161000
2026-07-22 11:27:00,16670.0,16670.0,16670.0,16670.0,171737
2026-07-22 11:28:00,16675.0,16675.0,16675.0,16675.0,245273
2026-07-22 11:29:00,16635.0,16635.0,16635.0,16635.0,321753
2026-07-22 11:30:00,16545.0,16545.0,16545.0,16545.0,470895
2026-07-22 11:31:00,16585.0,16585.0,16585.0,16585.0,280658
2026-07-22 11:32:00,16575.0,16575.0,16575.0,16575.0,384767
2026-07-22 11:33:00,16510.0,16510.0,16510.0,16510.0,391604
2026-07-22 11:34:00,16530.0,16530.0,16530.0,16530.0,439336
2026-07-22 11:35:00,16550.0,16550.0,16550.0,16550.0,414703
2026-07-22 11:36:00,16510.0,16510.0,16510.0,16510.0,404669
2026-07-22 11:37:00,16465.0,16465.0,16465.0,16465.0,364647
2026-07-22 11:38:00,16465.0,16465.0,16465.0,16465.0,439899
2026-07-22 11:39:00,16440.0,16440.0,16440.0,16440.0,331376
2026-07-22 11:40:00,16460.0,16460.0,16460.0,16460.0,631807
2026-07-22 11:41:00,16465.0,16465.0,16465.0,16465.0,372072
2026-07-22 11:42:00,16445.0,16445.0,16445.0,16445.0,287167
2026-07-22 11:43:00,16390.0,16390.0,16390.0,16390.0,368320
2026-07-22 11:44:00,16375.0,16375.0,16375.0,16375.0,676947
2026-07-22 11:45:00,16260.0,16260.0,16260.0,16260.0,757408
2026-07-22 11:46:00,16315.0,16315.0,16315.0,16315.0,770923
2026-07-22 11:47:00,16400.0,16400.0,16400.0,16400.0,653229
2026-07-22 11:48:00,16365.0,16365.0,16365.0,16365.0,672438
2026-07-22 11:49:00,16405.0,16405.0,16405.0,16405.0,529567
2026-07-22 11:50:00,16412.0,16412.0,16412.0,16412.0,296757
2026-07-22 11:51:00,16365.0,16365.0,16365.0,16365.0,439810
2026-07-22 11:52:00,16375.0,16375.0,16375.0,16375.0,214492
2026-07-22 11:53:00,16355.0,16355.0,16355.0,16355.0,161991
2026-07-22 11:54:00,16365.0,16365.0,16365.0,16365.0,183203
2026-07-22 11:55:00,16295.0,16295.0,16295.0,16295.0,399703
2026-07-22 11:56:00,16265.0,16265.0,16265.0,16265.0,486632
2026-07-22 11:57:00,16245.0,16245.0,16245.0,16245.0,386446
2026-07-22 11:58:00,16210.0,16210.0,16210.0,16210.0,454082
2026-07-22 11:59:00,16250.0,16250.0,16250.0,16250.0,579736
2026-07-22 12:00:00,16215.0,16215.0,16215.0,16215.0,537516
2026-07-22 12:01:00,16200.0,16200.0,16200.0,16200.0,431307
2026-07-22 12:02:00,16160.0,16160.0,16160.0,16160.0,558587
2026-07-22 12:03:00,16125.0,16125.0,16125.0,16125.0,832538
2026-07-22 12:04:00,16085.0,16085.0,16085.0,16085.0,640230
2026-07-22 12:05:00,16165.0,16165.0,16165.0,16165.0,909725
2026-07-22 12:06:00,16225.0,16225.0,16225.0,16225.0,787746
2026-07-22 12:07:00,16125.0,16125.0,16125.0,16125.0,611743
2026-07-22 12:08:00,16090.0,16090.0,16090.0,16090.0,592769
2026-07-22 12:09:00,15965.0,15965.0,15965.0,15965.0,949700
2026-07-22 12:10:00,15990.0,15990.0,15990.0,15990.0,639698
2026-07-22 12:11:00,15870.0,15870.0,15870.0,15870.0,1037467
2026-07-22 12:12:00,15875.0,15875.0,15875.0,15875.0,1551533
2026-07-22 12:13:00,15870.0,15870.0,15870.0,15870.0,652415
2026-07-22 12:14:00,15760.0,15760.0,15760.0,15760.0,1280105
2026-07-22 12:15:00,15875.0,15875.0,15875.0,15875.0,1271339
2026-07-22 12:16:00,15880.0,15880.0,15880.0,15880.0,1068196
2026-07-22 12:17:00,15840.0,15840.0,15840.0,15840.0,561464
2026-07-22 12:18:00,15785.0,15785.0,15785.0,15785.0,640147
2026-07-22 12:19:00,15815.0,15815.0,15815.0,15815.0,539356
2026-07-22 12:20:00,15850.0,15850.0,15850.0,15850.0,512079
2026-07-22 12:21:00,15820.0,15820.0,15820.0,15820.0,857880
2026-07-22 12:22:00,15830.0,15830.0,15830.0,15830.0,386242
2026-07-22 12:23:00,15995.0,15995.0,15995.0,15995.0,838303
2026-07-22 12:24:00,16025.0,16025.0,16025.0,16025.0,1283448
2026-07-22 12:25:00,16085.0,16085.0,16085.0,16085.0,725663
2026-07-22 12:26:00,16140.0,16140.0,16140.0,16140.0,815823
2026-07-22 12:27:00,16115.0,16115.0,16115.0,16115.0,849383
2026-07-22 12:28:00,16120.0,16120.0,16120.0,16120.0,775517
2026-07-22 12:29:00,16210.0,16210.0,16210.0,16210.0,711608
2026-07-22 12:30:00,16115.0,16115.0,16115.0,16115.0,579977
2026-07-22 12:31:00,16020.0,16020.0,16020.0,16020.0,618943
2026-07-22 12:32:00,15990.0,15990.0,15990.0,15990.0,628124
2026-07-22 12:33:00,16020.0,16020.0,16020.0,16020.0,370116
2026-07-22 12:34:00,15945.0,15945.0,15945.0,15945.0,324485
2026-07-22 12:35:00,15965.0,15965.0,15965.0,15965.0,315171
2026-07-22 12:36:00,16015.0,16015.0,16015.0,16015.0,381905
2026-07-22 12:37:00,16020.0,16020.0,16020.0,16020.0,392311
2026-07-22 12:38:00,15985.0,15985.0,15985.0,15985.0,319103
2026-07-22 12:39:00,16025.0,16025.0,16025.0,16025.0,281947
2026-07-22 12:40:00,16065.0,16065.0,16065.0,16065.0,283721
2026-07-22 12:41:00,16090.0,16090.0,16090.0,16090.0,556965
2026-07-22 12:42:00,16020.0,16020.0,16020.0,16020.0,361523
2026-07-22 12:43:00,16060.0,16060.0,16060.0,16060.0,399978
2026-07-22 12:44:00,16080.0,16080.0,16080.0,16080.0,283784
2026-07-22 12:45:00,16180.0,16180.0,16180.0,16180.0,577217
2026-07-22 12:46:00,16200.0,16200.0,16200.0,16200.0,557986
2026-07-22 12:47:00,16265.0,16265.0,16265.0,16265.0,877051
2026-07-22 12:48:00,16235.0,16235.0,16235.0,16235.0,427834
2026-07-22 12:49:00,16185.0,16185.0,16185.0,16185.0,458831
2026-07-22 12:50:00,16180.0,16180.0,16180.0,16180.0,291330
2026-07-22 12:51:00,16045.0,16045.0,16045.0,16045.0,636096
2026-07-22 12:52:00,16090.0,16090.0,16090.0,16090.0,449191
2026-07-22 12:53:00,16045.0,16045.0,16045.0,16045.0,320437
2026-07-22 12:54:00,15985.0,15985.0,15985.0,15985.0,380674
2026-07-22 12:55:00,16045.0,16045.0,16045.0,16045.0,545387
2026-07-22 12:56:00,16015.0,16015.0,16015.0,16015.0,239272
2026-07-22 12:57:00,16025.0,16025.0,16025.0,16025.0,232300
2026-07-22 12:58:00,16040.0,16040.0,16040.0,16040.0,240477
2026-07-22 12:59:00,16105.0,16105.0,16105.0,16105.0,330996
2026-07-22 13:00:00,16170.0,16170.0,16170.0,16170.0,618128
2026-07-22 13:01:00,16085.0,16085.0,16085.0,16085.0,267664
2026-07-22 13:02:00,16130.0,16130.0,16130.0,16130.0,289733
2026-07-22 13:03:00,16155.0,16155.0,16155.0,16155.0,341522
2026-07-22 13:04:00,16170.0,16170.0,16170.0,16170.0,296881
2026-07-22 13:05:00,16160.0,16160.0,16160.0,16160.0,333326
2026-07-22 13:06:00,16170.0,16170.0,16170.0,16170.0,339171
2026-07-22 13:07:00,16210.0,16210.0,16210.0,16210.0,614460
2026-07-22 13:08:00,16175.0,16175.0,16175.0,16175.0,565991
2026-07-22 13:09:00,16170.0,16170.0,16170.0,16170.0,364378
2026-07-22 13:10:00,16200.0,16200.0,16200.0,16200.0,344308
2026-07-22 13:11:00,16155.0,16155.0,16155.0,16155.0,213994
2026-07-22 13:12:00,16085.0,16085.0,16085.0,16085.0,305523
2026-07-22 13:13:00,16120.0,16120.0,16120.0,16120.0,240533
2026-07-22 13:14:00,16120.0,16120.0,16120.0,16120.0,340140
2026-07-22 13:15:00,16185.0,16185.0,16185.0,16185.0,278242
2026-07-22 13:16:00,16165.0,16165.0,16165.0,16165.0,133766
2026-07-22 13:17:00,16145.0,16145.0,16145.0,16145.0,183801
2026-07-22 13:18:00,16160.0,16160.0,16160.0,16160.0,183850
2026-07-22 13:19:00,16160.0,16160.0,16160.0,16160.0,157132
2026-07-22 13:20:00,16210.0,16210.0,16210.0,16210.0,401978
2026-07-22 13:21:00,16195.0,16195.0,16195.0,16195.0,355460
2026-07-22 13:22:00,16335.0,16335.0,16335.0,16335.0,627854
2026-07-22 13:23:00,16285.0,16285.0,16285.0,16285.0,525697
2026-07-22 13:24:00,16260.0,16260.0,16260.0,16260.0,552009
2026-07-22 13:25:00,16230.0,16230.0,16230.0,16230.0,460787
2026-07-22 13:26:00,16165.0,16165.0,16165.0,16165.0,589253
2026-07-22 13:27:00,16195.0,16195.0,16195.0,16195.0,324733
2026-07-22 13:28:00,16240.0,16240.0,16240.0,16240.0,419315
2026-07-22 13:29:00,16205.0,16205.0,16205.0,16205.0,199926
2026-07-22 13:30:00,16045.0,16045.0,16045.0,16045.0,599912
2026-07-22 13:31:00,16040.0,16040.0,16040.0,16040.0,283559
2026-07-22 13:32:00,16045.0,16045.0,16045.0,16045.0,347653
2026-07-22 13:33:00,16095.0,16095.0,16095.0,16095.0,491777
2026-07-22 13:34:00,16065.0,16065.0,16065.0,16065.0,344542
2026-07-22 13:35:00,16025.0,16025.0,16025.0,16025.0,351480
2026-07-22 13:36:00,16045.0,16045.0,16045.0,16045.0,329627
2026-07-22 13:37:00,15975.0,15975.0,15975.0,15975.0,302680
2026-07-22 13:38:00,16000.0,16000.0,16000.0,16000.0,290517
2026-07-22 13:39:00,15955.0,15955.0,15955.0,15955.0,511966
2026-07-22 13:40:00,15900.0,15900.0,15900.0,15900.0,890533
2026-07-22 13:41:00,15970.0,15970.0,15970.0,15970.0,633433
2026-07-22 13:42:00,15925.0,15925.0,15925.0,15925.0,373035
2026-07-22 13:43:00,15945.0,15945.0,15945.0,15945.0,328263
2026-07-22 13:44:00,15980.0,15980.0,15980.0,15980.0,391759
2026-07-22 13:45:00,15945.0,15945.0,15945.0,15945.0,398284
2026-07-22 13:46:00,15880.0,15880.0,15880.0,15880.0,286733
2026-07-22 13:47:00,15880.0,15880.0,15880.0,15880.0,409629
2026-07-22 13:48:00,15900.0,15900.0,15900.0,15900.0,416763
2026-07-22 13:49:00,15860.0,15860.0,15860.0,15860.0,486759
2026-07-22 13:50:00,15805.0,15805.0,15805.0,15805.0,406782
2026-07-22 13:51:00,15805.0,15805.0,15805.0,15805.0,480204
2026-07-22 13:52:00,15825.0,15825.0,15825.0,15825.0,395058
2026-07-22 13:53:00,15815.0,15815.0,15815.0,15815.0,376428
2026-07-22 13:54:00,15760.0,15760.0,15760.0,15760.0,373850
2026-07-22 13:55:00,15705.0,15705.0,15705.0,15705.0,561405
2026-07-22 13:56:00,15680.0,15680.0,15680.0,15680.0,765354
2026-07-22 13:57:00,15770.0,15770.0,15770.0,15770.0,966138
2026-07-22 13:58:00,15805.0,15805.0,15805.0,15805.0,487337
2026-07-22 13:59:00,15830.0,15830.0,15830.0,15830.0,529747
2026-07-22 14:00:00,15755.0,15755.0,15755.0,15755.0,915116
2026-07-22 14:01:00,15700.0,15700.0,15700.0,15700.0,760571
2026-07-22 14:02:00,15565.0,15565.0,15565.0,15565.0,1092016
2026-07-22 14:03:00,15500.0,15500.0,15500.0,15500.0,978718
2026-07-22 14:04:00,15510.0,15510.0,15510.0,15510.0,941991
2026-07-22 14:05:00,15530.0,15530.0,15530.0,15530.0,982922
2026-07-22 14:06:00,15405.0,15405.0,15405.0,15405.0,920061
2026-07-22 14:07:00,15405.0,15405.0,15405.0,15405.0,1133788
2026-07-22 14:08:00,15355.0,15355.0,15355.0,15355.0,1050296
2026-07-22 14:09:00,15325.0,15325.0,15325.0,15325.0,1324539
2026-07-22 14:10:00,15445.0,15445.0,15445.0,15445.0,1163235
2026-07-22 14:11:00,15270.0,15270.0,15270.0,15270.0,1075557
2026-07-22 14:12:00,15240.0,15240.0,15240.0,15240.0,1003077
2026-07-22 14:13:00,15230.0,15230.0,15230.0,15230.0,1186639
2026-07-22 14:14:00,15180.0,15180.0,15180.0,15180.0,1437992
2026-07-22 14:15:00,15130.0,15130.0,15130.0,15130.0,1606623
2026-07-22 14:16:00,15050.0,15050.0,15050.0,15050.0,1230312
2026-07-22 14:17:00,15115.0,15115.0,15115.0,15115.0,1684976
2026-07-22 14:18:00,15190.0,15190.0,15190.0,15190.0,1374999
2026-07-22 14:19:00,15095.0,15095.0,15095.0,15095.0,951065
2026-07-22 14:20:00,14970.0,14970.0,14970.0,14970.0,1417953
2026-07-22 14:21:00,14940.0,14940.0,14940.0,14940.0,1039944
2026-07-22 14:22:00,15010.0,15010.0,15010.0,15010.0,875287
2026-07-22 14:23:00,14860.0,14860.0,14860.0,14860.0,618229
2026-07-22 14:25:00,14925.0,14925.0,14925.0,14925.0,171081
2026-07-22 14:26:00,14995.0,14995.0,14995.0,14995.0,1433574
2026-07-22 14:27:00,14905.0,14905.0,14905.0,14905.0,1536668
2026-07-22 14:28:00,14825.0,14825.0,14825.0,14825.0,923125
2026-07-22 14:29:00,14730.0,14730.0,14730.0,14730.0,1549720
2026-07-22 14:30:00,14760.0,14760.0,14760.0,14760.0,1733782
2026-07-22 14:31:00,14875.0,14875.0,14875.0,14875.0,1294753
2026-07-22 14:32:00,14865.0,14865.0,14865.0,14865.0,2114726
2026-07-22 14:33:00,14895.0,14895.0,14895.0,14895.0,857572
2026-07-22 14:34:00,15060.0,15060.0,15060.0,15060.0,2263002
2026-07-22 14:35:00,14955.0,14955.0,14955.0,14955.0,1506401
2026-07-22 14:36:00,14770.0,14770.0,14770.0,14770.0,1796706
2026-07-22 14:37:00,14805.0,14805.0,14805.0,14805.0,1126509
2026-07-22 14:38:00,14890.0,14890.0,14890.0,14890.0,1045529
2026-07-22 14:39:00,14890.0,14890.0,14890.0,14890.0,709908
2026-07-22 14:40:00,14785.0,14785.0,14785.0,14785.0,849856
2026-07-22 14:41:00,14695.0,14695.0,14695.0,14695.0,782083
2026-07-22 14:42:00,14615.0,14615.0,14615.0,14615.0,1703761
2026-07-22 14:43:00,14685.0,14685.0,14685.0,14685.0,1040669
2026-07-22 14:44:00,14730.0,14730.0,14730.0,14730.0,916849
2026-07-22 14:45:00,14625.0,14625.0,14625.0,14625.0,864876
2026-07-22 14:46:00,14615.0,14615.0,14615.0,14615.0,1032860
2026-07-22 14:47:00,14620.0,14620.0,14620.0,14620.0,825502
2026-07-22 14:48:00,14590.0,14590.0,14590.0,14590.0,984843
2026-07-22 14:49:00,14660.0,14660.0,14660.0,14660.0,974540
2026-07-22 14:50:00,14780.0,14780.0,14780.0,14780.0,957830
2026-07-22 14:51:00,14770.0,14770.0,14770.0,14770.0,1313314
2026-07-22 14:52:00,14730.0,14730.0,14730.0,14730.0,1556511
2026-07-22 14:53:00,14685.0,14685.0,14685.0,14685.0,952407
2026-07-22 14:54:00,14585.0,14585.0,14585.0,14585.0,855563
2026-07-22 14:55:00,14690.0,14690.0,14690.0,14690.0,572268
2026-07-22 14:56:00,14655.0,14655.0,14655.0,14655.0,643931
2026-07-22 14:57:00,14640.0,14640.0,14640.0,14640.0,453495
2026-07-22 14:58:00,14740.0,14740.0,14740.0,14740.0,757799
2026-07-22 14:59:00,14700.0,14700.0,14700.0,14700.0,600302
2026-07-22 15:00:00,14505.0,14505.0,14505.0,14505.0,1027905
2026-07-22 15:01:00,14350.0,14350.0,14350.0,14350.0,1339431
2026-07-22 15:02:00,14385.0,14385.0,14385.0,14385.0,539410
2026-07-22 15:03:00,14365.0,14365.0,14365.0,14365.0,841575
2026-07-22 15:04:00,14395.0,14395.0,14395.0,14395.0,734314
2026-07-22 15:05:00,14315.0,14315.0,14315.0,14315.0,1852726
2026-07-22 15:06:00,14295.0,14295.0,14295.0,14295.0,774369
2026-07-22 15:07:00,14380.0,14380.0,14380.0,14380.0,834032
2026-07-22 15:08:00,14410.0,14410.0,14410.0,14410.0,728201
2026-07-22 15:09:00,14280.0,14280.0,14280.0,14280.0,664307
2026-07-22 15:10:00,14270.0,14270.0,14270.0,14270.0,677208
2026-07-22 15:11:00,14380.0,14380.0,14380.0,14380.0,524179
2026-07-22 15:12:00,14390.0,14390.0,14390.0,14390.0,684739
2026-07-22 15:13:00,14355.0,14355.0,14355.0,14355.0,1086487
2026-07-22 15:14:00,14410.0,14410.0,14410.0,14410.0,576280
2026-07-22 15:15:00,14295.0,14295.0,14295.0,14295.0,577798
2026-07-22 15:16:00,14275.0,14275.0,14275.0,14275.0,795912
2026-07-22 15:17:00,14235.0,14235.0,14235.0,14235.0,1011828
2026-07-22 15:18:00,14190.0,14190.0,14190.0,14190.0,902666
2026-07-22 15:19:00,14210.0,14210.0,14210.0,14210.0,1149001
2026-07-22 15:30:00,14180.0,14180.0,14180.0,14180.0,793314
2026-07-23 09:00:00,15410.0,15410.0,15410.0,15410.0,3140580
2026-07-23 09:01:00,15510.0,15510.0,15510.0,15510.0,2366944
2026-07-23 09:02:00,15525.0,15525.0,15525.0,15525.0,2819854
2026-07-23 09:03:00,15320.0,15320.0,15320.0,15320.0,1542765
2026-07-23 09:04:00,15325.0,15325.0,15325.0,15325.0,1063661
2026-07-23 09:05:00,15490.0,15490.0,15490.0,15490.0,1361853
2026-07-23 09:06:00,15470.0,15470.0,15470.0,15470.0,1628169
2026-07-23 09:07:00,15370.0,15370.0,15370.0,15370.0,1017165
2026-07-23 09:08:00,15395.0,15395.0,15395.0,15395.0,1065066
2026-07-23 09:09:00,15365.0,15365.0,15365.0,15365.0,1053411
2026-07-23 09:10:00,15470.0,15470.0,15470.0,15470.0,1383720
2026-07-23 09:11:00,15490.0,15490.0,15490.0,15490.0,1372857
2026-07-23 09:12:00,15545.0,15545.0,15545.0,15545.0,911399
2026-07-23 09:13:00,15645.0,15645.0,15645.0,15645.0,1286333
2026-07-23 09:14:00,15735.0,15735.0,15735.0,15735.0,1317613
2026-07-23 09:15:00,15665.0,15665.0,15665.0,15665.0,1266070
2026-07-23 09:16:00,15705.0,15705.0,15705.0,15705.0,1081481
2026-07-23 09:17:00,15740.0,15740.0,15740.0,15740.0,779229
2026-07-23 09:18:00,15645.0,15645.0,15645.0,15645.0,1354930
2026-07-23 09:19:00,15695.0,15695.0,15695.0,15695.0,1004874
2026-07-23 09:20:00,15710.0,15710.0,15710.0,15710.0,1128780
2026-07-23 09:21:00,15650.0,15650.0,15650.0,15650.0,575388
2026-07-23 09:22:00,15575.0,15575.0,15575.0,15575.0,917752
2026-07-23 09:23:00,15520.0,15520.0,15520.0,15520.0,855053
2026-07-23 09:24:00,15465.0,15465.0,15465.0,15465.0,1414615
2026-07-23 09:25:00,15535.0,15535.0,15535.0,15535.0,825954
2026-07-23 09:26:00,15590.0,15590.0,15590.0,15590.0,689142
2026-07-23 09:27:00,15680.0,15680.0,15680.0,15680.0,862643
2026-07-23 09:28:00,15605.0,15605.0,15605.0,15605.0,651795
2026-07-23 09:29:00,15510.0,15510.0,15510.0,15510.0,939585
2026-07-23 09:30:00,15405.0,15405.0,15405.0,15405.0,1061217
2026-07-23 09:31:00,15380.0,15380.0,15380.0,15380.0,744823
2026-07-23 09:32:00,15405.0,15405.0,15405.0,15405.0,773749
2026-07-23 09:33:00,15415.0,15415.0,15415.0,15415.0,689140
2026-07-23 09:34:00,15465.0,15465.0,15465.0,15465.0,859529
2026-07-23 09:35:00,15470.0,15470.0,15470.0,15470.0,387301
2026-07-23 09:36:00,15420.0,15420.0,15420.0,15420.0,670421
2026-07-23 09:37:00,15410.0,15410.0,15410.0,15410.0,634807
2026-07-23 09:38:00,15450.0,15450.0,15450.0,15450.0,479404
2026-07-23 09:39:00,15435.0,15435.0,15435.0,15435.0,476315
2026-07-23 09:40:00,15435.0,15435.0,15435.0,15435.0,1049317
2026-07-23 09:41:00,15470.0,15470.0,15470.0,15470.0,610235
2026-07-23 09:42:00,15400.0,15400.0,15400.0,15400.0,527619
2026-07-23 09:43:00,15390.0,15390.0,15390.0,15390.0,389485
2026-07-23 09:44:00,15475.0,15475.0,15475.0,15475.0,535758
2026-07-23 09:45:00,15595.0,15595.0,15595.0,15595.0,955710
2026-07-23 09:46:00,15615.0,15615.0,15615.0,15615.0,836598
2026-07-23 09:47:00,15590.0,15590.0,15590.0,15590.0,445160
2026-07-23 09:48:00,15655.0,15655.0,15655.0,15655.0,919943
2026-07-23 09:49:00,15665.0,15665.0,15665.0,15665.0,580023
2026-07-23 09:50:00,15560.0,15560.0,15560.0,15560.0,517767
2026-07-23 09:51:00,15620.0,15620.0,15620.0,15620.0,728183
2026-07-23 09:52:00,15545.0,15545.0,15545.0,15545.0,577523
2026-07-23 09:53:00,15515.0,15515.0,15515.0,15515.0,653823
2026-07-23 09:54:00,15600.0,15600.0,15600.0,15600.0,609638
2026-07-23 09:55:00,15595.0,15595.0,15595.0,15595.0,278419
2026-07-23 09:56:00,15620.0,15620.0,15620.0,15620.0,396453
2026-07-23 09:57:00,15645.0,15645.0,15645.0,15645.0,353141
2026-07-23 09:58:00,15775.0,15775.0,15775.0,15775.0,1079184
2026-07-23 09:59:00,15720.0,15720.0,15720.0,15720.0,953843
2026-07-23 10:00:00,15630.0,15630.0,15630.0,15630.0,1076721
2026-07-23 10:01:00,15660.0,15660.0,15660.0,15660.0,590983
2026-07-23 10:02:00,15745.0,15745.0,15745.0,15745.0,539014
2026-07-23 10:03:00,15840.0,15840.0,15840.0,15840.0,1171625
2026-07-23 10:04:00,15845.0,15845.0,15845.0,15845.0,725756
2026-07-23 10:05:00,15830.0,15830.0,15830.0,15830.0,374592
2026-07-23 10:06:00,15760.0,15760.0,15760.0,15760.0,635440
2026-07-23 10:07:00,15845.0,15845.0,15845.0,15845.0,622030
2026-07-23 10:08:00,15860.0,15860.0,15860.0,15860.0,588937
2026-07-23 10:09:00,15955.0,15955.0,15955.0,15955.0,721098
2026-07-23 10:10:00,15920.0,15920.0,15920.0,15920.0,899748
2026-07-23 10:11:00,15925.0,15925.0,15925.0,15925.0,423083
2026-07-23 10:12:00,15965.0,15965.0,15965.0,15965.0,587917
2026-07-23 10:13:00,15990.0,15990.0,15990.0,15990.0,865575
2026-07-23 10:14:00,16035.0,16035.0,16035.0,16035.0,603577
2026-07-23 10:15:00,16015.0,16015.0,16015.0,16015.0,436481
2026-07-23 10:16:00,15900.0,15900.0,15900.0,15900.0,617698
2026-07-23 10:17:00,15870.0,15870.0,15870.0,15870.0,801898
2026-07-23 10:18:00,15835.0,15835.0,15835.0,15835.0,677063
2026-07-23 10:19:00,15745.0,15745.0,15745.0,15745.0,709068
2026-07-23 10:20:00,15695.0,15695.0,15695.0,15695.0,1174259
2026-07-23 10:21:00,15660.0,15660.0,15660.0,15660.0,1009558
2026-07-23 10:22:00,15555.0,15555.0,15555.0,15555.0,843442
2026-07-23 10:23:00,15595.0,15595.0,15595.0,15595.0,952252
2026-07-23 10:24:00,15600.0,15600.0,15600.0,15600.0,665575
2026-07-23 10:25:00,15475.0,15475.0,15475.0,15475.0,1148746
2026-07-23 10:26:00,15540.0,15540.0,15540.0,15540.0,814651
2026-07-23 10:27:00,15525.0,15525.0,15525.0,15525.0,765426
2026-07-23 10:28:00,15505.0,15505.0,15505.0,15505.0,734358
2026-07-23 10:29:00,15530.0,15530.0,15530.0,15530.0,675306
2026-07-23 10:30:00,15305.0,15305.0,15305.0,15305.0,1716318
2026-07-23 10:31:00,15200.0,15200.0,15200.0,15200.0,2019667
2026-07-23 10:32:00,15410.0,15410.0,15410.0,15410.0,2686165
2026-07-23 10:33:00,15370.0,15370.0,15370.0,15370.0,1242323
2026-07-23 10:34:00,15475.0,15475.0,15475.0,15475.0,942368
2026-07-23 10:35:00,15475.0,15475.0,15475.0,15475.0,770710
2026-07-23 10:36:00,15480.0,15480.0,15480.0,15480.0,885969
2026-07-23 10:37:00,15440.0,15440.0,15440.0,15440.0,981882
2026-07-23 10:38:00,15485.0,15485.0,15485.0,15485.0,612344
2026-07-23 10:39:00,15435.0,15435.0,15435.0,15435.0,686377
2026-07-23 10:40:00,15430.0,15430.0,15430.0,15430.0,652040
2026-07-23 10:41:00,15360.0,15360.0,15360.0,15360.0,570596
2026-07-23 10:42:00,15410.0,15410.0,15410.0,15410.0,534577
2026-07-23 10:43:00,15375.0,15375.0,15375.0,15375.0,314740
2026-07-23 10:44:00,15265.0,15265.0,15265.0,15265.0,788973
2026-07-23 10:45:00,15285.0,15285.0,15285.0,15285.0,728310
2026-07-23 10:46:00,15240.0,15240.0,15240.0,15240.0,399330
2026-07-23 10:47:00,15180.0,15180.0,15180.0,15180.0,898451
2026-07-23 10:48:00,15130.0,15130.0,15130.0,15130.0,842022
2026-07-23 10:49:00,15065.0,15065.0,15065.0,15065.0,1225248
2026-07-23 10:50:00,15145.0,15145.0,15145.0,15145.0,961940
2026-07-23 10:51:00,15250.0,15250.0,15250.0,15250.0,1026767
2026-07-23 10:52:00,15245.0,15245.0,15245.0,15245.0,808046
2026-07-23 10:53:00,15165.0,15165.0,15165.0,15165.0,745046
2026-07-23 10:54:00,15090.0,15090.0,15090.0,15090.0,725013
2026-07-23 10:55:00,15115.0,15115.0,15115.0,15115.0,479223
2026-07-23 10:56:00,15075.0,15075.0,15075.0,15075.0,599410
2026-07-23 10:57:00,15010.0,15010.0,15010.0,15010.0,608834
2026-07-23 10:58:00,14875.0,14875.0,14875.0,14875.0,1682306
2026-07-23 10:59:00,14805.0,14805.0,14805.0,14805.0,2489576
2026-07-23 11:00:00,14870.0,14870.0,14870.0,14870.0,956628
2026-07-23 11:01:00,14965.0,14965.0,14965.0,14965.0,879015
2026-07-23 11:02:00,14950.0,14950.0,14950.0,14950.0,701005
2026-07-23 11:03:00,14890.0,14890.0,14890.0,14890.0,634193
2026-07-23 11:04:00,15080.0,15080.0,15080.0,15080.0,645042
2026-07-23 11:05:00,15040.0,15040.0,15040.0,15040.0,723954
2026-07-23 11:06:00,15040.0,15040.0,15040.0,15040.0,349931
2026-07-23 11:07:00,15055.0,15055.0,15055.0,15055.0,422563
2026-07-23 11:08:00,14980.0,14980.0,14980.0,14980.0,452096
2026-07-23 11:09:00,14930.0,14930.0,14930.0,14930.0,347833
2026-07-23 11:10:00,14875.0,14875.0,14875.0,14875.0,737313
2026-07-23 11:11:00,14820.0,14820.0,14820.0,14820.0,616868
2026-07-23 11:12:00,14810.0,14810.0,14810.0,14810.0,1160556
2026-07-23 11:13:00,14880.0,14880.0,14880.0,14880.0,500851
2026-07-23 11:14:00,14800.0,14800.0,14800.0,14800.0,610218
2026-07-23 11:15:00,14905.0,14905.0,14905.0,14905.0,555617
2026-07-23 11:16:00,14960.0,14960.0,14960.0,14960.0,548319
2026-07-23 11:17:00,14890.0,14890.0,14890.0,14890.0,400290
2026-07-23 11:18:00,14805.0,14805.0,14805.0,14805.0,450127
2026-07-23 11:19:00,14850.0,14850.0,14850.0,14850.0,648360
2026-07-23 11:20:00,14820.0,14820.0,14820.0,14820.0,226895
2026-07-23 11:21:00,14685.0,14685.0,14685.0,14685.0,903690
2026-07-23 11:22:00,14595.0,14595.0,14595.0,14595.0,1837268
2026-07-23 11:23:00,14575.0,14575.0,14575.0,14575.0,787277
2026-07-23 11:24:00,14630.0,14630.0,14630.0,14630.0,573612
2026-07-23 11:25:00,14500.0,14500.0,14500.0,14500.0,822430
2026-07-23 11:26:00,14520.0,14520.0,14520.0,14520.0,908276
2026-07-23 11:27:00,14535.0,14535.0,14535.0,14535.0,770598
2026-07-23 11:28:00,14630.0,14630.0,14630.0,14630.0,936181
2026-07-23 11:29:00,14710.0,14710.0,14710.0,14710.0,966165
2026-07-23 11:30:00,14620.0,14620.0,14620.0,14620.0,636788
2026-07-23 11:31:00,14720.0,14720.0,14720.0,14720.0,492655
2026-07-23 11:32:00,14685.0,14685.0,14685.0,14685.0,738263
2026-07-23 11:33:00,14805.0,14805.0,14805.0,14805.0,576809
2026-07-23 11:34:00,14775.0,14775.0,14775.0,14775.0,560803
2026-07-23 11:35:00,14675.0,14675.0,14675.0,14675.0,434895
2026-07-23 11:36:00,14680.0,14680.0,14680.0,14680.0,424718
2026-07-23 11:37:00,14555.0,14555.0,14555.0,14555.0,542816
2026-07-23 11:38:00,14540.0,14540.0,14540.0,14540.0,351467
2026-07-23 11:39:00,14595.0,14595.0,14595.0,14595.0,451310
2026-07-23 11:40:00,14555.0,14555.0,14555.0,14555.0,383890
2026-07-23 11:41:00,14655.0,14655.0,14655.0,14655.0,363953
2026-07-23 11:42:00,14690.0,14690.0,14690.0,14690.0,510014
2026-07-23 11:43:00,14655.0,14655.0,14655.0,14655.0,334357
2026-07-23 11:44:00,14745.0,14745.0,14745.0,14745.0,351844
2026-07-23 11:45:00,14900.0,14900.0,14900.0,14900.0,676480
2026-07-23 11:46:00,14910.0,14910.0,14910.0,14910.0,922317
2026-07-23 11:47:00,14970.0,14970.0,14970.0,14970.0,1019133
2026-07-23 11:48:00,15055.0,15055.0,15055.0,15055.0,810035
2026-07-23 11:49:00,14920.0,14920.0,14920.0,14920.0,751407
2026-07-23 11:50:00,14930.0,14930.0,14930.0,14930.0,534159
2026-07-23 11:51:00,15050.0,15050.0,15050.0,15050.0,864280
2026-07-23 11:52:00,15035.0,15035.0,15035.0,15035.0,688387
2026-07-23 11:53:00,15085.0,15085.0,15085.0,15085.0,832413
2026-07-23 11:54:00,15100.0,15100.0,15100.0,15100.0,449154
2026-07-23 11:55:00,15035.0,15035.0,15035.0,15035.0,526315
2026-07-23 11:56:00,15070.0,15070.0,15070.0,15070.0,566434
2026-07-23 11:57:00,15050.0,15050.0,15050.0,15050.0,299990
2026-07-23 11:58:00,15095.0,15095.0,15095.0,15095.0,366666
2026-07-23 11:59:00,15015.0,15015.0,15015.0,15015.0,381051
2026-07-23 12:00:00,14960.0,14960.0,14960.0,14960.0,546961
2026-07-23 12:01:00,14875.0,14875.0,14875.0,14875.0,788895
2026-07-23 12:02:00,14945.0,14945.0,14945.0,14945.0,467189
2026-07-23 12:03:00,14865.0,14865.0,14865.0,14865.0,298832
2026-07-23 12:04:00,14900.0,14900.0,14900.0,14900.0,176086
2026-07-23 12:05:00,14860.0,14860.0,14860.0,14860.0,286145
2026-07-23 12:06:00,14980.0,14980.0,14980.0,14980.0,372348
2026-07-23 12:07:00,14870.0,14870.0,14870.0,14870.0,393266
2026-07-23 12:08:00,14790.0,14790.0,14790.0,14790.0,656181
2026-07-23 12:09:00,14790.0,14790.0,14790.0,14790.0,390183
2026-07-23 12:10:00,14775.0,14775.0,14775.0,14775.0,406710
2026-07-23 12:11:00,14735.0,14735.0,14735.0,14735.0,479967
2026-07-23 12:12:00,14760.0,14760.0,14760.0,14760.0,408338
2026-07-23 12:13:00,14835.0,14835.0,14835.0,14835.0,384596
2026-07-23 12:14:00,14900.0,14900.0,14900.0,14900.0,483340
2026-07-23 12:15:00,14790.0,14790.0,14790.0,14790.0,403578
2026-07-23 12:16:00,14825.0,14825.0,14825.0,14825.0,357448
2026-07-23 12:17:00,14835.0,14835.0,14835.0,14835.0,172366
2026-07-23 12:18:00,14880.0,14880.0,14880.0,14880.0,396553
2026-07-23 12:19:00,14965.0,14965.0,14965.0,14965.0,314951
2026-07-23 12:20:00,15000.0,15000.0,15000.0,15000.0,517819
2026-07-23 12:21:00,15055.0,15055.0,15055.0,15055.0,473375
2026-07-23 12:22:00,15050.0,15050.0,15050.0,15050.0,474464
2026-07-23 12:23:00,14980.0,14980.0,14980.0,14980.0,432012
2026-07-23 12:24:00,15040.0,15040.0,15040.0,15040.0,452858
2026-07-23 12:25:00,15025.0,15025.0,15025.0,15025.0,339318
2026-07-23 12:26:00,15135.0,15135.0,15135.0,15135.0,483965
2026-07-23 12:27:00,15160.0,15160.0,15160.0,15160.0,791673
2026-07-23 12:28:00,15195.0,15195.0,15195.0,15195.0,673275
2026-07-23 12:29:00,15260.0,15260.0,15260.0,15260.0,573020
2026-07-23 12:30:00,15270.0,15270.0,15270.0,15270.0,864436
2026-07-23 12:31:00,15145.0,15145.0,15145.0,15145.0,711875
2026-07-23 12:32:00,15125.0,15125.0,15125.0,15125.0,569357
2026-07-23 12:33:00,15185.0,15185.0,15185.0,15185.0,607332
2026-07-23 12:34:00,15115.0,15115.0,15115.0,15115.0,612183
2026-07-23 12:35:00,15185.0,15185.0,15185.0,15185.0,544073
2026-07-23 12:36:00,15300.0,15300.0,15300.0,15300.0,914737
2026-07-23 12:37:00,15285.0,15285.0,15285.0,15285.0,858667
2026-07-23 12:38:00,15310.0,15310.0,15310.0,15310.0,410216
2026-07-23 12:39:00,15340.0,15340.0,15340.0,15340.0,451075
2026-07-23 12:40:00,15280.0,15280.0,15280.0,15280.0,536985
2026-07-23 12:41:00,15290.0,15290.0,15290.0,15290.0,438504
2026-07-23 12:42:00,15255.0,15255.0,15255.0,15255.0,354682
2026-07-23 12:43:00,15335.0,15335.0,15335.0,15335.0,324498
2026-07-23 12:44:00,15310.0,15310.0,15310.0,15310.0,536200
2026-07-23 12:45:00,15305.0,15305.0,15305.0,15305.0,359245
2026-07-23 12:46:00,15245.0,15245.0,15245.0,15245.0,416228
2026-07-23 12:47:00,15315.0,15315.0,15315.0,15315.0,569096
2026-07-23 12:48:00,15425.0,15425.0,15425.0,15425.0,648184
2026-07-23 12:49:00,15430.0,15430.0,15430.0,15430.0,721771
2026-07-23 12:50:00,15435.0,15435.0,15435.0,15435.0,566729
2026-07-23 12:51:00,15435.0,15435.0,15435.0,15435.0,482607
2026-07-23 12:52:00,15490.0,15490.0,15490.0,15490.0,772008
2026-07-23 12:53:00,15505.0,15505.0,15505.0,15505.0,520482
2026-07-23 12:54:00,15495.0,15495.0,15495.0,15495.0,845375
2026-07-23 12:55:00,15410.0,15410.0,15410.0,15410.0,698802
2026-07-23 12:56:00,15400.0,15400.0,15400.0,15400.0,409996
2026-07-23 12:57:00,15350.0,15350.0,15350.0,15350.0,490035
2026-07-23 12:58:00,15310.0,15310.0,15310.0,15310.0,766045
2026-07-23 12:59:00,15285.0,15285.0,15285.0,15285.0,650524
2026-07-23 13:00:00,15165.0,15165.0,15165.0,15165.0,729820
2026-07-23 13:01:00,15225.0,15225.0,15225.0,15225.0,422629
2026-07-23 13:02:00,15235.0,15235.0,15235.0,15235.0,529172
2026-07-23 13:03:00,15250.0,15250.0,15250.0,15250.0,691724
2026-07-23 13:04:00,15245.0,15245.0,15245.0,15245.0,238517
2026-07-23 13:05:00,15130.0,15130.0,15130.0,15130.0,763066
2026-07-23 13:06:00,15070.0,15070.0,15070.0,15070.0,665220
2026-07-23 13:07:00,15060.0,15060.0,15060.0,15060.0,455060
2026-07-23 13:08:00,15200.0,15200.0,15200.0,15200.0,689545
2026-07-23 13:09:00,15145.0,15145.0,15145.0,15145.0,479969
2026-07-23 13:10:00,15145.0,15145.0,15145.0,15145.0,327807
2026-07-23 13:11:00,15235.0,15235.0,15235.0,15235.0,421356
2026-07-23 13:12:00,15350.0,15350.0,15350.0,15350.0,648724
2026-07-23 13:13:00,15390.0,15390.0,15390.0,15390.0,580242
2026-07-23 13:14:00,15440.0,15440.0,15440.0,15440.0,464348
2026-07-23 13:15:00,15425.0,15425.0,15425.0,15425.0,575815
2026-07-23 13:16:00,15360.0,15360.0,15360.0,15360.0,644194
2026-07-23 13:17:00,15360.0,15360.0,15360.0,15360.0,576206
2026-07-23 13:18:00,15455.0,15455.0,15455.0,15455.0,571606
2026-07-23 13:19:00,15375.0,15375.0,15375.0,15375.0,329441
2026-07-23 13:20:00,15425.0,15425.0,15425.0,15425.0,291999
2026-07-23 13:21:00,15525.0,15525.0,15525.0,15525.0,838961
2026-07-23 13:22:00,15605.0,15605.0,15605.0,15605.0,900948
2026-07-23 13:23:00,15540.0,15540.0,15540.0,15540.0,703316
2026-07-23 13:24:00,15625.0,15625.0,15625.0,15625.0,506353
2026-07-23 13:25:00,15685.0,15685.0,15685.0,15685.0,886444
2026-07-23 13:26:00,15650.0,15650.0,15650.0,15650.0,685063
2026-07-23 13:27:00,15600.0,15600.0,15600.0,15600.0,610676
2026-07-23 13:28:00,15620.0,15620.0,15620.0,15620.0,478491
2026-07-23 13:29:00,15650.0,15650.0,15650.0,15650.0,435831
2026-07-23 13:30:00,15625.0,15625.0,15625.0,15625.0,416424
2026-07-23 13:31:00,15575.0,15575.0,15575.0,15575.0,823327
2026-07-23 13:32:00,15605.0,15605.0,15605.0,15605.0,650734
2026-07-23 13:33:00,15725.0,15725.0,15725.0,15725.0,805476
2026-07-23 13:34:00,15725.0,15725.0,15725.0,15725.0,483344
2026-07-23 13:35:00,15635.0,15635.0,15635.0,15635.0,425748
2026-07-23 13:36:00,15675.0,15675.0,15675.0,15675.0,281123
2026-07-23 13:37:00,15625.0,15625.0,15625.0,15625.0,341032
2026-07-23 13:38:00,15615.0,15615.0,15615.0,15615.0,258195
2026-07-23 13:39:00,15670.0,15670.0,15670.0,15670.0,299689
2026-07-23 13:40:00,15625.0,15625.0,15625.0,15625.0,251370
2026-07-23 13:41:00,15485.0,15485.0,15485.0,15485.0,986625
2026-07-23 13:42:00,15450.0,15450.0,15450.0,15450.0,778273
2026-07-23 13:43:00,15485.0,15485.0,15485.0,15485.0,479530
2026-07-23 13:44:00,15590.0,15590.0,15590.0,15590.0,430303
2026-07-23 13:45:00,15605.0,15605.0,15605.0,15605.0,506133
2026-07-23 13:46:00,15635.0,15635.0,15635.0,15635.0,420359
2026-07-23 13:47:00,15665.0,15665.0,15665.0,15665.0,306916
2026-07-23 13:48:00,15625.0,15625.0,15625.0,15625.0,271563
2026-07-23 13:49:00,15565.0,15565.0,15565.0,15565.0,361852
2026-07-23 13:50:00,15500.0,15500.0,15500.0,15500.0,392281
2026-07-23 13:51:00,15450.0,15450.0,15450.0,15450.0,585887
2026-07-23 13:52:00,15450.0,15450.0,15450.0,15450.0,491760
2026-07-23 13:53:00,15445.0,15445.0,15445.0,15445.0,886168
2026-07-23 13:54:00,15490.0,15490.0,15490.0,15490.0,606058
2026-07-23 13:55:00,15485.0,15485.0,15485.0,15485.0,468849
2026-07-23 13:56:00,15500.0,15500.0,15500.0,15500.0,256482
2026-07-23 13:57:00,15505.0,15505.0,15505.0,15505.0,173852
2026-07-23 13:58:00,15565.0,15565.0,15565.0,15565.0,481755
2026-07-23 13:59:00,15550.0,15550.0,15550.0,15550.0,575115
2026-07-23 14:00:00,15430.0,15430.0,15430.0,15430.0,593208
2026-07-23 14:01:00,15355.0,15355.0,15355.0,15355.0,674756
2026-07-23 14:02:00,15375.0,15375.0,15375.0,15375.0,807647
2026-07-23 14:03:00,15330.0,15330.0,15330.0,15330.0,545708
2026-07-23 14:04:00,15335.0,15335.0,15335.0,15335.0,651390
2026-07-23 14:05:00,15400.0,15400.0,15400.0,15400.0,596569
2026-07-23 14:06:00,15405.0,15405.0,15405.0,15405.0,305925
2026-07-23 14:07:00,15425.0,15425.0,15425.0,15425.0,699140
2026-07-23 14:08:00,15390.0,15390.0,15390.0,15390.0,472666
2026-07-23 14:09:00,15410.0,15410.0,15410.0,15410.0,266923
2026-07-23 14:10:00,15390.0,15390.0,15390.0,15390.0,461694
2026-07-23 14:11:00,15245.0,15245.0,15245.0,15245.0,1502128
2026-07-23 14:12:00,15280.0,15280.0,15280.0,15280.0,745320
2026-07-23 14:13:00,15165.0,15165.0,15165.0,15165.0,701779
2026-07-23 14:14:00,15200.0,15200.0,15200.0,15200.0,534122
2026-07-23 14:15:00,15185.0,15185.0,15185.0,15185.0,409373
2026-07-23 14:16:00,15105.0,15105.0,15105.0,15105.0,534788
2026-07-23 14:17:00,15115.0,15115.0,15115.0,15115.0,485740
2026-07-23 14:18:00,15165.0,15165.0,15165.0,15165.0,571458
2026-07-23 14:19:00,15230.0,15230.0,15230.0,15230.0,334919
2026-07-23 14:20:00,15350.0,15350.0,15350.0,15350.0,890207
2026-07-23 14:21:00,15425.0,15425.0,15425.0,15425.0,828619
2026-07-23 14:22:00,15385.0,15385.0,15385.0,15385.0,897279
2026-07-23 14:23:00,15365.0,15365.0,15365.0,15365.0,564160
2026-07-23 14:24:00,15405.0,15405.0,15405.0,15405.0,731114
2026-07-23 14:25:00,15505.0,15505.0,15505.0,15505.0,791155
2026-07-23 14:26:00,15610.0,15610.0,15610.0,15610.0,891006
2026-07-23 14:27:00,15655.0,15655.0,15655.0,15655.0,1201372
2026-07-23 14:28:00,15705.0,15705.0,15705.0,15705.0,1023134
2026-07-23 14:29:00,15735.0,15735.0,15735.0,15735.0,794742
2026-07-23 14:30:00,15775.0,15775.0,15775.0,15775.0,828724
2026-07-23 14:31:00,15815.0,15815.0,15815.0,15815.0,1286316
2026-07-23 14:32:00,15715.0,15715.0,15715.0,15715.0,985312
2026-07-23 14:33:00,15635.0,15635.0,15635.0,15635.0,922671
2026-07-23 14:34:00,15610.0,15610.0,15610.0,15610.0,1031943
2026-07-23 14:35:00,15545.0,15545.0,15545.0,15545.0,442960
2026-07-23 14:36:00,15565.0,15565.0,15565.0,15565.0,613245
2026-07-23 14:37:00,15540.0,15540.0,15540.0,15540.0,451389
2026-07-23 14:38:00,15455.0,15455.0,15455.0,15455.0,613355
2026-07-23 14:39:00,15400.0,15400.0,15400.0,15400.0,867997
2026-07-23 14:40:00,15420.0,15420.0,15420.0,15420.0,662209
2026-07-23 14:41:00,15455.0,15455.0,15455.0,15455.0,600775
2026-07-23 14:42:00,15425.0,15425.0,15425.0,15425.0,754804
2026-07-23 14:43:00,15352.0,15352.0,15352.0,15352.0,746969
2026-07-23 14:44:00,15390.0,15390.0,15390.0,15390.0,542885
2026-07-23 14:45:00,15300.0,15300.0,15300.0,15300.0,474612
2026-07-23 14:46:00,15315.0,15315.0,15315.0,15315.0,417483
2026-07-23 14:47:00,15250.0,15250.0,15250.0,15250.0,611568
2026-07-23 14:48:00,15170.0,15170.0,15170.0,15170.0,973729
2026-07-23 14:49:00,15145.0,15145.0,15145.0,15145.0,600236
2026-07-23 14:50:00,15160.0,15160.0,15160.0,15160.0,764014
2026-07-23 14:51:00,15265.0,15265.0,15265.0,15265.0,1132599
2026-07-23 14:52:00,15225.0,15225.0,15225.0,15225.0,652158
2026-07-23 14:53:00,15225.0,15225.0,15225.0,15225.0,579753
2026-07-23 14:54:00,15170.0,15170.0,15170.0,15170.0,478021
2026-07-23 14:55:00,15245.0,15245.0,15245.0,15245.0,554874
2026-07-23 14:56:00,15280.0,15280.0,15280.0,15280.0,400524
2026-07-23 14:57:00,15230.0,15230.0,15230.0,15230.0,403474
2026-07-23 14:58:00,15235.0,15235.0,15235.0,15235.0,262199
2026-07-23 14:59:00,15225.0,15225.0,15225.0,15225.0,339703
2026-07-23 15:00:00,15235.0,15235.0,15235.0,15235.0,233358
2026-07-23 15:01:00,15410.0,15410.0,15410.0,15410.0,624805
2026-07-23 15:02:00,15270.0,15270.0,15270.0,15270.0,666502
2026-07-23 15:03:00,15230.0,15230.0,15230.0,15230.0,515180
2026-07-23 15:04:00,15245.0,15245.0,15245.0,15245.0,275310
2026-07-23 15:05:00,15310.0,15310.0,15310.0,15310.0,344507
2026-07-23 15:06:00,15280.0,15280.0,15280.0,15280.0,449046
2026-07-23 15:07:00,15240.0,15240.0,15240.0,15240.0,302735
2026-07-23 15:08:00,15245.0,15245.0,15245.0,15245.0,288794
2026-07-23 15:09:00,15185.0,15185.0,15185.0,15185.0,382078
2026-07-23 15:10:00,15240.0,15240.0,15240.0,15240.0,321175
2026-07-23 15:11:00,15225.0,15225.0,15225.0,15225.0,328692
2026-07-23 15:12:00,15335.0,15335.0,15335.0,15335.0,409690
2026-07-23 15:13:00,15370.0,15370.0,15370.0,15370.0,508038
2026-07-23 15:14:00,15460.0,15460.0,15460.0,15460.0,533165
2026-07-23 15:15:00,15310.0,15310.0,15310.0,15310.0,429131
2026-07-23 15:16:00,15285.0,15285.0,15285.0,15285.0,292416
2026-07-23 15:17:00,15315.0,15315.0,15315.0,15315.0,263516
2026-07-23 15:18:00,15330.0,15330.0,15330.0,15330.0,291195
2026-07-23 15:19:00,15395.0,15395.0,15395.0,15395.0,539674
2026-07-23 15:30:00,15540.0,15540.0,15540.0,15540.0,646001
