datetime,open,high,low,close,volume
2026-07-15 09:02:00,9025.0,9025.0,9025.0,9025.0,3984850
2026-07-15 09:03:00,8990.0,8990.0,8990.0,8990.0,3038163
2026-07-15 09:04:00,9170.0,9170.0,9170.0,9170.0,1680320
2026-07-15 09:05:00,9220.0,9220.0,9220.0,9220.0,2503214
2026-07-15 09:06:00,9185.0,9185.0,9185.0,9185.0,1616345
2026-07-15 09:07:00,9205.0,9205.0,9205.0,9205.0,1222644
2026-07-15 09:08:00,9205.0,9205.0,9205.0,9205.0,1221696
2026-07-15 09:09:00,9245.0,9245.0,9245.0,9245.0,2166235
2026-07-15 09:10:00,9105.0,9105.0,9105.0,9105.0,2251126
2026-07-15 09:11:00,9005.0,9005.0,9005.0,9005.0,1780891
2026-07-15 09:12:00,9035.0,9035.0,9035.0,9035.0,1099471
2026-07-15 09:13:00,9045.0,9045.0,9045.0,9045.0,1308977
2026-07-15 09:14:00,9080.0,9080.0,9080.0,9080.0,830880
2026-07-15 09:15:00,9120.0,9120.0,9120.0,9120.0,1216753
2026-07-15 09:16:00,8925.0,8925.0,8925.0,8925.0,1275770
2026-07-15 09:17:00,8905.0,8905.0,8905.0,8905.0,1589203
2026-07-15 09:18:00,8795.0,8795.0,8795.0,8795.0,2140924
2026-07-15 09:19:00,8655.0,8655.0,8655.0,8655.0,1152679
2026-07-15 09:20:00,8555.0,8555.0,8555.0,8555.0,1890027
2026-07-15 09:21:00,8555.0,8555.0,8555.0,8555.0,1146379
2026-07-15 09:22:00,8635.0,8635.0,8635.0,8635.0,1009690
2026-07-15 09:23:00,8615.0,8615.0,8615.0,8615.0,1050713
2026-07-15 09:24:00,8650.0,8650.0,8650.0,8650.0,1139124
2026-07-15 09:25:00,8705.0,8705.0,8705.0,8705.0,1959439
2026-07-15 09:26:00,8535.0,8535.0,8535.0,8535.0,1892203
2026-07-15 09:27:00,8630.0,8630.0,8630.0,8630.0,1247358
2026-07-15 09:28:00,8500.0,8500.0,8500.0,8500.0,1092853
2026-07-15 09:29:00,8500.0,8500.0,8500.0,8500.0,1049782
2026-07-15 09:30:00,8380.0,8380.0,8380.0,8380.0,2017530
2026-07-15 09:31:00,8500.0,8500.0,8500.0,8500.0,1183456
2026-07-15 09:32:00,8605.0,8605.0,8605.0,8605.0,1901908
2026-07-15 09:33:00,8610.0,8610.0,8610.0,8610.0,2338753
2026-07-15 09:34:00,8605.0,8605.0,8605.0,8605.0,1443583
2026-07-15 09:35:00,8735.0,8735.0,8735.0,8735.0,1926466
2026-07-15 09:36:00,8765.0,8765.0,8765.0,8765.0,1809415
2026-07-15 09:37:00,8880.0,8880.0,8880.0,8880.0,2081809
2026-07-15 09:38:00,8715.0,8715.0,8715.0,8715.0,2398127
2026-07-15 09:39:00,8765.0,8765.0,8765.0,8765.0,1324873
2026-07-15 09:40:00,8770.0,8770.0,8770.0,8770.0,996046
2026-07-15 09:41:00,8815.0,8815.0,8815.0,8815.0,1824643
2026-07-15 09:42:00,8740.0,8740.0,8740.0,8740.0,1004065
2026-07-15 09:43:00,8845.0,8845.0,8845.0,8845.0,1162553
2026-07-15 09:44:00,8750.0,8750.0,8750.0,8750.0,807040
2026-07-15 09:45:00,8755.0,8755.0,8755.0,8755.0,1046666
2026-07-15 09:46:00,8635.0,8635.0,8635.0,8635.0,1100314
2026-07-15 09:47:00,8625.0,8625.0,8625.0,8625.0,568680
2026-07-15 09:48:00,8635.0,8635.0,8635.0,8635.0,480706
2026-07-15 09:49:00,8635.0,8635.0,8635.0,8635.0,500954
2026-07-15 09:50:00,8520.0,8520.0,8520.0,8520.0,1143764
2026-07-15 09:51:00,8480.0,8480.0,8480.0,8480.0,895487
2026-07-15 09:52:00,8535.0,8535.0,8535.0,8535.0,1011087
2026-07-15 09:53:00,8555.0,8555.0,8555.0,8555.0,568663
2026-07-15 09:54:00,8510.0,8510.0,8510.0,8510.0,556077
2026-07-15 09:55:00,8520.0,8520.0,8520.0,8520.0,532395
2026-07-15 09:56:00,8520.0,8520.0,8520.0,8520.0,425326
2026-07-15 09:57:00,8470.0,8470.0,8470.0,8470.0,655424
2026-07-15 09:58:00,8450.0,8450.0,8450.0,8450.0,2005915
2026-07-15 09:59:00,8480.0,8480.0,8480.0,8480.0,489976
2026-07-15 10:00:00,8595.0,8595.0,8595.0,8595.0,1684731
2026-07-15 10:01:00,8650.0,8650.0,8650.0,8650.0,1601642
2026-07-15 10:02:00,8700.0,8700.0,8700.0,8700.0,1471889
2026-07-15 10:03:00,8785.0,8785.0,8785.0,8785.0,2072545
2026-07-15 10:04:00,8685.0,8685.0,8685.0,8685.0,1351189
2026-07-15 10:05:00,8845.0,8845.0,8845.0,8845.0,1589025
2026-07-15 10:06:00,8770.0,8770.0,8770.0,8770.0,1309499
2026-07-15 10:07:00,8870.0,8870.0,8870.0,8870.0,1390728
2026-07-15 10:08:00,8915.0,8915.0,8915.0,8915.0,2279122
2026-07-15 10:09:00,8915.0,8915.0,8915.0,8915.0,1568436
2026-07-15 10:10:00,8970.0,8970.0,8970.0,8970.0,1821722
2026-07-15 10:11:00,9085.0,9085.0,9085.0,9085.0,2345891
2026-07-15 10:12:00,8895.0,8895.0,8895.0,8895.0,2119129
2026-07-15 10:13:00,8860.0,8860.0,8860.0,8860.0,1173877
2026-07-15 10:14:00,8930.0,8930.0,8930.0,8930.0,1325856
2026-07-15 10:15:00,8845.0,8845.0,8845.0,8845.0,1388456
2026-07-15 10:16:00,8852.0,8852.0,8852.0,8852.0,826550
2026-07-15 10:17:00,8835.0,8835.0,8835.0,8835.0,663996
2026-07-15 10:18:00,8840.0,8840.0,8840.0,8840.0,397465
2026-07-15 10:19:00,8760.0,8760.0,8760.0,8760.0,896763
2026-07-15 10:20:00,8855.0,8855.0,8855.0,8855.0,1155356
2026-07-15 10:21:00,8830.0,8830.0,8830.0,8830.0,819671
2026-07-15 10:22:00,8735.0,8735.0,8735.0,8735.0,945004
2026-07-15 10:23:00,8740.0,8740.0,8740.0,8740.0,559235
2026-07-15 10:24:00,8755.0,8755.0,8755.0,8755.0,234125
2026-07-15 10:25:00,8770.0,8770.0,8770.0,8770.0,913431
2026-07-15 10:26:00,8645.0,8645.0,8645.0,8645.0,1612673
2026-07-15 10:27:00,8620.0,8620.0,8620.0,8620.0,744851
2026-07-15 10:28:00,8640.0,8640.0,8640.0,8640.0,631284
2026-07-15 10:29:00,8630.0,8630.0,8630.0,8630.0,721534
2026-07-15 10:30:00,8690.0,8690.0,8690.0,8690.0,1198116
2026-07-15 10:31:00,8725.0,8725.0,8725.0,8725.0,1327594
2026-07-15 10:32:00,8865.0,8865.0,8865.0,8865.0,1197753
2026-07-15 10:33:00,9000.0,9000.0,9000.0,9000.0,1675336
2026-07-15 10:34:00,8955.0,8955.0,8955.0,8955.0,1358580
2026-07-15 10:35:00,8955.0,8955.0,8955.0,8955.0,1035951
2026-07-15 10:36:00,8970.0,8970.0,8970.0,8970.0,1023413
2026-07-15 10:37:00,8920.0,8920.0,8920.0,8920.0,1027496
2026-07-15 10:38:00,8880.0,8880.0,8880.0,8880.0,917669
2026-07-15 10:39:00,8935.0,8935.0,8935.0,8935.0,759193
2026-07-15 10:40:00,9135.0,9135.0,9135.0,9135.0,2437779
2026-07-15 10:41:00,9150.0,9150.0,9150.0,9150.0,2004975
2026-07-15 10:42:00,9270.0,9270.0,9270.0,9270.0,1545452
2026-07-15 10:43:00,9280.0,9280.0,9280.0,9280.0,2151806
2026-07-15 10:44:00,9365.0,9365.0,9365.0,9365.0,1338822
2026-07-15 10:45:00,9185.0,9185.0,9185.0,9185.0,2065811
2026-07-15 10:46:00,9245.0,9245.0,9245.0,9245.0,1357911
2026-07-15 10:47:00,9235.0,9235.0,9235.0,9235.0,1094353
2026-07-15 10:48:00,9320.0,9320.0,9320.0,9320.0,1538087
2026-07-15 10:49:00,9175.0,9175.0,9175.0,9175.0,1288019
2026-07-15 10:50:00,9120.0,9120.0,9120.0,9120.0,993173
2026-07-15 10:51:00,9155.0,9155.0,9155.0,9155.0,708075
2026-07-15 10:52:00,9195.0,9195.0,9195.0,9195.0,702378
2026-07-15 10:53:00,9065.0,9065.0,9065.0,9065.0,1169529
2026-07-15 10:54:00,9005.0,9005.0,9005.0,9005.0,798476
2026-07-15 10:55:00,8995.0,8995.0,8995.0,8995.0,1042369
2026-07-15 10:56:00,9020.0,9020.0,9020.0,9020.0,772951
2026-07-15 10:57:00,8975.0,8975.0,8975.0,8975.0,1227869
2026-07-15 10:58:00,8925.0,8925.0,8925.0,8925.0,565983
2026-07-15 10:59:00,8870.0,8870.0,8870.0,8870.0,989907
2026-07-15 11:00:00,8805.0,8805.0,8805.0,8805.0,1015311
2026-07-15 11:01:00,8790.0,8790.0,8790.0,8790.0,1235266
2026-07-15 11:02:00,8810.0,8810.0,8810.0,8810.0,602899
2026-07-15 11:03:00,8730.0,8730.0,8730.0,8730.0,1880836
2026-07-15 11:04:00,8680.0,8680.0,8680.0,8680.0,1023876
2026-07-15 11:05:00,8740.0,8740.0,8740.0,8740.0,1174130
2026-07-15 11:06:00,8815.0,8815.0,8815.0,8815.0,857639
2026-07-15 11:07:00,8715.0,8715.0,8715.0,8715.0,946982
2026-07-15 11:08:00,8690.0,8690.0,8690.0,8690.0,808444
2026-07-15 11:09:00,8595.0,8595.0,8595.0,8595.0,2153211
2026-07-15 11:10:00,8615.0,8615.0,8615.0,8615.0,1022587
2026-07-15 11:11:00,8665.0,8665.0,8665.0,8665.0,688840
2026-07-15 11:12:00,8585.0,8585.0,8585.0,8585.0,819702
2026-07-15 11:13:00,8590.0,8590.0,8590.0,8590.0,794146
2026-07-15 11:14:00,8615.0,8615.0,8615.0,8615.0,690128
2026-07-15 11:15:00,8630.0,8630.0,8630.0,8630.0,601982
2026-07-15 11:16:00,8680.0,8680.0,8680.0,8680.0,1023573
2026-07-15 11:17:00,8600.0,8600.0,8600.0,8600.0,656891
2026-07-15 11:18:00,8605.0,8605.0,8605.0,8605.0,328987
2026-07-15 11:19:00,8635.0,8635.0,8635.0,8635.0,422080
2026-07-15 11:20:00,8710.0,8710.0,8710.0,8710.0,750695
2026-07-15 11:21:00,8695.0,8695.0,8695.0,8695.0,1076895
2026-07-15 11:22:00,8640.0,8640.0,8640.0,8640.0,496059
2026-07-15 11:23:00,8690.0,8690.0,8690.0,8690.0,463565
2026-07-15 11:24:00,8760.0,8760.0,8760.0,8760.0,1164023
2026-07-15 11:25:00,8760.0,8760.0,8760.0,8760.0,688486
2026-07-15 11:26:00,8785.0,8785.0,8785.0,8785.0,1395416
2026-07-15 11:27:00,8795.0,8795.0,8795.0,8795.0,1055196
2026-07-15 11:28:00,8770.0,8770.0,8770.0,8770.0,603041
2026-07-15 11:29:00,8725.0,8725.0,8725.0,8725.0,953767
2026-07-15 11:30:00,8700.0,8700.0,8700.0,8700.0,1068851
2026-07-15 11:31:00,8770.0,8770.0,8770.0,8770.0,594929
2026-07-15 11:32:00,8720.0,8720.0,8720.0,8720.0,265157
2026-07-15 11:33:00,8685.0,8685.0,8685.0,8685.0,460037
2026-07-15 11:34:00,8685.0,8685.0,8685.0,8685.0,290820
2026-07-15 11:35:00,8680.0,8680.0,8680.0,8680.0,220955
2026-07-15 11:36:00,8635.0,8635.0,8635.0,8635.0,502455
2026-07-15 11:37:00,8675.0,8675.0,8675.0,8675.0,250397
2026-07-15 11:38:00,8680.0,8680.0,8680.0,8680.0,192076
2026-07-15 11:39:00,8715.0,8715.0,8715.0,8715.0,612318
2026-07-15 11:40:00,8630.0,8630.0,8630.0,8630.0,327660
2026-07-15 11:41:00,8655.0,8655.0,8655.0,8655.0,511078
2026-07-15 11:42:00,8620.0,8620.0,8620.0,8620.0,527347
2026-07-15 11:43:00,8595.0,8595.0,8595.0,8595.0,473869
2026-07-15 11:44:00,8610.0,8610.0,8610.0,8610.0,213751
2026-07-15 11:45:00,8585.0,8585.0,8585.0,8585.0,640641
2026-07-15 11:46:00,8535.0,8535.0,8535.0,8535.0,777771
2026-07-15 11:47:00,8610.0,8610.0,8610.0,8610.0,591761
2026-07-15 11:48:00,8545.0,8545.0,8545.0,8545.0,387037
2026-07-15 11:49:00,8525.0,8525.0,8525.0,8525.0,333516
2026-07-15 11:50:00,8650.0,8650.0,8650.0,8650.0,728123
2026-07-15 11:51:00,8755.0,8755.0,8755.0,8755.0,1836546
2026-07-15 11:52:00,8705.0,8705.0,8705.0,8705.0,1145470
2026-07-15 11:53:00,8750.0,8750.0,8750.0,8750.0,584612
2026-07-15 11:54:00,8740.0,8740.0,8740.0,8740.0,764190
2026-07-15 11:55:00,8695.0,8695.0,8695.0,8695.0,310484
2026-07-15 11:56:00,8745.0,8745.0,8745.0,8745.0,617051
2026-07-15 11:57:00,8770.0,8770.0,8770.0,8770.0,448596
2026-07-15 11:58:00,8775.0,8775.0,8775.0,8775.0,713619
2026-07-15 11:59:00,8850.0,8850.0,8850.0,8850.0,1849709
2026-07-15 12:00:00,8860.0,8860.0,8860.0,8860.0,762351
2026-07-15 12:01:00,8775.0,8775.0,8775.0,8775.0,898873
2026-07-15 12:02:00,8685.0,8685.0,8685.0,8685.0,469835
2026-07-15 12:03:00,8735.0,8735.0,8735.0,8735.0,552954
2026-07-15 12:04:00,8730.0,8730.0,8730.0,8730.0,510626
2026-07-15 12:05:00,8730.0,8730.0,8730.0,8730.0,652096
2026-07-15 12:06:00,8735.0,8735.0,8735.0,8735.0,385230
2026-07-15 12:07:00,8720.0,8720.0,8720.0,8720.0,333453
2026-07-15 12:08:00,8690.0,8690.0,8690.0,8690.0,182372
2026-07-15 12:09:00,8660.0,8660.0,8660.0,8660.0,503002
2026-07-15 12:10:00,8675.0,8675.0,8675.0,8675.0,164864
2026-07-15 12:11:00,8730.0,8730.0,8730.0,8730.0,427159
2026-07-15 12:12:00,8700.0,8700.0,8700.0,8700.0,727713
2026-07-15 12:13:00,8665.0,8665.0,8665.0,8665.0,318813
2026-07-15 12:14:00,8630.0,8630.0,8630.0,8630.0,1529825
2026-07-15 12:15:00,8630.0,8630.0,8630.0,8630.0,221785
2026-07-15 12:16:00,8635.0,8635.0,8635.0,8635.0,232762
2026-07-15 12:17:00,8645.0,8645.0,8645.0,8645.0,606821
2026-07-15 12:18:00,8660.0,8660.0,8660.0,8660.0,231040
2026-07-15 12:19:00,8630.0,8630.0,8630.0,8630.0,568988
2026-07-15 12:20:00,8640.0,8640.0,8640.0,8640.0,215511
2026-07-15 12:21:00,8655.0,8655.0,8655.0,8655.0,425156
2026-07-15 12:22:00,8640.0,8640.0,8640.0,8640.0,429419
2026-07-15 12:23:00,8655.0,8655.0,8655.0,8655.0,256758
2026-07-15 12:24:00,8610.0,8610.0,8610.0,8610.0,117489
2026-07-15 12:25:00,8600.0,8600.0,8600.0,8600.0,161371
2026-07-15 12:26:00,8565.0,8565.0,8565.0,8565.0,374330
2026-07-15 12:27:00,8530.0,8530.0,8530.0,8530.0,729913
2026-07-15 12:28:00,8510.0,8510.0,8510.0,8510.0,406161
2026-07-15 12:29:00,8510.0,8510.0,8510.0,8510.0,984951
2026-07-15 12:30:00,8520.0,8520.0,8520.0,8520.0,469397
2026-07-15 12:31:00,8545.0,8545.0,8545.0,8545.0,450804
2026-07-15 12:32:00,8505.0,8505.0,8505.0,8505.0,329625
2026-07-15 12:33:00,8480.0,8480.0,8480.0,8480.0,233420
2026-07-15 12:34:00,8435.0,8435.0,8435.0,8435.0,767126
2026-07-15 12:35:00,8460.0,8460.0,8460.0,8460.0,809790
2026-07-15 12:36:00,8460.0,8460.0,8460.0,8460.0,414917
2026-07-15 12:37:00,8430.0,8430.0,8430.0,8430.0,309445
2026-07-15 12:38:00,8400.0,8400.0,8400.0,8400.0,387395
2026-07-15 12:39:00,8425.0,8425.0,8425.0,8425.0,528527
2026-07-15 12:40:00,8405.0,8405.0,8405.0,8405.0,624091
2026-07-15 12:41:00,8360.0,8360.0,8360.0,8360.0,967939
2026-07-15 12:42:00,8440.0,8440.0,8440.0,8440.0,1230362
2026-07-15 12:43:00,8450.0,8450.0,8450.0,8450.0,583956
2026-07-15 12:44:00,8485.0,8485.0,8485.0,8485.0,1022983
2026-07-15 12:45:00,8430.0,8430.0,8430.0,8430.0,587802
2026-07-15 12:46:00,8435.0,8435.0,8435.0,8435.0,403160
2026-07-15 12:47:00,8365.0,8365.0,8365.0,8365.0,490215
2026-07-15 12:48:00,8290.0,8290.0,8290.0,8290.0,1019509
2026-07-15 12:49:00,8240.0,8240.0,8240.0,8240.0,1097740
2026-07-15 12:50:00,8215.0,8215.0,8215.0,8215.0,914081
2026-07-15 12:51:00,8265.0,8265.0,8265.0,8265.0,822932
2026-07-15 12:52:00,8205.0,8205.0,8205.0,8205.0,534069
2026-07-15 12:53:00,8180.0,8180.0,8180.0,8180.0,774213
2026-07-15 12:54:00,8190.0,8190.0,8190.0,8190.0,849383
2026-07-15 12:55:00,8190.0,8190.0,8190.0,8190.0,981373
2026-07-15 12:56:00,8150.0,8150.0,8150.0,8150.0,507818
2026-07-15 12:57:00,8205.0,8205.0,8205.0,8205.0,557498
2026-07-15 12:58:00,8240.0,8240.0,8240.0,8240.0,829866
2026-07-15 12:59:00,8235.0,8235.0,8235.0,8235.0,508018
2026-07-15 13:00:00,8195.0,8195.0,8195.0,8195.0,632343
2026-07-15 13:01:00,8255.0,8255.0,8255.0,8255.0,612170
2026-07-15 13:02:00,8230.0,8230.0,8230.0,8230.0,418890
2026-07-15 13:03:00,8215.0,8215.0,8215.0,8215.0,515509
2026-07-15 13:04:00,8195.0,8195.0,8195.0,8195.0,256265
2026-07-15 13:05:00,8225.0,8225.0,8225.0,8225.0,341897
2026-07-15 13:06:00,8215.0,8215.0,8215.0,8215.0,316062
2026-07-15 13:07:00,8295.0,8295.0,8295.0,8295.0,588885
2026-07-15 13:08:00,8265.0,8265.0,8265.0,8265.0,930782
2026-07-15 13:09:00,8320.0,8320.0,8320.0,8320.0,872996
2026-07-15 13:10:00,8235.0,8235.0,8235.0,8235.0,796782
2026-07-15 13:11:00,8215.0,8215.0,8215.0,8215.0,518532
2026-07-15 13:12:00,8230.0,8230.0,8230.0,8230.0,229817
2026-07-15 13:13:00,8227.0,8227.0,8227.0,8227.0,237395
2026-07-15 13:14:00,8270.0,8270.0,8270.0,8270.0,536495
2026-07-15 13:15:00,8310.0,8310.0,8310.0,8310.0,927771
2026-07-15 13:16:00,8292.0,8292.0,8292.0,8292.0,402147
2026-07-15 13:17:00,8240.0,8240.0,8240.0,8240.0,741180
2026-07-15 13:18:00,8265.0,8265.0,8265.0,8265.0,547563
2026-07-15 13:19:00,8235.0,8235.0,8235.0,8235.0,321161
2026-07-15 13:20:00,8245.0,8245.0,8245.0,8245.0,255725
2026-07-15 13:21:00,8295.0,8295.0,8295.0,8295.0,428817
2026-07-15 13:22:00,8265.0,8265.0,8265.0,8265.0,881676
2026-07-15 13:23:00,8260.0,8260.0,8260.0,8260.0,414859
2026-07-15 13:24:00,8250.0,8250.0,8250.0,8250.0,644539
2026-07-15 13:25:00,8245.0,8245.0,8245.0,8245.0,327724
2026-07-15 13:26:00,8315.0,8315.0,8315.0,8315.0,350841
2026-07-15 13:27:00,8365.0,8365.0,8365.0,8365.0,1010415
2026-07-15 13:28:00,8365.0,8365.0,8365.0,8365.0,1087805
2026-07-15 13:29:00,8375.0,8375.0,8375.0,8375.0,709880
2026-07-15 13:30:00,8385.0,8385.0,8385.0,8385.0,1043054
2026-07-15 13:31:00,8415.0,8415.0,8415.0,8415.0,812543
2026-07-15 13:32:00,8415.0,8415.0,8415.0,8415.0,877286
2026-07-15 13:33:00,8355.0,8355.0,8355.0,8355.0,1431568
2026-07-15 13:34:00,8405.0,8405.0,8405.0,8405.0,801216
2026-07-15 13:35:00,8305.0,8305.0,8305.0,8305.0,689971
2026-07-15 13:36:00,8320.0,8320.0,8320.0,8320.0,776693
2026-07-15 13:37:00,8360.0,8360.0,8360.0,8360.0,398684
2026-07-15 13:38:00,8315.0,8315.0,8315.0,8315.0,657968
2026-07-15 13:39:00,8260.0,8260.0,8260.0,8260.0,420035
2026-07-15 13:40:00,8265.0,8265.0,8265.0,8265.0,369937
2026-07-15 13:41:00,8280.0,8280.0,8280.0,8280.0,416213
2026-07-15 13:42:00,8295.0,8295.0,8295.0,8295.0,203232
2026-07-15 13:43:00,8360.0,8360.0,8360.0,8360.0,614984
2026-07-15 13:44:00,8340.0,8340.0,8340.0,8340.0,428851
2026-07-15 13:45:00,8365.0,8365.0,8365.0,8365.0,619321
2026-07-15 13:46:00,8385.0,8385.0,8385.0,8385.0,496987
2026-07-15 13:47:00,8380.0,8380.0,8380.0,8380.0,258860
2026-07-15 13:48:00,8365.0,8365.0,8365.0,8365.0,346331
2026-07-15 13:49:00,8380.0,8380.0,8380.0,8380.0,456570
2026-07-15 13:50:00,8400.0,8400.0,8400.0,8400.0,394400
2026-07-15 13:51:00,8405.0,8405.0,8405.0,8405.0,728074
2026-07-15 13:52:00,8400.0,8400.0,8400.0,8400.0,630074
2026-07-15 13:53:00,8435.0,8435.0,8435.0,8435.0,358585
2026-07-15 13:54:00,8455.0,8455.0,8455.0,8455.0,740533
2026-07-15 13:55:00,8415.0,8415.0,8415.0,8415.0,685043
2026-07-15 13:56:00,8410.0,8410.0,8410.0,8410.0,650535
2026-07-15 13:57:00,8405.0,8405.0,8405.0,8405.0,502558
2026-07-15 13:58:00,8370.0,8370.0,8370.0,8370.0,476409
2026-07-15 13:59:00,8405.0,8405.0,8405.0,8405.0,347141
2026-07-15 14:00:00,8335.0,8335.0,8335.0,8335.0,1223286
2026-07-15 14:01:00,8485.0,8485.0,8485.0,8485.0,1748872
2026-07-15 14:02:00,8535.0,8535.0,8535.0,8535.0,1718349
2026-07-15 14:03:00,8565.0,8565.0,8565.0,8565.0,1178278
2026-07-15 14:04:00,8610.0,8610.0,8610.0,8610.0,1185651
2026-07-15 14:05:00,8645.0,8645.0,8645.0,8645.0,2330479
2026-07-15 14:06:00,8750.0,8750.0,8750.0,8750.0,1849169
2026-07-15 14:07:00,8705.0,8705.0,8705.0,8705.0,2052997
2026-07-15 14:08:00,8675.0,8675.0,8675.0,8675.0,2229868
2026-07-15 14:09:00,8560.0,8560.0,8560.0,8560.0,1564655
2026-07-15 14:10:00,8705.0,8705.0,8705.0,8705.0,1460962
2026-07-15 14:11:00,8775.0,8775.0,8775.0,8775.0,1609088
2026-07-15 14:12:00,8785.0,8785.0,8785.0,8785.0,1909480
2026-07-15 14:13:00,8855.0,8855.0,8855.0,8855.0,1939442
2026-07-15 14:14:00,8865.0,8865.0,8865.0,8865.0,1911718
2026-07-15 14:15:00,8920.0,8920.0,8920.0,8920.0,2960597
2026-07-15 14:16:00,8910.0,8910.0,8910.0,8910.0,2526676
2026-07-15 14:17:00,8805.0,8805.0,8805.0,8805.0,2048568
2026-07-15 14:18:00,8780.0,8780.0,8780.0,8780.0,1555755
2026-07-15 14:19:00,8820.0,8820.0,8820.0,8820.0,1694305
2026-07-15 14:20:00,8845.0,8845.0,8845.0,8845.0,1443410
2026-07-15 14:21:00,8940.0,8940.0,8940.0,8940.0,1211540
2026-07-15 14:22:00,8890.0,8890.0,8890.0,8890.0,1542316
2026-07-15 14:23:00,8920.0,8920.0,8920.0,8920.0,1375642
2026-07-15 14:24:00,8985.0,8985.0,8985.0,8985.0,1893634
2026-07-15 14:25:00,9100.0,9100.0,9100.0,9100.0,2498364
2026-07-15 14:26:00,9125.0,9125.0,9125.0,9125.0,2853036
2026-07-15 14:27:00,9145.0,9145.0,9145.0,9145.0,1890259
2026-07-15 14:28:00,9150.0,9150.0,9150.0,9150.0,2833587
2026-07-15 14:29:00,9145.0,9145.0,9145.0,9145.0,1591940
2026-07-15 14:30:00,9225.0,9225.0,9225.0,9225.0,1852829
2026-07-15 14:31:00,9265.0,9265.0,9265.0,9265.0,2441759
2026-07-15 14:32:00,9105.0,9105.0,9105.0,9105.0,1907833
2026-07-15 14:33:00,9180.0,9180.0,9180.0,9180.0,1393437
2026-07-15 14:34:00,8980.0,8980.0,8980.0,8980.0,2981754
2026-07-15 14:35:00,8965.0,8965.0,8965.0,8965.0,2218053
2026-07-15 14:36:00,8945.0,8945.0,8945.0,8945.0,1191671
2026-07-15 14:37:00,8915.0,8915.0,8915.0,8915.0,1883588
2026-07-15 14:38:00,8980.0,8980.0,8980.0,8980.0,1359422
2026-07-15 14:39:00,8890.0,8890.0,8890.0,8890.0,1370787
2026-07-15 14:40:00,9105.0,9105.0,9105.0,9105.0,1377802
2026-07-15 14:41:00,9085.0,9085.0,9085.0,9085.0,1307811
2026-07-15 14:42:00,9075.0,9075.0,9075.0,9075.0,737457
2026-07-15 14:43:00,9150.0,9150.0,9150.0,9150.0,1570101
2026-07-15 14:44:00,9215.0,9215.0,9215.0,9215.0,1088853
2026-07-15 14:45:00,9205.0,9205.0,9205.0,9205.0,1136876
2026-07-15 14:46:00,9060.0,9060.0,9060.0,9060.0,1140133
2026-07-15 14:47:00,9070.0,9070.0,9070.0,9070.0,826392
2026-07-15 14:48:00,8975.0,8975.0,8975.0,8975.0,1229274
2026-07-15 14:49:00,9020.0,9020.0,9020.0,9020.0,630560
2026-07-15 14:50:00,9030.0,9030.0,9030.0,9030.0,839606
2026-07-15 14:51:00,9100.0,9100.0,9100.0,9100.0,914009
2026-07-15 14:52:00,9120.0,9120.0,9120.0,9120.0,844708
2026-07-15 14:53:00,9135.0,9135.0,9135.0,9135.0,976658
2026-07-15 14:54:00,9050.0,9050.0,9050.0,9050.0,724835
2026-07-15 14:55:00,9005.0,9005.0,9005.0,9005.0,936158
2026-07-15 14:56:00,8920.0,8920.0,8920.0,8920.0,751151
2026-07-15 14:57:00,8930.0,8930.0,8930.0,8930.0,753201
2026-07-15 14:58:00,8865.0,8865.0,8865.0,8865.0,524518
2026-07-15 14:59:00,8795.0,8795.0,8795.0,8795.0,1608598
2026-07-15 15:00:00,8720.0,8720.0,8720.0,8720.0,1197996
2026-07-15 15:01:00,8665.0,8665.0,8665.0,8665.0,1072050
2026-07-15 15:02:00,8820.0,8820.0,8820.0,8820.0,1632768
2026-07-15 15:03:00,8840.0,8840.0,8840.0,8840.0,1006465
2026-07-15 15:04:00,8830.0,8830.0,8830.0,8830.0,688480
2026-07-15 15:05:00,8790.0,8790.0,8790.0,8790.0,790994
2026-07-15 15:06:00,8885.0,8885.0,8885.0,8885.0,735599
2026-07-15 15:07:00,8790.0,8790.0,8790.0,8790.0,894227
2026-07-15 15:08:00,8845.0,8845.0,8845.0,8845.0,653398
2026-07-15 15:09:00,8855.0,8855.0,8855.0,8855.0,521287
2026-07-15 15:10:00,8930.0,8930.0,8930.0,8930.0,944631
2026-07-15 15:11:00,9015.0,9015.0,9015.0,9015.0,1299786
2026-07-15 15:12:00,8950.0,8950.0,8950.0,8950.0,651694
2026-07-15 15:13:00,8930.0,8930.0,8930.0,8930.0,811540
2026-07-15 15:14:00,8955.0,8955.0,8955.0,8955.0,599966
2026-07-15 15:15:00,9095.0,9095.0,9095.0,9095.0,1486098
2026-07-15 15:16:00,9105.0,9105.0,9105.0,9105.0,1169839
2026-07-15 15:17:00,9120.0,9120.0,9120.0,9120.0,1436452
2026-07-15 15:18:00,9130.0,9130.0,9130.0,9130.0,837611
2026-07-15 15:19:00,9085.0,9085.0,9085.0,9085.0,1037641
2026-07-15 15:30:00,9135.0,9135.0,9135.0,9135.0,1467463
2026-07-16 09:02:00,10745.0,10745.0,10745.0,10745.0,2613635
2026-07-16 09:03:00,10870.0,10870.0,10870.0,10870.0,2883839
2026-07-16 09:04:00,10880.0,10880.0,10880.0,10880.0,2767866
2026-07-16 09:05:00,10780.0,10780.0,10780.0,10780.0,1479348
2026-07-16 09:06:00,10685.0,10685.0,10685.0,10685.0,1205470
2026-07-16 09:07:00,10810.0,10810.0,10810.0,10810.0,1259085
2026-07-16 09:08:00,10820.0,10820.0,10820.0,10820.0,1781593
2026-07-16 09:09:00,10850.0,10850.0,10850.0,10850.0,1028748
2026-07-16 09:10:00,10795.0,10795.0,10795.0,10795.0,1085138
2026-07-16 09:11:00,10770.0,10770.0,10770.0,10770.0,1134431
2026-07-16 09:12:00,10825.0,10825.0,10825.0,10825.0,718028
2026-07-16 09:13:00,10750.0,10750.0,10750.0,10750.0,1121755
2026-07-16 09:14:00,10745.0,10745.0,10745.0,10745.0,705520
2026-07-16 09:15:00,10850.0,10850.0,10850.0,10850.0,1682373
2026-07-16 09:16:00,11000.0,11000.0,11000.0,11000.0,2526187
2026-07-16 09:17:00,11065.0,11065.0,11065.0,11065.0,2468511
2026-07-16 09:18:00,11095.0,11095.0,11095.0,11095.0,2477975
2026-07-16 09:19:00,11100.0,11100.0,11100.0,11100.0,1623368
2026-07-16 09:20:00,11015.0,11015.0,11015.0,11015.0,2116746
2026-07-16 09:21:00,10945.0,10945.0,10945.0,10945.0,1719023
2026-07-16 09:22:00,10970.0,10970.0,10970.0,10970.0,1153772
2026-07-16 09:23:00,10995.0,10995.0,10995.0,10995.0,1016378
2026-07-16 09:24:00,10925.0,10925.0,10925.0,10925.0,1264100
2026-07-16 09:25:00,10845.0,10845.0,10845.0,10845.0,1003081
2026-07-16 09:26:00,10980.0,10980.0,10980.0,10980.0,1332843
2026-07-16 09:27:00,10985.0,10985.0,10985.0,10985.0,1556966
2026-07-16 09:28:00,10920.0,10920.0,10920.0,10920.0,837354
2026-07-16 09:29:00,10975.0,10975.0,10975.0,10975.0,528139
2026-07-16 09:30:00,10915.0,10915.0,10915.0,10915.0,904329
2026-07-16 09:31:00,11085.0,11085.0,11085.0,11085.0,1107038
2026-07-16 09:32:00,11100.0,11100.0,11100.0,11100.0,1399577
2026-07-16 09:33:00,11060.0,11060.0,11060.0,11060.0,1123971
2026-07-16 09:34:00,11060.0,11060.0,11060.0,11060.0,1305081
2026-07-16 09:35:00,10975.0,10975.0,10975.0,10975.0,2596560
2026-07-16 09:36:00,11150.0,11150.0,11150.0,11150.0,2872418
2026-07-16 09:37:00,11180.0,11180.0,11180.0,11180.0,1712004
2026-07-16 09:38:00,11185.0,11185.0,11185.0,11185.0,1481697
2026-07-16 09:39:00,11195.0,11195.0,11195.0,11195.0,1111114
2026-07-16 09:40:00,11225.0,11225.0,11225.0,11225.0,916724
2026-07-16 09:41:00,11195.0,11195.0,11195.0,11195.0,659885
2026-07-16 09:42:00,11245.0,11245.0,11245.0,11245.0,667001
2026-07-16 09:43:00,11195.0,11195.0,11195.0,11195.0,1334553
2026-07-16 09:44:00,11270.0,11270.0,11270.0,11270.0,1384399
2026-07-16 09:45:00,11290.0,11290.0,11290.0,11290.0,1035627
2026-07-16 09:46:00,11235.0,11235.0,11235.0,11235.0,877511
2026-07-16 09:47:00,11255.0,11255.0,11255.0,11255.0,1142104
2026-07-16 09:48:00,11305.0,11305.0,11305.0,11305.0,1263286
2026-07-16 09:49:00,11240.0,11240.0,11240.0,11240.0,1705419
2026-07-16 09:50:00,11340.0,11340.0,11340.0,11340.0,1733013
2026-07-16 09:51:00,11305.0,11305.0,11305.0,11305.0,1238090
2026-07-16 09:52:00,11190.0,11190.0,11190.0,11190.0,1862420
2026-07-16 09:53:00,11205.0,11205.0,11205.0,11205.0,1978368
2026-07-16 09:54:00,11245.0,11245.0,11245.0,11245.0,1433754
2026-07-16 09:55:00,11285.0,11285.0,11285.0,11285.0,1351533
2026-07-16 09:56:00,11275.0,11275.0,11275.0,11275.0,1522278
2026-07-16 09:57:00,11275.0,11275.0,11275.0,11275.0,1581456
2026-07-16 09:58:00,11315.0,11315.0,11315.0,11315.0,1670333
2026-07-16 09:59:00,11255.0,11255.0,11255.0,11255.0,1023188
2026-07-16 10:00:00,11190.0,11190.0,11190.0,11190.0,2424695
2026-07-16 10:01:00,11185.0,11185.0,11185.0,11185.0,1810839
2026-07-16 10:02:00,11175.0,11175.0,11175.0,11175.0,1694561
2026-07-16 10:03:00,11075.0,11075.0,11075.0,11075.0,2544653
2026-07-16 10:04:00,11085.0,11085.0,11085.0,11085.0,1319808
2026-07-16 10:05:00,11130.0,11130.0,11130.0,11130.0,1045800
2026-07-16 10:06:00,11170.0,11170.0,11170.0,11170.0,1658360
2026-07-16 10:07:00,11220.0,11220.0,11220.0,11220.0,1503576
2026-07-16 10:08:00,11215.0,11215.0,11215.0,11215.0,1129707
2026-07-16 10:09:00,11265.0,11265.0,11265.0,11265.0,846177
2026-07-16 10:10:00,11260.0,11260.0,11260.0,11260.0,832599
2026-07-16 10:11:00,11310.0,11310.0,11310.0,11310.0,1047004
2026-07-16 10:12:00,11370.0,11370.0,11370.0,11370.0,1473258
2026-07-16 10:13:00,11410.0,11410.0,11410.0,11410.0,1318819
2026-07-16 10:14:00,11400.0,11400.0,11400.0,11400.0,1365454
2026-07-16 10:15:00,11395.0,11395.0,11395.0,11395.0,1651000
2026-07-16 10:16:00,11350.0,11350.0,11350.0,11350.0,878709
2026-07-16 10:17:00,11395.0,11395.0,11395.0,11395.0,858701
2026-07-16 10:18:00,11455.0,11455.0,11455.0,11455.0,636348
2026-07-16 10:19:00,11500.0,11500.0,11500.0,11500.0,1549205
2026-07-16 10:20:00,11485.0,11485.0,11485.0,11485.0,1485682
2026-07-16 10:21:00,11480.0,11480.0,11480.0,11480.0,1436973
2026-07-16 10:22:00,11520.0,11520.0,11520.0,11520.0,834085
2026-07-16 10:23:00,11475.0,11475.0,11475.0,11475.0,894451
2026-07-16 10:24:00,11445.0,11445.0,11445.0,11445.0,1116952
2026-07-16 10:25:00,11450.0,11450.0,11450.0,11450.0,536215
2026-07-16 10:26:00,11385.0,11385.0,11385.0,11385.0,1717556
2026-07-16 10:27:00,11420.0,11420.0,11420.0,11420.0,1216336
2026-07-16 10:28:00,11370.0,11370.0,11370.0,11370.0,1212337
2026-07-16 10:29:00,11430.0,11430.0,11430.0,11430.0,645574
2026-07-16 10:30:00,11380.0,11380.0,11380.0,11380.0,1625427
2026-07-16 10:31:00,11385.0,11385.0,11385.0,11385.0,1488474
2026-07-16 10:32:00,11410.0,11410.0,11410.0,11410.0,1118264
2026-07-16 10:33:00,11485.0,11485.0,11485.0,11485.0,1009685
2026-07-16 10:34:00,11420.0,11420.0,11420.0,11420.0,1144726
2026-07-16 10:35:00,11285.0,11285.0,11285.0,11285.0,1824812
2026-07-16 10:36:00,11230.0,11230.0,11230.0,11230.0,2283153
2026-07-16 10:37:00,11200.0,11200.0,11200.0,11200.0,1662181
2026-07-16 10:38:00,11275.0,11275.0,11275.0,11275.0,1892158
2026-07-16 10:39:00,11210.0,11210.0,11210.0,11210.0,1545288
2026-07-16 10:40:00,11175.0,11175.0,11175.0,11175.0,1982388
2026-07-16 10:41:00,11210.0,11210.0,11210.0,11210.0,1847333
2026-07-16 10:42:00,11290.0,11290.0,11290.0,11290.0,1291727
2026-07-16 10:43:00,11290.0,11290.0,11290.0,11290.0,1783825
2026-07-16 10:44:00,11295.0,11295.0,11295.0,11295.0,1811600
2026-07-16 10:45:00,11275.0,11275.0,11275.0,11275.0,1358981
2026-07-16 10:46:00,11170.0,11170.0,11170.0,11170.0,1480571
2026-07-16 10:47:00,11130.0,11130.0,11130.0,11130.0,1991896
2026-07-16 10:48:00,11110.0,11110.0,11110.0,11110.0,1556228
2026-07-16 10:49:00,11100.0,11100.0,11100.0,11100.0,1152612
2026-07-16 10:50:00,11015.0,11015.0,11015.0,11015.0,1773902
2026-07-16 10:51:00,11080.0,11080.0,11080.0,11080.0,1871410
2026-07-16 10:52:00,11045.0,11045.0,11045.0,11045.0,1884184
2026-07-16 10:53:00,11115.0,11115.0,11115.0,11115.0,1136479
2026-07-16 10:54:00,11095.0,11095.0,11095.0,11095.0,1206477
2026-07-16 10:55:00,11015.0,11015.0,11015.0,11015.0,904160
2026-07-16 10:56:00,11065.0,11065.0,11065.0,11065.0,1570346
2026-07-16 10:57:00,11150.0,11150.0,11150.0,11150.0,1190728
2026-07-16 10:58:00,11225.0,11225.0,11225.0,11225.0,1440862
2026-07-16 10:59:00,11230.0,11230.0,11230.0,11230.0,1422236
2026-07-16 11:00:00,11260.0,11260.0,11260.0,11260.0,1176639
2026-07-16 11:01:00,11285.0,11285.0,11285.0,11285.0,1117482
2026-07-16 11:02:00,11250.0,11250.0,11250.0,11250.0,1283593
2026-07-16 11:03:00,11345.0,11345.0,11345.0,11345.0,1119856
2026-07-16 11:04:00,11345.0,11345.0,11345.0,11345.0,1151212
2026-07-16 11:05:00,11350.0,11350.0,11350.0,11350.0,1362561
2026-07-16 11:06:00,11350.0,11350.0,11350.0,11350.0,1152109
2026-07-16 11:07:00,11350.0,11350.0,11350.0,11350.0,1331080
2026-07-16 11:08:00,11320.0,11320.0,11320.0,11320.0,1362129
2026-07-16 11:09:00,11370.0,11370.0,11370.0,11370.0,1078996
2026-07-16 11:10:00,11410.0,11410.0,11410.0,11410.0,1328176
2026-07-16 11:11:00,11415.0,11415.0,11415.0,11415.0,1183321
2026-07-16 11:12:00,11390.0,11390.0,11390.0,11390.0,668477
2026-07-16 11:13:00,11345.0,11345.0,11345.0,11345.0,548656
2026-07-16 11:14:00,11300.0,11300.0,11300.0,11300.0,854016
2026-07-16 11:15:00,11345.0,11345.0,11345.0,11345.0,1063485
2026-07-16 11:16:00,11405.0,11405.0,11405.0,11405.0,723426
2026-07-16 11:17:00,11345.0,11345.0,11345.0,11345.0,870770
2026-07-16 11:18:00,11300.0,11300.0,11300.0,11300.0,1110973
2026-07-16 11:19:00,11260.0,11260.0,11260.0,11260.0,463891
2026-07-16 11:20:00,11295.0,11295.0,11295.0,11295.0,968035
2026-07-16 11:21:00,11285.0,11285.0,11285.0,11285.0,1001277
2026-07-16 11:22:00,11275.0,11275.0,11275.0,11275.0,724411
2026-07-16 11:23:00,11185.0,11185.0,11185.0,11185.0,666863
2026-07-16 11:24:00,11180.0,11180.0,11180.0,11180.0,782053
2026-07-16 11:25:00,11195.0,11195.0,11195.0,11195.0,873153
2026-07-16 11:26:00,11195.0,11195.0,11195.0,11195.0,686519
2026-07-16 11:27:00,11230.0,11230.0,11230.0,11230.0,677286
2026-07-16 11:28:00,11215.0,11215.0,11215.0,11215.0,639086
2026-07-16 11:29:00,11145.0,11145.0,11145.0,11145.0,1495548
2026-07-16 11:30:00,11155.0,11155.0,11155.0,11155.0,1009483
2026-07-16 11:31:00,11160.0,11160.0,11160.0,11160.0,677605
2026-07-16 11:32:00,11140.0,11140.0,11140.0,11140.0,253749
2026-07-16 11:33:00,11135.0,11135.0,11135.0,11135.0,541411
2026-07-16 11:34:00,11175.0,11175.0,11175.0,11175.0,642999
2026-07-16 11:35:00,11115.0,11115.0,11115.0,11115.0,613741
2026-07-16 11:36:00,11100.0,11100.0,11100.0,11100.0,646782
2026-07-16 11:37:00,11140.0,11140.0,11140.0,11140.0,350663
2026-07-16 11:38:00,11115.0,11115.0,11115.0,11115.0,566493
2026-07-16 11:39:00,11140.0,11140.0,11140.0,11140.0,974735
2026-07-16 11:40:00,11160.0,11160.0,11160.0,11160.0,692474
2026-07-16 11:41:00,11220.0,11220.0,11220.0,11220.0,652642
2026-07-16 11:42:00,11230.0,11230.0,11230.0,11230.0,555908
2026-07-16 11:43:00,11220.0,11220.0,11220.0,11220.0,753624
2026-07-16 11:44:00,11230.0,11230.0,11230.0,11230.0,526796
2026-07-16 11:45:00,11220.0,11220.0,11220.0,11220.0,636964
2026-07-16 11:46:00,11205.0,11205.0,11205.0,11205.0,541122
2026-07-16 11:47:00,11200.0,11200.0,11200.0,11200.0,347648
2026-07-16 11:48:00,11125.0,11125.0,11125.0,11125.0,631980
2026-07-16 11:49:00,11060.0,11060.0,11060.0,11060.0,1973358
2026-07-16 11:50:00,11095.0,11095.0,11095.0,11095.0,1389739
2026-07-16 11:51:00,11105.0,11105.0,11105.0,11105.0,1005327
2026-07-16 11:52:00,11075.0,11075.0,11075.0,11075.0,428718
2026-07-16 11:53:00,11065.0,11065.0,11065.0,11065.0,369839
2026-07-16 11:54:00,11075.0,11075.0,11075.0,11075.0,626775
2026-07-16 11:55:00,11065.0,11065.0,11065.0,11065.0,565912
2026-07-16 11:56:00,11085.0,11085.0,11085.0,11085.0,390659
2026-07-16 11:57:00,11105.0,11105.0,11105.0,11105.0,585739
2026-07-16 11:58:00,11065.0,11065.0,11065.0,11065.0,541104
2026-07-16 11:59:00,11110.0,11110.0,11110.0,11110.0,396899
2026-07-16 12:00:00,11140.0,11140.0,11140.0,11140.0,1196493
2026-07-16 12:01:00,11185.0,11185.0,11185.0,11185.0,880670
2026-07-16 12:02:00,11175.0,11175.0,11175.0,11175.0,1304511
2026-07-16 12:03:00,11220.0,11220.0,11220.0,11220.0,1926652
2026-07-16 12:04:00,11210.0,11210.0,11210.0,11210.0,820644
2026-07-16 12:05:00,11170.0,11170.0,11170.0,11170.0,1014583
2026-07-16 12:06:00,11115.0,11115.0,11115.0,11115.0,1467350
2026-07-16 12:07:00,11125.0,11125.0,11125.0,11125.0,445621
2026-07-16 12:08:00,11065.0,11065.0,11065.0,11065.0,2011871
2026-07-16 12:09:00,11045.0,11045.0,11045.0,11045.0,1017053
2026-07-16 12:10:00,11080.0,11080.0,11080.0,11080.0,1005407
2026-07-16 12:11:00,11070.0,11070.0,11070.0,11070.0,1136964
2026-07-16 12:12:00,11085.0,11085.0,11085.0,11085.0,521250
2026-07-16 12:13:00,11065.0,11065.0,11065.0,11065.0,300008
2026-07-16 12:14:00,11135.0,11135.0,11135.0,11135.0,629899
2026-07-16 12:15:00,11150.0,11150.0,11150.0,11150.0,313542
2026-07-16 12:16:00,11195.0,11195.0,11195.0,11195.0,476850
2026-07-16 12:17:00,11210.0,11210.0,11210.0,11210.0,711093
2026-07-16 12:18:00,11200.0,11200.0,11200.0,11200.0,784299
2026-07-16 12:19:00,11225.0,11225.0,11225.0,11225.0,531554
2026-07-16 12:20:00,11210.0,11210.0,11210.0,11210.0,334980
2026-07-16 12:21:00,11190.0,11190.0,11190.0,11190.0,685969
2026-07-16 12:22:00,11195.0,11195.0,11195.0,11195.0,386030
2026-07-16 12:23:00,11225.0,11225.0,11225.0,11225.0,494534
2026-07-16 12:24:00,11255.0,11255.0,11255.0,11255.0,957654
2026-07-16 12:25:00,11240.0,11240.0,11240.0,11240.0,388636
2026-07-16 12:26:00,11265.0,11265.0,11265.0,11265.0,390436
2026-07-16 12:27:00,11295.0,11295.0,11295.0,11295.0,462029
2026-07-16 12:28:00,11285.0,11285.0,11285.0,11285.0,720780
2026-07-16 12:29:00,11290.0,11290.0,11290.0,11290.0,545093
2026-07-16 12:30:00,11230.0,11230.0,11230.0,11230.0,1169086
2026-07-16 12:31:00,11245.0,11245.0,11245.0,11245.0,1122535
2026-07-16 12:32:00,11255.0,11255.0,11255.0,11255.0,790468
2026-07-16 12:33:00,11250.0,11250.0,11250.0,11250.0,421515
2026-07-16 12:34:00,11225.0,11225.0,11225.0,11225.0,508929
2026-07-16 12:35:00,11220.0,11220.0,11220.0,11220.0,580556
2026-07-16 12:36:00,11275.0,11275.0,11275.0,11275.0,891545
2026-07-16 12:37:00,11285.0,11285.0,11285.0,11285.0,383777
2026-07-16 12:38:00,11285.0,11285.0,11285.0,11285.0,247925
2026-07-16 12:39:00,11310.0,11310.0,11310.0,11310.0,466447
2026-07-16 12:40:00,11290.0,11290.0,11290.0,11290.0,765454
2026-07-16 12:41:00,11275.0,11275.0,11275.0,11275.0,456684
2026-07-16 12:42:00,11315.0,11315.0,11315.0,11315.0,423184
2026-07-16 12:43:00,11320.0,11320.0,11320.0,11320.0,455088
2026-07-16 12:44:00,11325.0,11325.0,11325.0,11325.0,499081
2026-07-16 12:45:00,11360.0,11360.0,11360.0,11360.0,545598
2026-07-16 12:46:00,11345.0,11345.0,11345.0,11345.0,710359
2026-07-16 12:47:00,11310.0,11310.0,11310.0,11310.0,313583
2026-07-16 12:48:00,11330.0,11330.0,11330.0,11330.0,316633
2026-07-16 12:49:00,11352.0,11352.0,11352.0,11352.0,262352
2026-07-16 12:50:00,11255.0,11255.0,11255.0,11255.0,905895
2026-07-16 12:51:00,11325.0,11325.0,11325.0,11325.0,679412
2026-07-16 12:52:00,11335.0,11335.0,11335.0,11335.0,509223
2026-07-16 12:53:00,11320.0,11320.0,11320.0,11320.0,245986
2026-07-16 12:54:00,11300.0,11300.0,11300.0,11300.0,665467
2026-07-16 12:55:00,11300.0,11300.0,11300.0,11300.0,329021
2026-07-16 12:56:00,11290.0,11290.0,11290.0,11290.0,544196
2026-07-16 12:57:00,11290.0,11290.0,11290.0,11290.0,465315
2026-07-16 12:58:00,11255.0,11255.0,11255.0,11255.0,473312
2026-07-16 12:59:00,11215.0,11215.0,11215.0,11215.0,629945
2026-07-16 13:00:00,11230.0,11230.0,11230.0,11230.0,567891
2026-07-16 13:01:00,11255.0,11255.0,11255.0,11255.0,539327
2026-07-16 13:02:00,11280.0,11280.0,11280.0,11280.0,391867
2026-07-16 13:03:00,11265.0,11265.0,11265.0,11265.0,320810
2026-07-16 13:04:00,11270.0,11270.0,11270.0,11270.0,301341
2026-07-16 13:05:00,11260.0,11260.0,11260.0,11260.0,373743
2026-07-16 13:06:00,11265.0,11265.0,11265.0,11265.0,247993
2026-07-16 13:07:00,11295.0,11295.0,11295.0,11295.0,417362
2026-07-16 13:08:00,11335.0,11335.0,11335.0,11335.0,365342
2026-07-16 13:09:00,11340.0,11340.0,11340.0,11340.0,345534
2026-07-16 13:10:00,11315.0,11315.0,11315.0,11315.0,403735
2026-07-16 13:11:00,11305.0,11305.0,11305.0,11305.0,526438
2026-07-16 13:12:00,11275.0,11275.0,11275.0,11275.0,428513
2026-07-16 13:13:00,11285.0,11285.0,11285.0,11285.0,349522
2026-07-16 13:14:00,11235.0,11235.0,11235.0,11235.0,733045
2026-07-16 13:15:00,11275.0,11275.0,11275.0,11275.0,257257
2026-07-16 13:16:00,11325.0,11325.0,11325.0,11325.0,445787
2026-07-16 13:17:00,11355.0,11355.0,11355.0,11355.0,462680
2026-07-16 13:18:00,11375.0,11375.0,11375.0,11375.0,1133410
2026-07-16 13:19:00,11400.0,11400.0,11400.0,11400.0,761684
2026-07-16 13:20:00,11365.0,11365.0,11365.0,11365.0,624556
2026-07-16 13:21:00,11425.0,11425.0,11425.0,11425.0,498840
2026-07-16 13:22:00,11425.0,11425.0,11425.0,11425.0,553550
2026-07-16 13:23:00,11395.0,11395.0,11395.0,11395.0,395146
2026-07-16 13:24:00,11410.0,11410.0,11410.0,11410.0,478002
2026-07-16 13:25:00,11435.0,11435.0,11435.0,11435.0,274648
2026-07-16 13:26:00,11450.0,11450.0,11450.0,11450.0,496747
2026-07-16 13:27:00,11390.0,11390.0,11390.0,11390.0,810417
2026-07-16 13:28:00,11430.0,11430.0,11430.0,11430.0,385434
2026-07-16 13:29:00,11435.0,11435.0,11435.0,11435.0,476318
2026-07-16 13:30:00,11460.0,11460.0,11460.0,11460.0,745171
2026-07-16 13:31:00,11415.0,11415.0,11415.0,11415.0,318482
2026-07-16 13:32:00,11440.0,11440.0,11440.0,11440.0,295454
2026-07-16 13:33:00,11440.0,11440.0,11440.0,11440.0,296703
2026-07-16 13:34:00,11430.0,11430.0,11430.0,11430.0,372346
2026-07-16 13:35:00,11430.0,11430.0,11430.0,11430.0,316468
2026-07-16 13:36:00,11460.0,11460.0,11460.0,11460.0,298547
2026-07-16 13:37:00,11470.0,11470.0,11470.0,11470.0,600300
2026-07-16 13:38:00,11490.0,11490.0,11490.0,11490.0,625404
2026-07-16 13:39:00,11440.0,11440.0,11440.0,11440.0,762000
2026-07-16 13:40:00,11445.0,11445.0,11445.0,11445.0,735295
2026-07-16 13:41:00,11395.0,11395.0,11395.0,11395.0,1020358
2026-07-16 13:42:00,11385.0,11385.0,11385.0,11385.0,1120514
2026-07-16 13:43:00,11375.0,11375.0,11375.0,11375.0,611341
2026-07-16 13:44:00,11420.0,11420.0,11420.0,11420.0,443082
2026-07-16 13:45:00,11450.0,11450.0,11450.0,11450.0,547864
2026-07-16 13:46:00,11480.0,11480.0,11480.0,11480.0,555880
2026-07-16 13:47:00,11470.0,11470.0,11470.0,11470.0,591775
2026-07-16 13:48:00,11435.0,11435.0,11435.0,11435.0,317564
2026-07-16 13:49:00,11400.0,11400.0,11400.0,11400.0,473012
2026-07-16 13:50:00,11425.0,11425.0,11425.0,11425.0,489585
2026-07-16 13:51:00,11435.0,11435.0,11435.0,11435.0,303599
2026-07-16 13:52:00,11410.0,11410.0,11410.0,11410.0,286959
2026-07-16 13:53:00,11420.0,11420.0,11420.0,11420.0,222912
2026-07-16 13:54:00,11405.0,11405.0,11405.0,11405.0,277821
2026-07-16 13:55:00,11385.0,11385.0,11385.0,11385.0,518449
2026-07-16 13:56:00,11400.0,11400.0,11400.0,11400.0,280138
2026-07-16 13:57:00,11370.0,11370.0,11370.0,11370.0,436247
2026-07-16 13:58:00,11355.0,11355.0,11355.0,11355.0,620908
2026-07-16 13:59:00,11385.0,11385.0,11385.0,11385.0,468711
2026-07-16 14:00:00,11330.0,11330.0,11330.0,11330.0,687409
2026-07-16 14:01:00,11305.0,11305.0,11305.0,11305.0,338076
2026-07-16 14:02:00,11300.0,11300.0,11300.0,11300.0,350480
2026-07-16 14:03:00,11260.0,11260.0,11260.0,11260.0,793099
2026-07-16 14:04:00,11320.0,11320.0,11320.0,11320.0,475989
2026-07-16 14:05:00,11345.0,11345.0,11345.0,11345.0,483238
2026-07-16 14:06:00,11295.0,11295.0,11295.0,11295.0,514100
2026-07-16 14:07:00,11350.0,11350.0,11350.0,11350.0,526143
2026-07-16 14:08:00,11380.0,11380.0,11380.0,11380.0,527271
2026-07-16 14:09:00,11390.0,11390.0,11390.0,11390.0,421560
2026-07-16 14:10:00,11345.0,11345.0,11345.0,11345.0,619088
2026-07-16 14:11:00,11230.0,11230.0,11230.0,11230.0,997693
2026-07-16 14:12:00,11200.0,11200.0,11200.0,11200.0,1271581
2026-07-16 14:13:00,11160.0,11160.0,11160.0,11160.0,942505
2026-07-16 14:14:00,11145.0,11145.0,11145.0,11145.0,891638
2026-07-16 14:15:00,11110.0,11110.0,11110.0,11110.0,880504
2026-07-16 14:16:00,11120.0,11120.0,11120.0,11120.0,748341
2026-07-16 14:17:00,11140.0,11140.0,11140.0,11140.0,702353
2026-07-16 14:18:00,11145.0,11145.0,11145.0,11145.0,800362
2026-07-16 14:19:00,11075.0,11075.0,11075.0,11075.0,820149
2026-07-16 14:20:00,11025.0,11025.0,11025.0,11025.0,651153
2026-07-16 14:21:00,10950.0,10950.0,10950.0,10950.0,908472
2026-07-16 14:22:00,10940.0,10940.0,10940.0,10940.0,772941
2026-07-16 14:23:00,10915.0,10915.0,10915.0,10915.0,637513
2026-07-16 14:24:00,11005.0,11005.0,11005.0,11005.0,896172
2026-07-16 14:25:00,10965.0,10965.0,10965.0,10965.0,660451
2026-07-16 14:26:00,10950.0,10950.0,10950.0,10950.0,726536
2026-07-16 14:27:00,10990.0,10990.0,10990.0,10990.0,829370
2026-07-16 14:28:00,11025.0,11025.0,11025.0,11025.0,1125579
2026-07-16 14:29:00,10950.0,10950.0,10950.0,10950.0,1261382
2026-07-16 14:30:00,10875.0,10875.0,10875.0,10875.0,1999356
2026-07-16 14:31:00,10935.0,10935.0,10935.0,10935.0,1368421
2026-07-16 14:32:00,11015.0,11015.0,11015.0,11015.0,939899
2026-07-16 14:33:00,11115.0,11115.0,11115.0,11115.0,1541121
2026-07-16 14:34:00,11175.0,11175.0,11175.0,11175.0,1695328
2026-07-16 14:35:00,11205.0,11205.0,11205.0,11205.0,1555809
2026-07-16 14:36:00,11175.0,11175.0,11175.0,11175.0,1694084
2026-07-16 14:37:00,11190.0,11190.0,11190.0,11190.0,880352
2026-07-16 14:38:00,11165.0,11165.0,11165.0,11165.0,603645
2026-07-16 14:39:00,11260.0,11260.0,11260.0,11260.0,1450085
2026-07-16 14:40:00,11240.0,11240.0,11240.0,11240.0,1454822
2026-07-16 14:41:00,11155.0,11155.0,11155.0,11155.0,1174893
2026-07-16 14:42:00,11160.0,11160.0,11160.0,11160.0,966557
2026-07-16 14:43:00,11155.0,11155.0,11155.0,11155.0,561879
2026-07-16 14:44:00,11185.0,11185.0,11185.0,11185.0,647924
2026-07-16 14:45:00,11195.0,11195.0,11195.0,11195.0,494904
2026-07-16 14:46:00,11210.0,11210.0,11210.0,11210.0,599708
2026-07-16 14:47:00,11145.0,11145.0,11145.0,11145.0,524900
2026-07-16 14:48:00,11160.0,11160.0,11160.0,11160.0,381315
2026-07-16 14:49:00,11180.0,11180.0,11180.0,11180.0,567615
2026-07-16 14:50:00,11125.0,11125.0,11125.0,11125.0,650929
2026-07-16 14:51:00,11160.0,11160.0,11160.0,11160.0,468702
2026-07-16 14:52:00,11135.0,11135.0,11135.0,11135.0,347321
2026-07-16 14:53:00,11130.0,11130.0,11130.0,11130.0,257196
2026-07-16 14:54:00,11110.0,11110.0,11110.0,11110.0,295927
2026-07-16 14:55:00,11095.0,11095.0,11095.0,11095.0,421902
2026-07-16 14:56:00,11070.0,11070.0,11070.0,11070.0,1064439
2026-07-16 14:57:00,11075.0,11075.0,11075.0,11075.0,535037
2026-07-16 14:58:00,11130.0,11130.0,11130.0,11130.0,286954
2026-07-16 14:59:00,11130.0,11130.0,11130.0,11130.0,369680
2026-07-16 15:00:00,11015.0,11015.0,11015.0,11015.0,972295
2026-07-16 15:01:00,11165.0,11165.0,11165.0,11165.0,608259
2026-07-16 15:02:00,11200.0,11200.0,11200.0,11200.0,569102
2026-07-16 15:03:00,11240.0,11240.0,11240.0,11240.0,990975
2026-07-16 15:04:00,11335.0,11335.0,11335.0,11335.0,1311487
2026-07-16 15:05:00,11390.0,11390.0,11390.0,11390.0,1020460
2026-07-16 15:06:00,11370.0,11370.0,11370.0,11370.0,765048
2026-07-16 15:07:00,11400.0,11400.0,11400.0,11400.0,1051721
2026-07-16 15:08:00,11380.0,11380.0,11380.0,11380.0,1542061
2026-07-16 15:09:00,11355.0,11355.0,11355.0,11355.0,1280652
2026-07-16 15:10:00,11355.0,11355.0,11355.0,11355.0,814040
2026-07-16 15:11:00,11365.0,11365.0,11365.0,11365.0,555437
2026-07-16 15:12:00,11365.0,11365.0,11365.0,11365.0,685585
2026-07-16 15:13:00,11385.0,11385.0,11385.0,11385.0,589469
2026-07-16 15:14:00,11425.0,11425.0,11425.0,11425.0,865447
2026-07-16 15:15:00,11310.0,11310.0,11310.0,11310.0,525274
2026-07-16 15:16:00,11305.0,11305.0,11305.0,11305.0,721129
2026-07-16 15:17:00,11320.0,11320.0,11320.0,11320.0,674395
2026-07-16 15:18:00,11305.0,11305.0,11305.0,11305.0,467565
2026-07-16 15:19:00,11285.0,11285.0,11285.0,11285.0,639250
2026-07-16 15:30:00,11205.0,11205.0,11205.0,11205.0,823145
2026-07-20 09:02:00,12130.0,12130.0,12130.0,12130.0,1744589
2026-07-20 09:03:00,12235.0,12235.0,12235.0,12235.0,1728565
2026-07-20 09:04:00,11905.0,11905.0,11905.0,11905.0,2242452
2026-07-20 09:05:00,11705.0,11705.0,11705.0,11705.0,2230690
2026-07-20 09:06:00,11600.0,11600.0,11600.0,11600.0,1434874
2026-07-20 09:07:00,11505.0,11505.0,11505.0,11505.0,1716603
2026-07-20 09:08:00,11270.0,11270.0,11270.0,11270.0,1508411
2026-07-20 09:09:00,11325.0,11325.0,11325.0,11325.0,2741166
2026-07-20 09:10:00,11370.0,11370.0,11370.0,11370.0,2287714
2026-07-20 09:11:00,11220.0,11220.0,11220.0,11220.0,1698133
2026-07-20 09:12:00,11265.0,11265.0,11265.0,11265.0,2078008
2026-07-20 09:13:00,11055.0,11055.0,11055.0,11055.0,656165
2026-07-20 09:15:00,11005.0,11005.0,11005.0,11005.0,1828890
2026-07-20 09:16:00,11020.0,11020.0,11020.0,11020.0,2334836
2026-07-20 09:17:00,10810.0,10810.0,10810.0,10810.0,1530019
2026-07-20 09:18:00,10985.0,10985.0,10985.0,10985.0,1658120
2026-07-20 09:19:00,10930.0,10930.0,10930.0,10930.0,1736816
2026-07-20 09:20:00,10940.0,10940.0,10940.0,10940.0,1350370
2026-07-20 09:21:00,10970.0,10970.0,10970.0,10970.0,1372956
2026-07-20 09:22:00,10935.0,10935.0,10935.0,10935.0,2065198
2026-07-20 09:23:00,10830.0,10830.0,10830.0,10830.0,1074403
2026-07-20 09:24:00,10800.0,10800.0,10800.0,10800.0,1228395
2026-07-20 09:25:00,10970.0,10970.0,10970.0,10970.0,1786338
2026-07-20 09:26:00,11010.0,11010.0,11010.0,11010.0,1380609
2026-07-20 09:27:00,11030.0,11030.0,11030.0,11030.0,1226732
2026-07-20 09:28:00,11050.0,11050.0,11050.0,11050.0,1766645
2026-07-20 09:29:00,11160.0,11160.0,11160.0,11160.0,1985523
2026-07-20 09:30:00,11240.0,11240.0,11240.0,11240.0,2030192
2026-07-20 09:31:00,11265.0,11265.0,11265.0,11265.0,2115498
2026-07-20 09:32:00,11320.0,11320.0,11320.0,11320.0,1712084
2026-07-20 09:33:00,11350.0,11350.0,11350.0,11350.0,1879936
2026-07-20 09:34:00,11295.0,11295.0,11295.0,11295.0,1676581
2026-07-20 09:35:00,11080.0,11080.0,11080.0,11080.0,1507872
2026-07-20 09:36:00,10980.0,10980.0,10980.0,10980.0,1587701
2026-07-20 09:37:00,10935.0,10935.0,10935.0,10935.0,966219
2026-07-20 09:38:00,10865.0,10865.0,10865.0,10865.0,848642
2026-07-20 09:39:00,11005.0,11005.0,11005.0,11005.0,1743592
2026-07-20 09:40:00,11005.0,11005.0,11005.0,11005.0,958282
2026-07-20 09:41:00,10880.0,10880.0,10880.0,10880.0,788450
2026-07-20 09:42:00,10915.0,10915.0,10915.0,10915.0,849936
2026-07-20 09:43:00,10940.0,10940.0,10940.0,10940.0,813999
2026-07-20 09:44:00,11065.0,11065.0,11065.0,11065.0,846728
2026-07-20 09:45:00,11130.0,11130.0,11130.0,11130.0,1358345
2026-07-20 09:46:00,11095.0,11095.0,11095.0,11095.0,1156852
2026-07-20 09:47:00,11160.0,11160.0,11160.0,11160.0,1218257
2026-07-20 09:48:00,11110.0,11110.0,11110.0,11110.0,792972
2026-07-20 09:49:00,11080.0,11080.0,11080.0,11080.0,754017
2026-07-20 09:50:00,11195.0,11195.0,11195.0,11195.0,1095984
2026-07-20 09:51:00,11130.0,11130.0,11130.0,11130.0,690210
2026-07-20 09:52:00,11267.0,11267.0,11267.0,11267.0,816877
2026-07-20 09:53:00,11305.0,11305.0,11305.0,11305.0,1010411
2026-07-20 09:54:00,11330.0,11330.0,11330.0,11330.0,1307109
2026-07-20 09:55:00,11240.0,11240.0,11240.0,11240.0,1257219
2026-07-20 09:56:00,11415.0,11415.0,11415.0,11415.0,1227404
2026-07-20 09:57:00,11510.0,11510.0,11510.0,11510.0,3219585
2026-07-20 09:58:00,11585.0,11585.0,11585.0,11585.0,2534740
2026-07-20 09:59:00,11530.0,11530.0,11530.0,11530.0,1907935
2026-07-20 10:00:00,11380.0,11380.0,11380.0,11380.0,2317540
2026-07-20 10:01:00,11485.0,11485.0,11485.0,11485.0,1408406
2026-07-20 10:02:00,11525.0,11525.0,11525.0,11525.0,1652411
2026-07-20 10:03:00,11555.0,11555.0,11555.0,11555.0,1423872
2026-07-20 10:04:00,11490.0,11490.0,11490.0,11490.0,865914
2026-07-20 10:05:00,11340.0,11340.0,11340.0,11340.0,939507
2026-07-20 10:06:00,11275.0,11275.0,11275.0,11275.0,1252854
2026-07-20 10:07:00,11335.0,11335.0,11335.0,11335.0,859683
2026-07-20 10:08:00,11335.0,11335.0,11335.0,11335.0,506752
2026-07-20 10:09:00,11300.0,11300.0,11300.0,11300.0,981005
2026-07-20 10:10:00,11270.0,11270.0,11270.0,11270.0,936977
2026-07-20 10:11:00,11420.0,11420.0,11420.0,11420.0,1386388
2026-07-20 10:12:00,11445.0,11445.0,11445.0,11445.0,944780
2026-07-20 10:13:00,11495.0,11495.0,11495.0,11495.0,1146541
2026-07-20 10:14:00,11570.0,11570.0,11570.0,11570.0,1062760
2026-07-20 10:15:00,11570.0,11570.0,11570.0,11570.0,1080102
2026-07-20 10:16:00,11505.0,11505.0,11505.0,11505.0,568884
2026-07-20 10:17:00,11520.0,11520.0,11520.0,11520.0,1133100
2026-07-20 10:18:00,11520.0,11520.0,11520.0,11520.0,622940
2026-07-20 10:19:00,11600.0,11600.0,11600.0,11600.0,721037
2026-07-20 10:20:00,11500.0,11500.0,11500.0,11500.0,1205495
2026-07-20 10:21:00,11450.0,11450.0,11450.0,11450.0,1110667
2026-07-20 10:22:00,11470.0,11470.0,11470.0,11470.0,1194588
2026-07-20 10:23:00,11355.0,11355.0,11355.0,11355.0,585884
2026-07-20 10:24:00,11365.0,11365.0,11365.0,11365.0,587390
2026-07-20 10:25:00,11220.0,11220.0,11220.0,11220.0,877115
2026-07-20 10:26:00,11210.0,11210.0,11210.0,11210.0,766537
2026-07-20 10:27:00,11280.0,11280.0,11280.0,11280.0,943120
2026-07-20 10:28:00,11410.0,11410.0,11410.0,11410.0,1061351
2026-07-20 10:29:00,11485.0,11485.0,11485.0,11485.0,739143
2026-07-20 10:30:00,11620.0,11620.0,11620.0,11620.0,1443346
2026-07-20 10:31:00,11860.0,11860.0,11860.0,11860.0,1868600
2026-07-20 10:32:00,11800.0,11800.0,11800.0,11800.0,1478792
2026-07-20 10:33:00,11930.0,11930.0,11930.0,11930.0,1329367
2026-07-20 10:34:00,11990.0,11990.0,11990.0,11990.0,2166080
2026-07-20 10:35:00,12030.0,12030.0,12030.0,12030.0,1375006
2026-07-20 10:36:00,11915.0,11915.0,11915.0,11915.0,1684576
2026-07-20 10:37:00,11885.0,11885.0,11885.0,11885.0,2044852
2026-07-20 10:38:00,11920.0,11920.0,11920.0,11920.0,904604
2026-07-20 10:39:00,11885.0,11885.0,11885.0,11885.0,1170821
2026-07-20 10:40:00,11885.0,11885.0,11885.0,11885.0,878998
2026-07-20 10:41:00,11895.0,11895.0,11895.0,11895.0,791749
2026-07-20 10:42:00,11985.0,11985.0,11985.0,11985.0,1551015
2026-07-20 10:43:00,12117.0,12117.0,12117.0,12117.0,1530407
2026-07-20 10:44:00,12060.0,12060.0,12060.0,12060.0,1432807
2026-07-20 10:45:00,12050.0,12050.0,12050.0,12050.0,1366632
2026-07-20 10:46:00,12135.0,12135.0,12135.0,12135.0,883636
2026-07-20 10:47:00,12110.0,12110.0,12110.0,12110.0,872184
2026-07-20 10:48:00,12055.0,12055.0,12055.0,12055.0,737234
2026-07-20 10:49:00,12035.0,12035.0,12035.0,12035.0,808906
2026-07-20 10:50:00,12140.0,12140.0,12140.0,12140.0,758710
2026-07-20 10:51:00,12220.0,12220.0,12220.0,12220.0,1709881
2026-07-20 10:54:00,12410.0,12410.0,12410.0,12410.0,2537228
2026-07-20 10:55:00,12435.0,12435.0,12435.0,12435.0,1556135
2026-07-20 10:56:00,12410.0,12410.0,12410.0,12410.0,1340663
2026-07-20 10:57:00,12285.0,12285.0,12285.0,12285.0,1379639
2026-07-20 10:58:00,12220.0,12220.0,12220.0,12220.0,1432720
2026-07-20 10:59:00,12265.0,12265.0,12265.0,12265.0,1389443
2026-07-20 11:00:00,12075.0,12075.0,12075.0,12075.0,1371291
2026-07-20 11:01:00,12125.0,12125.0,12125.0,12125.0,1589877
2026-07-20 11:02:00,12000.0,12000.0,12000.0,12000.0,1356192
2026-07-20 11:03:00,12100.0,12100.0,12100.0,12100.0,886485
2026-07-20 11:04:00,12035.0,12035.0,12035.0,12035.0,657517
2026-07-20 11:05:00,11995.0,11995.0,11995.0,11995.0,622404
2026-07-20 11:06:00,12005.0,12005.0,12005.0,12005.0,1121316
2026-07-20 11:07:00,12030.0,12030.0,12030.0,12030.0,1317372
2026-07-20 11:08:00,11900.0,11900.0,11900.0,11900.0,1506975
2026-07-20 11:09:00,11950.0,11950.0,11950.0,11950.0,1131267
2026-07-20 11:10:00,12055.0,12055.0,12055.0,12055.0,957674
2026-07-20 11:11:00,12140.0,12140.0,12140.0,12140.0,1400936
2026-07-20 11:12:00,12150.0,12150.0,12150.0,12150.0,1013646
2026-07-20 11:13:00,12260.0,12260.0,12260.0,12260.0,1668933
2026-07-20 11:14:00,12265.0,12265.0,12265.0,12265.0,1038494
2026-07-20 11:15:00,12325.0,12325.0,12325.0,12325.0,1452740
2026-07-20 11:16:00,12195.0,12195.0,12195.0,12195.0,933928
2026-07-20 11:17:00,12190.0,12190.0,12190.0,12190.0,1341530
2026-07-20 11:18:00,12300.0,12300.0,12300.0,12300.0,1021468
2026-07-20 11:19:00,12305.0,12305.0,12305.0,12305.0,773582
2026-07-20 11:20:00,12390.0,12390.0,12390.0,12390.0,939281
2026-07-20 11:21:00,12365.0,12365.0,12365.0,12365.0,1732311
2026-07-20 11:22:00,12375.0,12375.0,12375.0,12375.0,1198001
2026-07-20 11:23:00,12275.0,12275.0,12275.0,12275.0,1215645
2026-07-20 11:24:00,12355.0,12355.0,12355.0,12355.0,653759
2026-07-20 11:25:00,12395.0,12395.0,12395.0,12395.0,1312682
2026-07-20 11:26:00,12475.0,12475.0,12475.0,12475.0,1408422
2026-07-20 11:27:00,12375.0,12375.0,12375.0,12375.0,1337404
2026-07-20 11:28:00,12390.0,12390.0,12390.0,12390.0,1010834
2026-07-20 11:29:00,12455.0,12455.0,12455.0,12455.0,1081179
2026-07-20 11:30:00,12250.0,12250.0,12250.0,12250.0,1120986
2026-07-20 11:31:00,12265.0,12265.0,12265.0,12265.0,1055803
2026-07-20 11:32:00,12150.0,12150.0,12150.0,12150.0,1035169
2026-07-20 11:33:00,12115.0,12115.0,12115.0,12115.0,1289971
2026-07-20 11:34:00,12150.0,12150.0,12150.0,12150.0,893404
2026-07-20 11:35:00,12130.0,12130.0,12130.0,12130.0,830171
2026-07-20 11:36:00,12090.0,12090.0,12090.0,12090.0,885568
2026-07-20 11:37:00,12135.0,12135.0,12135.0,12135.0,559585
2026-07-20 11:38:00,12180.0,12180.0,12180.0,12180.0,753553
2026-07-20 11:39:00,12235.0,12235.0,12235.0,12235.0,656816
2026-07-20 11:40:00,12130.0,12130.0,12130.0,12130.0,1080385
2026-07-20 11:41:00,12115.0,12115.0,12115.0,12115.0,1053599
2026-07-20 11:42:00,12010.0,12010.0,12010.0,12010.0,1272356
2026-07-20 11:43:00,11940.0,11940.0,11940.0,11940.0,664495
2026-07-20 11:44:00,11990.0,11990.0,11990.0,11990.0,825659
2026-07-20 11:45:00,11965.0,11965.0,11965.0,11965.0,484513
2026-07-20 11:46:00,12045.0,12045.0,12045.0,12045.0,551442
2026-07-20 11:47:00,12080.0,12080.0,12080.0,12080.0,1058301
2026-07-20 11:48:00,11940.0,11940.0,11940.0,11940.0,648026
2026-07-20 11:49:00,11960.0,11960.0,11960.0,11960.0,576902
2026-07-20 11:50:00,11995.0,11995.0,11995.0,11995.0,382697
2026-07-20 11:51:00,12035.0,12035.0,12035.0,12035.0,727468
2026-07-20 11:52:00,12005.0,12005.0,12005.0,12005.0,284343
2026-07-20 11:53:00,12020.0,12020.0,12020.0,12020.0,301560
2026-07-20 11:54:00,12085.0,12085.0,12085.0,12085.0,464042
2026-07-20 11:55:00,12145.0,12145.0,12145.0,12145.0,774821
2026-07-20 11:56:00,12050.0,12050.0,12050.0,12050.0,806141
2026-07-20 11:57:00,12125.0,12125.0,12125.0,12125.0,454126
2026-07-20 11:58:00,12080.0,12080.0,12080.0,12080.0,547641
2026-07-20 11:59:00,12120.0,12120.0,12120.0,12120.0,648117
2026-07-20 12:00:00,12015.0,12015.0,12015.0,12015.0,549036
2026-07-20 12:01:00,12105.0,12105.0,12105.0,12105.0,407130
2026-07-20 12:02:00,12175.0,12175.0,12175.0,12175.0,901589
2026-07-20 12:03:00,12155.0,12155.0,12155.0,12155.0,556540
2026-07-20 12:04:00,12225.0,12225.0,12225.0,12225.0,757150
2026-07-20 12:05:00,12290.0,12290.0,12290.0,12290.0,851094
2026-07-20 12:06:00,12320.0,12320.0,12320.0,12320.0,811410
2026-07-20 12:07:00,12295.0,12295.0,12295.0,12295.0,438891
2026-07-20 12:08:00,12290.0,12290.0,12290.0,12290.0,1040040
2026-07-20 12:09:00,12205.0,12205.0,12205.0,12205.0,658438
2026-07-20 12:10:00,12200.0,12200.0,12200.0,12200.0,522667
2026-07-20 12:11:00,12175.0,12175.0,12175.0,12175.0,1077797
2026-07-20 12:12:00,12200.0,12200.0,12200.0,12200.0,816988
2026-07-20 12:13:00,12130.0,12130.0,12130.0,12130.0,571034
2026-07-20 12:14:00,12130.0,12130.0,12130.0,12130.0,720605
2026-07-20 12:15:00,12080.0,12080.0,12080.0,12080.0,416496
2026-07-20 12:16:00,12160.0,12160.0,12160.0,12160.0,531448
2026-07-20 12:17:00,12190.0,12190.0,12190.0,12190.0,924573
2026-07-20 12:18:00,12205.0,12205.0,12205.0,12205.0,576277
2026-07-20 12:19:00,12220.0,12220.0,12220.0,12220.0,177111
2026-07-20 12:20:00,12195.0,12195.0,12195.0,12195.0,252565
2026-07-20 12:21:00,12170.0,12170.0,12170.0,12170.0,355528
2026-07-20 12:22:00,12170.0,12170.0,12170.0,12170.0,287937
2026-07-20 12:23:00,12240.0,12240.0,12240.0,12240.0,556529
2026-07-20 12:24:00,12185.0,12185.0,12185.0,12185.0,488099
2026-07-20 12:25:00,12230.0,12230.0,12230.0,12230.0,413468
2026-07-20 12:26:00,12245.0,12245.0,12245.0,12245.0,149049
2026-07-20 12:27:00,12245.0,12245.0,12245.0,12245.0,410644
2026-07-20 12:28:00,12240.0,12240.0,12240.0,12240.0,403825
2026-07-20 12:29:00,12290.0,12290.0,12290.0,12290.0,601390
2026-07-20 12:30:00,12195.0,12195.0,12195.0,12195.0,679200
2026-07-20 12:31:00,12265.0,12265.0,12265.0,12265.0,645348
2026-07-20 12:32:00,12275.0,12275.0,12275.0,12275.0,235160
2026-07-20 12:33:00,12260.0,12260.0,12260.0,12260.0,327979
2026-07-20 12:34:00,12230.0,12230.0,12230.0,12230.0,279581
2026-07-20 12:35:00,12270.0,12270.0,12270.0,12270.0,459922
2026-07-20 12:36:00,12240.0,12240.0,12240.0,12240.0,199596
2026-07-20 12:37:00,12165.0,12165.0,12165.0,12165.0,445970
2026-07-20 12:38:00,12215.0,12215.0,12215.0,12215.0,414954
2026-07-20 12:39:00,12175.0,12175.0,12175.0,12175.0,223417
2026-07-20 12:40:00,12250.0,12250.0,12250.0,12250.0,426442
2026-07-20 12:41:00,12210.0,12210.0,12210.0,12210.0,566101
2026-07-20 12:42:00,12170.0,12170.0,12170.0,12170.0,407674
2026-07-20 12:43:00,12180.0,12180.0,12180.0,12180.0,176625
2026-07-20 12:44:00,12155.0,12155.0,12155.0,12155.0,247353
2026-07-20 12:45:00,12190.0,12190.0,12190.0,12190.0,202387
2026-07-20 12:46:00,12210.0,12210.0,12210.0,12210.0,270162
2026-07-20 12:47:00,12185.0,12185.0,12185.0,12185.0,431401
2026-07-20 12:48:00,12115.0,12115.0,12115.0,12115.0,519896
2026-07-20 12:49:00,12140.0,12140.0,12140.0,12140.0,442835
2026-07-20 12:50:00,12040.0,12040.0,12040.0,12040.0,412995
2026-07-20 12:51:00,12010.0,12010.0,12010.0,12010.0,483217
2026-07-20 12:52:00,11930.0,11930.0,11930.0,11930.0,722267
2026-07-20 12:53:00,11905.0,11905.0,11905.0,11905.0,1022593
2026-07-20 12:54:00,11830.0,11830.0,11830.0,11830.0,798914
2026-07-20 12:55:00,11915.0,11915.0,11915.0,11915.0,942684
2026-07-20 12:56:00,12040.0,12040.0,12040.0,12040.0,837980
2026-07-20 12:57:00,12095.0,12095.0,12095.0,12095.0,940421
2026-07-20 12:58:00,12095.0,12095.0,12095.0,12095.0,744191
2026-07-20 12:59:00,12050.0,12050.0,12050.0,12050.0,367708
2026-07-20 13:00:00,12035.0,12035.0,12035.0,12035.0,470254
2026-07-20 13:01:00,12040.0,12040.0,12040.0,12040.0,733647
2026-07-20 13:02:00,12020.0,12020.0,12020.0,12020.0,240868
2026-07-20 13:03:00,12020.0,12020.0,12020.0,12020.0,219468
2026-07-20 13:04:00,12060.0,12060.0,12060.0,12060.0,235262
2026-07-20 13:05:00,12115.0,12115.0,12115.0,12115.0,498929
2026-07-20 13:06:00,12160.0,12160.0,12160.0,12160.0,459412
2026-07-20 13:07:00,12190.0,12190.0,12190.0,12190.0,699964
2026-07-20 13:08:00,12170.0,12170.0,12170.0,12170.0,670751
2026-07-20 13:09:00,12210.0,12210.0,12210.0,12210.0,421051
2026-07-20 13:10:00,12200.0,12200.0,12200.0,12200.0,260819
2026-07-20 13:11:00,12210.0,12210.0,12210.0,12210.0,359913
2026-07-20 13:12:00,12215.0,12215.0,12215.0,12215.0,296552
2026-07-20 13:13:00,12225.0,12225.0,12225.0,12225.0,596265
2026-07-20 13:14:00,12320.0,12320.0,12320.0,12320.0,1021566
2026-07-20 13:15:00,12385.0,12385.0,12385.0,12385.0,891851
2026-07-20 13:16:00,12405.0,12405.0,12405.0,12405.0,884307
2026-07-20 13:17:00,12410.0,12410.0,12410.0,12410.0,976813
2026-07-20 13:18:00,12400.0,12400.0,12400.0,12400.0,1002791
2026-07-20 13:19:00,12355.0,12355.0,12355.0,12355.0,584237
2026-07-20 13:20:00,12340.0,12340.0,12340.0,12340.0,514067
2026-07-20 13:21:00,12375.0,12375.0,12375.0,12375.0,473513
2026-07-20 13:22:00,12310.0,12310.0,12310.0,12310.0,470405
2026-07-20 13:23:00,12235.0,12235.0,12235.0,12235.0,927810
2026-07-20 13:24:00,12205.0,12205.0,12205.0,12205.0,424994
2026-07-20 13:25:00,12215.0,12215.0,12215.0,12215.0,409245
2026-07-20 13:26:00,12180.0,12180.0,12180.0,12180.0,639568
2026-07-20 13:27:00,12160.0,12160.0,12160.0,12160.0,562915
2026-07-20 13:28:00,12145.0,12145.0,12145.0,12145.0,284408
2026-07-20 13:29:00,12175.0,12175.0,12175.0,12175.0,615208
2026-07-20 13:30:00,12180.0,12180.0,12180.0,12180.0,287827
2026-07-20 13:31:00,12125.0,12125.0,12125.0,12125.0,448515
2026-07-20 13:32:00,11920.0,11920.0,11920.0,11920.0,1031151
2026-07-20 13:33:00,11915.0,11915.0,11915.0,11915.0,1184223
2026-07-20 13:34:00,11960.0,11960.0,11960.0,11960.0,1477472
2026-07-20 13:35:00,11915.0,11915.0,11915.0,11915.0,670213
2026-07-20 13:36:00,12020.0,12020.0,12020.0,12020.0,585307
2026-07-20 13:37:00,11935.0,11935.0,11935.0,11935.0,1048551
2026-07-20 13:38:00,11870.0,11870.0,11870.0,11870.0,535850
2026-07-20 13:39:00,11795.0,11795.0,11795.0,11795.0,902875
2026-07-20 13:40:00,11920.0,11920.0,11920.0,11920.0,1004899
2026-07-20 13:41:00,11980.0,11980.0,11980.0,11980.0,714135
2026-07-20 13:42:00,11875.0,11875.0,11875.0,11875.0,724132
2026-07-20 13:43:00,11865.0,11865.0,11865.0,11865.0,321141
2026-07-20 13:44:00,11845.0,11845.0,11845.0,11845.0,588980
2026-07-20 13:45:00,11865.0,11865.0,11865.0,11865.0,524106
2026-07-20 13:46:00,11850.0,11850.0,11850.0,11850.0,372076
2026-07-20 13:47:00,11810.0,11810.0,11810.0,11810.0,655983
2026-07-20 13:48:00,11760.0,11760.0,11760.0,11760.0,302224
2026-07-20 13:49:00,11680.0,11680.0,11680.0,11680.0,1221273
2026-07-20 13:50:00,11715.0,11715.0,11715.0,11715.0,505001
2026-07-20 13:51:00,11695.0,11695.0,11695.0,11695.0,531558
2026-07-20 13:52:00,11745.0,11745.0,11745.0,11745.0,383767
2026-07-20 13:53:00,11830.0,11830.0,11830.0,11830.0,734558
2026-07-20 13:54:00,11820.0,11820.0,11820.0,11820.0,469761
2026-07-20 13:55:00,11875.0,11875.0,11875.0,11875.0,905536
2026-07-20 13:56:00,11855.0,11855.0,11855.0,11855.0,907497
2026-07-20 13:57:00,11850.0,11850.0,11850.0,11850.0,431778
2026-07-20 13:58:00,11900.0,11900.0,11900.0,11900.0,766111
2026-07-20 13:59:00,11885.0,11885.0,11885.0,11885.0,561538
2026-07-20 14:00:00,11925.0,11925.0,11925.0,11925.0,659693
2026-07-20 14:01:00,11935.0,11935.0,11935.0,11935.0,625864
2026-07-20 14:02:00,11950.0,11950.0,11950.0,11950.0,673318
2026-07-20 14:03:00,11940.0,11940.0,11940.0,11940.0,410164
2026-07-20 14:04:00,11985.0,11985.0,11985.0,11985.0,577105
2026-07-20 14:05:00,12045.0,12045.0,12045.0,12045.0,751283
2026-07-20 14:06:00,12030.0,12030.0,12030.0,12030.0,839933
2026-07-20 14:07:00,12000.0,12000.0,12000.0,12000.0,748536
2026-07-20 14:08:00,12075.0,12075.0,12075.0,12075.0,660327
2026-07-20 14:09:00,12080.0,12080.0,12080.0,12080.0,711026
2026-07-20 14:10:00,12145.0,12145.0,12145.0,12145.0,501290
2026-07-20 14:11:00,12195.0,12195.0,12195.0,12195.0,979366
2026-07-20 14:12:00,12235.0,12235.0,12235.0,12235.0,933244
2026-07-20 14:13:00,12150.0,12150.0,12150.0,12150.0,1002562
2026-07-20 14:14:00,12055.0,12055.0,12055.0,12055.0,1159374
2026-07-20 14:15:00,12115.0,12115.0,12115.0,12115.0,762528
2026-07-20 14:16:00,12080.0,12080.0,12080.0,12080.0,488013
2026-07-20 14:17:00,12140.0,12140.0,12140.0,12140.0,573884
2026-07-20 14:18:00,12170.0,12170.0,12170.0,12170.0,410095
2026-07-20 14:19:00,12180.0,12180.0,12180.0,12180.0,565547
2026-07-20 14:20:00,12250.0,12250.0,12250.0,12250.0,1068344
2026-07-20 14:21:00,12220.0,12220.0,12220.0,12220.0,648834
2026-07-20 14:22:00,12235.0,12235.0,12235.0,12235.0,733342
2026-07-20 14:23:00,12225.0,12225.0,12225.0,12225.0,709036
2026-07-20 14:24:00,12195.0,12195.0,12195.0,12195.0,456672
2026-07-20 14:25:00,12110.0,12110.0,12110.0,12110.0,631639
2026-07-20 14:26:00,12105.0,12105.0,12105.0,12105.0,721562
2026-07-20 14:27:00,12065.0,12065.0,12065.0,12065.0,564065
2026-07-20 14:28:00,12165.0,12165.0,12165.0,12165.0,347249
2026-07-20 14:29:00,12170.0,12170.0,12170.0,12170.0,270172
2026-07-20 14:30:00,12170.0,12170.0,12170.0,12170.0,673666
2026-07-20 14:31:00,12200.0,12200.0,12200.0,12200.0,561309
2026-07-20 14:32:00,12215.0,12215.0,12215.0,12215.0,377644
2026-07-20 14:33:00,12220.0,12220.0,12220.0,12220.0,431833
2026-07-20 14:34:00,12180.0,12180.0,12180.0,12180.0,392750
2026-07-20 14:35:00,12210.0,12210.0,12210.0,12210.0,318005
2026-07-20 14:36:00,12175.0,12175.0,12175.0,12175.0,303382
2026-07-20 14:37:00,12195.0,12195.0,12195.0,12195.0,462114
2026-07-20 14:38:00,12120.0,12120.0,12120.0,12120.0,761497
2026-07-20 14:39:00,12230.0,12230.0,12230.0,12230.0,765519
2026-07-20 14:40:00,12115.0,12115.0,12115.0,12115.0,470715
2026-07-20 14:41:00,12150.0,12150.0,12150.0,12150.0,799168
2026-07-20 14:42:00,12170.0,12170.0,12170.0,12170.0,546828
2026-07-20 14:43:00,12145.0,12145.0,12145.0,12145.0,356294
2026-07-20 14:44:00,12170.0,12170.0,12170.0,12170.0,572255
2026-07-20 14:45:00,12160.0,12160.0,12160.0,12160.0,308722
2026-07-20 14:46:00,12225.0,12225.0,12225.0,12225.0,1383384
2026-07-20 14:47:00,12215.0,12215.0,12215.0,12215.0,701194
2026-07-20 14:48:00,12270.0,12270.0,12270.0,12270.0,1173261
2026-07-20 14:49:00,12200.0,12200.0,12200.0,12200.0,791568
2026-07-20 14:50:00,12210.0,12210.0,12210.0,12210.0,432049
2026-07-20 14:51:00,12255.0,12255.0,12255.0,12255.0,283001
2026-07-20 14:52:00,12215.0,12215.0,12215.0,12215.0,571621
2026-07-20 14:53:00,12255.0,12255.0,12255.0,12255.0,831230
2026-07-20 14:54:00,12250.0,12250.0,12250.0,12250.0,605240
2026-07-20 14:55:00,12170.0,12170.0,12170.0,12170.0,466090
2026-07-20 14:56:00,12070.0,12070.0,12070.0,12070.0,841850
2026-07-20 14:57:00,12020.0,12020.0,12020.0,12020.0,624143
2026-07-20 14:58:00,12115.0,12115.0,12115.0,12115.0,402191
2026-07-20 14:59:00,12185.0,12185.0,12185.0,12185.0,409197
2026-07-20 15:00:00,12200.0,12200.0,12200.0,12200.0,525189
2026-07-20 15:01:00,12240.0,12240.0,12240.0,12240.0,303810
2026-07-20 15:02:00,12270.0,12270.0,12270.0,12270.0,705134
2026-07-20 15:03:00,12295.0,12295.0,12295.0,12295.0,607983
2026-07-20 15:04:00,12300.0,12300.0,12300.0,12300.0,283841
2026-07-20 15:05:00,12300.0,12300.0,12300.0,12300.0,638047
2026-07-20 15:06:00,12315.0,12315.0,12315.0,12315.0,292086
2026-07-20 15:07:00,12310.0,12310.0,12310.0,12310.0,237274
2026-07-20 15:08:00,12265.0,12265.0,12265.0,12265.0,455244
2026-07-20 15:09:00,12315.0,12315.0,12315.0,12315.0,622678
2026-07-20 15:10:00,12330.0,12330.0,12330.0,12330.0,443901
2026-07-20 15:11:00,12365.0,12365.0,12365.0,12365.0,388238
2026-07-20 15:12:00,12390.0,12390.0,12390.0,12390.0,469359
2026-07-20 15:13:00,12385.0,12385.0,12385.0,12385.0,384237
2026-07-20 15:14:00,12415.0,12415.0,12415.0,12415.0,334628
2026-07-20 15:15:00,12275.0,12275.0,12275.0,12275.0,617306
2026-07-20 15:16:00,12215.0,12215.0,12215.0,12215.0,537601
2026-07-20 15:17:00,12215.0,12215.0,12215.0,12215.0,408618
2026-07-20 15:18:00,12190.0,12190.0,12190.0,12190.0,317600
2026-07-20 15:19:00,12135.0,12135.0,12135.0,12135.0,497369
2026-07-20 15:30:00,12370.0,12370.0,12370.0,12370.0,627377
2026-07-21 09:00:00,12510.0,12510.0,12510.0,12510.0,1860387
2026-07-21 09:01:00,12475.0,12475.0,12475.0,12475.0,2893952
2026-07-21 09:02:00,12465.0,12465.0,12465.0,12465.0,1481976
2026-07-21 09:03:00,12345.0,12345.0,12345.0,12345.0,1990160
2026-07-21 09:04:00,12260.0,12260.0,12260.0,12260.0,1795422
2026-07-21 09:05:00,12275.0,12275.0,12275.0,12275.0,1426544
2026-07-21 09:06:00,12405.0,12405.0,12405.0,12405.0,1433529
2026-07-21 09:07:00,12670.0,12670.0,12670.0,12670.0,2353911
2026-07-21 09:08:00,12625.0,12625.0,12625.0,12625.0,2428925
2026-07-21 09:09:00,12560.0,12560.0,12560.0,12560.0,1622556
2026-07-21 09:10:00,12580.0,12580.0,12580.0,12580.0,1449092
2026-07-21 09:11:00,12555.0,12555.0,12555.0,12555.0,1436251
2026-07-21 09:12:00,12485.0,12485.0,12485.0,12485.0,1127639
2026-07-21 09:13:00,12165.0,12165.0,12165.0,12165.0,1842161
2026-07-21 09:14:00,12190.0,12190.0,12190.0,12190.0,1396328
2026-07-21 09:15:00,12320.0,12320.0,12320.0,12320.0,1561235
2026-07-21 09:16:00,12260.0,12260.0,12260.0,12260.0,965468
2026-07-21 09:17:00,12175.0,12175.0,12175.0,12175.0,869149
2026-07-21 09:18:00,12235.0,12235.0,12235.0,12235.0,827727
2026-07-21 09:19:00,12155.0,12155.0,12155.0,12155.0,1127918
2026-07-21 09:20:00,12265.0,12265.0,12265.0,12265.0,834478
2026-07-21 09:21:00,12165.0,12165.0,12165.0,12165.0,986587
2026-07-21 09:22:00,12190.0,12190.0,12190.0,12190.0,847061
2026-07-21 09:23:00,12260.0,12260.0,12260.0,12260.0,853086
2026-07-21 09:24:00,12070.0,12070.0,12070.0,12070.0,2026097
2026-07-21 09:25:00,12120.0,12120.0,12120.0,12120.0,1506436
2026-07-21 09:26:00,12135.0,12135.0,12135.0,12135.0,858160
2026-07-21 09:27:00,12070.0,12070.0,12070.0,12070.0,681584
2026-07-21 09:28:00,12185.0,12185.0,12185.0,12185.0,1717337
2026-07-21 09:29:00,12205.0,12205.0,12205.0,12205.0,969295
2026-07-21 09:30:00,12255.0,12255.0,12255.0,12255.0,796285
2026-07-21 09:31:00,12225.0,12225.0,12225.0,12225.0,970852
2026-07-21 09:32:00,12170.0,12170.0,12170.0,12170.0,697856
2026-07-21 09:33:00,12245.0,12245.0,12245.0,12245.0,895305
2026-07-21 09:34:00,12180.0,12180.0,12180.0,12180.0,988011
2026-07-21 09:35:00,12145.0,12145.0,12145.0,12145.0,404869
2026-07-21 09:36:00,12125.0,12125.0,12125.0,12125.0,1338682
2026-07-21 09:37:00,12150.0,12150.0,12150.0,12150.0,983274
2026-07-21 09:38:00,12095.0,12095.0,12095.0,12095.0,374215
2026-07-21 09:39:00,11965.0,11965.0,11965.0,11965.0,1544826
2026-07-21 09:40:00,11965.0,11965.0,11965.0,11965.0,1358076
2026-07-21 09:41:00,11950.0,11950.0,11950.0,11950.0,1326513
2026-07-21 09:42:00,11845.0,11845.0,11845.0,11845.0,1305065
2026-07-21 09:43:00,11880.0,11880.0,11880.0,11880.0,847817
2026-07-21 09:44:00,11810.0,11810.0,11810.0,11810.0,837074
2026-07-21 09:45:00,11845.0,11845.0,11845.0,11845.0,1171316
2026-07-21 09:46:00,11830.0,11830.0,11830.0,11830.0,870077
2026-07-21 09:47:00,11790.0,11790.0,11790.0,11790.0,392135
2026-07-21 09:48:00,11735.0,11735.0,11735.0,11735.0,752197
2026-07-21 09:49:00,11780.0,11780.0,11780.0,11780.0,737495
2026-07-21 09:50:00,11775.0,11775.0,11775.0,11775.0,707959
2026-07-21 09:51:00,11785.0,11785.0,11785.0,11785.0,498736
2026-07-21 09:52:00,11845.0,11845.0,11845.0,11845.0,493450
2026-07-21 09:53:00,11815.0,11815.0,11815.0,11815.0,346740
2026-07-21 09:54:00,11905.0,11905.0,11905.0,11905.0,550851
2026-07-21 09:55:00,11945.0,11945.0,11945.0,11945.0,712938
2026-07-21 09:56:00,11960.0,11960.0,11960.0,11960.0,1046196
2026-07-21 09:57:00,11925.0,11925.0,11925.0,11925.0,921713
2026-07-21 09:58:00,12037.0,12037.0,12037.0,12037.0,695917
2026-07-21 09:59:00,12067.0,12067.0,12067.0,12067.0,780006
2026-07-21 10:00:00,12020.0,12020.0,12020.0,12020.0,561097
2026-07-21 10:01:00,12000.0,12000.0,12000.0,12000.0,778423
2026-07-21 10:02:00,12045.0,12045.0,12045.0,12045.0,763302
2026-07-21 10:03:00,11980.0,11980.0,11980.0,11980.0,700151
2026-07-21 10:04:00,11835.0,11835.0,11835.0,11835.0,750461
2026-07-21 10:05:00,11715.0,11715.0,11715.0,11715.0,2040742
2026-07-21 10:06:00,11705.0,11705.0,11705.0,11705.0,1092693
2026-07-21 10:07:00,11690.0,11690.0,11690.0,11690.0,648125
2026-07-21 10:08:00,11635.0,11635.0,11635.0,11635.0,1228857
2026-07-21 10:09:00,11550.0,11550.0,11550.0,11550.0,1063067
2026-07-21 10:10:00,11605.0,11605.0,11605.0,11605.0,825198
2026-07-21 10:11:00,11595.0,11595.0,11595.0,11595.0,529641
2026-07-21 10:12:00,11470.0,11470.0,11470.0,11470.0,846005
2026-07-21 10:13:00,11475.0,11475.0,11475.0,11475.0,936744
2026-07-21 10:14:00,11455.0,11455.0,11455.0,11455.0,624957
2026-07-21 10:15:00,11475.0,11475.0,11475.0,11475.0,684740
2026-07-21 10:16:00,11530.0,11530.0,11530.0,11530.0,833387
2026-07-21 10:17:00,11665.0,11665.0,11665.0,11665.0,1682400
2026-07-21 10:18:00,11660.0,11660.0,11660.0,11660.0,1192237
2026-07-21 10:19:00,11565.0,11565.0,11565.0,11565.0,839128
2026-07-21 10:20:00,11490.0,11490.0,11490.0,11490.0,594590
2026-07-21 10:21:00,11640.0,11640.0,11640.0,11640.0,281165
2026-07-21 10:22:00,11605.0,11605.0,11605.0,11605.0,354331
2026-07-21 10:23:00,11660.0,11660.0,11660.0,11660.0,516027
2026-07-21 10:24:00,11585.0,11585.0,11585.0,11585.0,512688
2026-07-21 10:25:00,11580.0,11580.0,11580.0,11580.0,212564
2026-07-21 10:26:00,11645.0,11645.0,11645.0,11645.0,345722
2026-07-21 10:27:00,11590.0,11590.0,11590.0,11590.0,282696
2026-07-21 10:28:00,11545.0,11545.0,11545.0,11545.0,260588
2026-07-21 10:29:00,11550.0,11550.0,11550.0,11550.0,398088
2026-07-21 10:30:00,11420.0,11420.0,11420.0,11420.0,619577
2026-07-21 10:31:00,11350.0,11350.0,11350.0,11350.0,893361
2026-07-21 10:32:00,11280.0,11280.0,11280.0,11280.0,847543
2026-07-21 10:33:00,11280.0,11280.0,11280.0,11280.0,1248623
2026-07-21 10:34:00,11250.0,11250.0,11250.0,11250.0,949398
2026-07-21 10:35:00,11335.0,11335.0,11335.0,11335.0,527058
2026-07-21 10:36:00,11220.0,11220.0,11220.0,11220.0,727500
2026-07-21 10:37:00,11160.0,11160.0,11160.0,11160.0,822321
2026-07-21 10:38:00,11240.0,11240.0,11240.0,11240.0,570851
2026-07-21 10:39:00,11275.0,11275.0,11275.0,11275.0,642492
2026-07-21 10:40:00,11225.0,11225.0,11225.0,11225.0,702083
2026-07-21 10:41:00,11250.0,11250.0,11250.0,11250.0,538583
2026-07-21 10:42:00,11275.0,11275.0,11275.0,11275.0,489988
2026-07-21 10:43:00,11320.0,11320.0,11320.0,11320.0,641547
2026-07-21 10:44:00,11320.0,11320.0,11320.0,11320.0,796159
2026-07-21 10:45:00,11375.0,11375.0,11375.0,11375.0,694854
2026-07-21 10:46:00,11400.0,11400.0,11400.0,11400.0,774400
2026-07-21 10:47:00,11345.0,11345.0,11345.0,11345.0,611383
2026-07-21 10:48:00,11270.0,11270.0,11270.0,11270.0,321487
2026-07-21 10:49:00,11230.0,11230.0,11230.0,11230.0,421385
2026-07-21 10:50:00,11325.0,11325.0,11325.0,11325.0,398300
2026-07-21 10:51:00,11470.0,11470.0,11470.0,11470.0,1147148
2026-07-21 10:52:00,11455.0,11455.0,11455.0,11455.0,521726
2026-07-21 10:53:00,11390.0,11390.0,11390.0,11390.0,533906
2026-07-21 10:54:00,11360.0,11360.0,11360.0,11360.0,409699
2026-07-21 10:55:00,11415.0,11415.0,11415.0,11415.0,569293
2026-07-21 10:56:00,11450.0,11450.0,11450.0,11450.0,312333
2026-07-21 10:57:00,11540.0,11540.0,11540.0,11540.0,524715
2026-07-21 10:58:00,11585.0,11585.0,11585.0,11585.0,721971
2026-07-21 10:59:00,11495.0,11495.0,11495.0,11495.0,674436
2026-07-21 11:00:00,11455.0,11455.0,11455.0,11455.0,628941
2026-07-21 11:01:00,11505.0,11505.0,11505.0,11505.0,522008
2026-07-21 11:02:00,11450.0,11450.0,11450.0,11450.0,398013
2026-07-21 11:03:00,11405.0,11405.0,11405.0,11405.0,415388
2026-07-21 11:04:00,11380.0,11380.0,11380.0,11380.0,363793
2026-07-21 11:05:00,11360.0,11360.0,11360.0,11360.0,430855
2026-07-21 11:06:00,11405.0,11405.0,11405.0,11405.0,386302
2026-07-21 11:07:00,11455.0,11455.0,11455.0,11455.0,365270
2026-07-21 11:08:00,11520.0,11520.0,11520.0,11520.0,524544
2026-07-21 11:09:00,11590.0,11590.0,11590.0,11590.0,751483
2026-07-21 11:10:00,11655.0,11655.0,11655.0,11655.0,695220
2026-07-21 11:11:00,11585.0,11585.0,11585.0,11585.0,913367
2026-07-21 11:12:00,11595.0,11595.0,11595.0,11595.0,525063
2026-07-21 11:13:00,11580.0,11580.0,11580.0,11580.0,422607
2026-07-21 11:14:00,11555.0,11555.0,11555.0,11555.0,229059
2026-07-21 11:15:00,11575.0,11575.0,11575.0,11575.0,349334
2026-07-21 11:16:00,11635.0,11635.0,11635.0,11635.0,786402
2026-07-21 11:17:00,11620.0,11620.0,11620.0,11620.0,333958
2026-07-21 11:18:00,11630.0,11630.0,11630.0,11630.0,498650
2026-07-21 11:19:00,11705.0,11705.0,11705.0,11705.0,702379
2026-07-21 11:20:00,11735.0,11735.0,11735.0,11735.0,852706
2026-07-21 11:21:00,11660.0,11660.0,11660.0,11660.0,541709
2026-07-21 11:22:00,11670.0,11670.0,11670.0,11670.0,393676
2026-07-21 11:23:00,11620.0,11620.0,11620.0,11620.0,367187
2026-07-21 11:24:00,11560.0,11560.0,11560.0,11560.0,677483
2026-07-21 11:25:00,11555.0,11555.0,11555.0,11555.0,461777
2026-07-21 11:26:00,11585.0,11585.0,11585.0,11585.0,404399
2026-07-21 11:27:00,11615.0,11615.0,11615.0,11615.0,401806
2026-07-21 11:28:00,11640.0,11640.0,11640.0,11640.0,421438
2026-07-21 11:29:00,11605.0,11605.0,11605.0,11605.0,308838
2026-07-21 11:30:00,11505.0,11505.0,11505.0,11505.0,700394
2026-07-21 11:31:00,11460.0,11460.0,11460.0,11460.0,362015
2026-07-21 11:32:00,11420.0,11420.0,11420.0,11420.0,553707
2026-07-21 11:33:00,11440.0,11440.0,11440.0,11440.0,372962
2026-07-21 11:34:00,11450.0,11450.0,11450.0,11450.0,508846
2026-07-21 11:35:00,11405.0,11405.0,11405.0,11405.0,441496
2026-07-21 11:36:00,11395.0,11395.0,11395.0,11395.0,465241
2026-07-21 11:37:00,11380.0,11380.0,11380.0,11380.0,465341
2026-07-21 11:38:00,11425.0,11425.0,11425.0,11425.0,344774
2026-07-21 11:39:00,11365.0,11365.0,11365.0,11365.0,278976
2026-07-21 11:40:00,11360.0,11360.0,11360.0,11360.0,432645
2026-07-21 11:41:00,11410.0,11410.0,11410.0,11410.0,267983
2026-07-21 11:42:00,11360.0,11360.0,11360.0,11360.0,289816
2026-07-21 11:43:00,11280.0,11280.0,11280.0,11280.0,449290
2026-07-21 11:44:00,11300.0,11300.0,11300.0,11300.0,380123
2026-07-21 11:45:00,11350.0,11350.0,11350.0,11350.0,282221
2026-07-21 11:46:00,11350.0,11350.0,11350.0,11350.0,255712
2026-07-21 11:47:00,11345.0,11345.0,11345.0,11345.0,223637
2026-07-21 11:48:00,11310.0,11310.0,11310.0,11310.0,236642
2026-07-21 11:49:00,11345.0,11345.0,11345.0,11345.0,356675
2026-07-21 11:50:00,11280.0,11280.0,11280.0,11280.0,318181
2026-07-21 11:51:00,11300.0,11300.0,11300.0,11300.0,316171
2026-07-21 11:52:00,11400.0,11400.0,11400.0,11400.0,711242
2026-07-21 11:53:00,11435.0,11435.0,11435.0,11435.0,699777
2026-07-21 11:54:00,11390.0,11390.0,11390.0,11390.0,213658
2026-07-21 11:55:00,11370.0,11370.0,11370.0,11370.0,338578
2026-07-21 11:56:00,11355.0,11355.0,11355.0,11355.0,216641
2026-07-21 11:57:00,11355.0,11355.0,11355.0,11355.0,151152
2026-07-21 11:58:00,11260.0,11260.0,11260.0,11260.0,566583
2026-07-21 11:59:00,11300.0,11300.0,11300.0,11300.0,364961
2026-07-21 12:00:00,11255.0,11255.0,11255.0,11255.0,298782
2026-07-21 12:01:00,11230.0,11230.0,11230.0,11230.0,359596
2026-07-21 12:02:00,11220.0,11220.0,11220.0,11220.0,329827
2026-07-21 12:03:00,11205.0,11205.0,11205.0,11205.0,343615
2026-07-21 12:04:00,11205.0,11205.0,11205.0,11205.0,483756
2026-07-21 12:05:00,11235.0,11235.0,11235.0,11235.0,376576
2026-07-21 12:06:00,11230.0,11230.0,11230.0,11230.0,427161
2026-07-21 12:07:00,11255.0,11255.0,11255.0,11255.0,270037
2026-07-21 12:08:00,11240.0,11240.0,11240.0,11240.0,359117
2026-07-21 12:09:00,11260.0,11260.0,11260.0,11260.0,714532
2026-07-21 12:10:00,11250.0,11250.0,11250.0,11250.0,191386
2026-07-21 12:11:00,11170.0,11170.0,11170.0,11170.0,473085
2026-07-21 12:12:00,11155.0,11155.0,11155.0,11155.0,558183
2026-07-21 12:13:00,11125.0,11125.0,11125.0,11125.0,480439
2026-07-21 12:14:00,11090.0,11090.0,11090.0,11090.0,638746
2026-07-21 12:15:00,11135.0,11135.0,11135.0,11135.0,407343
2026-07-21 12:16:00,11050.0,11050.0,11050.0,11050.0,416101
2026-07-21 12:17:00,11040.0,11040.0,11040.0,11040.0,324032
2026-07-21 12:18:00,11030.0,11030.0,11030.0,11030.0,451861
2026-07-21 12:19:00,11020.0,11020.0,11020.0,11020.0,20301
2026-07-21 12:21:00,10945.0,10945.0,10945.0,10945.0,917663
2026-07-21 12:22:00,11010.0,11010.0,11010.0,11010.0,762922
2026-07-21 12:23:00,11055.0,11055.0,11055.0,11055.0,713250
2026-07-21 12:24:00,11020.0,11020.0,11020.0,11020.0,599209
2026-07-21 12:25:00,11030.0,11030.0,11030.0,11030.0,307626
2026-07-21 12:26:00,11080.0,11080.0,11080.0,11080.0,237317
2026-07-21 12:27:00,11125.0,11125.0,11125.0,11125.0,578738
2026-07-21 12:28:00,11025.0,11025.0,11025.0,11025.0,443179
2026-07-21 12:29:00,11015.0,11015.0,11015.0,11015.0,282364
2026-07-21 12:30:00,11020.0,11020.0,11020.0,11020.0,314995
2026-07-21 12:31:00,10965.0,10965.0,10965.0,10965.0,156687
2026-07-21 12:32:00,10945.0,10945.0,10945.0,10945.0,270323
2026-07-21 12:33:00,10900.0,10900.0,10900.0,10900.0,408411
2026-07-21 12:34:00,10915.0,10915.0,10915.0,10915.0,484297
2026-07-21 12:35:00,10845.0,10845.0,10845.0,10845.0,325216
2026-07-21 12:36:00,10850.0,10850.0,10850.0,10850.0,470687
2026-07-21 12:37:00,10835.0,10835.0,10835.0,10835.0,500204
2026-07-21 12:38:00,10760.0,10760.0,10760.0,10760.0,549034
2026-07-21 12:39:00,10745.0,10745.0,10745.0,10745.0,385442
2026-07-21 12:40:00,10670.0,10670.0,10670.0,10670.0,936991
2026-07-21 12:41:00,10685.0,10685.0,10685.0,10685.0,918943
2026-07-21 12:42:00,10645.0,10645.0,10645.0,10645.0,429527
2026-07-21 12:43:00,10680.0,10680.0,10680.0,10680.0,450362
2026-07-21 12:44:00,10715.0,10715.0,10715.0,10715.0,678481
2026-07-21 12:45:00,10620.0,10620.0,10620.0,10620.0,516761
2026-07-21 12:46:00,10625.0,10625.0,10625.0,10625.0,687039
2026-07-21 12:47:00,10715.0,10715.0,10715.0,10715.0,621738
2026-07-21 12:48:00,10705.0,10705.0,10705.0,10705.0,521238
2026-07-21 12:49:00,10655.0,10655.0,10655.0,10655.0,353084
2026-07-21 12:50:00,10610.0,10610.0,10610.0,10610.0,405376
2026-07-21 12:51:00,10540.0,10540.0,10540.0,10540.0,624162
2026-07-21 12:52:00,10510.0,10510.0,10510.0,10510.0,547649
2026-07-21 12:53:00,10470.0,10470.0,10470.0,10470.0,1069213
2026-07-21 12:54:00,10610.0,10610.0,10610.0,10610.0,976797
2026-07-21 12:55:00,10620.0,10620.0,10620.0,10620.0,689883
2026-07-21 12:56:00,10605.0,10605.0,10605.0,10605.0,554348
2026-07-21 12:57:00,10635.0,10635.0,10635.0,10635.0,443008
2026-07-21 12:58:00,10665.0,10665.0,10665.0,10665.0,644487
2026-07-21 12:59:00,10625.0,10625.0,10625.0,10625.0,942957
2026-07-21 13:00:00,10660.0,10660.0,10660.0,10660.0,401404
2026-07-21 13:01:00,10570.0,10570.0,10570.0,10570.0,581422
2026-07-21 13:02:00,10625.0,10625.0,10625.0,10625.0,283269
2026-07-21 13:03:00,10655.0,10655.0,10655.0,10655.0,546906
2026-07-21 13:04:00,10655.0,10655.0,10655.0,10655.0,250760
2026-07-21 13:05:00,10655.0,10655.0,10655.0,10655.0,623293
2026-07-21 13:06:00,10650.0,10650.0,10650.0,10650.0,387396
2026-07-21 13:07:00,10685.0,10685.0,10685.0,10685.0,408338
2026-07-21 13:08:00,10550.0,10550.0,10550.0,10550.0,592626
2026-07-21 13:09:00,10685.0,10685.0,10685.0,10685.0,528894
2026-07-21 13:10:00,10615.0,10615.0,10615.0,10615.0,551809
2026-07-21 13:11:00,10625.0,10625.0,10625.0,10625.0,309185
2026-07-21 13:12:00,10615.0,10615.0,10615.0,10615.0,237123
2026-07-21 13:13:00,10610.0,10610.0,10610.0,10610.0,226415
2026-07-21 13:14:00,10625.0,10625.0,10625.0,10625.0,193755
2026-07-21 13:15:00,10600.0,10600.0,10600.0,10600.0,253273
2026-07-21 13:16:00,10580.0,10580.0,10580.0,10580.0,447797
2026-07-21 13:17:00,10600.0,10600.0,10600.0,10600.0,342857
2026-07-21 13:18:00,10625.0,10625.0,10625.0,10625.0,213249
2026-07-21 13:19:00,10665.0,10665.0,10665.0,10665.0,376105
2026-07-21 13:20:00,10600.0,10600.0,10600.0,10600.0,297358
2026-07-21 13:21:00,10640.0,10640.0,10640.0,10640.0,425336
2026-07-21 13:22:00,10770.0,10770.0,10770.0,10770.0,752064
2026-07-21 13:23:00,10825.0,10825.0,10825.0,10825.0,1014877
2026-07-21 13:24:00,10795.0,10795.0,10795.0,10795.0,726663
2026-07-21 13:25:00,10760.0,10760.0,10760.0,10760.0,607532
2026-07-21 13:26:00,10775.0,10775.0,10775.0,10775.0,483260
2026-07-21 13:27:00,10755.0,10755.0,10755.0,10755.0,330775
2026-07-21 13:28:00,10735.0,10735.0,10735.0,10735.0,483103
2026-07-21 13:29:00,10785.0,10785.0,10785.0,10785.0,544544
2026-07-21 13:30:00,10825.0,10825.0,10825.0,10825.0,648292
2026-07-21 13:31:00,10830.0,10830.0,10830.0,10830.0,939280
2026-07-21 13:32:00,10815.0,10815.0,10815.0,10815.0,361386
2026-07-21 13:33:00,10825.0,10825.0,10825.0,10825.0,335649
2026-07-21 13:34:00,10885.0,10885.0,10885.0,10885.0,586091
2026-07-21 13:35:00,10755.0,10755.0,10755.0,10755.0,641453
2026-07-21 13:36:00,10805.0,10805.0,10805.0,10805.0,461047
2026-07-21 13:37:00,10785.0,10785.0,10785.0,10785.0,325042
2026-07-21 13:38:00,10770.0,10770.0,10770.0,10770.0,205106
2026-07-21 13:39:00,10810.0,10810.0,10810.0,10810.0,191428
2026-07-21 13:40:00,10735.0,10735.0,10735.0,10735.0,332125
2026-07-21 13:41:00,10775.0,10775.0,10775.0,10775.0,430697
2026-07-21 13:42:00,10840.0,10840.0,10840.0,10840.0,387095
2026-07-21 13:43:00,10805.0,10805.0,10805.0,10805.0,489427
2026-07-21 13:44:00,10795.0,10795.0,10795.0,10795.0,266592
2026-07-21 13:45:00,10835.0,10835.0,10835.0,10835.0,275323
2026-07-21 13:46:00,10800.0,10800.0,10800.0,10800.0,245789
2026-07-21 13:47:00,10715.0,10715.0,10715.0,10715.0,640798
2026-07-21 13:48:00,10665.0,10665.0,10665.0,10665.0,745407
2026-07-21 13:49:00,10710.0,10710.0,10710.0,10710.0,399299
2026-07-21 13:50:00,10735.0,10735.0,10735.0,10735.0,289258
2026-07-21 13:51:00,10835.0,10835.0,10835.0,10835.0,477825
2026-07-21 13:52:00,10840.0,10840.0,10840.0,10840.0,683663
2026-07-21 13:53:00,10935.0,10935.0,10935.0,10935.0,661247
2026-07-21 13:54:00,10935.0,10935.0,10935.0,10935.0,923259
2026-07-21 13:55:00,10995.0,10995.0,10995.0,10995.0,948367
2026-07-21 13:56:00,11000.0,11000.0,11000.0,11000.0,1318663
2026-07-21 13:57:00,10975.0,10975.0,10975.0,10975.0,725592
2026-07-21 13:58:00,10915.0,10915.0,10915.0,10915.0,701453
2026-07-21 13:59:00,10995.0,10995.0,10995.0,10995.0,813217
2026-07-21 14:00:00,10930.0,10930.0,10930.0,10930.0,560436
2026-07-21 14:01:00,10920.0,10920.0,10920.0,10920.0,325637
2026-07-21 14:02:00,10955.0,10955.0,10955.0,10955.0,392101
2026-07-21 14:03:00,10955.0,10955.0,10955.0,10955.0,177645
2026-07-21 14:04:00,10895.0,10895.0,10895.0,10895.0,424811
2026-07-21 14:05:00,10920.0,10920.0,10920.0,10920.0,308169
2026-07-21 14:06:00,10945.0,10945.0,10945.0,10945.0,312967
2026-07-21 14:07:00,10915.0,10915.0,10915.0,10915.0,434993
2026-07-21 14:08:00,10905.0,10905.0,10905.0,10905.0,344112
2026-07-21 14:09:00,10840.0,10840.0,10840.0,10840.0,570956
2026-07-21 14:10:00,10980.0,10980.0,10980.0,10980.0,572569
2026-07-21 14:11:00,11035.0,11035.0,11035.0,11035.0,966122
2026-07-21 14:12:00,11070.0,11070.0,11070.0,11070.0,652474
2026-07-21 14:13:00,11065.0,11065.0,11065.0,11065.0,799257
2026-07-21 14:14:00,11120.0,11120.0,11120.0,11120.0,985445
2026-07-21 14:15:00,11180.0,11180.0,11180.0,11180.0,1212542
2026-07-21 14:16:00,11200.0,11200.0,11200.0,11200.0,1287209
2026-07-21 14:17:00,11260.0,11260.0,11260.0,11260.0,1164635
2026-07-21 14:18:00,11160.0,11160.0,11160.0,11160.0,1175310
2026-07-21 14:19:00,11285.0,11285.0,11285.0,11285.0,1357674
2026-07-21 14:20:00,11250.0,11250.0,11250.0,11250.0,725271
2026-07-21 14:21:00,11210.0,11210.0,11210.0,11210.0,748753
2026-07-21 14:22:00,11190.0,11190.0,11190.0,11190.0,533788
2026-07-21 14:23:00,11140.0,11140.0,11140.0,11140.0,554108
2026-07-21 14:24:00,11095.0,11095.0,11095.0,11095.0,1283429
2026-07-21 14:25:00,11160.0,11160.0,11160.0,11160.0,452887
2026-07-21 14:26:00,11045.0,11045.0,11045.0,11045.0,795510
2026-07-21 14:27:00,11020.0,11020.0,11020.0,11020.0,884826
2026-07-21 14:28:00,11085.0,11085.0,11085.0,11085.0,453878
2026-07-21 14:29:00,11015.0,11015.0,11015.0,11015.0,361487
2026-07-21 14:30:00,11090.0,11090.0,11090.0,11090.0,657821
2026-07-21 14:31:00,11140.0,11140.0,11140.0,11140.0,677873
2026-07-21 14:32:00,11150.0,11150.0,11150.0,11150.0,643800
2026-07-21 14:33:00,11222.0,11222.0,11222.0,11222.0,649746
2026-07-21 14:34:00,11105.0,11105.0,11105.0,11105.0,713417
2026-07-21 14:35:00,11030.0,11030.0,11030.0,11030.0,531922
2026-07-21 14:36:00,11060.0,11060.0,11060.0,11060.0,378093
2026-07-21 14:37:00,11090.0,11090.0,11090.0,11090.0,333685
2026-07-21 14:38:00,11090.0,11090.0,11090.0,11090.0,296193
2026-07-21 14:39:00,11095.0,11095.0,11095.0,11095.0,548754
2026-07-21 14:40:00,11105.0,11105.0,11105.0,11105.0,355282
2026-07-21 14:41:00,11070.0,11070.0,11070.0,11070.0,445241
2026-07-21 14:42:00,11125.0,11125.0,11125.0,11125.0,528608
2026-07-21 14:43:00,11115.0,11115.0,11115.0,11115.0,347568
2026-07-21 14:44:00,11125.0,11125.0,11125.0,11125.0,168989
2026-07-21 14:45:00,11045.0,11045.0,11045.0,11045.0,461352
2026-07-21 14:46:00,11015.0,11015.0,11015.0,11015.0,472354
2026-07-21 14:47:00,11025.0,11025.0,11025.0,11025.0,340607
2026-07-21 14:48:00,10970.0,10970.0,10970.0,10970.0,552553
2026-07-21 14:49:00,11005.0,11005.0,11005.0,11005.0,617523
2026-07-21 14:50:00,11055.0,11055.0,11055.0,11055.0,562632
2026-07-21 14:51:00,11100.0,11100.0,11100.0,11100.0,656969
2026-07-21 14:52:00,11120.0,11120.0,11120.0,11120.0,471830
2026-07-21 14:53:00,11145.0,11145.0,11145.0,11145.0,629646
2026-07-21 14:54:00,11130.0,11130.0,11130.0,11130.0,523772
2026-07-21 14:55:00,11100.0,11100.0,11100.0,11100.0,400442
2026-07-21 14:56:00,11110.0,11110.0,11110.0,11110.0,438723
2026-07-21 14:57:00,11120.0,11120.0,11120.0,11120.0,268755
2026-07-21 14:58:00,11100.0,11100.0,11100.0,11100.0,454212
2026-07-21 14:59:00,11110.0,11110.0,11110.0,11110.0,198587
2026-07-21 15:00:00,11100.0,11100.0,11100.0,11100.0,510423
2026-07-21 15:01:00,11000.0,11000.0,11000.0,11000.0,468235
2026-07-21 15:02:00,11015.0,11015.0,11015.0,11015.0,389955
2026-07-21 15:03:00,10980.0,10980.0,10980.0,10980.0,468192
2026-07-21 15:04:00,10950.0,10950.0,10950.0,10950.0,398941
2026-07-21 15:05:00,10845.0,10845.0,10845.0,10845.0,705090
2026-07-21 15:06:00,10865.0,10865.0,10865.0,10865.0,909761
2026-07-21 15:07:00,10920.0,10920.0,10920.0,10920.0,512429
2026-07-21 15:08:00,10925.0,10925.0,10925.0,10925.0,303193
2026-07-21 15:09:00,10910.0,10910.0,10910.0,10910.0,271211
2026-07-21 15:10:00,10970.0,10970.0,10970.0,10970.0,353481
2026-07-21 15:11:00,10990.0,10990.0,10990.0,10990.0,410475
2026-07-21 15:12:00,10945.0,10945.0,10945.0,10945.0,311112
2026-07-21 15:13:00,10960.0,10960.0,10960.0,10960.0,204473
2026-07-21 15:14:00,10985.0,10985.0,10985.0,10985.0,402921
2026-07-21 15:15:00,11040.0,11040.0,11040.0,11040.0,928701
2026-07-21 15:16:00,11050.0,11050.0,11050.0,11050.0,404319
2026-07-21 15:17:00,11040.0,11040.0,11040.0,11040.0,281103
2026-07-21 15:18:00,11095.0,11095.0,11095.0,11095.0,555831
2026-07-21 15:19:00,11095.0,11095.0,11095.0,11095.0,954972
2026-07-21 15:30:00,11230.0,11230.0,11230.0,11230.0,1210499
2026-07-22 09:02:00,9505.0,9505.0,9505.0,9505.0,1249307
2026-07-22 09:03:00,9400.0,9400.0,9400.0,9400.0,1847249
2026-07-22 09:04:00,9325.0,9325.0,9325.0,9325.0,1397421
2026-07-22 09:05:00,9325.0,9325.0,9325.0,9325.0,1251726
2026-07-22 09:06:00,9390.0,9390.0,9390.0,9390.0,1231849
2026-07-22 09:07:00,9375.0,9375.0,9375.0,9375.0,1088314
2026-07-22 09:08:00,9440.0,9440.0,9440.0,9440.0,1080161
2026-07-22 09:09:00,9405.0,9405.0,9405.0,9405.0,1140338
2026-07-22 09:10:00,9410.0,9410.0,9410.0,9410.0,1519465
2026-07-22 09:11:00,9365.0,9365.0,9365.0,9365.0,2644462
2026-07-22 09:12:00,9345.0,9345.0,9345.0,9345.0,814556
2026-07-22 09:13:00,9310.0,9310.0,9310.0,9310.0,719782
2026-07-22 09:14:00,9275.0,9275.0,9275.0,9275.0,785238
2026-07-22 09:15:00,9260.0,9260.0,9260.0,9260.0,1574127
2026-07-22 09:16:00,9260.0,9260.0,9260.0,9260.0,943315
2026-07-22 09:17:00,9275.0,9275.0,9275.0,9275.0,863025
2026-07-22 09:18:00,9280.0,9280.0,9280.0,9280.0,669913
2026-07-22 09:19:00,9240.0,9240.0,9240.0,9240.0,549073
2026-07-22 09:20:00,9225.0,9225.0,9225.0,9225.0,869864
2026-07-22 09:21:00,9255.0,9255.0,9255.0,9255.0,525657
2026-07-22 09:22:00,9275.0,9275.0,9275.0,9275.0,815740
2026-07-22 09:23:00,9325.0,9325.0,9325.0,9325.0,1067337
2026-07-22 09:24:00,9340.0,9340.0,9340.0,9340.0,742066
2026-07-22 09:25:00,9350.0,9350.0,9350.0,9350.0,797107
2026-07-22 09:26:00,9370.0,9370.0,9370.0,9370.0,1118835
2026-07-22 09:27:00,9380.0,9380.0,9380.0,9380.0,702364
2026-07-22 09:28:00,9395.0,9395.0,9395.0,9395.0,702166
2026-07-22 09:29:00,9430.0,9430.0,9430.0,9430.0,925325
2026-07-22 09:30:00,9370.0,9370.0,9370.0,9370.0,1074933
2026-07-22 09:31:00,9405.0,9405.0,9405.0,9405.0,889593
2026-07-22 09:32:00,9430.0,9430.0,9430.0,9430.0,1194331
2026-07-22 09:33:00,9380.0,9380.0,9380.0,9380.0,769902
2026-07-22 09:34:00,9405.0,9405.0,9405.0,9405.0,539514
2026-07-22 09:35:00,9410.0,9410.0,9410.0,9410.0,645862
2026-07-22 09:36:00,9367.0,9367.0,9367.0,9367.0,651969
2026-07-22 09:37:00,9355.0,9355.0,9355.0,9355.0,602913
2026-07-22 09:38:00,9375.0,9375.0,9375.0,9375.0,506836
2026-07-22 09:39:00,9365.0,9365.0,9365.0,9365.0,348593
2026-07-22 09:40:00,9370.0,9370.0,9370.0,9370.0,452789
2026-07-22 09:41:00,9380.0,9380.0,9380.0,9380.0,520662
2026-07-22 09:42:00,9385.0,9385.0,9385.0,9385.0,424473
2026-07-22 09:43:00,9415.0,9415.0,9415.0,9415.0,560647
2026-07-22 09:44:00,9420.0,9420.0,9420.0,9420.0,442072
2026-07-22 09:45:00,9440.0,9440.0,9440.0,9440.0,467782
2026-07-22 09:46:00,9480.0,9480.0,9480.0,9480.0,919564
2026-07-22 09:47:00,9520.0,9520.0,9520.0,9520.0,843879
2026-07-22 09:48:00,9530.0,9530.0,9530.0,9530.0,1356786
2026-07-22 09:49:00,9460.0,9460.0,9460.0,9460.0,921898
2026-07-22 09:50:00,9480.0,9480.0,9480.0,9480.0,908685
2026-07-22 09:51:00,9415.0,9415.0,9415.0,9415.0,626446
2026-07-22 09:52:00,9485.0,9485.0,9485.0,9485.0,555244
2026-07-22 09:53:00,9525.0,9525.0,9525.0,9525.0,611886
2026-07-22 09:54:00,9580.0,9580.0,9580.0,9580.0,821481
2026-07-22 09:55:00,9550.0,9550.0,9550.0,9550.0,1347594
2026-07-22 09:56:00,9505.0,9505.0,9505.0,9505.0,959007
2026-07-22 09:57:00,9475.0,9475.0,9475.0,9475.0,761935
2026-07-22 09:58:00,9485.0,9485.0,9485.0,9485.0,633742
2026-07-22 09:59:00,9455.0,9455.0,9455.0,9455.0,719137
2026-07-22 10:00:00,9505.0,9505.0,9505.0,9505.0,622568
2026-07-22 10:01:00,9545.0,9545.0,9545.0,9545.0,832412
2026-07-22 10:02:00,9510.0,9510.0,9510.0,9510.0,613711
2026-07-22 10:03:00,9500.0,9500.0,9500.0,9500.0,723998
2026-07-22 10:04:00,9465.0,9465.0,9465.0,9465.0,425076
2026-07-22 10:05:00,9405.0,9405.0,9405.0,9405.0,1139612
2026-07-22 10:06:00,9350.0,9350.0,9350.0,9350.0,1052200
2026-07-22 10:07:00,9340.0,9340.0,9340.0,9340.0,879302
2026-07-22 10:08:00,9380.0,9380.0,9380.0,9380.0,436559
2026-07-22 10:09:00,9380.0,9380.0,9380.0,9380.0,513144
2026-07-22 10:10:00,9370.0,9370.0,9370.0,9370.0,365825
2026-07-22 10:11:00,9370.0,9370.0,9370.0,9370.0,560060
2026-07-22 10:12:00,9345.0,9345.0,9345.0,9345.0,488688
2026-07-22 10:13:00,9310.0,9310.0,9310.0,9310.0,771099
2026-07-22 10:14:00,9320.0,9320.0,9320.0,9320.0,489215
2026-07-22 10:15:00,9305.0,9305.0,9305.0,9305.0,360111
2026-07-22 10:16:00,9280.0,9280.0,9280.0,9280.0,801681
2026-07-22 10:17:00,9230.0,9230.0,9230.0,9230.0,1072321
2026-07-22 10:18:00,9200.0,9200.0,9200.0,9200.0,1248526
2026-07-22 10:19:00,9235.0,9235.0,9235.0,9235.0,622662
2026-07-22 10:20:00,9265.0,9265.0,9265.0,9265.0,737427
2026-07-22 10:21:00,9235.0,9235.0,9235.0,9235.0,608718
2026-07-22 10:22:00,9240.0,9240.0,9240.0,9240.0,413930
2026-07-22 10:23:00,9230.0,9230.0,9230.0,9230.0,486861
2026-07-22 10:24:00,9250.0,9250.0,9250.0,9250.0,405872
2026-07-22 10:25:00,9235.0,9235.0,9235.0,9235.0,431484
2026-07-22 10:26:00,9165.0,9165.0,9165.0,9165.0,1261981
2026-07-22 10:27:00,9200.0,9200.0,9200.0,9200.0,484204
2026-07-22 10:28:00,9250.0,9250.0,9250.0,9250.0,724766
2026-07-22 10:29:00,9290.0,9290.0,9290.0,9290.0,1202150
2026-07-22 10:30:00,9300.0,9300.0,9300.0,9300.0,895265
2026-07-22 10:31:00,9330.0,9330.0,9330.0,9330.0,1090486
2026-07-22 10:32:00,9325.0,9325.0,9325.0,9325.0,844500
2026-07-22 10:33:00,9360.0,9360.0,9360.0,9360.0,648675
2026-07-22 10:34:00,9355.0,9355.0,9355.0,9355.0,666188
2026-07-22 10:35:00,9345.0,9345.0,9345.0,9345.0,399906
2026-07-22 10:36:00,9315.0,9315.0,9315.0,9315.0,577881
2026-07-22 10:37:00,9320.0,9320.0,9320.0,9320.0,291173
2026-07-22 10:38:00,9330.0,9330.0,9330.0,9330.0,266350
2026-07-22 10:39:00,9370.0,9370.0,9370.0,9370.0,761902
2026-07-22 10:40:00,9355.0,9355.0,9355.0,9355.0,428294
2026-07-22 10:41:00,9435.0,9435.0,9435.0,9435.0,1076861
2026-07-22 10:42:00,9500.0,9500.0,9500.0,9500.0,1673137
2026-07-22 10:43:00,9415.0,9415.0,9415.0,9415.0,1045011
2026-07-22 10:44:00,9425.0,9425.0,9425.0,9425.0,472503
2026-07-22 10:45:00,9370.0,9370.0,9370.0,9370.0,657503
2026-07-22 10:46:00,9330.0,9330.0,9330.0,9330.0,501969
2026-07-22 10:47:00,9335.0,9335.0,9335.0,9335.0,332975
2026-07-22 10:48:00,9305.0,9305.0,9305.0,9305.0,328866
2026-07-22 10:49:00,9315.0,9315.0,9315.0,9315.0,346686
2026-07-22 10:50:00,9345.0,9345.0,9345.0,9345.0,371616
2026-07-22 10:51:00,9310.0,9310.0,9310.0,9310.0,301231
2026-07-22 10:52:00,9305.0,9305.0,9305.0,9305.0,367997
2026-07-22 10:53:00,9310.0,9310.0,9310.0,9310.0,189973
2026-07-22 10:54:00,9330.0,9330.0,9330.0,9330.0,159470
2026-07-22 10:55:00,9330.0,9330.0,9330.0,9330.0,322880
2026-07-22 10:56:00,9350.0,9350.0,9350.0,9350.0,249284
2026-07-22 10:57:00,9335.0,9335.0,9335.0,9335.0,302809
2026-07-22 10:58:00,9355.0,9355.0,9355.0,9355.0,210274
2026-07-22 10:59:00,9395.0,9395.0,9395.0,9395.0,645106
2026-07-22 11:00:00,9435.0,9435.0,9435.0,9435.0,676819
2026-07-22 11:01:00,9440.0,9440.0,9440.0,9440.0,775287
2026-07-22 11:02:00,9425.0,9425.0,9425.0,9425.0,556411
2026-07-22 11:03:00,9425.0,9425.0,9425.0,9425.0,300086
2026-07-22 11:04:00,9395.0,9395.0,9395.0,9395.0,315847
2026-07-22 11:05:00,9450.0,9450.0,9450.0,9450.0,437422
2026-07-22 11:06:00,9435.0,9435.0,9435.0,9435.0,415075
2026-07-22 11:07:00,9450.0,9450.0,9450.0,9450.0,585782
2026-07-22 11:08:00,9445.0,9445.0,9445.0,9445.0,374689
2026-07-22 11:09:00,9445.0,9445.0,9445.0,9445.0,304425
2026-07-22 11:10:00,9445.0,9445.0,9445.0,9445.0,269680
2026-07-22 11:11:00,9435.0,9435.0,9435.0,9435.0,197085
2026-07-22 11:12:00,9420.0,9420.0,9420.0,9420.0,307382
2026-07-22 11:13:00,9415.0,9415.0,9415.0,9415.0,214047
2026-07-22 11:14:00,9457.0,9457.0,9457.0,9457.0,346906
2026-07-22 11:15:00,9450.0,9450.0,9450.0,9450.0,463485
2026-07-22 11:16:00,9450.0,9450.0,9450.0,9450.0,216807
2026-07-22 11:17:00,9475.0,9475.0,9475.0,9475.0,327929
2026-07-22 11:18:00,9450.0,9450.0,9450.0,9450.0,338877
2026-07-22 11:19:00,9440.0,9440.0,9440.0,9440.0,155240
2026-07-22 11:20:00,9402.0,9402.0,9402.0,9402.0,361349
2026-07-22 11:21:00,9440.0,9440.0,9440.0,9440.0,254296
2026-07-22 11:22:00,9395.0,9395.0,9395.0,9395.0,262681
2026-07-22 11:23:00,9385.0,9385.0,9385.0,9385.0,356431
2026-07-22 11:24:00,9385.0,9385.0,9385.0,9385.0,196017
2026-07-22 11:25:00,9415.0,9415.0,9415.0,9415.0,308540
2026-07-22 11:26:00,9415.0,9415.0,9415.0,9415.0,199497
2026-07-22 11:27:00,9380.0,9380.0,9380.0,9380.0,218801
2026-07-22 11:28:00,9370.0,9370.0,9370.0,9370.0,170088
2026-07-22 11:29:00,9400.0,9400.0,9400.0,9400.0,224956
2026-07-22 11:30:00,9475.0,9475.0,9475.0,9475.0,711611
2026-07-22 11:31:00,9445.0,9445.0,9445.0,9445.0,523700
2026-07-22 11:32:00,9460.0,9460.0,9460.0,9460.0,408449
2026-07-22 11:33:00,9500.0,9500.0,9500.0,9500.0,735111
2026-07-22 11:34:00,9495.0,9495.0,9495.0,9495.0,566420
2026-07-22 11:35:00,9485.0,9485.0,9485.0,9485.0,342141
2026-07-22 11:36:00,9515.0,9515.0,9515.0,9515.0,377089
2026-07-22 11:37:00,9550.0,9550.0,9550.0,9550.0,438689
2026-07-22 11:38:00,9540.0,9540.0,9540.0,9540.0,336983
2026-07-22 11:39:00,9560.0,9560.0,9560.0,9560.0,361150
2026-07-22 11:40:00,9555.0,9555.0,9555.0,9555.0,739914
2026-07-22 11:41:00,9545.0,9545.0,9545.0,9545.0,543017
2026-07-22 11:42:00,9560.0,9560.0,9560.0,9560.0,437540
2026-07-22 11:43:00,9605.0,9605.0,9605.0,9605.0,566219
2026-07-22 11:44:00,9620.0,9620.0,9620.0,9620.0,719035
2026-07-22 11:45:00,9710.0,9710.0,9710.0,9710.0,1021150
2026-07-22 11:46:00,9665.0,9665.0,9665.0,9665.0,1229963
2026-07-22 11:47:00,9590.0,9590.0,9590.0,9590.0,990057
2026-07-22 11:48:00,9630.0,9630.0,9630.0,9630.0,790538
2026-07-22 11:49:00,9600.0,9600.0,9600.0,9600.0,637714
2026-07-22 11:50:00,9595.0,9595.0,9595.0,9595.0,257666
2026-07-22 11:51:00,9630.0,9630.0,9630.0,9630.0,560166
2026-07-22 11:52:00,9615.0,9615.0,9615.0,9615.0,428561
2026-07-22 11:53:00,9640.0,9640.0,9640.0,9640.0,475424
2026-07-22 11:54:00,9630.0,9630.0,9630.0,9630.0,445473
2026-07-22 11:55:00,9690.0,9690.0,9690.0,9690.0,882422
2026-07-22 11:56:00,9705.0,9705.0,9705.0,9705.0,755056
2026-07-22 11:57:00,9725.0,9725.0,9725.0,9725.0,588940
2026-07-22 11:58:00,9755.0,9755.0,9755.0,9755.0,668310
2026-07-22 11:59:00,9725.0,9725.0,9725.0,9725.0,1297418
2026-07-22 12:00:00,9750.0,9750.0,9750.0,9750.0,727624
2026-07-22 12:01:00,9770.0,9770.0,9770.0,9770.0,673309
2026-07-22 12:02:00,9800.0,9800.0,9800.0,9800.0,885022
2026-07-22 12:03:00,9825.0,9825.0,9825.0,9825.0,1029968
2026-07-22 12:04:00,9860.0,9860.0,9860.0,9860.0,1125528
2026-07-22 12:05:00,9790.0,9790.0,9790.0,9790.0,1257807
2026-07-22 12:06:00,9740.0,9740.0,9740.0,9740.0,1018381
2026-07-22 12:07:00,9825.0,9825.0,9825.0,9825.0,954258
2026-07-22 12:08:00,9860.0,9860.0,9860.0,9860.0,862187
2026-07-22 12:09:00,9945.0,9945.0,9945.0,9945.0,1238749
2026-07-22 12:10:00,9950.0,9950.0,9950.0,9950.0,1091603
2026-07-22 12:11:00,10040.0,10040.0,10040.0,10040.0,1229831
2026-07-22 12:12:00,10030.0,10030.0,10030.0,10030.0,1785022
2026-07-22 12:13:00,10040.0,10040.0,10040.0,10040.0,777347
2026-07-22 12:14:00,10130.0,10130.0,10130.0,10130.0,1329178
2026-07-22 12:15:00,10040.0,10040.0,10040.0,10040.0,1198238
2026-07-22 12:16:00,10025.0,10025.0,10025.0,10025.0,1273970
2026-07-22 12:17:00,10070.0,10070.0,10070.0,10070.0,624943
2026-07-22 12:18:00,10110.0,10110.0,10110.0,10110.0,857219
2026-07-22 12:19:00,10090.0,10090.0,10090.0,10090.0,682791
2026-07-22 12:20:00,10050.0,10050.0,10050.0,10050.0,440789
2026-07-22 12:21:00,10075.0,10075.0,10075.0,10075.0,941676
2026-07-22 12:22:00,10065.0,10065.0,10065.0,10065.0,409932
2026-07-22 12:23:00,9920.0,9920.0,9920.0,9920.0,918095
2026-07-22 12:24:00,9900.0,9900.0,9900.0,9900.0,1181993
2026-07-22 12:25:00,9855.0,9855.0,9855.0,9855.0,662092
2026-07-22 12:26:00,9825.0,9825.0,9825.0,9825.0,774193
2026-07-22 12:27:00,9850.0,9850.0,9850.0,9850.0,989966
2026-07-22 12:28:00,9840.0,9840.0,9840.0,9840.0,460415
2026-07-22 12:29:00,9755.0,9755.0,9755.0,9755.0,1399606
2026-07-22 12:30:00,9835.0,9835.0,9835.0,9835.0,655233
2026-07-22 12:31:00,9910.0,9910.0,9910.0,9910.0,907220
2026-07-22 12:32:00,9935.0,9935.0,9935.0,9935.0,1029726
2026-07-22 12:33:00,9920.0,9920.0,9920.0,9920.0,768207
2026-07-22 12:34:00,9975.0,9975.0,9975.0,9975.0,638401
2026-07-22 12:35:00,9960.0,9960.0,9960.0,9960.0,828318
2026-07-22 12:36:00,9925.0,9925.0,9925.0,9925.0,538956
2026-07-22 12:37:00,9910.0,9910.0,9910.0,9910.0,667765
2026-07-22 12:38:00,9940.0,9940.0,9940.0,9940.0,256920
2026-07-22 12:39:00,9900.0,9900.0,9900.0,9900.0,364743
2026-07-22 12:40:00,9865.0,9865.0,9865.0,9865.0,535152
2026-07-22 12:41:00,9860.0,9860.0,9860.0,9860.0,534913
2026-07-22 12:42:00,9915.0,9915.0,9915.0,9915.0,417209
2026-07-22 12:43:00,9880.0,9880.0,9880.0,9880.0,452043
2026-07-22 12:44:00,9865.0,9865.0,9865.0,9865.0,235705
2026-07-22 12:45:00,9795.0,9795.0,9795.0,9795.0,1159993
2026-07-22 12:46:00,9760.0,9760.0,9760.0,9760.0,484323
2026-07-22 12:47:00,9715.0,9715.0,9715.0,9715.0,951175
2026-07-22 12:48:00,9735.0,9735.0,9735.0,9735.0,495731
2026-07-22 12:49:00,9770.0,9770.0,9770.0,9770.0,1008097
2026-07-22 12:50:00,9780.0,9780.0,9780.0,9780.0,791563
2026-07-22 12:51:00,9875.0,9875.0,9875.0,9875.0,1252731
2026-07-22 12:52:00,9850.0,9850.0,9850.0,9850.0,661664
2026-07-22 12:53:00,9885.0,9885.0,9885.0,9885.0,558120
2026-07-22 12:54:00,9930.0,9930.0,9930.0,9930.0,742565
2026-07-22 12:55:00,9880.0,9880.0,9880.0,9880.0,650091
2026-07-22 12:56:00,9905.0,9905.0,9905.0,9905.0,427285
2026-07-22 12:57:00,9895.0,9895.0,9895.0,9895.0,547119
2026-07-22 12:58:00,9895.0,9895.0,9895.0,9895.0,480916
2026-07-22 12:59:00,9835.0,9835.0,9835.0,9835.0,391554
2026-07-22 13:00:00,9795.0,9795.0,9795.0,9795.0,508507
2026-07-22 13:01:00,9870.0,9870.0,9870.0,9870.0,468449
2026-07-22 13:02:00,9835.0,9835.0,9835.0,9835.0,728860
2026-07-22 13:03:00,9795.0,9795.0,9795.0,9795.0,222926
2026-07-22 13:04:00,9790.0,9790.0,9790.0,9790.0,429521
2026-07-22 13:05:00,9790.0,9790.0,9790.0,9790.0,232244
2026-07-22 13:06:00,9790.0,9790.0,9790.0,9790.0,192943
2026-07-22 13:07:00,9760.0,9760.0,9760.0,9760.0,728675
2026-07-22 13:08:00,9790.0,9790.0,9790.0,9790.0,474533
2026-07-22 13:09:00,9785.0,9785.0,9785.0,9785.0,293980
2026-07-22 13:10:00,9760.0,9760.0,9760.0,9760.0,349300
2026-07-22 13:11:00,9805.0,9805.0,9805.0,9805.0,330678
2026-07-22 13:12:00,9845.0,9845.0,9845.0,9845.0,399993
2026-07-22 13:13:00,9825.0,9825.0,9825.0,9825.0,470791
2026-07-22 13:14:00,9820.0,9820.0,9820.0,9820.0,232747
2026-07-22 13:15:00,9770.0,9770.0,9770.0,9770.0,300441
2026-07-22 13:16:00,9790.0,9790.0,9790.0,9790.0,248017
2026-07-22 13:17:00,9800.0,9800.0,9800.0,9800.0,147413
2026-07-22 13:18:00,9790.0,9790.0,9790.0,9790.0,314694
2026-07-22 13:19:00,9795.0,9795.0,9795.0,9795.0,107465
2026-07-22 13:20:00,9750.0,9750.0,9750.0,9750.0,518736
2026-07-22 13:21:00,9770.0,9770.0,9770.0,9770.0,213718
2026-07-22 13:22:00,9655.0,9655.0,9655.0,9655.0,641214
2026-07-22 13:23:00,9685.0,9685.0,9685.0,9685.0,547879
2026-07-22 13:24:00,9705.0,9705.0,9705.0,9705.0,283537
2026-07-22 13:25:00,9740.0,9740.0,9740.0,9740.0,446936
2026-07-22 13:26:00,9780.0,9780.0,9780.0,9780.0,379491
2026-07-22 13:27:00,9765.0,9765.0,9765.0,9765.0,357400
2026-07-22 13:28:00,9730.0,9730.0,9730.0,9730.0,383151
2026-07-22 13:29:00,9760.0,9760.0,9760.0,9760.0,313856
2026-07-22 13:30:00,9870.0,9870.0,9870.0,9870.0,1038575
2026-07-22 13:31:00,9890.0,9890.0,9890.0,9890.0,486485
2026-07-22 13:32:00,9885.0,9885.0,9885.0,9885.0,427632
2026-07-22 13:33:00,9845.0,9845.0,9845.0,9845.0,393786
2026-07-22 13:34:00,9865.0,9865.0,9865.0,9865.0,581296
2026-07-22 13:35:00,9900.0,9900.0,9900.0,9900.0,580286
2026-07-22 13:36:00,9885.0,9885.0,9885.0,9885.0,536486
2026-07-22 13:37:00,9940.0,9940.0,9940.0,9940.0,564601
2026-07-22 13:38:00,9910.0,9910.0,9910.0,9910.0,487717
2026-07-22 13:39:00,9965.0,9965.0,9965.0,9965.0,1016519
2026-07-22 13:40:00,10000.0,10000.0,10000.0,10000.0,1008860
2026-07-22 13:41:00,9940.0,9940.0,9940.0,9940.0,674017
2026-07-22 13:42:00,9985.0,9985.0,9985.0,9985.0,578266
2026-07-22 13:43:00,9965.0,9965.0,9965.0,9965.0,300433
2026-07-22 13:44:00,9940.0,9940.0,9940.0,9940.0,348447
2026-07-22 13:45:00,9965.0,9965.0,9965.0,9965.0,329528
2026-07-22 13:46:00,10020.0,10020.0,10020.0,10020.0,434711
2026-07-22 13:47:00,10020.0,10020.0,10020.0,10020.0,496101
2026-07-22 13:48:00,9990.0,9990.0,9990.0,9990.0,455270
2026-07-22 13:49:00,10030.0,10030.0,10030.0,10030.0,548532
2026-07-22 13:50:00,10065.0,10065.0,10065.0,10065.0,463358
2026-07-22 13:51:00,10075.0,10075.0,10075.0,10075.0,578024
2026-07-22 13:52:00,10065.0,10065.0,10065.0,10065.0,589413
2026-07-22 13:53:00,10065.0,10065.0,10065.0,10065.0,436203
2026-07-22 13:54:00,10105.0,10105.0,10105.0,10105.0,800131
2026-07-22 13:55:00,10160.0,10160.0,10160.0,10160.0,902342
2026-07-22 13:56:00,10180.0,10180.0,10180.0,10180.0,860588
2026-07-22 13:57:00,10105.0,10105.0,10105.0,10105.0,1343014
2026-07-22 13:58:00,10085.0,10085.0,10085.0,10085.0,866384
2026-07-22 13:59:00,10045.0,10045.0,10045.0,10045.0,628472
2026-07-22 14:00:00,10107.0,10107.0,10107.0,10107.0,931168
2026-07-22 14:01:00,10160.0,10160.0,10160.0,10160.0,1204621
2026-07-22 14:02:00,10265.0,10265.0,10265.0,10265.0,1363439
2026-07-22 14:03:00,10320.0,10320.0,10320.0,10320.0,1121188
2026-07-22 14:04:00,10320.0,10320.0,10320.0,10320.0,1103988
2026-07-22 14:05:00,10300.0,10300.0,10300.0,10300.0,1239515
2026-07-22 14:06:00,10410.0,10410.0,10410.0,10410.0,819731
2026-07-22 14:07:00,10420.0,10420.0,10420.0,10420.0,820966
2026-07-22 14:09:00,10470.0,10470.0,10470.0,10470.0,611585
2026-07-22 14:10:00,10375.0,10375.0,10375.0,10375.0,2133057
2026-07-22 14:11:00,10510.0,10510.0,10510.0,10510.0,1446515
2026-07-22 14:12:00,10535.0,10535.0,10535.0,10535.0,1455952
2026-07-22 14:13:00,10545.0,10545.0,10545.0,10545.0,1592648
2026-07-22 14:14:00,10590.0,10590.0,10590.0,10590.0,1799803
2026-07-22 14:15:00,10640.0,10640.0,10640.0,10640.0,1497455
2026-07-22 14:16:00,10700.0,10700.0,10700.0,10700.0,1456949
2026-07-22 14:17:00,10645.0,10645.0,10645.0,10645.0,1968611
2026-07-22 14:18:00,10580.0,10580.0,10580.0,10580.0,1271441
2026-07-22 14:19:00,10665.0,10665.0,10665.0,10665.0,1271364
2026-07-22 14:20:00,10765.0,10765.0,10765.0,10765.0,2191814
2026-07-22 14:21:00,10780.0,10780.0,10780.0,10780.0,1421241
2026-07-22 14:22:00,10735.0,10735.0,10735.0,10735.0,1333853
2026-07-22 14:23:00,10855.0,10855.0,10855.0,10855.0,1302253
2026-07-22 14:24:00,10785.0,10785.0,10785.0,10785.0,1585433
2026-07-22 14:25:00,10810.0,10810.0,10810.0,10810.0,1191465
2026-07-22 14:26:00,10750.0,10750.0,10750.0,10750.0,1666807
2026-07-22 14:27:00,10810.0,10810.0,10810.0,10810.0,1695421
2026-07-22 14:28:00,10870.0,10870.0,10870.0,10870.0,1392218
2026-07-22 14:29:00,10955.0,10955.0,10955.0,10955.0,2091273
2026-07-22 14:30:00,10940.0,10940.0,10940.0,10940.0,1881113
2026-07-22 14:31:00,10840.0,10840.0,10840.0,10840.0,1239972
2026-07-22 14:32:00,10840.0,10840.0,10840.0,10840.0,1613572
2026-07-22 14:33:00,10835.0,10835.0,10835.0,10835.0,1054996
2026-07-22 14:34:00,10665.0,10665.0,10665.0,10665.0,1681872
2026-07-22 14:35:00,10775.0,10775.0,10775.0,10775.0,1216551
2026-07-22 14:36:00,10925.0,10925.0,10925.0,10925.0,1568518
2026-07-22 14:37:00,10885.0,10885.0,10885.0,10885.0,1566111
2026-07-22 14:38:00,10820.0,10820.0,10820.0,10820.0,935161
2026-07-22 14:39:00,10835.0,10835.0,10835.0,10835.0,748678
2026-07-22 14:40:00,10890.0,10890.0,10890.0,10890.0,1279300
2026-07-22 14:41:00,10965.0,10965.0,10965.0,10965.0,1572880
2026-07-22 14:42:00,11045.0,11045.0,11045.0,11045.0,2074766
2026-07-22 14:43:00,10985.0,10985.0,10985.0,10985.0,1758543
2026-07-22 14:44:00,10955.0,10955.0,10955.0,10955.0,923306
2026-07-22 14:45:00,11030.0,11030.0,11030.0,11030.0,844071
2026-07-22 14:46:00,11040.0,11040.0,11040.0,11040.0,1257681
2026-07-22 14:47:00,11040.0,11040.0,11040.0,11040.0,947395
2026-07-22 14:48:00,11060.0,11060.0,11060.0,11060.0,1505368
2026-07-22 14:49:00,11005.0,11005.0,11005.0,11005.0,1378303
2026-07-22 14:50:00,10905.0,10905.0,10905.0,10905.0,1414311
2026-07-22 14:51:00,10915.0,10915.0,10915.0,10915.0,1135124
2026-07-22 14:52:00,10955.0,10955.0,10955.0,10955.0,1120588
2026-07-22 14:53:00,10985.0,10985.0,10985.0,10985.0,860508
2026-07-22 14:54:00,11050.0,11050.0,11050.0,11050.0,1003758
2026-07-22 14:55:00,10980.0,10980.0,10980.0,10980.0,876876
2026-07-22 14:56:00,10995.0,10995.0,10995.0,10995.0,613770
2026-07-22 14:57:00,11020.0,11020.0,11020.0,11020.0,565639
2026-07-22 14:58:00,10930.0,10930.0,10930.0,10930.0,927138
2026-07-22 14:59:00,10970.0,10970.0,10970.0,10970.0,661460
2026-07-22 15:00:00,11105.0,11105.0,11105.0,11105.0,1909094
2026-07-22 15:01:00,11220.0,11220.0,11220.0,11220.0,1062776
2026-07-22 15:02:00,11225.0,11225.0,11225.0,11225.0,1220987
2026-07-22 15:03:00,11245.0,11245.0,11245.0,11245.0,948417
2026-07-22 15:04:00,11235.0,11235.0,11235.0,11235.0,925607
2026-07-22 15:05:00,11270.0,11270.0,11270.0,11270.0,1598743
2026-07-22 15:06:00,11285.0,11285.0,11285.0,11285.0,1104477
2026-07-22 15:07:00,11225.0,11225.0,11225.0,11225.0,782686
2026-07-22 15:08:00,11200.0,11200.0,11200.0,11200.0,779842
2026-07-22 15:09:00,11290.0,11290.0,11290.0,11290.0,871057
2026-07-22 15:10:00,11310.0,11310.0,11310.0,11310.0,793510
2026-07-22 15:11:00,11215.0,11215.0,11215.0,11215.0,900773
2026-07-22 15:12:00,11205.0,11205.0,11205.0,11205.0,529245
2026-07-22 15:13:00,11230.0,11230.0,11230.0,11230.0,749880
2026-07-22 15:14:00,11190.0,11190.0,11190.0,11190.0,976384
2026-07-22 15:15:00,11275.0,11275.0,11275.0,11275.0,1079355
2026-07-22 15:16:00,11275.0,11275.0,11275.0,11275.0,733797
2026-07-22 15:17:00,11315.0,11315.0,11315.0,11315.0,984171
2026-07-22 15:18:00,11360.0,11360.0,11360.0,11360.0,919022
2026-07-22 15:19:00,11320.0,11320.0,11320.0,11320.0,1028181
2026-07-22 15:30:00,11350.0,11350.0,11350.0,11350.0,1090348
2026-07-23 09:00:00,10400.0,10400.0,10400.0,10400.0,2396588
2026-07-23 09:01:00,10300.0,10300.0,10300.0,10300.0,1828265
2026-07-23 09:02:00,10295.0,10295.0,10295.0,10295.0,1478114
2026-07-23 09:03:00,10460.0,10460.0,10460.0,10460.0,1406646
2026-07-23 09:04:00,10455.0,10455.0,10455.0,10455.0,968186
2026-07-23 09:05:00,10340.0,10340.0,10340.0,10340.0,1054496
2026-07-23 09:06:00,10355.0,10355.0,10355.0,10355.0,666948
2026-07-23 09:07:00,10440.0,10440.0,10440.0,10440.0,798329
2026-07-23 09:08:00,10410.0,10410.0,10410.0,10410.0,791502
2026-07-23 09:09:00,10445.0,10445.0,10445.0,10445.0,634176
2026-07-23 09:10:00,10365.0,10365.0,10365.0,10365.0,597461
2026-07-23 09:11:00,10335.0,10335.0,10335.0,10335.0,1252007
2026-07-23 09:12:00,10305.0,10305.0,10305.0,10305.0,717014
2026-07-23 09:13:00,10225.0,10225.0,10225.0,10225.0,1326149
2026-07-23 09:14:00,10145.0,10145.0,10145.0,10145.0,1382997
2026-07-23 09:15:00,10205.0,10205.0,10205.0,10205.0,736367
2026-07-23 09:16:00,10185.0,10185.0,10185.0,10185.0,763018
2026-07-23 09:17:00,10150.0,10150.0,10150.0,10150.0,606075
2026-07-23 09:18:00,10225.0,10225.0,10225.0,10225.0,747797
2026-07-23 09:19:00,10195.0,10195.0,10195.0,10195.0,515834
2026-07-23 09:20:00,10190.0,10190.0,10190.0,10190.0,1092017
2026-07-23 09:21:00,10230.0,10230.0,10230.0,10230.0,713218
2026-07-23 09:22:00,10270.0,10270.0,10270.0,10270.0,966369
2026-07-23 09:23:00,10322.0,10322.0,10322.0,10322.0,1127309
2026-07-23 09:24:00,10360.0,10360.0,10360.0,10360.0,1477666
2026-07-23 09:25:00,10315.0,10315.0,10315.0,10315.0,1228994
2026-07-23 09:26:00,10260.0,10260.0,10260.0,10260.0,511485
2026-07-23 09:27:00,10195.0,10195.0,10195.0,10195.0,929177
2026-07-23 09:28:00,10260.0,10260.0,10260.0,10260.0,639051
2026-07-23 09:29:00,10335.0,10335.0,10335.0,10335.0,1704496
2026-07-23 09:30:00,10420.0,10420.0,10420.0,10420.0,1355309
2026-07-23 09:31:00,10440.0,10440.0,10440.0,10440.0,1038964
2026-07-23 09:32:00,10420.0,10420.0,10420.0,10420.0,986108
2026-07-23 09:33:00,10415.0,10415.0,10415.0,10415.0,1061984
2026-07-23 09:34:00,10385.0,10385.0,10385.0,10385.0,711294
2026-07-23 09:35:00,10365.0,10365.0,10365.0,10365.0,457928
2026-07-23 09:36:00,10400.0,10400.0,10400.0,10400.0,773361
2026-07-23 09:37:00,10405.0,10405.0,10405.0,10405.0,632788
2026-07-23 09:38:00,10385.0,10385.0,10385.0,10385.0,656858
2026-07-23 09:39:00,10385.0,10385.0,10385.0,10385.0,456214
2026-07-23 09:40:00,10400.0,10400.0,10400.0,10400.0,1305620
2026-07-23 09:41:00,10365.0,10365.0,10365.0,10365.0,1014695
2026-07-23 09:42:00,10415.0,10415.0,10415.0,10415.0,735800
2026-07-23 09:43:00,10425.0,10425.0,10425.0,10425.0,497100
2026-07-23 09:44:00,10355.0,10355.0,10355.0,10355.0,707949
2026-07-23 09:45:00,10270.0,10270.0,10270.0,10270.0,1159462
2026-07-23 09:46:00,10240.0,10240.0,10240.0,10240.0,1019921
2026-07-23 09:47:00,10260.0,10260.0,10260.0,10260.0,584862
2026-07-23 09:48:00,10225.0,10225.0,10225.0,10225.0,1296352
2026-07-23 09:49:00,10205.0,10205.0,10205.0,10205.0,707126
2026-07-23 09:50:00,10275.0,10275.0,10275.0,10275.0,621849
2026-07-23 09:51:00,10245.0,10245.0,10245.0,10245.0,1075559
2026-07-23 09:52:00,10295.0,10295.0,10295.0,10295.0,560626
2026-07-23 09:53:00,10315.0,10315.0,10315.0,10315.0,1180671
2026-07-23 09:54:00,10260.0,10260.0,10260.0,10260.0,586475
2026-07-23 09:55:00,10255.0,10255.0,10255.0,10255.0,568189
2026-07-23 09:56:00,10245.0,10245.0,10245.0,10245.0,472811
2026-07-23 09:57:00,10225.0,10225.0,10225.0,10225.0,465547
2026-07-23 09:58:00,10115.0,10115.0,10115.0,10115.0,1290644
2026-07-23 09:59:00,10160.0,10160.0,10160.0,10160.0,1114609
2026-07-23 10:00:00,10235.0,10235.0,10235.0,10235.0,901916
2026-07-23 10:01:00,10210.0,10210.0,10210.0,10210.0,558377
2026-07-23 10:02:00,10135.0,10135.0,10135.0,10135.0,432135
2026-07-23 10:03:00,10065.0,10065.0,10065.0,10065.0,1079393
2026-07-23 10:04:00,10080.0,10080.0,10080.0,10080.0,1142486
2026-07-23 10:05:00,10080.0,10080.0,10080.0,10080.0,605855
2026-07-23 10:06:00,10135.0,10135.0,10135.0,10135.0,636485
2026-07-23 10:07:00,10065.0,10065.0,10065.0,10065.0,677442
2026-07-23 10:08:00,10060.0,10060.0,10060.0,10060.0,806437
2026-07-23 10:09:00,9990.0,9990.0,9990.0,9990.0,1235555
2026-07-23 10:10:00,10015.0,10015.0,10015.0,10015.0,744990
2026-07-23 10:11:00,10010.0,10010.0,10010.0,10010.0,414665
2026-07-23 10:12:00,9985.0,9985.0,9985.0,9985.0,387712
2026-07-23 10:13:00,9960.0,9960.0,9960.0,9960.0,677311
2026-07-23 10:14:00,9925.0,9925.0,9925.0,9925.0,557821
2026-07-23 10:15:00,9940.0,9940.0,9940.0,9940.0,283869
2026-07-23 10:16:00,10020.0,10020.0,10020.0,10020.0,667656
2026-07-23 10:17:00,10045.0,10045.0,10045.0,10045.0,605152
2026-07-23 10:18:00,10065.0,10065.0,10065.0,10065.0,699499
2026-07-23 10:19:00,10140.0,10140.0,10140.0,10140.0,977987
2026-07-23 10:20:00,10185.0,10185.0,10185.0,10185.0,2061740
2026-07-23 10:21:00,10200.0,10200.0,10200.0,10200.0,1526276
2026-07-23 10:22:00,10285.0,10285.0,10285.0,10285.0,977703
2026-07-23 10:23:00,10270.0,10270.0,10270.0,10270.0,1372971
2026-07-23 10:24:00,10255.0,10255.0,10255.0,10255.0,731422
2026-07-23 10:25:00,10345.0,10345.0,10345.0,10345.0,1560509
2026-07-23 10:26:00,10305.0,10305.0,10305.0,10305.0,1313790
2026-07-23 10:27:00,10320.0,10320.0,10320.0,10320.0,744914
2026-07-23 10:28:00,10340.0,10340.0,10340.0,10340.0,739258
2026-07-23 10:29:00,10320.0,10320.0,10320.0,10320.0,568983
2026-07-23 10:30:00,10495.0,10495.0,10495.0,10495.0,2031262
2026-07-23 10:31:00,10580.0,10580.0,10580.0,10580.0,2474350
2026-07-23 10:32:00,10430.0,10430.0,10430.0,10430.0,1597881
2026-07-23 10:33:00,10450.0,10450.0,10450.0,10450.0,1644724
2026-07-23 10:34:00,10375.0,10375.0,10375.0,10375.0,971221
2026-07-23 10:35:00,10375.0,10375.0,10375.0,10375.0,921492
2026-07-23 10:36:00,10365.0,10365.0,10365.0,10365.0,871221
2026-07-23 10:37:00,10390.0,10390.0,10390.0,10390.0,1406467
2026-07-23 10:38:00,10360.0,10360.0,10360.0,10360.0,712567
2026-07-23 10:39:00,10405.0,10405.0,10405.0,10405.0,785512
2026-07-23 10:40:00,10395.0,10395.0,10395.0,10395.0,1130289
2026-07-23 10:41:00,10460.0,10460.0,10460.0,10460.0,935753
2026-07-23 10:42:00,10415.0,10415.0,10415.0,10415.0,861379
2026-07-23 10:43:00,10450.0,10450.0,10450.0,10450.0,514396
2026-07-23 10:44:00,10540.0,10540.0,10540.0,10540.0,1208822
2026-07-23 10:45:00,10520.0,10520.0,10520.0,10520.0,1543217
2026-07-23 10:46:00,10565.0,10565.0,10565.0,10565.0,883599
2026-07-23 10:47:00,10615.0,10615.0,10615.0,10615.0,1202758
2026-07-23 10:48:00,10630.0,10630.0,10630.0,10630.0,1534215
2026-07-23 10:49:00,10700.0,10700.0,10700.0,10700.0,1556378
2026-07-23 10:50:00,10635.0,10635.0,10635.0,10635.0,1538049
2026-07-23 10:51:00,10550.0,10550.0,10550.0,10550.0,1686456
2026-07-23 10:52:00,10555.0,10555.0,10555.0,10555.0,823607
2026-07-23 10:53:00,10605.0,10605.0,10605.0,10605.0,1348000
2026-07-23 10:54:00,10685.0,10685.0,10685.0,10685.0,1202339
2026-07-23 10:55:00,10650.0,10650.0,10650.0,10650.0,931179
2026-07-23 10:56:00,10695.0,10695.0,10695.0,10695.0,1076485
2026-07-23 10:57:00,10740.0,10740.0,10740.0,10740.0,1208987
2026-07-23 10:58:00,10820.0,10820.0,10820.0,10820.0,1531612
2026-07-23 10:59:00,10885.0,10885.0,10885.0,10885.0,1732815
2026-07-23 11:00:00,10830.0,10830.0,10830.0,10830.0,1289431
2026-07-23 11:01:00,10760.0,10760.0,10760.0,10760.0,1005720
2026-07-23 11:02:00,10775.0,10775.0,10775.0,10775.0,1052332
2026-07-23 11:03:00,10830.0,10830.0,10830.0,10830.0,1005148
2026-07-23 11:04:00,10660.0,10660.0,10660.0,10660.0,892806
2026-07-23 11:05:00,10710.0,10710.0,10710.0,10710.0,942905
2026-07-23 11:06:00,10700.0,10700.0,10700.0,10700.0,785788
2026-07-23 11:07:00,10685.0,10685.0,10685.0,10685.0,646291
2026-07-23 11:08:00,10745.0,10745.0,10745.0,10745.0,595178
2026-07-23 11:09:00,10795.0,10795.0,10795.0,10795.0,513661
2026-07-23 11:10:00,10830.0,10830.0,10830.0,10830.0,1153980
2026-07-23 11:11:00,10875.0,10875.0,10875.0,10875.0,883070
2026-07-23 11:12:00,10880.0,10880.0,10880.0,10880.0,1241341
2026-07-23 11:13:00,10825.0,10825.0,10825.0,10825.0,794052
2026-07-23 11:14:00,10895.0,10895.0,10895.0,10895.0,1279835
2026-07-23 11:15:00,10815.0,10815.0,10815.0,10815.0,855507
2026-07-23 11:16:00,10765.0,10765.0,10765.0,10765.0,846047
2026-07-23 11:17:00,10820.0,10820.0,10820.0,10820.0,716416
2026-07-23 11:18:00,10900.0,10900.0,10900.0,10900.0,1170662
2026-07-23 11:19:00,10855.0,10855.0,10855.0,10855.0,563396
2026-07-23 11:20:00,10890.0,10890.0,10890.0,10890.0,577531
2026-07-23 11:21:00,10980.0,10980.0,10980.0,10980.0,1735392
2026-07-23 11:22:00,11045.0,11045.0,11045.0,11045.0,1534880
2026-07-23 11:23:00,11070.0,11070.0,11070.0,11070.0,1244095
2026-07-23 11:24:00,11025.0,11025.0,11025.0,11025.0,993050
2026-07-23 11:25:00,11145.0,11145.0,11145.0,11145.0,1628686
2026-07-23 11:26:00,11125.0,11125.0,11125.0,11125.0,1354156
2026-07-23 11:27:00,11105.0,11105.0,11105.0,11105.0,1417899
2026-07-23 11:28:00,11030.0,11030.0,11030.0,11030.0,1480085
2026-07-23 11:29:00,10965.0,10965.0,10965.0,10965.0,1103774
2026-07-23 11:30:00,11040.0,11040.0,11040.0,11040.0,1023560
2026-07-23 11:31:00,10960.0,10960.0,10960.0,10960.0,1086146
2026-07-23 11:32:00,10985.0,10985.0,10985.0,10985.0,1277183
2026-07-23 11:33:00,10880.0,10880.0,10880.0,10880.0,859571
2026-07-23 11:34:00,10915.0,10915.0,10915.0,10915.0,914782
2026-07-23 11:35:00,10980.0,10980.0,10980.0,10980.0,778413
2026-07-23 11:36:00,10995.0,10995.0,10995.0,10995.0,958638
2026-07-23 11:37:00,11085.0,11085.0,11085.0,11085.0,1063221
2026-07-23 11:38:00,11105.0,11105.0,11105.0,11105.0,1001166
2026-07-23 11:39:00,11055.0,11055.0,11055.0,11055.0,672983
2026-07-23 11:40:00,11075.0,11075.0,11075.0,11075.0,576048
2026-07-23 11:41:00,11000.0,11000.0,11000.0,11000.0,692831
2026-07-23 11:42:00,10990.0,10990.0,10990.0,10990.0,710122
2026-07-23 11:43:00,11005.0,11005.0,11005.0,11005.0,593682
2026-07-23 11:44:00,10935.0,10935.0,10935.0,10935.0,614759
2026-07-23 11:45:00,10820.0,10820.0,10820.0,10820.0,1320922
2026-07-23 11:46:00,10820.0,10820.0,10820.0,10820.0,1107319
2026-07-23 11:47:00,10765.0,10765.0,10765.0,10765.0,1395798
2026-07-23 11:48:00,10710.0,10710.0,10710.0,10710.0,1159728
2026-07-23 11:49:00,10790.0,10790.0,10790.0,10790.0,1152281
2026-07-23 11:50:00,10785.0,10785.0,10785.0,10785.0,764185
2026-07-23 11:51:00,10685.0,10685.0,10685.0,10685.0,1186765
2026-07-23 11:52:00,10705.0,10705.0,10705.0,10705.0,636780
2026-07-23 11:53:00,10675.0,10675.0,10675.0,10675.0,1086475
2026-07-23 11:54:00,10660.0,10660.0,10660.0,10660.0,387720
2026-07-23 11:55:00,10710.0,10710.0,10710.0,10710.0,471560
2026-07-23 11:56:00,10685.0,10685.0,10685.0,10685.0,488244
2026-07-23 11:57:00,10685.0,10685.0,10685.0,10685.0,314490
2026-07-23 11:58:00,10650.0,10650.0,10650.0,10650.0,411827
2026-07-23 11:59:00,10720.0,10720.0,10720.0,10720.0,576169
2026-07-23 12:00:00,10760.0,10760.0,10760.0,10760.0,1179973
2026-07-23 12:01:00,10835.0,10835.0,10835.0,10835.0,1060308
2026-07-23 12:02:00,10775.0,10775.0,10775.0,10775.0,663181
2026-07-23 12:03:00,10840.0,10840.0,10840.0,10840.0,619160
2026-07-23 12:04:00,10815.0,10815.0,10815.0,10815.0,742328
2026-07-23 12:05:00,10840.0,10840.0,10840.0,10840.0,542236
2026-07-23 12:06:00,10755.0,10755.0,10755.0,10755.0,512654
2026-07-23 12:07:00,10830.0,10830.0,10830.0,10830.0,609772
2026-07-23 12:08:00,10895.0,10895.0,10895.0,10895.0,843549
2026-07-23 12:09:00,10900.0,10900.0,10900.0,10900.0,1125973
2026-07-23 12:10:00,10910.0,10910.0,10910.0,10910.0,508552
2026-07-23 12:11:00,10940.0,10940.0,10940.0,10940.0,963078
2026-07-23 12:12:00,10925.0,10925.0,10925.0,10925.0,912872
2026-07-23 12:13:00,10860.0,10860.0,10860.0,10860.0,610810
2026-07-23 12:14:00,10800.0,10800.0,10800.0,10800.0,623459
2026-07-23 12:15:00,10910.0,10910.0,10910.0,10910.0,731676
2026-07-23 12:16:00,10870.0,10870.0,10870.0,10870.0,851452
2026-07-23 12:17:00,10870.0,10870.0,10870.0,10870.0,213592
2026-07-23 12:18:00,10835.0,10835.0,10835.0,10835.0,500900
2026-07-23 12:19:00,10755.0,10755.0,10755.0,10755.0,542688
2026-07-23 12:20:00,10735.0,10735.0,10735.0,10735.0,675299
2026-07-23 12:21:00,10690.0,10690.0,10690.0,10690.0,942109
2026-07-23 12:22:00,10695.0,10695.0,10695.0,10695.0,626735
2026-07-23 12:23:00,10745.0,10745.0,10745.0,10745.0,776088
2026-07-23 12:24:00,10700.0,10700.0,10700.0,10700.0,502845
2026-07-23 12:25:00,10715.0,10715.0,10715.0,10715.0,414457
2026-07-23 12:26:00,10630.0,10630.0,10630.0,10630.0,796045
2026-07-23 12:27:00,10605.0,10605.0,10605.0,10605.0,1433272
2026-07-23 12:28:00,10585.0,10585.0,10585.0,10585.0,634450
2026-07-23 12:29:00,10530.0,10530.0,10530.0,10530.0,1108096
2026-07-23 12:30:00,10520.0,10520.0,10520.0,10520.0,1134540
2026-07-23 12:31:00,10615.0,10615.0,10615.0,10615.0,1240517
2026-07-23 12:32:00,10640.0,10640.0,10640.0,10640.0,870097
2026-07-23 12:33:00,10590.0,10590.0,10590.0,10590.0,877602
2026-07-23 12:34:00,10640.0,10640.0,10640.0,10640.0,845005
2026-07-23 12:35:00,10580.0,10580.0,10580.0,10580.0,707377
2026-07-23 12:36:00,10485.0,10485.0,10485.0,10485.0,975743
2026-07-23 12:37:00,10525.0,10525.0,10525.0,10525.0,915862
2026-07-23 12:38:00,10495.0,10495.0,10495.0,10495.0,536315
2026-07-23 12:39:00,10460.0,10460.0,10460.0,10460.0,621008
2026-07-23 12:40:00,10515.0,10515.0,10515.0,10515.0,503017
2026-07-23 12:41:00,10520.0,10520.0,10520.0,10520.0,487786
2026-07-23 12:42:00,10530.0,10530.0,10530.0,10530.0,346423
2026-07-23 12:43:00,10480.0,10480.0,10480.0,10480.0,333043
2026-07-23 12:44:00,10495.0,10495.0,10495.0,10495.0,545542
2026-07-23 12:45:00,10502.0,10502.0,10502.0,10502.0,414847
2026-07-23 12:46:00,10542.0,10542.0,10542.0,10542.0,459543
2026-07-23 12:47:00,10500.0,10500.0,10500.0,10500.0,726989
2026-07-23 12:48:00,10400.0,10400.0,10400.0,10400.0,776497
2026-07-23 12:49:00,10400.0,10400.0,10400.0,10400.0,859117
2026-07-23 12:50:00,10395.0,10395.0,10395.0,10395.0,668708
2026-07-23 12:51:00,10395.0,10395.0,10395.0,10395.0,653555
2026-07-23 12:52:00,10350.0,10350.0,10350.0,10350.0,1202184
2026-07-23 12:53:00,10340.0,10340.0,10340.0,10340.0,991830
2026-07-23 12:54:00,10345.0,10345.0,10345.0,10345.0,1065944
2026-07-23 12:55:00,10420.0,10420.0,10420.0,10420.0,967874
2026-07-23 12:56:00,10420.0,10420.0,10420.0,10420.0,760744
2026-07-23 12:57:00,10455.0,10455.0,10455.0,10455.0,588795
2026-07-23 12:58:00,10485.0,10485.0,10485.0,10485.0,1269103
2026-07-23 12:59:00,10510.0,10510.0,10510.0,10510.0,1262098
2026-07-23 13:00:00,10605.0,10605.0,10605.0,10605.0,1745632
2026-07-23 13:01:00,10560.0,10560.0,10560.0,10560.0,884412
2026-07-23 13:02:00,10545.0,10545.0,10545.0,10545.0,644652
2026-07-23 13:03:00,10545.0,10545.0,10545.0,10545.0,1171853
2026-07-23 13:04:00,10545.0,10545.0,10545.0,10545.0,260842
2026-07-23 13:05:00,10625.0,10625.0,10625.0,10625.0,1326609
2026-07-23 13:06:00,10680.0,10680.0,10680.0,10680.0,1495125
2026-07-23 13:07:00,10690.0,10690.0,10690.0,10690.0,967324
2026-07-23 13:08:00,10570.0,10570.0,10570.0,10570.0,1098581
2026-07-23 13:09:00,10615.0,10615.0,10615.0,10615.0,924106
2026-07-23 13:10:00,10620.0,10620.0,10620.0,10620.0,527402
2026-07-23 13:11:00,10555.0,10555.0,10555.0,10555.0,465690
2026-07-23 13:12:00,10455.0,10455.0,10455.0,10455.0,947593
2026-07-23 13:13:00,10430.0,10430.0,10430.0,10430.0,831019
2026-07-23 13:14:00,10400.0,10400.0,10400.0,10400.0,630612
2026-07-23 13:15:00,10415.0,10415.0,10415.0,10415.0,757980
2026-07-23 13:16:00,10455.0,10455.0,10455.0,10455.0,515080
2026-07-23 13:17:00,10455.0,10455.0,10455.0,10455.0,774968
2026-07-23 13:18:00,10385.0,10385.0,10385.0,10385.0,614073
2026-07-23 13:19:00,10440.0,10440.0,10440.0,10440.0,346020
2026-07-23 13:20:00,10405.0,10405.0,10405.0,10405.0,389051
2026-07-23 13:21:00,10335.0,10335.0,10335.0,10335.0,831519
2026-07-23 13:22:00,10250.0,10250.0,10250.0,10250.0,1266301
2026-07-23 13:23:00,10300.0,10300.0,10300.0,10300.0,698081
2026-07-23 13:24:00,10240.0,10240.0,10240.0,10240.0,668929
2026-07-23 13:25:00,10200.0,10200.0,10200.0,10200.0,817774
2026-07-23 13:26:00,10225.0,10225.0,10225.0,10225.0,612545
2026-07-23 13:27:00,10265.0,10265.0,10265.0,10265.0,906593
2026-07-23 13:28:00,10240.0,10240.0,10240.0,10240.0,1272279
2026-07-23 13:29:00,10220.0,10220.0,10220.0,10220.0,647121
2026-07-23 13:30:00,10235.0,10235.0,10235.0,10235.0,324610
2026-07-23 13:31:00,10285.0,10285.0,10285.0,10285.0,666028
2026-07-23 13:32:00,10265.0,10265.0,10265.0,10265.0,659854
2026-07-23 13:33:00,10160.0,10160.0,10160.0,10160.0,764311
2026-07-23 13:34:00,10165.0,10165.0,10165.0,10165.0,649066
2026-07-23 13:35:00,10225.0,10225.0,10225.0,10225.0,497733
2026-07-23 13:36:00,10205.0,10205.0,10205.0,10205.0,543652
2026-07-23 13:37:00,10245.0,10245.0,10245.0,10245.0,288299
2026-07-23 13:38:00,10235.0,10235.0,10235.0,10235.0,328802
2026-07-23 13:39:00,10215.0,10215.0,10215.0,10215.0,490543
2026-07-23 13:40:00,10240.0,10240.0,10240.0,10240.0,257495
2026-07-23 13:41:00,10345.0,10345.0,10345.0,10345.0,1472118
2026-07-23 13:42:00,10370.0,10370.0,10370.0,10370.0,1583305
2026-07-23 13:43:00,10350.0,10350.0,10350.0,10350.0,733755
2026-07-23 13:44:00,10280.0,10280.0,10280.0,10280.0,730857
2026-07-23 13:45:00,10250.0,10250.0,10250.0,10250.0,631429
2026-07-23 13:46:00,10240.0,10240.0,10240.0,10240.0,712124
2026-07-23 13:47:00,10210.0,10210.0,10210.0,10210.0,699050
2026-07-23 13:48:00,10250.0,10250.0,10250.0,10250.0,394970
2026-07-23 13:49:00,10280.0,10280.0,10280.0,10280.0,569527
2026-07-23 13:50:00,10340.0,10340.0,10340.0,10340.0,669649
2026-07-23 13:51:00,10370.0,10370.0,10370.0,10370.0,854259
2026-07-23 13:52:00,10380.0,10380.0,10380.0,10380.0,1029952
2026-07-23 13:53:00,10385.0,10385.0,10385.0,10385.0,1304495
2026-07-23 13:54:00,10345.0,10345.0,10345.0,10345.0,553392
2026-07-23 13:55:00,10340.0,10340.0,10340.0,10340.0,594838
2026-07-23 13:56:00,10335.0,10335.0,10335.0,10335.0,417733
2026-07-23 13:57:00,10325.0,10325.0,10325.0,10325.0,323214
2026-07-23 13:58:00,10295.0,10295.0,10295.0,10295.0,451665
2026-07-23 13:59:00,10295.0,10295.0,10295.0,10295.0,537083
2026-07-23 14:00:00,10400.0,10400.0,10400.0,10400.0,847170
2026-07-23 14:01:00,10445.0,10445.0,10445.0,10445.0,1098530
2026-07-23 14:02:00,10435.0,10435.0,10435.0,10435.0,966948
2026-07-23 14:03:00,10470.0,10470.0,10470.0,10470.0,851611
2026-07-23 14:04:00,10465.0,10465.0,10465.0,10465.0,976184
2026-07-23 14:05:00,10420.0,10420.0,10420.0,10420.0,699748
2026-07-23 14:06:00,10415.0,10415.0,10415.0,10415.0,541525
2026-07-23 14:07:00,10400.0,10400.0,10400.0,10400.0,1018296
2026-07-23 14:08:00,10430.0,10430.0,10430.0,10430.0,970504
2026-07-23 14:09:00,10415.0,10415.0,10415.0,10415.0,426664
2026-07-23 14:10:00,10425.0,10425.0,10425.0,10425.0,472374
2026-07-23 14:11:00,10535.0,10535.0,10535.0,10535.0,935669
2026-07-23 14:12:00,10510.0,10510.0,10510.0,10510.0,1300303
2026-07-23 14:13:00,10595.0,10595.0,10595.0,10595.0,2520178
2026-07-23 14:14:00,10560.0,10560.0,10560.0,10560.0,1052276
2026-07-23 14:15:00,10585.0,10585.0,10585.0,10585.0,860610
2026-07-23 14:16:00,10655.0,10655.0,10655.0,10655.0,1033615
2026-07-23 14:17:00,10645.0,10645.0,10645.0,10645.0,1020624
2026-07-23 14:18:00,10600.0,10600.0,10600.0,10600.0,854661
2026-07-23 14:19:00,10555.0,10555.0,10555.0,10555.0,613887
2026-07-23 14:20:00,10455.0,10455.0,10455.0,10455.0,1475038
2026-07-23 14:21:00,10395.0,10395.0,10395.0,10395.0,1125827
2026-07-23 14:22:00,10425.0,10425.0,10425.0,10425.0,1190528
2026-07-23 14:23:00,10455.0,10455.0,10455.0,10455.0,883426
2026-07-23 14:24:00,10415.0,10415.0,10415.0,10415.0,1027115
2026-07-23 14:25:00,10325.0,10325.0,10325.0,10325.0,1387826
2026-07-23 14:26:00,10255.0,10255.0,10255.0,10255.0,1378634
2026-07-23 14:27:00,10220.0,10220.0,10220.0,10220.0,1899064
2026-07-23 14:28:00,10175.0,10175.0,10175.0,10175.0,2075819
2026-07-23 14:29:00,10145.0,10145.0,10145.0,10145.0,828182
2026-07-23 14:30:00,10120.0,10120.0,10120.0,10120.0,1496465
2026-07-23 14:31:00,10090.0,10090.0,10090.0,10090.0,1571229
2026-07-23 14:32:00,10155.0,10155.0,10155.0,10155.0,1342786
2026-07-23 14:33:00,10230.0,10230.0,10230.0,10230.0,1649983
2026-07-23 14:34:00,10260.0,10260.0,10260.0,10260.0,1554703
2026-07-23 14:35:00,10300.0,10300.0,10300.0,10300.0,972797
2026-07-23 14:36:00,10280.0,10280.0,10280.0,10280.0,1268225
2026-07-23 14:37:00,10295.0,10295.0,10295.0,10295.0,922650
2026-07-23 14:38:00,10365.0,10365.0,10365.0,10365.0,1035300
2026-07-23 14:39:00,10415.0,10415.0,10415.0,10415.0,1523367
2026-07-23 14:40:00,10410.0,10410.0,10410.0,10410.0,1315231
2026-07-23 14:41:00,10380.0,10380.0,10380.0,10380.0,846655
2026-07-23 14:42:00,10395.0,10395.0,10395.0,10395.0,889064
2026-07-23 14:43:00,10445.0,10445.0,10445.0,10445.0,1074158
2026-07-23 14:44:00,10435.0,10435.0,10435.0,10435.0,1266396
2026-07-23 14:45:00,10495.0,10495.0,10495.0,10495.0,1076848
2026-07-23 14:46:00,10490.0,10490.0,10490.0,10490.0,714761
2026-07-23 14:47:00,10545.0,10545.0,10545.0,10545.0,1134642
2026-07-23 14:48:00,10595.0,10595.0,10595.0,10595.0,2305013
2026-07-23 14:49:00,10625.0,10625.0,10625.0,10625.0,1214247
2026-07-23 14:50:00,10610.0,10610.0,10610.0,10610.0,1245661
2026-07-23 14:51:00,10505.0,10505.0,10505.0,10505.0,2254609
2026-07-23 14:52:00,10555.0,10555.0,10555.0,10555.0,1891834
2026-07-23 14:53:00,10555.0,10555.0,10555.0,10555.0,995941
2026-07-23 14:54:00,10605.0,10605.0,10605.0,10605.0,1068122
2026-07-23 14:55:00,10535.0,10535.0,10535.0,10535.0,915771
2026-07-23 14:56:00,10500.0,10500.0,10500.0,10500.0,618099
2026-07-23 14:57:00,10555.0,10555.0,10555.0,10555.0,933224
2026-07-23 14:58:00,10540.0,10540.0,10540.0,10540.0,290689
2026-07-23 14:59:00,10545.0,10545.0,10545.0,10545.0,619398
2026-07-23 15:00:00,10545.0,10545.0,10545.0,10545.0,435445
2026-07-23 15:01:00,10400.0,10400.0,10400.0,10400.0,1477698
2026-07-23 15:02:00,10515.0,10515.0,10515.0,10515.0,884930
2026-07-23 15:03:00,10555.0,10555.0,10555.0,10555.0,951138
2026-07-23 15:04:00,10540.0,10540.0,10540.0,10540.0,686280
2026-07-23 15:05:00,10480.0,10480.0,10480.0,10480.0,462682
2026-07-23 15:06:00,10505.0,10505.0,10505.0,10505.0,464029
2026-07-23 15:07:00,10520.0,10520.0,10520.0,10520.0,510129
2026-07-23 15:08:00,10545.0,10545.0,10545.0,10545.0,769706
2026-07-23 15:09:00,10580.0,10580.0,10580.0,10580.0,796924
2026-07-23 15:10:00,10530.0,10530.0,10530.0,10530.0,579794
2026-07-23 15:11:00,10545.0,10545.0,10545.0,10545.0,583556
2026-07-23 15:12:00,10455.0,10455.0,10455.0,10455.0,634796
2026-07-23 15:13:00,10430.0,10430.0,10430.0,10430.0,843152
2026-07-23 15:14:00,10355.0,10355.0,10355.0,10355.0,1006158
2026-07-23 15:15:00,10480.0,10480.0,10480.0,10480.0,659588
2026-07-23 15:16:00,10495.0,10495.0,10495.0,10495.0,980968
2026-07-23 15:17:00,10465.0,10465.0,10465.0,10465.0,677456
2026-07-23 15:18:00,10460.0,10460.0,10460.0,10460.0,843934
2026-07-23 15:19:00,10400.0,10400.0,10400.0,10400.0,1138532
2026-07-23 15:30:00,10305.0,10305.0,10305.0,10305.0,1021477
